derivative_uid,speech_parent_uid,speaker_id,codec_family,encoder_name,encoder_core,nominal_rate_kbps,achieved_rate_kbps,encoded_sha256,aligned_pcm_sha256,alignment_lag_samples,alignment_correlation,aligned_sample_count,encoded_size_bytes,encoded_path,decoded_raw_path,aligned_pcm_path,derivative_id_source_string,encode_return_code,probe_return_code,decode_return_code,probe_codec_name,status,encode_command,probe_command,decode_command
fc1808e01d7323bcf0e1a255,0111310502705950a3918c910dd4975b,1284,AAC,aac,FFmpeg-native AAC,32,37.844,12864ec0c4ffaa59ef4e4b78c3efbc072305e3e383fa55dbf4ed7a078a8c35b8,f42bf274ce0effde5fda95c7cc0dd73362c43f0d3e47b0b25d12e8c2de6c630e,0,0.9533846412225386,96000,9461,[REDACTED_LOCAL_PATH]\Tony Hidayat\AQ_OpenWorld_Codec_Provenance\42_bh_derivatives\encoded\fc1808e01d7323bcf0e1a255.m4a,[REDACTED_LOCAL_PATH]\Tony Hidayat\AQ_OpenWorld_Codec_Provenance\42_bh_derivatives\decoded_raw\fc1808e01d7323bcf0e1a255.wav,[REDACTED_LOCAL_PATH]\Tony Hidayat\AQ_OpenWorld_Codec_Provenance\42_bh_derivatives\aligned_pcm\fc1808e01d7323bcf0e1a255.wav,AQ2D0BH_DERIV_V1|0111310502705950a3918c910dd4975b|AAC|32|FFmpeg-native AAC|57c56e369d5b4873b4d93fc1a1d833cb7cd8bc9325c14b05c34ce60b22842d8a,0,0,0,aac,PASS,"""[REDACTED_LOCAL_PATH]\Tony Hidayat\AQ_OpenWorld_Codec_Provenance\tools\gyan_ffmpeg_9.0_full\bin\ffmpeg.exe"" -y -hide_banner -i ""[REDACTED_LOCAL_PATH]\Tony Hidayat\AQ_OpenWorld_Codec_Provenance\39_bh_speech\canonical_selected\1284-1180-0018.wav"" -map_metadata -1 -vn -sn -dn -c:a aac -b:a 32k ""[REDACTED_LOCAL_PATH]\Tony Hidayat\AQ_OpenWorld_Codec_Provenance\42_bh_derivatives\encoded\fc1808e01d7323bcf0e1a255.m4a""","""[REDACTED_LOCAL_PATH]\Tony Hidayat\AQ_OpenWorld_Codec_Provenance\tools\gyan_ffmpeg_9.0_full\bin\ffprobe.exe"" -v error -show_entries stream=codec_name,sample_rate,channels,duration,bit_rate:format=format_name,duration,bit_rate -of json ""[REDACTED_LOCAL_PATH]\Tony Hidayat\AQ_OpenWorld_Codec_Provenance\42_bh_derivatives\encoded\fc1808e01d7323bcf0e1a255.m4a""","[REDACTED_LOCAL_PATH]\AppData\Local\CapCut\Apps\7.7.0.3143\ffmpeg.exe -y -hide_banner -i ""[REDACTED_LOCAL_PATH]\Tony Hidayat\AQ_OpenWorld_Codec_Provenance\42_bh_derivatives\encoded\fc1808e01d7323bcf0e1a255.m4a"" -map_metadata -1 -vn -sn -dn -ac 1 -ar 48000 -sample_fmt s16 ""[REDACTED_LOCAL_PATH]\Tony Hidayat\AQ_OpenWorld_Codec_Provenance\42_bh_derivatives\decoded_raw\fc1808e01d7323bcf0e1a255.wav"""
f71f5f84b887a848dddc452d,0111310502705950a3918c910dd4975b,1284,AAC,aac,FFmpeg-native AAC,80,86.496,ea42c93af4b665a3c31d352c69f850146e21d59931d0c6b8d835c242878b511a,77a8d2b84bd1e16f093dd8f33b680a750459a4cbb5c442d22215ae6c7bd20677,0,0.9994969879251815,96000,21624,[REDACTED_LOCAL_PATH]\Tony Hidayat\AQ_OpenWorld_Codec_Provenance\42_bh_derivatives\encoded\f71f5f84b887a848dddc452d.m4a,[REDACTED_LOCAL_PATH]\Tony Hidayat\AQ_OpenWorld_Codec_Provenance\42_bh_derivatives\decoded_raw\f71f5f84b887a848dddc452d.wav,[REDACTED_LOCAL_PATH]\Tony Hidayat\AQ_OpenWorld_Codec_Provenance\42_bh_derivatives\aligned_pcm\f71f5f84b887a848dddc452d.wav,AQ2D0BH_DERIV_V1|0111310502705950a3918c910dd4975b|AAC|80|FFmpeg-native AAC|57c56e369d5b4873b4d93fc1a1d833cb7cd8bc9325c14b05c34ce60b22842d8a,0,0,0,aac,PASS,"""[REDACTED_LOCAL_PATH]\Tony Hidayat\AQ_OpenWorld_Codec_Provenance\tools\gyan_ffmpeg_9.0_full\bin\ffmpeg.exe"" -y -hide_banner -i ""[REDACTED_LOCAL_PATH]\Tony Hidayat\AQ_OpenWorld_Codec_Provenance\39_bh_speech\canonical_selected\1284-1180-0018.wav"" -map_metadata -1 -vn -sn -dn -c:a aac -b:a 80k ""[REDACTED_LOCAL_PATH]\Tony Hidayat\AQ_OpenWorld_Codec_Provenance\42_bh_derivatives\encoded\f71f5f84b887a848dddc452d.m4a""","""[REDACTED_LOCAL_PATH]\Tony Hidayat\AQ_OpenWorld_Codec_Provenance\tools\gyan_ffmpeg_9.0_full\bin\ffprobe.exe"" -v error -show_entries stream=codec_name,sample_rate,channels,duration,bit_rate:format=format_name,duration,bit_rate -of json ""[REDACTED_LOCAL_PATH]\Tony Hidayat\AQ_OpenWorld_Codec_Provenance\42_bh_derivatives\encoded\f71f5f84b887a848dddc452d.m4a""","[REDACTED_LOCAL_PATH]\AppData\Local\CapCut\Apps\7.7.0.3143\ffmpeg.exe -y -hide_banner -i ""[REDACTED_LOCAL_PATH]\Tony Hidayat\AQ_OpenWorld_Codec_Provenance\42_bh_derivatives\encoded\f71f5f84b887a848dddc452d.m4a"" -map_metadata -1 -vn -sn -dn -ac 1 -ar 48000 -sample_fmt s16 ""[REDACTED_LOCAL_PATH]\Tony Hidayat\AQ_OpenWorld_Codec_Provenance\42_bh_derivatives\decoded_raw\f71f5f84b887a848dddc452d.wav"""
0c3463d1ad015b6579641929,0111310502705950a3918c910dd4975b,1284,AAC,aac,FFmpeg-native AAC,96,102.456,3929a5b9f3291a84dbc3441662027ae61ba93c82317c4337a078dc3275dee2b2,5efc83e64ddaaf0d58b68a00cda99846c54cd693ca4e356cd7ce43bd85f9cf6c,0,0.9995855806499467,96000,25614,[REDACTED_LOCAL_PATH]\Tony Hidayat\AQ_OpenWorld_Codec_Provenance\42_bh_derivatives\encoded\0c3463d1ad015b6579641929.m4a,[REDACTED_LOCAL_PATH]\Tony Hidayat\AQ_OpenWorld_Codec_Provenance\42_bh_derivatives\decoded_raw\0c3463d1ad015b6579641929.wav,[REDACTED_LOCAL_PATH]\Tony Hidayat\AQ_OpenWorld_Codec_Provenance\42_bh_derivatives\aligned_pcm\0c3463d1ad015b6579641929.wav,AQ2D0BH_DERIV_V1|0111310502705950a3918c910dd4975b|AAC|96|FFmpeg-native AAC|57c56e369d5b4873b4d93fc1a1d833cb7cd8bc9325c14b05c34ce60b22842d8a,0,0,0,aac,PASS,"""[REDACTED_LOCAL_PATH]\Tony Hidayat\AQ_OpenWorld_Codec_Provenance\tools\gyan_ffmpeg_9.0_full\bin\ffmpeg.exe"" -y -hide_banner -i ""[REDACTED_LOCAL_PATH]\Tony Hidayat\AQ_OpenWorld_Codec_Provenance\39_bh_speech\canonical_selected\1284-1180-0018.wav"" -map_metadata -1 -vn -sn -dn -c:a aac -b:a 96k ""[REDACTED_LOCAL_PATH]\Tony Hidayat\AQ_OpenWorld_Codec_Provenance\42_bh_derivatives\encoded\0c3463d1ad015b6579641929.m4a""","""[REDACTED_LOCAL_PATH]\Tony Hidayat\AQ_OpenWorld_Codec_Provenance\tools\gyan_ffmpeg_9.0_full\bin\ffprobe.exe"" -v error -show_entries stream=codec_name,sample_rate,channels,duration,bit_rate:format=format_name,duration,bit_rate -of json ""[REDACTED_LOCAL_PATH]\Tony Hidayat\AQ_OpenWorld_Codec_Provenance\42_bh_derivatives\encoded\0c3463d1ad015b6579641929.m4a""","[REDACTED_LOCAL_PATH]\AppData\Local\CapCut\Apps\7.7.0.3143\ffmpeg.exe -y -hide_banner -i ""[REDACTED_LOCAL_PATH]\Tony Hidayat\AQ_OpenWorld_Codec_Provenance\42_bh_derivatives\encoded\0c3463d1ad015b6579641929.m4a"" -map_metadata -1 -vn -sn -dn -ac 1 -ar 48000 -sample_fmt s16 ""[REDACTED_LOCAL_PATH]\Tony Hidayat\AQ_OpenWorld_Codec_Provenance\42_bh_derivatives\decoded_raw\0c3463d1ad015b6579641929.wav"""
f08a9259a8dd2fca095688ec,0111310502705950a3918c910dd4975b,1284,AAC,aac,FFmpeg-native AAC,128,134.472,505617924c997823136fba6b77c229bbe0e4fab57a2449a683ab93c72ab3661f,994cf3d7c12fab5abeeeb53efb21cd80499dadd5d92a8782b13a04ccfb0f928a,0,0.9912492265112545,96000,33618,[REDACTED_LOCAL_PATH]\Tony Hidayat\AQ_OpenWorld_Codec_Provenance\42_bh_derivatives\encoded\f08a9259a8dd2fca095688ec.m4a,[REDACTED_LOCAL_PATH]\Tony Hidayat\AQ_OpenWorld_Codec_Provenance\42_bh_derivatives\decoded_raw\f08a9259a8dd2fca095688ec.wav,[REDACTED_LOCAL_PATH]\Tony Hidayat\AQ_OpenWorld_Codec_Provenance\42_bh_derivatives\aligned_pcm\f08a9259a8dd2fca095688ec.wav,AQ2D0BH_DERIV_V1|0111310502705950a3918c910dd4975b|AAC|128|FFmpeg-native AAC|57c56e369d5b4873b4d93fc1a1d833cb7cd8bc9325c14b05c34ce60b22842d8a,0,0,0,aac,PASS,"""[REDACTED_LOCAL_PATH]\Tony Hidayat\AQ_OpenWorld_Codec_Provenance\tools\gyan_ffmpeg_9.0_full\bin\ffmpeg.exe"" -y -hide_banner -i ""[REDACTED_LOCAL_PATH]\Tony Hidayat\AQ_OpenWorld_Codec_Provenance\39_bh_speech\canonical_selected\1284-1180-0018.wav"" -map_metadata -1 -vn -sn -dn -c:a aac -b:a 128k ""[REDACTED_LOCAL_PATH]\Tony Hidayat\AQ_OpenWorld_Codec_Provenance\42_bh_derivatives\encoded\f08a9259a8dd2fca095688ec.m4a""","""[REDACTED_LOCAL_PATH]\Tony Hidayat\AQ_OpenWorld_Codec_Provenance\tools\gyan_ffmpeg_9.0_full\bin\ffprobe.exe"" -v error -show_entries stream=codec_name,sample_rate,channels,duration,bit_rate:format=format_name,duration,bit_rate -of json ""[REDACTED_LOCAL_PATH]\Tony Hidayat\AQ_OpenWorld_Codec_Provenance\42_bh_derivatives\encoded\f08a9259a8dd2fca095688ec.m4a""","[REDACTED_LOCAL_PATH]\AppData\Local\CapCut\Apps\7.7.0.3143\ffmpeg.exe -y -hide_banner -i ""[REDACTED_LOCAL_PATH]\Tony Hidayat\AQ_OpenWorld_Codec_Provenance\42_bh_derivatives\encoded\f08a9259a8dd2fca095688ec.m4a"" -map_metadata -1 -vn -sn -dn -ac 1 -ar 48000 -sample_fmt s16 ""[REDACTED_LOCAL_PATH]\Tony Hidayat\AQ_OpenWorld_Codec_Provenance\42_bh_derivatives\decoded_raw\f08a9259a8dd2fca095688ec.wav"""
86d09fb005e839fc7a2af703,0111310502705950a3918c910dd4975b,1284,MP3,libmp3lame,libmp3lame,32,33.584,4a61921b566152a9643e316f2c7122c5965f7c2fe66efe1a9ae94f077c229d20,edac21b3a2c6ef3780571255953df21e4aa7a4446c03a45231485c6e306dc151,0,0.9935372421703358,96000,8396,[REDACTED_LOCAL_PATH]\Tony Hidayat\AQ_OpenWorld_Codec_Provenance\42_bh_derivatives\encoded\86d09fb005e839fc7a2af703.mp3,[REDACTED_LOCAL_PATH]\Tony Hidayat\AQ_OpenWorld_Codec_Provenance\42_bh_derivatives\decoded_raw\86d09fb005e839fc7a2af703.wav,[REDACTED_LOCAL_PATH]\Tony Hidayat\AQ_OpenWorld_Codec_Provenance\42_bh_derivatives\aligned_pcm\86d09fb005e839fc7a2af703.wav,AQ2D0BH_DERIV_V1|0111310502705950a3918c910dd4975b|MP3|32|libmp3lame|57c56e369d5b4873b4d93fc1a1d833cb7cd8bc9325c14b05c34ce60b22842d8a,0,0,0,mp3,PASS,"""[REDACTED_LOCAL_PATH]\Tony Hidayat\AQ_OpenWorld_Codec_Provenance\tools\gyan_ffmpeg_9.0_full\bin\ffmpeg.exe"" -y -hide_banner -i ""[REDACTED_LOCAL_PATH]\Tony Hidayat\AQ_OpenWorld_Codec_Provenance\39_bh_speech\canonical_selected\1284-1180-0018.wav"" -map_metadata -1 -vn -sn -dn -c:a libmp3lame -b:a 32k ""[REDACTED_LOCAL_PATH]\Tony Hidayat\AQ_OpenWorld_Codec_Provenance\42_bh_derivatives\encoded\86d09fb005e839fc7a2af703.mp3""","""[REDACTED_LOCAL_PATH]\Tony Hidayat\AQ_OpenWorld_Codec_Provenance\tools\gyan_ffmpeg_9.0_full\bin\ffprobe.exe"" -v error -show_entries stream=codec_name,sample_rate,channels,duration,bit_rate:format=format_name,duration,bit_rate -of json ""[REDACTED_LOCAL_PATH]\Tony Hidayat\AQ_OpenWorld_Codec_Provenance\42_bh_derivatives\encoded\86d09fb005e839fc7a2af703.mp3""","[REDACTED_LOCAL_PATH]\AppData\Local\CapCut\Apps\7.7.0.3143\ffmpeg.exe -y -hide_banner -i ""[REDACTED_LOCAL_PATH]\Tony Hidayat\AQ_OpenWorld_Codec_Provenance\42_bh_derivatives\encoded\86d09fb005e839fc7a2af703.mp3"" -map_metadata -1 -vn -sn -dn -ac 1 -ar 48000 -sample_fmt s16 ""[REDACTED_LOCAL_PATH]\Tony Hidayat\AQ_OpenWorld_Codec_Provenance\42_bh_derivatives\decoded_raw\86d09fb005e839fc7a2af703.wav"""
9e0b9079e54a5de3424a8fb8,0111310502705950a3918c910dd4975b,1284,MP3,libmp3lame,libmp3lame,80,82.736,72b34018937da8354a5d2671369d41236a02ab2531ecac6cf9859b45ffe2bd4a,781a59160d396ca0e32a6854f416839c976b2ac0749632c9a433a852be3e0ba9,0,0.9999167610310775,96000,20684,[REDACTED_LOCAL_PATH]\Tony Hidayat\AQ_OpenWorld_Codec_Provenance\42_bh_derivatives\encoded\9e0b9079e54a5de3424a8fb8.mp3,[REDACTED_LOCAL_PATH]\Tony Hidayat\AQ_OpenWorld_Codec_Provenance\42_bh_derivatives\decoded_raw\9e0b9079e54a5de3424a8fb8.wav,[REDACTED_LOCAL_PATH]\Tony Hidayat\AQ_OpenWorld_Codec_Provenance\42_bh_derivatives\aligned_pcm\9e0b9079e54a5de3424a8fb8.wav,AQ2D0BH_DERIV_V1|0111310502705950a3918c910dd4975b|MP3|80|libmp3lame|57c56e369d5b4873b4d93fc1a1d833cb7cd8bc9325c14b05c34ce60b22842d8a,0,0,0,mp3,PASS,"""[REDACTED_LOCAL_PATH]\Tony Hidayat\AQ_OpenWorld_Codec_Provenance\tools\gyan_ffmpeg_9.0_full\bin\ffmpeg.exe"" -y -hide_banner -i ""[REDACTED_LOCAL_PATH]\Tony Hidayat\AQ_OpenWorld_Codec_Provenance\39_bh_speech\canonical_selected\1284-1180-0018.wav"" -map_metadata -1 -vn -sn -dn -c:a libmp3lame -b:a 80k ""[REDACTED_LOCAL_PATH]\Tony Hidayat\AQ_OpenWorld_Codec_Provenance\42_bh_derivatives\encoded\9e0b9079e54a5de3424a8fb8.mp3""","""[REDACTED_LOCAL_PATH]\Tony Hidayat\AQ_OpenWorld_Codec_Provenance\tools\gyan_ffmpeg_9.0_full\bin\ffprobe.exe"" -v error -show_entries stream=codec_name,sample_rate,channels,duration,bit_rate:format=format_name,duration,bit_rate -of json ""[REDACTED_LOCAL_PATH]\Tony Hidayat\AQ_OpenWorld_Codec_Provenance\42_bh_derivatives\encoded\9e0b9079e54a5de3424a8fb8.mp3""","[REDACTED_LOCAL_PATH]\AppData\Local\CapCut\Apps\7.7.0.3143\ffmpeg.exe -y -hide_banner -i ""[REDACTED_LOCAL_PATH]\Tony Hidayat\AQ_OpenWorld_Codec_Provenance\42_bh_derivatives\encoded\9e0b9079e54a5de3424a8fb8.mp3"" -map_metadata -1 -vn -sn -dn -ac 1 -ar 48000 -sample_fmt s16 ""[REDACTED_LOCAL_PATH]\Tony Hidayat\AQ_OpenWorld_Codec_Provenance\42_bh_derivatives\decoded_raw\9e0b9079e54a5de3424a8fb8.wav"""
bb2b11708870e652a6bf54af,0111310502705950a3918c910dd4975b,1284,MP3,libmp3lame,libmp3lame,96,99.248,458ab432893f28221986258a8a88bafd39f364037577023f8f7f06b8cfece944,caa75f7079e698b3d4cbda7f5d74049314cd099303247f2a35f52727c806c796,0,0.9999794110414477,96000,24812,[REDACTED_LOCAL_PATH]\Tony Hidayat\AQ_OpenWorld_Codec_Provenance\42_bh_derivatives\encoded\bb2b11708870e652a6bf54af.mp3,[REDACTED_LOCAL_PATH]\Tony Hidayat\AQ_OpenWorld_Codec_Provenance\42_bh_derivatives\decoded_raw\bb2b11708870e652a6bf54af.wav,[REDACTED_LOCAL_PATH]\Tony Hidayat\AQ_OpenWorld_Codec_Provenance\42_bh_derivatives\aligned_pcm\bb2b11708870e652a6bf54af.wav,AQ2D0BH_DERIV_V1|0111310502705950a3918c910dd4975b|MP3|96|libmp3lame|57c56e369d5b4873b4d93fc1a1d833cb7cd8bc9325c14b05c34ce60b22842d8a,0,0,0,mp3,PASS,"""[REDACTED_LOCAL_PATH]\Tony Hidayat\AQ_OpenWorld_Codec_Provenance\tools\gyan_ffmpeg_9.0_full\bin\ffmpeg.exe"" -y -hide_banner -i ""[REDACTED_LOCAL_PATH]\Tony Hidayat\AQ_OpenWorld_Codec_Provenance\39_bh_speech\canonical_selected\1284-1180-0018.wav"" -map_metadata -1 -vn -sn -dn -c:a libmp3lame -b:a 96k ""[REDACTED_LOCAL_PATH]\Tony Hidayat\AQ_OpenWorld_Codec_Provenance\42_bh_derivatives\encoded\bb2b11708870e652a6bf54af.mp3""","""[REDACTED_LOCAL_PATH]\Tony Hidayat\AQ_OpenWorld_Codec_Provenance\tools\gyan_ffmpeg_9.0_full\bin\ffprobe.exe"" -v error -show_entries stream=codec_name,sample_rate,channels,duration,bit_rate:format=format_name,duration,bit_rate -of json ""[REDACTED_LOCAL_PATH]\Tony Hidayat\AQ_OpenWorld_Codec_Provenance\42_bh_derivatives\encoded\bb2b11708870e652a6bf54af.mp3""","[REDACTED_LOCAL_PATH]\AppData\Local\CapCut\Apps\7.7.0.3143\ffmpeg.exe -y -hide_banner -i ""[REDACTED_LOCAL_PATH]\Tony Hidayat\AQ_OpenWorld_Codec_Provenance\42_bh_derivatives\encoded\bb2b11708870e652a6bf54af.mp3"" -map_metadata -1 -vn -sn -dn -ac 1 -ar 48000 -sample_fmt s16 ""[REDACTED_LOCAL_PATH]\Tony Hidayat\AQ_OpenWorld_Codec_Provenance\42_bh_derivatives\decoded_raw\bb2b11708870e652a6bf54af.wav"""
cc8c2a782e7c116687bc7f40,0111310502705950a3918c910dd4975b,1284,MP3,libmp3lame,libmp3lame,128,132.272,90a4e38facb34004e27fa6273bd2500c14d7d12dfd34b05015627265fed04984,8aa5a87ebb00a56657744e03e48a3ae807766099ded4a0c5df667411f9b6c344,0,0.9999971852917428,96000,33068,[REDACTED_LOCAL_PATH]\Tony Hidayat\AQ_OpenWorld_Codec_Provenance\42_bh_derivatives\encoded\cc8c2a782e7c116687bc7f40.mp3,[REDACTED_LOCAL_PATH]\Tony Hidayat\AQ_OpenWorld_Codec_Provenance\42_bh_derivatives\decoded_raw\cc8c2a782e7c116687bc7f40.wav,[REDACTED_LOCAL_PATH]\Tony Hidayat\AQ_OpenWorld_Codec_Provenance\42_bh_derivatives\aligned_pcm\cc8c2a782e7c116687bc7f40.wav,AQ2D0BH_DERIV_V1|0111310502705950a3918c910dd4975b|MP3|128|libmp3lame|57c56e369d5b4873b4d93fc1a1d833cb7cd8bc9325c14b05c34ce60b22842d8a,0,0,0,mp3,PASS,"""[REDACTED_LOCAL_PATH]\Tony Hidayat\AQ_OpenWorld_Codec_Provenance\tools\gyan_ffmpeg_9.0_full\bin\ffmpeg.exe"" -y -hide_banner -i ""[REDACTED_LOCAL_PATH]\Tony Hidayat\AQ_OpenWorld_Codec_Provenance\39_bh_speech\canonical_selected\1284-1180-0018.wav"" -map_metadata -1 -vn -sn -dn -c:a libmp3lame -b:a 128k ""[REDACTED_LOCAL_PATH]\Tony Hidayat\AQ_OpenWorld_Codec_Provenance\42_bh_derivatives\encoded\cc8c2a782e7c116687bc7f40.mp3""","""[REDACTED_LOCAL_PATH]\Tony Hidayat\AQ_OpenWorld_Codec_Provenance\tools\gyan_ffmpeg_9.0_full\bin\ffprobe.exe"" -v error -show_entries stream=codec_name,sample_rate,channels,duration,bit_rate:format=format_name,duration,bit_rate -of json ""[REDACTED_LOCAL_PATH]\Tony Hidayat\AQ_OpenWorld_Codec_Provenance\42_bh_derivatives\encoded\cc8c2a782e7c116687bc7f40.mp3""","[REDACTED_LOCAL_PATH]\AppData\Local\CapCut\Apps\7.7.0.3143\ffmpeg.exe -y -hide_banner -i ""[REDACTED_LOCAL_PATH]\Tony Hidayat\AQ_OpenWorld_Codec_Provenance\42_bh_derivatives\encoded\cc8c2a782e7c116687bc7f40.mp3"" -map_metadata -1 -vn -sn -dn -ac 1 -ar 48000 -sample_fmt s16 ""[REDACTED_LOCAL_PATH]\Tony Hidayat\AQ_OpenWorld_Codec_Provenance\42_bh_derivatives\decoded_raw\cc8c2a782e7c116687bc7f40.wav"""
65c4d229f89be56fb90845fb,0111310502705950a3918c910dd4975b,1284,Opus,libopus,libopus,32,33.588,cf798712e912c7efe357ffe0cd43fe39c441902d8a675a7c12c33c2d8f4a17e3,895ea17ed0b8400bdf0c91b251f66b8634fd19b480469876f9df89c9f0aa573f,0,0.9958877981727247,96000,8397,[REDACTED_LOCAL_PATH]\Tony Hidayat\AQ_OpenWorld_Codec_Provenance\42_bh_derivatives\encoded\65c4d229f89be56fb90845fb.opus,[REDACTED_LOCAL_PATH]\Tony Hidayat\AQ_OpenWorld_Codec_Provenance\42_bh_derivatives\decoded_raw\65c4d229f89be56fb90845fb.wav,[REDACTED_LOCAL_PATH]\Tony Hidayat\AQ_OpenWorld_Codec_Provenance\42_bh_derivatives\aligned_pcm\65c4d229f89be56fb90845fb.wav,AQ2D0BH_DERIV_V1|0111310502705950a3918c910dd4975b|Opus|32|libopus|57c56e369d5b4873b4d93fc1a1d833cb7cd8bc9325c14b05c34ce60b22842d8a,0,0,0,opus,PASS,"""[REDACTED_LOCAL_PATH]\Tony Hidayat\AQ_OpenWorld_Codec_Provenance\tools\gyan_ffmpeg_9.0_full\bin\ffmpeg.exe"" -y -hide_banner -i ""[REDACTED_LOCAL_PATH]\Tony Hidayat\AQ_OpenWorld_Codec_Provenance\39_bh_speech\canonical_selected\1284-1180-0018.wav"" -map_metadata -1 -vn -sn -dn -c:a libopus -b:a 32k -vbr off ""[REDACTED_LOCAL_PATH]\Tony Hidayat\AQ_OpenWorld_Codec_Provenance\42_bh_derivatives\encoded\65c4d229f89be56fb90845fb.opus""","""[REDACTED_LOCAL_PATH]\Tony Hidayat\AQ_OpenWorld_Codec_Provenance\tools\gyan_ffmpeg_9.0_full\bin\ffprobe.exe"" -v error -show_entries stream=codec_name,sample_rate,channels,duration,bit_rate:format=format_name,duration,bit_rate -of json ""[REDACTED_LOCAL_PATH]\Tony Hidayat\AQ_OpenWorld_Codec_Provenance\42_bh_derivatives\encoded\65c4d229f89be56fb90845fb.opus""","[REDACTED_LOCAL_PATH]\AppData\Local\CapCut\Apps\7.7.0.3143\ffmpeg.exe -y -hide_banner -i ""[REDACTED_LOCAL_PATH]\Tony Hidayat\AQ_OpenWorld_Codec_Provenance\42_bh_derivatives\encoded\65c4d229f89be56fb90845fb.opus"" -map_metadata -1 -vn -sn -dn -ac 1 -ar 48000 -sample_fmt s16 ""[REDACTED_LOCAL_PATH]\Tony Hidayat\AQ_OpenWorld_Codec_Provenance\42_bh_derivatives\decoded_raw\65c4d229f89be56fb90845fb.wav"""
596b828dddf325ad018d7760,0111310502705950a3918c910dd4975b,1284,Opus,libopus,libopus,80,82.068,364ab056084af9a245f93ed6b2c95dc596b99a8c9241d6b8b9374b3e16a710a9,1dbc1976ad14a9a8140f4360c523118375a672f536b13d83c608c7a010662ba5,0,0.9992404834265262,96000,20517,[REDACTED_LOCAL_PATH]\Tony Hidayat\AQ_OpenWorld_Codec_Provenance\42_bh_derivatives\encoded\596b828dddf325ad018d7760.opus,[REDACTED_LOCAL_PATH]\Tony Hidayat\AQ_OpenWorld_Codec_Provenance\42_bh_derivatives\decoded_raw\596b828dddf325ad018d7760.wav,[REDACTED_LOCAL_PATH]\Tony Hidayat\AQ_OpenWorld_Codec_Provenance\42_bh_derivatives\aligned_pcm\596b828dddf325ad018d7760.wav,AQ2D0BH_DERIV_V1|0111310502705950a3918c910dd4975b|Opus|80|libopus|57c56e369d5b4873b4d93fc1a1d833cb7cd8bc9325c14b05c34ce60b22842d8a,0,0,0,opus,PASS,"""[REDACTED_LOCAL_PATH]\Tony Hidayat\AQ_OpenWorld_Codec_Provenance\tools\gyan_ffmpeg_9.0_full\bin\ffmpeg.exe"" -y -hide_banner -i ""[REDACTED_LOCAL_PATH]\Tony Hidayat\AQ_OpenWorld_Codec_Provenance\39_bh_speech\canonical_selected\1284-1180-0018.wav"" -map_metadata -1 -vn -sn -dn -c:a libopus -b:a 80k -vbr off ""[REDACTED_LOCAL_PATH]\Tony Hidayat\AQ_OpenWorld_Codec_Provenance\42_bh_derivatives\encoded\596b828dddf325ad018d7760.opus""","""[REDACTED_LOCAL_PATH]\Tony Hidayat\AQ_OpenWorld_Codec_Provenance\tools\gyan_ffmpeg_9.0_full\bin\ffprobe.exe"" -v error -show_entries stream=codec_name,sample_rate,channels,duration,bit_rate:format=format_name,duration,bit_rate -of json ""[REDACTED_LOCAL_PATH]\Tony Hidayat\AQ_OpenWorld_Codec_Provenance\42_bh_derivatives\encoded\596b828dddf325ad018d7760.opus""","[REDACTED_LOCAL_PATH]\AppData\Local\CapCut\Apps\7.7.0.3143\ffmpeg.exe -y -hide_banner -i ""[REDACTED_LOCAL_PATH]\Tony Hidayat\AQ_OpenWorld_Codec_Provenance\42_bh_derivatives\encoded\596b828dddf325ad018d7760.opus"" -map_metadata -1 -vn -sn -dn -ac 1 -ar 48000 -sample_fmt s16 ""[REDACTED_LOCAL_PATH]\Tony Hidayat\AQ_OpenWorld_Codec_Provenance\42_bh_derivatives\decoded_raw\596b828dddf325ad018d7760.wav"""
498e4c2dee49fb64be3bcf90,0111310502705950a3918c910dd4975b,1284,Opus,libopus,libopus,96,98.228,7b26294e0cd66d47892e402203cc0f0613f4a403600cfb7e85d3129cfaf613d4,65b52848cb1e1a4ae5f770184d22d21e45cc0c84308a5cdd9f4a729605aa752f,0,0.9993736487860199,96000,24557,[REDACTED_LOCAL_PATH]\Tony Hidayat\AQ_OpenWorld_Codec_Provenance\42_bh_derivatives\encoded\498e4c2dee49fb64be3bcf90.opus,[REDACTED_LOCAL_PATH]\Tony Hidayat\AQ_OpenWorld_Codec_Provenance\42_bh_derivatives\decoded_raw\498e4c2dee49fb64be3bcf90.wav,[REDACTED_LOCAL_PATH]\Tony Hidayat\AQ_OpenWorld_Codec_Provenance\42_bh_derivatives\aligned_pcm\498e4c2dee49fb64be3bcf90.wav,AQ2D0BH_DERIV_V1|0111310502705950a3918c910dd4975b|Opus|96|libopus|57c56e369d5b4873b4d93fc1a1d833cb7cd8bc9325c14b05c34ce60b22842d8a,0,0,0,opus,PASS,"""[REDACTED_LOCAL_PATH]\Tony Hidayat\AQ_OpenWorld_Codec_Provenance\tools\gyan_ffmpeg_9.0_full\bin\ffmpeg.exe"" -y -hide_banner -i ""[REDACTED_LOCAL_PATH]\Tony Hidayat\AQ_OpenWorld_Codec_Provenance\39_bh_speech\canonical_selected\1284-1180-0018.wav"" -map_metadata -1 -vn -sn -dn -c:a libopus -b:a 96k -vbr off ""[REDACTED_LOCAL_PATH]\Tony Hidayat\AQ_OpenWorld_Codec_Provenance\42_bh_derivatives\encoded\498e4c2dee49fb64be3bcf90.opus""","""[REDACTED_LOCAL_PATH]\Tony Hidayat\AQ_OpenWorld_Codec_Provenance\tools\gyan_ffmpeg_9.0_full\bin\ffprobe.exe"" -v error -show_entries stream=codec_name,sample_rate,channels,duration,bit_rate:format=format_name,duration,bit_rate -of json ""[REDACTED_LOCAL_PATH]\Tony Hidayat\AQ_OpenWorld_Codec_Provenance\42_bh_derivatives\encoded\498e4c2dee49fb64be3bcf90.opus""","[REDACTED_LOCAL_PATH]\AppData\Local\CapCut\Apps\7.7.0.3143\ffmpeg.exe -y -hide_banner -i ""[REDACTED_LOCAL_PATH]\Tony Hidayat\AQ_OpenWorld_Codec_Provenance\42_bh_derivatives\encoded\498e4c2dee49fb64be3bcf90.opus"" -map_metadata -1 -vn -sn -dn -ac 1 -ar 48000 -sample_fmt s16 ""[REDACTED_LOCAL_PATH]\Tony Hidayat\AQ_OpenWorld_Codec_Provenance\42_bh_derivatives\decoded_raw\498e4c2dee49fb64be3bcf90.wav"""
aa13bac6a27d41c3dd966f00,0111310502705950a3918c910dd4975b,1284,Opus,libopus,libopus,128,130.952,dff1242fbc6f4fe2222a6dae0c3a671b97a74474653ffcfc0d679a6005370c64,eb6fe0cec109dda9a16564fbdf9bceb6b7981c3f284eecd322cea4e96ba978ae,0,0.999650622457338,96000,32738,[REDACTED_LOCAL_PATH]\Tony Hidayat\AQ_OpenWorld_Codec_Provenance\42_bh_derivatives\encoded\aa13bac6a27d41c3dd966f00.opus,[REDACTED_LOCAL_PATH]\Tony Hidayat\AQ_OpenWorld_Codec_Provenance\42_bh_derivatives\decoded_raw\aa13bac6a27d41c3dd966f00.wav,[REDACTED_LOCAL_PATH]\Tony Hidayat\AQ_OpenWorld_Codec_Provenance\42_bh_derivatives\aligned_pcm\aa13bac6a27d41c3dd966f00.wav,AQ2D0BH_DERIV_V1|0111310502705950a3918c910dd4975b|Opus|128|libopus|57c56e369d5b4873b4d93fc1a1d833cb7cd8bc9325c14b05c34ce60b22842d8a,0,0,0,opus,PASS,"""[REDACTED_LOCAL_PATH]\Tony Hidayat\AQ_OpenWorld_Codec_Provenance\tools\gyan_ffmpeg_9.0_full\bin\ffmpeg.exe"" -y -hide_banner -i ""[REDACTED_LOCAL_PATH]\Tony Hidayat\AQ_OpenWorld_Codec_Provenance\39_bh_speech\canonical_selected\1284-1180-0018.wav"" -map_metadata -1 -vn -sn -dn -c:a libopus -b:a 128k -vbr off ""[REDACTED_LOCAL_PATH]\Tony Hidayat\AQ_OpenWorld_Codec_Provenance\42_bh_derivatives\encoded\aa13bac6a27d41c3dd966f00.opus""","""[REDACTED_LOCAL_PATH]\Tony Hidayat\AQ_OpenWorld_Codec_Provenance\tools\gyan_ffmpeg_9.0_full\bin\ffprobe.exe"" -v error -show_entries stream=codec_name,sample_rate,channels,duration,bit_rate:format=format_name,duration,bit_rate -of json ""[REDACTED_LOCAL_PATH]\Tony Hidayat\AQ_OpenWorld_Codec_Provenance\42_bh_derivatives\encoded\aa13bac6a27d41c3dd966f00.opus""","[REDACTED_LOCAL_PATH]\AppData\Local\CapCut\Apps\7.7.0.3143\ffmpeg.exe -y -hide_banner -i ""[REDACTED_LOCAL_PATH]\Tony Hidayat\AQ_OpenWorld_Codec_Provenance\42_bh_derivatives\encoded\aa13bac6a27d41c3dd966f00.opus"" -map_metadata -1 -vn -sn -dn -ac 1 -ar 48000 -sample_fmt s16 ""[REDACTED_LOCAL_PATH]\Tony Hidayat\AQ_OpenWorld_Codec_Provenance\42_bh_derivatives\decoded_raw\aa13bac6a27d41c3dd966f00.wav"""
690f1fb504f817ce8f6af008,03ccc54bbec33baf705f61b3d8ec5b99,5683,AAC,aac,FFmpeg-native AAC,32,36.628,7180f4b9db52f250d9a2ea2e6d9e7a60c1f4d27308806fa6fd8ee6529c415a89,c7e4a6eb1e5c7197964a7b07c5394ec2c5208316164f081a69987dd04d03236f,0,0.9513477228897779,96000,9157,[REDACTED_LOCAL_PATH]\Tony Hidayat\AQ_OpenWorld_Codec_Provenance\42_bh_derivatives\encoded\690f1fb504f817ce8f6af008.m4a,[REDACTED_LOCAL_PATH]\Tony Hidayat\AQ_OpenWorld_Codec_Provenance\42_bh_derivatives\decoded_raw\690f1fb504f817ce8f6af008.wav,[REDACTED_LOCAL_PATH]\Tony Hidayat\AQ_OpenWorld_Codec_Provenance\42_bh_derivatives\aligned_pcm\690f1fb504f817ce8f6af008.wav,AQ2D0BH_DERIV_V1|03ccc54bbec33baf705f61b3d8ec5b99|AAC|32|FFmpeg-native AAC|57c56e369d5b4873b4d93fc1a1d833cb7cd8bc9325c14b05c34ce60b22842d8a,0,0,0,aac,PASS,"""[REDACTED_LOCAL_PATH]\Tony Hidayat\AQ_OpenWorld_Codec_Provenance\tools\gyan_ffmpeg_9.0_full\bin\ffmpeg.exe"" -y -hide_banner -i ""[REDACTED_LOCAL_PATH]\Tony Hidayat\AQ_OpenWorld_Codec_Provenance\39_bh_speech\canonical_selected\5683-32866-0018.wav"" -map_metadata -1 -vn -sn -dn -c:a aac -b:a 32k ""[REDACTED_LOCAL_PATH]\Tony Hidayat\AQ_OpenWorld_Codec_Provenance\42_bh_derivatives\encoded\690f1fb504f817ce8f6af008.m4a""","""[REDACTED_LOCAL_PATH]\Tony Hidayat\AQ_OpenWorld_Codec_Provenance\tools\gyan_ffmpeg_9.0_full\bin\ffprobe.exe"" -v error -show_entries stream=codec_name,sample_rate,channels,duration,bit_rate:format=format_name,duration,bit_rate -of json ""[REDACTED_LOCAL_PATH]\Tony Hidayat\AQ_OpenWorld_Codec_Provenance\42_bh_derivatives\encoded\690f1fb504f817ce8f6af008.m4a""","[REDACTED_LOCAL_PATH]\AppData\Local\CapCut\Apps\7.7.0.3143\ffmpeg.exe -y -hide_banner -i ""[REDACTED_LOCAL_PATH]\Tony Hidayat\AQ_OpenWorld_Codec_Provenance\42_bh_derivatives\encoded\690f1fb504f817ce8f6af008.m4a"" -map_metadata -1 -vn -sn -dn -ac 1 -ar 48000 -sample_fmt s16 ""[REDACTED_LOCAL_PATH]\Tony Hidayat\AQ_OpenWorld_Codec_Provenance\42_bh_derivatives\decoded_raw\690f1fb504f817ce8f6af008.wav"""
77133f9fdc1ff94ca83d5b99,03ccc54bbec33baf705f61b3d8ec5b99,5683,AAC,aac,FFmpeg-native AAC,80,86.992,089fcce8012d7b5627eb85c1d47fb48c7fabc7c36b0a4d0a31c0011107004265,0b011a3eb1857f3534a5d119271d25ca0e86aa879612bdbd8e3811eed79b1665,0,0.9991256927618436,96000,21748,[REDACTED_LOCAL_PATH]\Tony Hidayat\AQ_OpenWorld_Codec_Provenance\42_bh_derivatives\encoded\77133f9fdc1ff94ca83d5b99.m4a,[REDACTED_LOCAL_PATH]\Tony Hidayat\AQ_OpenWorld_Codec_Provenance\42_bh_derivatives\decoded_raw\77133f9fdc1ff94ca83d5b99.wav,[REDACTED_LOCAL_PATH]\Tony Hidayat\AQ_OpenWorld_Codec_Provenance\42_bh_derivatives\aligned_pcm\77133f9fdc1ff94ca83d5b99.wav,AQ2D0BH_DERIV_V1|03ccc54bbec33baf705f61b3d8ec5b99|AAC|80|FFmpeg-native AAC|57c56e369d5b4873b4d93fc1a1d833cb7cd8bc9325c14b05c34ce60b22842d8a,0,0,0,aac,PASS,"""[REDACTED_LOCAL_PATH]\Tony Hidayat\AQ_OpenWorld_Codec_Provenance\tools\gyan_ffmpeg_9.0_full\bin\ffmpeg.exe"" -y -hide_banner -i ""[REDACTED_LOCAL_PATH]\Tony Hidayat\AQ_OpenWorld_Codec_Provenance\39_bh_speech\canonical_selected\5683-32866-0018.wav"" -map_metadata -1 -vn -sn -dn -c:a aac -b:a 80k ""[REDACTED_LOCAL_PATH]\Tony Hidayat\AQ_OpenWorld_Codec_Provenance\42_bh_derivatives\encoded\77133f9fdc1ff94ca83d5b99.m4a""","""[REDACTED_LOCAL_PATH]\Tony Hidayat\AQ_OpenWorld_Codec_Provenance\tools\gyan_ffmpeg_9.0_full\bin\ffprobe.exe"" -v error -show_entries stream=codec_name,sample_rate,channels,duration,bit_rate:format=format_name,duration,bit_rate -of json ""[REDACTED_LOCAL_PATH]\Tony Hidayat\AQ_OpenWorld_Codec_Provenance\42_bh_derivatives\encoded\77133f9fdc1ff94ca83d5b99.m4a""","[REDACTED_LOCAL_PATH]\AppData\Local\CapCut\Apps\7.7.0.3143\ffmpeg.exe -y -hide_banner -i ""[REDACTED_LOCAL_PATH]\Tony Hidayat\AQ_OpenWorld_Codec_Provenance\42_bh_derivatives\encoded\77133f9fdc1ff94ca83d5b99.m4a"" -map_metadata -1 -vn -sn -dn -ac 1 -ar 48000 -sample_fmt s16 ""[REDACTED_LOCAL_PATH]\Tony Hidayat\AQ_OpenWorld_Codec_Provenance\42_bh_derivatives\decoded_raw\77133f9fdc1ff94ca83d5b99.wav"""
4bceb178a27f9f3da238a8b1,03ccc54bbec33baf705f61b3d8ec5b99,5683,AAC,aac,FFmpeg-native AAC,96,103.18,18673ac4edda81ca38b9c18cec345cf574b15f7c0b7b8a1a27486ff62544a6a0,c57bcb39fdffb1ba529c3d96491de42add9e28c597650a2b74e33470633bc61d,0,0.9988855307021223,96000,25795,[REDACTED_LOCAL_PATH]\Tony Hidayat\AQ_OpenWorld_Codec_Provenance\42_bh_derivatives\encoded\4bceb178a27f9f3da238a8b1.m4a,[REDACTED_LOCAL_PATH]\Tony Hidayat\AQ_OpenWorld_Codec_Provenance\42_bh_derivatives\decoded_raw\4bceb178a27f9f3da238a8b1.wav,[REDACTED_LOCAL_PATH]\Tony Hidayat\AQ_OpenWorld_Codec_Provenance\42_bh_derivatives\aligned_pcm\4bceb178a27f9f3da238a8b1.wav,AQ2D0BH_DERIV_V1|03ccc54bbec33baf705f61b3d8ec5b99|AAC|96|FFmpeg-native AAC|57c56e369d5b4873b4d93fc1a1d833cb7cd8bc9325c14b05c34ce60b22842d8a,0,0,0,aac,PASS,"""[REDACTED_LOCAL_PATH]\Tony Hidayat\AQ_OpenWorld_Codec_Provenance\tools\gyan_ffmpeg_9.0_full\bin\ffmpeg.exe"" -y -hide_banner -i ""[REDACTED_LOCAL_PATH]\Tony Hidayat\AQ_OpenWorld_Codec_Provenance\39_bh_speech\canonical_selected\5683-32866-0018.wav"" -map_metadata -1 -vn -sn -dn -c:a aac -b:a 96k ""[REDACTED_LOCAL_PATH]\Tony Hidayat\AQ_OpenWorld_Codec_Provenance\42_bh_derivatives\encoded\4bceb178a27f9f3da238a8b1.m4a""","""[REDACTED_LOCAL_PATH]\Tony Hidayat\AQ_OpenWorld_Codec_Provenance\tools\gyan_ffmpeg_9.0_full\bin\ffprobe.exe"" -v error -show_entries stream=codec_name,sample_rate,channels,duration,bit_rate:format=format_name,duration,bit_rate -of json ""[REDACTED_LOCAL_PATH]\Tony Hidayat\AQ_OpenWorld_Codec_Provenance\42_bh_derivatives\encoded\4bceb178a27f9f3da238a8b1.m4a""","[REDACTED_LOCAL_PATH]\AppData\Local\CapCut\Apps\7.7.0.3143\ffmpeg.exe -y -hide_banner -i ""[REDACTED_LOCAL_PATH]\Tony Hidayat\AQ_OpenWorld_Codec_Provenance\42_bh_derivatives\encoded\4bceb178a27f9f3da238a8b1.m4a"" -map_metadata -1 -vn -sn -dn -ac 1 -ar 48000 -sample_fmt s16 ""[REDACTED_LOCAL_PATH]\Tony Hidayat\AQ_OpenWorld_Codec_Provenance\42_bh_derivatives\decoded_raw\4bceb178a27f9f3da238a8b1.wav"""
163d9615c60a5a5631ee9a89,03ccc54bbec33baf705f61b3d8ec5b99,5683,AAC,aac,FFmpeg-native AAC,128,133.648,4485b1362a68d66369540377c6d9bded896a23395ef958a5247069d92939791c,48efeeb18d19cc17b0dbdea0ac36f0bfe18f6eee09915989f7fb65e85d2806bf,0,0.9995773999249659,96000,33412,[REDACTED_LOCAL_PATH]\Tony Hidayat\AQ_OpenWorld_Codec_Provenance\42_bh_derivatives\encoded\163d9615c60a5a5631ee9a89.m4a,[REDACTED_LOCAL_PATH]\Tony Hidayat\AQ_OpenWorld_Codec_Provenance\42_bh_derivatives\decoded_raw\163d9615c60a5a5631ee9a89.wav,[REDACTED_LOCAL_PATH]\Tony Hidayat\AQ_OpenWorld_Codec_Provenance\42_bh_derivatives\aligned_pcm\163d9615c60a5a5631ee9a89.wav,AQ2D0BH_DERIV_V1|03ccc54bbec33baf705f61b3d8ec5b99|AAC|128|FFmpeg-native AAC|57c56e369d5b4873b4d93fc1a1d833cb7cd8bc9325c14b05c34ce60b22842d8a,0,0,0,aac,PASS,"""[REDACTED_LOCAL_PATH]\Tony Hidayat\AQ_OpenWorld_Codec_Provenance\tools\gyan_ffmpeg_9.0_full\bin\ffmpeg.exe"" -y -hide_banner -i ""[REDACTED_LOCAL_PATH]\Tony Hidayat\AQ_OpenWorld_Codec_Provenance\39_bh_speech\canonical_selected\5683-32866-0018.wav"" -map_metadata -1 -vn -sn -dn -c:a aac -b:a 128k ""[REDACTED_LOCAL_PATH]\Tony Hidayat\AQ_OpenWorld_Codec_Provenance\42_bh_derivatives\encoded\163d9615c60a5a5631ee9a89.m4a""","""[REDACTED_LOCAL_PATH]\Tony Hidayat\AQ_OpenWorld_Codec_Provenance\tools\gyan_ffmpeg_9.0_full\bin\ffprobe.exe"" -v error -show_entries stream=codec_name,sample_rate,channels,duration,bit_rate:format=format_name,duration,bit_rate -of json ""[REDACTED_LOCAL_PATH]\Tony Hidayat\AQ_OpenWorld_Codec_Provenance\42_bh_derivatives\encoded\163d9615c60a5a5631ee9a89.m4a""","[REDACTED_LOCAL_PATH]\AppData\Local\CapCut\Apps\7.7.0.3143\ffmpeg.exe -y -hide_banner -i ""[REDACTED_LOCAL_PATH]\Tony Hidayat\AQ_OpenWorld_Codec_Provenance\42_bh_derivatives\encoded\163d9615c60a5a5631ee9a89.m4a"" -map_metadata -1 -vn -sn -dn -ac 1 -ar 48000 -sample_fmt s16 ""[REDACTED_LOCAL_PATH]\Tony Hidayat\AQ_OpenWorld_Codec_Provenance\42_bh_derivatives\decoded_raw\163d9615c60a5a5631ee9a89.wav"""
cea6f0319e23dbc7364336e0,03ccc54bbec33baf705f61b3d8ec5b99,5683,MP3,libmp3lame,libmp3lame,32,33.584,3fed525f9cb2b2c3f9a733ff1bca492ff5195e61321f9c059112c358b25d6c85,10a540516ea8d8004f742ab5b8cbf1663a514a66f2925b7a1e07dfdd398fd641,0,0.9848570202456591,96000,8396,[REDACTED_LOCAL_PATH]\Tony Hidayat\AQ_OpenWorld_Codec_Provenance\42_bh_derivatives\encoded\cea6f0319e23dbc7364336e0.mp3,[REDACTED_LOCAL_PATH]\Tony Hidayat\AQ_OpenWorld_Codec_Provenance\42_bh_derivatives\decoded_raw\cea6f0319e23dbc7364336e0.wav,[REDACTED_LOCAL_PATH]\Tony Hidayat\AQ_OpenWorld_Codec_Provenance\42_bh_derivatives\aligned_pcm\cea6f0319e23dbc7364336e0.wav,AQ2D0BH_DERIV_V1|03ccc54bbec33baf705f61b3d8ec5b99|MP3|32|libmp3lame|57c56e369d5b4873b4d93fc1a1d833cb7cd8bc9325c14b05c34ce60b22842d8a,0,0,0,mp3,PASS,"""[REDACTED_LOCAL_PATH]\Tony Hidayat\AQ_OpenWorld_Codec_Provenance\tools\gyan_ffmpeg_9.0_full\bin\ffmpeg.exe"" -y -hide_banner -i ""[REDACTED_LOCAL_PATH]\Tony Hidayat\AQ_OpenWorld_Codec_Provenance\39_bh_speech\canonical_selected\5683-32866-0018.wav"" -map_metadata -1 -vn -sn -dn -c:a libmp3lame -b:a 32k ""[REDACTED_LOCAL_PATH]\Tony Hidayat\AQ_OpenWorld_Codec_Provenance\42_bh_derivatives\encoded\cea6f0319e23dbc7364336e0.mp3""","""[REDACTED_LOCAL_PATH]\Tony Hidayat\AQ_OpenWorld_Codec_Provenance\tools\gyan_ffmpeg_9.0_full\bin\ffprobe.exe"" -v error -show_entries stream=codec_name,sample_rate,channels,duration,bit_rate:format=format_name,duration,bit_rate -of json ""[REDACTED_LOCAL_PATH]\Tony Hidayat\AQ_OpenWorld_Codec_Provenance\42_bh_derivatives\encoded\cea6f0319e23dbc7364336e0.mp3""","[REDACTED_LOCAL_PATH]\AppData\Local\CapCut\Apps\7.7.0.3143\ffmpeg.exe -y -hide_banner -i ""[REDACTED_LOCAL_PATH]\Tony Hidayat\AQ_OpenWorld_Codec_Provenance\42_bh_derivatives\encoded\cea6f0319e23dbc7364336e0.mp3"" -map_metadata -1 -vn -sn -dn -ac 1 -ar 48000 -sample_fmt s16 ""[REDACTED_LOCAL_PATH]\Tony Hidayat\AQ_OpenWorld_Codec_Provenance\42_bh_derivatives\decoded_raw\cea6f0319e23dbc7364336e0.wav"""
c07e90b5924ebbacd712116a,03ccc54bbec33baf705f61b3d8ec5b99,5683,MP3,libmp3lame,libmp3lame,80,82.736,548f96c9fb5716bdcff8a18666deb9465b90998d434a6b9f344e29f0ed70f3a6,6883d5506caaad4f9a54cc5bb94058e17954659fa6b967aa2cc787fb8d78b6e2,0,0.9997129466212731,96000,20684,[REDACTED_LOCAL_PATH]\Tony Hidayat\AQ_OpenWorld_Codec_Provenance\42_bh_derivatives\encoded\c07e90b5924ebbacd712116a.mp3,[REDACTED_LOCAL_PATH]\Tony Hidayat\AQ_OpenWorld_Codec_Provenance\42_bh_derivatives\decoded_raw\c07e90b5924ebbacd712116a.wav,[REDACTED_LOCAL_PATH]\Tony Hidayat\AQ_OpenWorld_Codec_Provenance\42_bh_derivatives\aligned_pcm\c07e90b5924ebbacd712116a.wav,AQ2D0BH_DERIV_V1|03ccc54bbec33baf705f61b3d8ec5b99|MP3|80|libmp3lame|57c56e369d5b4873b4d93fc1a1d833cb7cd8bc9325c14b05c34ce60b22842d8a,0,0,0,mp3,PASS,"""[REDACTED_LOCAL_PATH]\Tony Hidayat\AQ_OpenWorld_Codec_Provenance\tools\gyan_ffmpeg_9.0_full\bin\ffmpeg.exe"" -y -hide_banner -i ""[REDACTED_LOCAL_PATH]\Tony Hidayat\AQ_OpenWorld_Codec_Provenance\39_bh_speech\canonical_selected\5683-32866-0018.wav"" -map_metadata -1 -vn -sn -dn -c:a libmp3lame -b:a 80k ""[REDACTED_LOCAL_PATH]\Tony Hidayat\AQ_OpenWorld_Codec_Provenance\42_bh_derivatives\encoded\c07e90b5924ebbacd712116a.mp3""","""[REDACTED_LOCAL_PATH]\Tony Hidayat\AQ_OpenWorld_Codec_Provenance\tools\gyan_ffmpeg_9.0_full\bin\ffprobe.exe"" -v error -show_entries stream=codec_name,sample_rate,channels,duration,bit_rate:format=format_name,duration,bit_rate -of json ""[REDACTED_LOCAL_PATH]\Tony Hidayat\AQ_OpenWorld_Codec_Provenance\42_bh_derivatives\encoded\c07e90b5924ebbacd712116a.mp3""","[REDACTED_LOCAL_PATH]\AppData\Local\CapCut\Apps\7.7.0.3143\ffmpeg.exe -y -hide_banner -i ""[REDACTED_LOCAL_PATH]\Tony Hidayat\AQ_OpenWorld_Codec_Provenance\42_bh_derivatives\encoded\c07e90b5924ebbacd712116a.mp3"" -map_metadata -1 -vn -sn -dn -ac 1 -ar 48000 -sample_fmt s16 ""[REDACTED_LOCAL_PATH]\Tony Hidayat\AQ_OpenWorld_Codec_Provenance\42_bh_derivatives\decoded_raw\c07e90b5924ebbacd712116a.wav"""
49fd098ab63ee3e68decc042,03ccc54bbec33baf705f61b3d8ec5b99,5683,MP3,libmp3lame,libmp3lame,96,99.248,26f7fe90c677efea9b4b36392c281f084e478f654ee1c411b4acaf1e2d338b88,faebeed079b11434ca15940573d708b50966ce28556a73804587bc8dffe820c0,0,0.999933377829419,96000,24812,[REDACTED_LOCAL_PATH]\Tony Hidayat\AQ_OpenWorld_Codec_Provenance\42_bh_derivatives\encoded\49fd098ab63ee3e68decc042.mp3,[REDACTED_LOCAL_PATH]\Tony Hidayat\AQ_OpenWorld_Codec_Provenance\42_bh_derivatives\decoded_raw\49fd098ab63ee3e68decc042.wav,[REDACTED_LOCAL_PATH]\Tony Hidayat\AQ_OpenWorld_Codec_Provenance\42_bh_derivatives\aligned_pcm\49fd098ab63ee3e68decc042.wav,AQ2D0BH_DERIV_V1|03ccc54bbec33baf705f61b3d8ec5b99|MP3|96|libmp3lame|57c56e369d5b4873b4d93fc1a1d833cb7cd8bc9325c14b05c34ce60b22842d8a,0,0,0,mp3,PASS,"""[REDACTED_LOCAL_PATH]\Tony Hidayat\AQ_OpenWorld_Codec_Provenance\tools\gyan_ffmpeg_9.0_full\bin\ffmpeg.exe"" -y -hide_banner -i ""[REDACTED_LOCAL_PATH]\Tony Hidayat\AQ_OpenWorld_Codec_Provenance\39_bh_speech\canonical_selected\5683-32866-0018.wav"" -map_metadata -1 -vn -sn -dn -c:a libmp3lame -b:a 96k ""[REDACTED_LOCAL_PATH]\Tony Hidayat\AQ_OpenWorld_Codec_Provenance\42_bh_derivatives\encoded\49fd098ab63ee3e68decc042.mp3""","""[REDACTED_LOCAL_PATH]\Tony Hidayat\AQ_OpenWorld_Codec_Provenance\tools\gyan_ffmpeg_9.0_full\bin\ffprobe.exe"" -v error -show_entries stream=codec_name,sample_rate,channels,duration,bit_rate:format=format_name,duration,bit_rate -of json ""[REDACTED_LOCAL_PATH]\Tony Hidayat\AQ_OpenWorld_Codec_Provenance\42_bh_derivatives\encoded\49fd098ab63ee3e68decc042.mp3""","[REDACTED_LOCAL_PATH]\AppData\Local\CapCut\Apps\7.7.0.3143\ffmpeg.exe -y -hide_banner -i ""[REDACTED_LOCAL_PATH]\Tony Hidayat\AQ_OpenWorld_Codec_Provenance\42_bh_derivatives\encoded\49fd098ab63ee3e68decc042.mp3"" -map_metadata -1 -vn -sn -dn -ac 1 -ar 48000 -sample_fmt s16 ""[REDACTED_LOCAL_PATH]\Tony Hidayat\AQ_OpenWorld_Codec_Provenance\42_bh_derivatives\decoded_raw\49fd098ab63ee3e68decc042.wav"""
490327bcb5a3fa512cceb209,03ccc54bbec33baf705f61b3d8ec5b99,5683,MP3,libmp3lame,libmp3lame,128,132.272,f8820a5a7c1ff617728d1fbdde59f5a373890f676165433874db1cbad561e35c,3fdf444efe051f5b4ea74c824422bb4e1e3356f8a4079f1f033ab71489eb3661,0,0.9999908703839151,96000,33068,[REDACTED_LOCAL_PATH]\Tony Hidayat\AQ_OpenWorld_Codec_Provenance\42_bh_derivatives\encoded\490327bcb5a3fa512cceb209.mp3,[REDACTED_LOCAL_PATH]\Tony Hidayat\AQ_OpenWorld_Codec_Provenance\42_bh_derivatives\decoded_raw\490327bcb5a3fa512cceb209.wav,[REDACTED_LOCAL_PATH]\Tony Hidayat\AQ_OpenWorld_Codec_Provenance\42_bh_derivatives\aligned_pcm\490327bcb5a3fa512cceb209.wav,AQ2D0BH_DERIV_V1|03ccc54bbec33baf705f61b3d8ec5b99|MP3|128|libmp3lame|57c56e369d5b4873b4d93fc1a1d833cb7cd8bc9325c14b05c34ce60b22842d8a,0,0,0,mp3,PASS,"""[REDACTED_LOCAL_PATH]\Tony Hidayat\AQ_OpenWorld_Codec_Provenance\tools\gyan_ffmpeg_9.0_full\bin\ffmpeg.exe"" -y -hide_banner -i ""[REDACTED_LOCAL_PATH]\Tony Hidayat\AQ_OpenWorld_Codec_Provenance\39_bh_speech\canonical_selected\5683-32866-0018.wav"" -map_metadata -1 -vn -sn -dn -c:a libmp3lame -b:a 128k ""[REDACTED_LOCAL_PATH]\Tony Hidayat\AQ_OpenWorld_Codec_Provenance\42_bh_derivatives\encoded\490327bcb5a3fa512cceb209.mp3""","""[REDACTED_LOCAL_PATH]\Tony Hidayat\AQ_OpenWorld_Codec_Provenance\tools\gyan_ffmpeg_9.0_full\bin\ffprobe.exe"" -v error -show_entries stream=codec_name,sample_rate,channels,duration,bit_rate:format=format_name,duration,bit_rate -of json ""[REDACTED_LOCAL_PATH]\Tony Hidayat\AQ_OpenWorld_Codec_Provenance\42_bh_derivatives\encoded\490327bcb5a3fa512cceb209.mp3""","[REDACTED_LOCAL_PATH]\AppData\Local\CapCut\Apps\7.7.0.3143\ffmpeg.exe -y -hide_banner -i ""[REDACTED_LOCAL_PATH]\Tony Hidayat\AQ_OpenWorld_Codec_Provenance\42_bh_derivatives\encoded\490327bcb5a3fa512cceb209.mp3"" -map_metadata -1 -vn -sn -dn -ac 1 -ar 48000 -sample_fmt s16 ""[REDACTED_LOCAL_PATH]\Tony Hidayat\AQ_OpenWorld_Codec_Provenance\42_bh_derivatives\decoded_raw\490327bcb5a3fa512cceb209.wav"""
d2b92d75400f2699f0954f30,03ccc54bbec33baf705f61b3d8ec5b99,5683,Opus,libopus,libopus,32,33.588,3247be00b6d029acec8fdb3a60190a7518f698bf0acc92e4f4247234dbbdee56,5564b1093c1d9180c9569264041e30e4747379cfa53c9bf931eadba837040591,0,0.9844998859356838,96000,8397,[REDACTED_LOCAL_PATH]\Tony Hidayat\AQ_OpenWorld_Codec_Provenance\42_bh_derivatives\encoded\d2b92d75400f2699f0954f30.opus,[REDACTED_LOCAL_PATH]\Tony Hidayat\AQ_OpenWorld_Codec_Provenance\42_bh_derivatives\decoded_raw\d2b92d75400f2699f0954f30.wav,[REDACTED_LOCAL_PATH]\Tony Hidayat\AQ_OpenWorld_Codec_Provenance\42_bh_derivatives\aligned_pcm\d2b92d75400f2699f0954f30.wav,AQ2D0BH_DERIV_V1|03ccc54bbec33baf705f61b3d8ec5b99|Opus|32|libopus|57c56e369d5b4873b4d93fc1a1d833cb7cd8bc9325c14b05c34ce60b22842d8a,0,0,0,opus,PASS,"""[REDACTED_LOCAL_PATH]\Tony Hidayat\AQ_OpenWorld_Codec_Provenance\tools\gyan_ffmpeg_9.0_full\bin\ffmpeg.exe"" -y -hide_banner -i ""[REDACTED_LOCAL_PATH]\Tony Hidayat\AQ_OpenWorld_Codec_Provenance\39_bh_speech\canonical_selected\5683-32866-0018.wav"" -map_metadata -1 -vn -sn -dn -c:a libopus -b:a 32k -vbr off ""[REDACTED_LOCAL_PATH]\Tony Hidayat\AQ_OpenWorld_Codec_Provenance\42_bh_derivatives\encoded\d2b92d75400f2699f0954f30.opus""","""[REDACTED_LOCAL_PATH]\Tony Hidayat\AQ_OpenWorld_Codec_Provenance\tools\gyan_ffmpeg_9.0_full\bin\ffprobe.exe"" -v error -show_entries stream=codec_name,sample_rate,channels,duration,bit_rate:format=format_name,duration,bit_rate -of json ""[REDACTED_LOCAL_PATH]\Tony Hidayat\AQ_OpenWorld_Codec_Provenance\42_bh_derivatives\encoded\d2b92d75400f2699f0954f30.opus""","[REDACTED_LOCAL_PATH]\AppData\Local\CapCut\Apps\7.7.0.3143\ffmpeg.exe -y -hide_banner -i ""[REDACTED_LOCAL_PATH]\Tony Hidayat\AQ_OpenWorld_Codec_Provenance\42_bh_derivatives\encoded\d2b92d75400f2699f0954f30.opus"" -map_metadata -1 -vn -sn -dn -ac 1 -ar 48000 -sample_fmt s16 ""[REDACTED_LOCAL_PATH]\Tony Hidayat\AQ_OpenWorld_Codec_Provenance\42_bh_derivatives\decoded_raw\d2b92d75400f2699f0954f30.wav"""
04a69fbeda27d309239b2c60,03ccc54bbec33baf705f61b3d8ec5b99,5683,Opus,libopus,libopus,80,82.068,3c25b16454940028b95c1d3fdc34b279df329b4abab3c87c76bfc73421576082,764fa4a1d9ccff9dbb526523c276909467357574b838a4865a138c3b0072bbad,0,0.9984109455850936,96000,20517,[REDACTED_LOCAL_PATH]\Tony Hidayat\AQ_OpenWorld_Codec_Provenance\42_bh_derivatives\encoded\04a69fbeda27d309239b2c60.opus,[REDACTED_LOCAL_PATH]\Tony Hidayat\AQ_OpenWorld_Codec_Provenance\42_bh_derivatives\decoded_raw\04a69fbeda27d309239b2c60.wav,[REDACTED_LOCAL_PATH]\Tony Hidayat\AQ_OpenWorld_Codec_Provenance\42_bh_derivatives\aligned_pcm\04a69fbeda27d309239b2c60.wav,AQ2D0BH_DERIV_V1|03ccc54bbec33baf705f61b3d8ec5b99|Opus|80|libopus|57c56e369d5b4873b4d93fc1a1d833cb7cd8bc9325c14b05c34ce60b22842d8a,0,0,0,opus,PASS,"""[REDACTED_LOCAL_PATH]\Tony Hidayat\AQ_OpenWorld_Codec_Provenance\tools\gyan_ffmpeg_9.0_full\bin\ffmpeg.exe"" -y -hide_banner -i ""[REDACTED_LOCAL_PATH]\Tony Hidayat\AQ_OpenWorld_Codec_Provenance\39_bh_speech\canonical_selected\5683-32866-0018.wav"" -map_metadata -1 -vn -sn -dn -c:a libopus -b:a 80k -vbr off ""[REDACTED_LOCAL_PATH]\Tony Hidayat\AQ_OpenWorld_Codec_Provenance\42_bh_derivatives\encoded\04a69fbeda27d309239b2c60.opus""","""[REDACTED_LOCAL_PATH]\Tony Hidayat\AQ_OpenWorld_Codec_Provenance\tools\gyan_ffmpeg_9.0_full\bin\ffprobe.exe"" -v error -show_entries stream=codec_name,sample_rate,channels,duration,bit_rate:format=format_name,duration,bit_rate -of json ""[REDACTED_LOCAL_PATH]\Tony Hidayat\AQ_OpenWorld_Codec_Provenance\42_bh_derivatives\encoded\04a69fbeda27d309239b2c60.opus""","[REDACTED_LOCAL_PATH]\AppData\Local\CapCut\Apps\7.7.0.3143\ffmpeg.exe -y -hide_banner -i ""[REDACTED_LOCAL_PATH]\Tony Hidayat\AQ_OpenWorld_Codec_Provenance\42_bh_derivatives\encoded\04a69fbeda27d309239b2c60.opus"" -map_metadata -1 -vn -sn -dn -ac 1 -ar 48000 -sample_fmt s16 ""[REDACTED_LOCAL_PATH]\Tony Hidayat\AQ_OpenWorld_Codec_Provenance\42_bh_derivatives\decoded_raw\04a69fbeda27d309239b2c60.wav"""
536b1826c43aaac5e94f5205,03ccc54bbec33baf705f61b3d8ec5b99,5683,Opus,libopus,libopus,96,98.228,d0e7f561ebd2ebc63b81b3557349dad89074681a96fa7549d13968451edcf139,40df10033e23057906242d34f711f2a6c08d775a442ab90c8cbe152fb595ad0d,0,0.9986951922265553,96000,24557,[REDACTED_LOCAL_PATH]\Tony Hidayat\AQ_OpenWorld_Codec_Provenance\42_bh_derivatives\encoded\536b1826c43aaac5e94f5205.opus,[REDACTED_LOCAL_PATH]\Tony Hidayat\AQ_OpenWorld_Codec_Provenance\42_bh_derivatives\decoded_raw\536b1826c43aaac5e94f5205.wav,[REDACTED_LOCAL_PATH]\Tony Hidayat\AQ_OpenWorld_Codec_Provenance\42_bh_derivatives\aligned_pcm\536b1826c43aaac5e94f5205.wav,AQ2D0BH_DERIV_V1|03ccc54bbec33baf705f61b3d8ec5b99|Opus|96|libopus|57c56e369d5b4873b4d93fc1a1d833cb7cd8bc9325c14b05c34ce60b22842d8a,0,0,0,opus,PASS,"""[REDACTED_LOCAL_PATH]\Tony Hidayat\AQ_OpenWorld_Codec_Provenance\tools\gyan_ffmpeg_9.0_full\bin\ffmpeg.exe"" -y -hide_banner -i ""[REDACTED_LOCAL_PATH]\Tony Hidayat\AQ_OpenWorld_Codec_Provenance\39_bh_speech\canonical_selected\5683-32866-0018.wav"" -map_metadata -1 -vn -sn -dn -c:a libopus -b:a 96k -vbr off ""[REDACTED_LOCAL_PATH]\Tony Hidayat\AQ_OpenWorld_Codec_Provenance\42_bh_derivatives\encoded\536b1826c43aaac5e94f5205.opus""","""[REDACTED_LOCAL_PATH]\Tony Hidayat\AQ_OpenWorld_Codec_Provenance\tools\gyan_ffmpeg_9.0_full\bin\ffprobe.exe"" -v error -show_entries stream=codec_name,sample_rate,channels,duration,bit_rate:format=format_name,duration,bit_rate -of json ""[REDACTED_LOCAL_PATH]\Tony Hidayat\AQ_OpenWorld_Codec_Provenance\42_bh_derivatives\encoded\536b1826c43aaac5e94f5205.opus""","[REDACTED_LOCAL_PATH]\AppData\Local\CapCut\Apps\7.7.0.3143\ffmpeg.exe -y -hide_banner -i ""[REDACTED_LOCAL_PATH]\Tony Hidayat\AQ_OpenWorld_Codec_Provenance\42_bh_derivatives\encoded\536b1826c43aaac5e94f5205.opus"" -map_metadata -1 -vn -sn -dn -ac 1 -ar 48000 -sample_fmt s16 ""[REDACTED_LOCAL_PATH]\Tony Hidayat\AQ_OpenWorld_Codec_Provenance\42_bh_derivatives\decoded_raw\536b1826c43aaac5e94f5205.wav"""
3e948b1952f9fded50daeea7,03ccc54bbec33baf705f61b3d8ec5b99,5683,Opus,libopus,libopus,128,130.952,53ae11a5a7725456bad2eb4cb279cdb5ff2d0d5395933db9a390ebde48374fd2,df214fe95572003379800331d7d7fcb7b3f6a37b8db97c2e939cb8169a0f7150,0,0.9992953027800877,96000,32738,[REDACTED_LOCAL_PATH]\Tony Hidayat\AQ_OpenWorld_Codec_Provenance\42_bh_derivatives\encoded\3e948b1952f9fded50daeea7.opus,[REDACTED_LOCAL_PATH]\Tony Hidayat\AQ_OpenWorld_Codec_Provenance\42_bh_derivatives\decoded_raw\3e948b1952f9fded50daeea7.wav,[REDACTED_LOCAL_PATH]\Tony Hidayat\AQ_OpenWorld_Codec_Provenance\42_bh_derivatives\aligned_pcm\3e948b1952f9fded50daeea7.wav,AQ2D0BH_DERIV_V1|03ccc54bbec33baf705f61b3d8ec5b99|Opus|128|libopus|57c56e369d5b4873b4d93fc1a1d833cb7cd8bc9325c14b05c34ce60b22842d8a,0,0,0,opus,PASS,"""[REDACTED_LOCAL_PATH]\Tony Hidayat\AQ_OpenWorld_Codec_Provenance\tools\gyan_ffmpeg_9.0_full\bin\ffmpeg.exe"" -y -hide_banner -i ""[REDACTED_LOCAL_PATH]\Tony Hidayat\AQ_OpenWorld_Codec_Provenance\39_bh_speech\canonical_selected\5683-32866-0018.wav"" -map_metadata -1 -vn -sn -dn -c:a libopus -b:a 128k -vbr off ""[REDACTED_LOCAL_PATH]\Tony Hidayat\AQ_OpenWorld_Codec_Provenance\42_bh_derivatives\encoded\3e948b1952f9fded50daeea7.opus""","""[REDACTED_LOCAL_PATH]\Tony Hidayat\AQ_OpenWorld_Codec_Provenance\tools\gyan_ffmpeg_9.0_full\bin\ffprobe.exe"" -v error -show_entries stream=codec_name,sample_rate,channels,duration,bit_rate:format=format_name,duration,bit_rate -of json ""[REDACTED_LOCAL_PATH]\Tony Hidayat\AQ_OpenWorld_Codec_Provenance\42_bh_derivatives\encoded\3e948b1952f9fded50daeea7.opus""","[REDACTED_LOCAL_PATH]\AppData\Local\CapCut\Apps\7.7.0.3143\ffmpeg.exe -y -hide_banner -i ""[REDACTED_LOCAL_PATH]\Tony Hidayat\AQ_OpenWorld_Codec_Provenance\42_bh_derivatives\encoded\3e948b1952f9fded50daeea7.opus"" -map_metadata -1 -vn -sn -dn -ac 1 -ar 48000 -sample_fmt s16 ""[REDACTED_LOCAL_PATH]\Tony Hidayat\AQ_OpenWorld_Codec_Provenance\42_bh_derivatives\decoded_raw\3e948b1952f9fded50daeea7.wav"""
291eada25159552ec1b30cf5,03fb87524eb80cd12515a728280c35d3,2830,AAC,aac,FFmpeg-native AAC,32,36.456,2704f8e976b8bfd84003cf638d78d60805faad51b77ed41f0782aa0e933aae56,f4b48d8e69176bdab8938a723fe191c9aa6b9661f73f73377b726dd37ddcb78a,0,0.942245476441327,96000,9114,[REDACTED_LOCAL_PATH]\Tony Hidayat\AQ_OpenWorld_Codec_Provenance\42_bh_derivatives\encoded\291eada25159552ec1b30cf5.m4a,[REDACTED_LOCAL_PATH]\Tony Hidayat\AQ_OpenWorld_Codec_Provenance\42_bh_derivatives\decoded_raw\291eada25159552ec1b30cf5.wav,[REDACTED_LOCAL_PATH]\Tony Hidayat\AQ_OpenWorld_Codec_Provenance\42_bh_derivatives\aligned_pcm\291eada25159552ec1b30cf5.wav,AQ2D0BH_DERIV_V1|03fb87524eb80cd12515a728280c35d3|AAC|32|FFmpeg-native AAC|57c56e369d5b4873b4d93fc1a1d833cb7cd8bc9325c14b05c34ce60b22842d8a,0,0,0,aac,PASS,"""[REDACTED_LOCAL_PATH]\Tony Hidayat\AQ_OpenWorld_Codec_Provenance\tools\gyan_ffmpeg_9.0_full\bin\ffmpeg.exe"" -y -hide_banner -i ""[REDACTED_LOCAL_PATH]\Tony Hidayat\AQ_OpenWorld_Codec_Provenance\39_bh_speech\canonical_selected\2830-3980-0053.wav"" -map_metadata -1 -vn -sn -dn -c:a aac -b:a 32k ""[REDACTED_LOCAL_PATH]\Tony Hidayat\AQ_OpenWorld_Codec_Provenance\42_bh_derivatives\encoded\291eada25159552ec1b30cf5.m4a""","""[REDACTED_LOCAL_PATH]\Tony Hidayat\AQ_OpenWorld_Codec_Provenance\tools\gyan_ffmpeg_9.0_full\bin\ffprobe.exe"" -v error -show_entries stream=codec_name,sample_rate,channels,duration,bit_rate:format=format_name,duration,bit_rate -of json ""[REDACTED_LOCAL_PATH]\Tony Hidayat\AQ_OpenWorld_Codec_Provenance\42_bh_derivatives\encoded\291eada25159552ec1b30cf5.m4a""","[REDACTED_LOCAL_PATH]\AppData\Local\CapCut\Apps\7.7.0.3143\ffmpeg.exe -y -hide_banner -i ""[REDACTED_LOCAL_PATH]\Tony Hidayat\AQ_OpenWorld_Codec_Provenance\42_bh_derivatives\encoded\291eada25159552ec1b30cf5.m4a"" -map_metadata -1 -vn -sn -dn -ac 1 -ar 48000 -sample_fmt s16 ""[REDACTED_LOCAL_PATH]\Tony Hidayat\AQ_OpenWorld_Codec_Provenance\42_bh_derivatives\decoded_raw\291eada25159552ec1b30cf5.wav"""
ecbb75730b0645f6313b1ca9,03fb87524eb80cd12515a728280c35d3,2830,AAC,aac,FFmpeg-native AAC,80,87.468,f72d7270ee7f03fe121e50d7c183e5722a7a80168a278f4d9ba47469e47c63b2,2ace0eb0de7a6ea449906deff58c2bde63f9f092ff8ab65b03c1ba1006fade8d,0,0.9968742675164297,96000,21867,[REDACTED_LOCAL_PATH]\Tony Hidayat\AQ_OpenWorld_Codec_Provenance\42_bh_derivatives\encoded\ecbb75730b0645f6313b1ca9.m4a,[REDACTED_LOCAL_PATH]\Tony Hidayat\AQ_OpenWorld_Codec_Provenance\42_bh_derivatives\decoded_raw\ecbb75730b0645f6313b1ca9.wav,[REDACTED_LOCAL_PATH]\Tony Hidayat\AQ_OpenWorld_Codec_Provenance\42_bh_derivatives\aligned_pcm\ecbb75730b0645f6313b1ca9.wav,AQ2D0BH_DERIV_V1|03fb87524eb80cd12515a728280c35d3|AAC|80|FFmpeg-native AAC|57c56e369d5b4873b4d93fc1a1d833cb7cd8bc9325c14b05c34ce60b22842d8a,0,0,0,aac,PASS,"""[REDACTED_LOCAL_PATH]\Tony Hidayat\AQ_OpenWorld_Codec_Provenance\tools\gyan_ffmpeg_9.0_full\bin\ffmpeg.exe"" -y -hide_banner -i ""[REDACTED_LOCAL_PATH]\Tony Hidayat\AQ_OpenWorld_Codec_Provenance\39_bh_speech\canonical_selected\2830-3980-0053.wav"" -map_metadata -1 -vn -sn -dn -c:a aac -b:a 80k ""[REDACTED_LOCAL_PATH]\Tony Hidayat\AQ_OpenWorld_Codec_Provenance\42_bh_derivatives\encoded\ecbb75730b0645f6313b1ca9.m4a""","""[REDACTED_LOCAL_PATH]\Tony Hidayat\AQ_OpenWorld_Codec_Provenance\tools\gyan_ffmpeg_9.0_full\bin\ffprobe.exe"" -v error -show_entries stream=codec_name,sample_rate,channels,duration,bit_rate:format=format_name,duration,bit_rate -of json ""[REDACTED_LOCAL_PATH]\Tony Hidayat\AQ_OpenWorld_Codec_Provenance\42_bh_derivatives\encoded\ecbb75730b0645f6313b1ca9.m4a""","[REDACTED_LOCAL_PATH]\AppData\Local\CapCut\Apps\7.7.0.3143\ffmpeg.exe -y -hide_banner -i ""[REDACTED_LOCAL_PATH]\Tony Hidayat\AQ_OpenWorld_Codec_Provenance\42_bh_derivatives\encoded\ecbb75730b0645f6313b1ca9.m4a"" -map_metadata -1 -vn -sn -dn -ac 1 -ar 48000 -sample_fmt s16 ""[REDACTED_LOCAL_PATH]\Tony Hidayat\AQ_OpenWorld_Codec_Provenance\42_bh_derivatives\decoded_raw\ecbb75730b0645f6313b1ca9.wav"""
981e8e596b89fda64fa91b96,03fb87524eb80cd12515a728280c35d3,2830,AAC,aac,FFmpeg-native AAC,96,103.424,e9a6b001b5cb062e9b35200aeae657cdb84bde9b25fda4026c1a6a3f4f124221,74d92f0464048881f2a12a531739d4caed2622fd98bfed33a4880bc4c1dc6eb5,0,0.9994416579290415,96000,25856,[REDACTED_LOCAL_PATH]\Tony Hidayat\AQ_OpenWorld_Codec_Provenance\42_bh_derivatives\encoded\981e8e596b89fda64fa91b96.m4a,[REDACTED_LOCAL_PATH]\Tony Hidayat\AQ_OpenWorld_Codec_Provenance\42_bh_derivatives\decoded_raw\981e8e596b89fda64fa91b96.wav,[REDACTED_LOCAL_PATH]\Tony Hidayat\AQ_OpenWorld_Codec_Provenance\42_bh_derivatives\aligned_pcm\981e8e596b89fda64fa91b96.wav,AQ2D0BH_DERIV_V1|03fb87524eb80cd12515a728280c35d3|AAC|96|FFmpeg-native AAC|57c56e369d5b4873b4d93fc1a1d833cb7cd8bc9325c14b05c34ce60b22842d8a,0,0,0,aac,PASS,"""[REDACTED_LOCAL_PATH]\Tony Hidayat\AQ_OpenWorld_Codec_Provenance\tools\gyan_ffmpeg_9.0_full\bin\ffmpeg.exe"" -y -hide_banner -i ""[REDACTED_LOCAL_PATH]\Tony Hidayat\AQ_OpenWorld_Codec_Provenance\39_bh_speech\canonical_selected\2830-3980-0053.wav"" -map_metadata -1 -vn -sn -dn -c:a aac -b:a 96k ""[REDACTED_LOCAL_PATH]\Tony Hidayat\AQ_OpenWorld_Codec_Provenance\42_bh_derivatives\encoded\981e8e596b89fda64fa91b96.m4a""","""[REDACTED_LOCAL_PATH]\Tony Hidayat\AQ_OpenWorld_Codec_Provenance\tools\gyan_ffmpeg_9.0_full\bin\ffprobe.exe"" -v error -show_entries stream=codec_name,sample_rate,channels,duration,bit_rate:format=format_name,duration,bit_rate -of json ""[REDACTED_LOCAL_PATH]\Tony Hidayat\AQ_OpenWorld_Codec_Provenance\42_bh_derivatives\encoded\981e8e596b89fda64fa91b96.m4a""","[REDACTED_LOCAL_PATH]\AppData\Local\CapCut\Apps\7.7.0.3143\ffmpeg.exe -y -hide_banner -i ""[REDACTED_LOCAL_PATH]\Tony Hidayat\AQ_OpenWorld_Codec_Provenance\42_bh_derivatives\encoded\981e8e596b89fda64fa91b96.m4a"" -map_metadata -1 -vn -sn -dn -ac 1 -ar 48000 -sample_fmt s16 ""[REDACTED_LOCAL_PATH]\Tony Hidayat\AQ_OpenWorld_Codec_Provenance\42_bh_derivatives\decoded_raw\981e8e596b89fda64fa91b96.wav"""
829108c4c31ba001f528f023,03fb87524eb80cd12515a728280c35d3,2830,AAC,aac,FFmpeg-native AAC,128,134.264,3baf8a0940bf2521774e5f1a145e592e854f5c8431838f4451d97426e2087e2c,4206e67d71a4331fd04c04b5f2650209380f65536d7fcc888581f00fe83bbf77,0,0.9993538612908672,96000,33566,[REDACTED_LOCAL_PATH]\Tony Hidayat\AQ_OpenWorld_Codec_Provenance\42_bh_derivatives\encoded\829108c4c31ba001f528f023.m4a,[REDACTED_LOCAL_PATH]\Tony Hidayat\AQ_OpenWorld_Codec_Provenance\42_bh_derivatives\decoded_raw\829108c4c31ba001f528f023.wav,[REDACTED_LOCAL_PATH]\Tony Hidayat\AQ_OpenWorld_Codec_Provenance\42_bh_derivatives\aligned_pcm\829108c4c31ba001f528f023.wav,AQ2D0BH_DERIV_V1|03fb87524eb80cd12515a728280c35d3|AAC|128|FFmpeg-native AAC|57c56e369d5b4873b4d93fc1a1d833cb7cd8bc9325c14b05c34ce60b22842d8a,0,0,0,aac,PASS,"""[REDACTED_LOCAL_PATH]\Tony Hidayat\AQ_OpenWorld_Codec_Provenance\tools\gyan_ffmpeg_9.0_full\bin\ffmpeg.exe"" -y -hide_banner -i ""[REDACTED_LOCAL_PATH]\Tony Hidayat\AQ_OpenWorld_Codec_Provenance\39_bh_speech\canonical_selected\2830-3980-0053.wav"" -map_metadata -1 -vn -sn -dn -c:a aac -b:a 128k ""[REDACTED_LOCAL_PATH]\Tony Hidayat\AQ_OpenWorld_Codec_Provenance\42_bh_derivatives\encoded\829108c4c31ba001f528f023.m4a""","""[REDACTED_LOCAL_PATH]\Tony Hidayat\AQ_OpenWorld_Codec_Provenance\tools\gyan_ffmpeg_9.0_full\bin\ffprobe.exe"" -v error -show_entries stream=codec_name,sample_rate,channels,duration,bit_rate:format=format_name,duration,bit_rate -of json ""[REDACTED_LOCAL_PATH]\Tony Hidayat\AQ_OpenWorld_Codec_Provenance\42_bh_derivatives\encoded\829108c4c31ba001f528f023.m4a""","[REDACTED_LOCAL_PATH]\AppData\Local\CapCut\Apps\7.7.0.3143\ffmpeg.exe -y -hide_banner -i ""[REDACTED_LOCAL_PATH]\Tony Hidayat\AQ_OpenWorld_Codec_Provenance\42_bh_derivatives\encoded\829108c4c31ba001f528f023.m4a"" -map_metadata -1 -vn -sn -dn -ac 1 -ar 48000 -sample_fmt s16 ""[REDACTED_LOCAL_PATH]\Tony Hidayat\AQ_OpenWorld_Codec_Provenance\42_bh_derivatives\decoded_raw\829108c4c31ba001f528f023.wav"""
62e50171be781331acabe476,03fb87524eb80cd12515a728280c35d3,2830,MP3,libmp3lame,libmp3lame,32,33.584,774c8ed605e9cd8e8ed394eada9e697f6ade0d9b9d9c85d42a01937d6341bd51,ee61638d30ae6833069e0fd0c59737aa7cad218b666639eb1fea562ed8be292e,0,0.9949139498880796,96000,8396,[REDACTED_LOCAL_PATH]\Tony Hidayat\AQ_OpenWorld_Codec_Provenance\42_bh_derivatives\encoded\62e50171be781331acabe476.mp3,[REDACTED_LOCAL_PATH]\Tony Hidayat\AQ_OpenWorld_Codec_Provenance\42_bh_derivatives\decoded_raw\62e50171be781331acabe476.wav,[REDACTED_LOCAL_PATH]\Tony Hidayat\AQ_OpenWorld_Codec_Provenance\42_bh_derivatives\aligned_pcm\62e50171be781331acabe476.wav,AQ2D0BH_DERIV_V1|03fb87524eb80cd12515a728280c35d3|MP3|32|libmp3lame|57c56e369d5b4873b4d93fc1a1d833cb7cd8bc9325c14b05c34ce60b22842d8a,0,0,0,mp3,PASS,"""[REDACTED_LOCAL_PATH]\Tony Hidayat\AQ_OpenWorld_Codec_Provenance\tools\gyan_ffmpeg_9.0_full\bin\ffmpeg.exe"" -y -hide_banner -i ""[REDACTED_LOCAL_PATH]\Tony Hidayat\AQ_OpenWorld_Codec_Provenance\39_bh_speech\canonical_selected\2830-3980-0053.wav"" -map_metadata -1 -vn -sn -dn -c:a libmp3lame -b:a 32k ""[REDACTED_LOCAL_PATH]\Tony Hidayat\AQ_OpenWorld_Codec_Provenance\42_bh_derivatives\encoded\62e50171be781331acabe476.mp3""","""[REDACTED_LOCAL_PATH]\Tony Hidayat\AQ_OpenWorld_Codec_Provenance\tools\gyan_ffmpeg_9.0_full\bin\ffprobe.exe"" -v error -show_entries stream=codec_name,sample_rate,channels,duration,bit_rate:format=format_name,duration,bit_rate -of json ""[REDACTED_LOCAL_PATH]\Tony Hidayat\AQ_OpenWorld_Codec_Provenance\42_bh_derivatives\encoded\62e50171be781331acabe476.mp3""","[REDACTED_LOCAL_PATH]\AppData\Local\CapCut\Apps\7.7.0.3143\ffmpeg.exe -y -hide_banner -i ""[REDACTED_LOCAL_PATH]\Tony Hidayat\AQ_OpenWorld_Codec_Provenance\42_bh_derivatives\encoded\62e50171be781331acabe476.mp3"" -map_metadata -1 -vn -sn -dn -ac 1 -ar 48000 -sample_fmt s16 ""[REDACTED_LOCAL_PATH]\Tony Hidayat\AQ_OpenWorld_Codec_Provenance\42_bh_derivatives\decoded_raw\62e50171be781331acabe476.wav"""
cd7727ad9ca50287b3aa275d,03fb87524eb80cd12515a728280c35d3,2830,MP3,libmp3lame,libmp3lame,80,82.736,7a591aeee3b6c1b945451c9a457586c4aa9b419ad0590376fde0a5977934378e,27144bf820a1f1c92bd76c89704640b4ff56f889020803c49b769be54a049dc1,0,0.9998734257034859,96000,20684,[REDACTED_LOCAL_PATH]\Tony Hidayat\AQ_OpenWorld_Codec_Provenance\42_bh_derivatives\encoded\cd7727ad9ca50287b3aa275d.mp3,[REDACTED_LOCAL_PATH]\Tony Hidayat\AQ_OpenWorld_Codec_Provenance\42_bh_derivatives\decoded_raw\cd7727ad9ca50287b3aa275d.wav,[REDACTED_LOCAL_PATH]\Tony Hidayat\AQ_OpenWorld_Codec_Provenance\42_bh_derivatives\aligned_pcm\cd7727ad9ca50287b3aa275d.wav,AQ2D0BH_DERIV_V1|03fb87524eb80cd12515a728280c35d3|MP3|80|libmp3lame|57c56e369d5b4873b4d93fc1a1d833cb7cd8bc9325c14b05c34ce60b22842d8a,0,0,0,mp3,PASS,"""[REDACTED_LOCAL_PATH]\Tony Hidayat\AQ_OpenWorld_Codec_Provenance\tools\gyan_ffmpeg_9.0_full\bin\ffmpeg.exe"" -y -hide_banner -i ""[REDACTED_LOCAL_PATH]\Tony Hidayat\AQ_OpenWorld_Codec_Provenance\39_bh_speech\canonical_selected\2830-3980-0053.wav"" -map_metadata -1 -vn -sn -dn -c:a libmp3lame -b:a 80k ""[REDACTED_LOCAL_PATH]\Tony Hidayat\AQ_OpenWorld_Codec_Provenance\42_bh_derivatives\encoded\cd7727ad9ca50287b3aa275d.mp3""","""[REDACTED_LOCAL_PATH]\Tony Hidayat\AQ_OpenWorld_Codec_Provenance\tools\gyan_ffmpeg_9.0_full\bin\ffprobe.exe"" -v error -show_entries stream=codec_name,sample_rate,channels,duration,bit_rate:format=format_name,duration,bit_rate -of json ""[REDACTED_LOCAL_PATH]\Tony Hidayat\AQ_OpenWorld_Codec_Provenance\42_bh_derivatives\encoded\cd7727ad9ca50287b3aa275d.mp3""","[REDACTED_LOCAL_PATH]\AppData\Local\CapCut\Apps\7.7.0.3143\ffmpeg.exe -y -hide_banner -i ""[REDACTED_LOCAL_PATH]\Tony Hidayat\AQ_OpenWorld_Codec_Provenance\42_bh_derivatives\encoded\cd7727ad9ca50287b3aa275d.mp3"" -map_metadata -1 -vn -sn -dn -ac 1 -ar 48000 -sample_fmt s16 ""[REDACTED_LOCAL_PATH]\Tony Hidayat\AQ_OpenWorld_Codec_Provenance\42_bh_derivatives\decoded_raw\cd7727ad9ca50287b3aa275d.wav"""
bb0b090f2a06506ba6d2cb67,03fb87524eb80cd12515a728280c35d3,2830,MP3,libmp3lame,libmp3lame,96,99.248,d3b61e034d5eab857e45c334a51affb7c4fff5168a094871b8c43765826f13e3,ebbf208829961e53288fc8e29562236668eae171326c5a42a60200c7f0cffba5,0,0.9999611738997221,96000,24812,[REDACTED_LOCAL_PATH]\Tony Hidayat\AQ_OpenWorld_Codec_Provenance\42_bh_derivatives\encoded\bb0b090f2a06506ba6d2cb67.mp3,[REDACTED_LOCAL_PATH]\Tony Hidayat\AQ_OpenWorld_Codec_Provenance\42_bh_derivatives\decoded_raw\bb0b090f2a06506ba6d2cb67.wav,[REDACTED_LOCAL_PATH]\Tony Hidayat\AQ_OpenWorld_Codec_Provenance\42_bh_derivatives\aligned_pcm\bb0b090f2a06506ba6d2cb67.wav,AQ2D0BH_DERIV_V1|03fb87524eb80cd12515a728280c35d3|MP3|96|libmp3lame|57c56e369d5b4873b4d93fc1a1d833cb7cd8bc9325c14b05c34ce60b22842d8a,0,0,0,mp3,PASS,"""[REDACTED_LOCAL_PATH]\Tony Hidayat\AQ_OpenWorld_Codec_Provenance\tools\gyan_ffmpeg_9.0_full\bin\ffmpeg.exe"" -y -hide_banner -i ""[REDACTED_LOCAL_PATH]\Tony Hidayat\AQ_OpenWorld_Codec_Provenance\39_bh_speech\canonical_selected\2830-3980-0053.wav"" -map_metadata -1 -vn -sn -dn -c:a libmp3lame -b:a 96k ""[REDACTED_LOCAL_PATH]\Tony Hidayat\AQ_OpenWorld_Codec_Provenance\42_bh_derivatives\encoded\bb0b090f2a06506ba6d2cb67.mp3""","""[REDACTED_LOCAL_PATH]\Tony Hidayat\AQ_OpenWorld_Codec_Provenance\tools\gyan_ffmpeg_9.0_full\bin\ffprobe.exe"" -v error -show_entries stream=codec_name,sample_rate,channels,duration,bit_rate:format=format_name,duration,bit_rate -of json ""[REDACTED_LOCAL_PATH]\Tony Hidayat\AQ_OpenWorld_Codec_Provenance\42_bh_derivatives\encoded\bb0b090f2a06506ba6d2cb67.mp3""","[REDACTED_LOCAL_PATH]\AppData\Local\CapCut\Apps\7.7.0.3143\ffmpeg.exe -y -hide_banner -i ""[REDACTED_LOCAL_PATH]\Tony Hidayat\AQ_OpenWorld_Codec_Provenance\42_bh_derivatives\encoded\bb0b090f2a06506ba6d2cb67.mp3"" -map_metadata -1 -vn -sn -dn -ac 1 -ar 48000 -sample_fmt s16 ""[REDACTED_LOCAL_PATH]\Tony Hidayat\AQ_OpenWorld_Codec_Provenance\42_bh_derivatives\decoded_raw\bb0b090f2a06506ba6d2cb67.wav"""
139e00eb01b771b66820ebf3,03fb87524eb80cd12515a728280c35d3,2830,MP3,libmp3lame,libmp3lame,128,132.272,f0a044131c0107eaeb4189803a5ba869b6f790d422c92be70ea544e5e5c654b7,63f4c40370911942565ff0a45c56968b4dd4a0efc62cf4e6149b758158b7ad6a,0,0.9999926649608492,96000,33068,[REDACTED_LOCAL_PATH]\Tony Hidayat\AQ_OpenWorld_Codec_Provenance\42_bh_derivatives\encoded\139e00eb01b771b66820ebf3.mp3,[REDACTED_LOCAL_PATH]\Tony Hidayat\AQ_OpenWorld_Codec_Provenance\42_bh_derivatives\decoded_raw\139e00eb01b771b66820ebf3.wav,[REDACTED_LOCAL_PATH]\Tony Hidayat\AQ_OpenWorld_Codec_Provenance\42_bh_derivatives\aligned_pcm\139e00eb01b771b66820ebf3.wav,AQ2D0BH_DERIV_V1|03fb87524eb80cd12515a728280c35d3|MP3|128|libmp3lame|57c56e369d5b4873b4d93fc1a1d833cb7cd8bc9325c14b05c34ce60b22842d8a,0,0,0,mp3,PASS,"""[REDACTED_LOCAL_PATH]\Tony Hidayat\AQ_OpenWorld_Codec_Provenance\tools\gyan_ffmpeg_9.0_full\bin\ffmpeg.exe"" -y -hide_banner -i ""[REDACTED_LOCAL_PATH]\Tony Hidayat\AQ_OpenWorld_Codec_Provenance\39_bh_speech\canonical_selected\2830-3980-0053.wav"" -map_metadata -1 -vn -sn -dn -c:a libmp3lame -b:a 128k ""[REDACTED_LOCAL_PATH]\Tony Hidayat\AQ_OpenWorld_Codec_Provenance\42_bh_derivatives\encoded\139e00eb01b771b66820ebf3.mp3""","""[REDACTED_LOCAL_PATH]\Tony Hidayat\AQ_OpenWorld_Codec_Provenance\tools\gyan_ffmpeg_9.0_full\bin\ffprobe.exe"" -v error -show_entries stream=codec_name,sample_rate,channels,duration,bit_rate:format=format_name,duration,bit_rate -of json ""[REDACTED_LOCAL_PATH]\Tony Hidayat\AQ_OpenWorld_Codec_Provenance\42_bh_derivatives\encoded\139e00eb01b771b66820ebf3.mp3""","[REDACTED_LOCAL_PATH]\AppData\Local\CapCut\Apps\7.7.0.3143\ffmpeg.exe -y -hide_banner -i ""[REDACTED_LOCAL_PATH]\Tony Hidayat\AQ_OpenWorld_Codec_Provenance\42_bh_derivatives\encoded\139e00eb01b771b66820ebf3.mp3"" -map_metadata -1 -vn -sn -dn -ac 1 -ar 48000 -sample_fmt s16 ""[REDACTED_LOCAL_PATH]\Tony Hidayat\AQ_OpenWorld_Codec_Provenance\42_bh_derivatives\decoded_raw\139e00eb01b771b66820ebf3.wav"""
0cc8cce1b4dc4eab55312e6f,03fb87524eb80cd12515a728280c35d3,2830,Opus,libopus,libopus,32,33.588,61b6c0a2fd927135a8c4cb01b6029d27b98cedc48785f03e77a5db2e157bee39,6f85ddf711a6e591c9004ccc720f016c00f89efa91bd8b9a157426043ae8fd98,0,0.9931461471519045,96000,8397,[REDACTED_LOCAL_PATH]\Tony Hidayat\AQ_OpenWorld_Codec_Provenance\42_bh_derivatives\encoded\0cc8cce1b4dc4eab55312e6f.opus,[REDACTED_LOCAL_PATH]\Tony Hidayat\AQ_OpenWorld_Codec_Provenance\42_bh_derivatives\decoded_raw\0cc8cce1b4dc4eab55312e6f.wav,[REDACTED_LOCAL_PATH]\Tony Hidayat\AQ_OpenWorld_Codec_Provenance\42_bh_derivatives\aligned_pcm\0cc8cce1b4dc4eab55312e6f.wav,AQ2D0BH_DERIV_V1|03fb87524eb80cd12515a728280c35d3|Opus|32|libopus|57c56e369d5b4873b4d93fc1a1d833cb7cd8bc9325c14b05c34ce60b22842d8a,0,0,0,opus,PASS,"""[REDACTED_LOCAL_PATH]\Tony Hidayat\AQ_OpenWorld_Codec_Provenance\tools\gyan_ffmpeg_9.0_full\bin\ffmpeg.exe"" -y -hide_banner -i ""[REDACTED_LOCAL_PATH]\Tony Hidayat\AQ_OpenWorld_Codec_Provenance\39_bh_speech\canonical_selected\2830-3980-0053.wav"" -map_metadata -1 -vn -sn -dn -c:a libopus -b:a 32k -vbr off ""[REDACTED_LOCAL_PATH]\Tony Hidayat\AQ_OpenWorld_Codec_Provenance\42_bh_derivatives\encoded\0cc8cce1b4dc4eab55312e6f.opus""","""[REDACTED_LOCAL_PATH]\Tony Hidayat\AQ_OpenWorld_Codec_Provenance\tools\gyan_ffmpeg_9.0_full\bin\ffprobe.exe"" -v error -show_entries stream=codec_name,sample_rate,channels,duration,bit_rate:format=format_name,duration,bit_rate -of json ""[REDACTED_LOCAL_PATH]\Tony Hidayat\AQ_OpenWorld_Codec_Provenance\42_bh_derivatives\encoded\0cc8cce1b4dc4eab55312e6f.opus""","[REDACTED_LOCAL_PATH]\AppData\Local\CapCut\Apps\7.7.0.3143\ffmpeg.exe -y -hide_banner -i ""[REDACTED_LOCAL_PATH]\Tony Hidayat\AQ_OpenWorld_Codec_Provenance\42_bh_derivatives\encoded\0cc8cce1b4dc4eab55312e6f.opus"" -map_metadata -1 -vn -sn -dn -ac 1 -ar 48000 -sample_fmt s16 ""[REDACTED_LOCAL_PATH]\Tony Hidayat\AQ_OpenWorld_Codec_Provenance\42_bh_derivatives\decoded_raw\0cc8cce1b4dc4eab55312e6f.wav"""
842c351147b27e6156f136fd,03fb87524eb80cd12515a728280c35d3,2830,Opus,libopus,libopus,80,82.068,4f39aa3ad569696b47e16714954665e00231a4ec33f90fd557e468e43c6ea8b2,91d0ca8bc5bf1eb32f0c33b4434249bf268676e2332950b21cb6d5635616b10f,0,0.9988463784090578,96000,20517,[REDACTED_LOCAL_PATH]\Tony Hidayat\AQ_OpenWorld_Codec_Provenance\42_bh_derivatives\encoded\842c351147b27e6156f136fd.opus,[REDACTED_LOCAL_PATH]\Tony Hidayat\AQ_OpenWorld_Codec_Provenance\42_bh_derivatives\decoded_raw\842c351147b27e6156f136fd.wav,[REDACTED_LOCAL_PATH]\Tony Hidayat\AQ_OpenWorld_Codec_Provenance\42_bh_derivatives\aligned_pcm\842c351147b27e6156f136fd.wav,AQ2D0BH_DERIV_V1|03fb87524eb80cd12515a728280c35d3|Opus|80|libopus|57c56e369d5b4873b4d93fc1a1d833cb7cd8bc9325c14b05c34ce60b22842d8a,0,0,0,opus,PASS,"""[REDACTED_LOCAL_PATH]\Tony Hidayat\AQ_OpenWorld_Codec_Provenance\tools\gyan_ffmpeg_9.0_full\bin\ffmpeg.exe"" -y -hide_banner -i ""[REDACTED_LOCAL_PATH]\Tony Hidayat\AQ_OpenWorld_Codec_Provenance\39_bh_speech\canonical_selected\2830-3980-0053.wav"" -map_metadata -1 -vn -sn -dn -c:a libopus -b:a 80k -vbr off ""[REDACTED_LOCAL_PATH]\Tony Hidayat\AQ_OpenWorld_Codec_Provenance\42_bh_derivatives\encoded\842c351147b27e6156f136fd.opus""","""[REDACTED_LOCAL_PATH]\Tony Hidayat\AQ_OpenWorld_Codec_Provenance\tools\gyan_ffmpeg_9.0_full\bin\ffprobe.exe"" -v error -show_entries stream=codec_name,sample_rate,channels,duration,bit_rate:format=format_name,duration,bit_rate -of json ""[REDACTED_LOCAL_PATH]\Tony Hidayat\AQ_OpenWorld_Codec_Provenance\42_bh_derivatives\encoded\842c351147b27e6156f136fd.opus""","[REDACTED_LOCAL_PATH]\AppData\Local\CapCut\Apps\7.7.0.3143\ffmpeg.exe -y -hide_banner -i ""[REDACTED_LOCAL_PATH]\Tony Hidayat\AQ_OpenWorld_Codec_Provenance\42_bh_derivatives\encoded\842c351147b27e6156f136fd.opus"" -map_metadata -1 -vn -sn -dn -ac 1 -ar 48000 -sample_fmt s16 ""[REDACTED_LOCAL_PATH]\Tony Hidayat\AQ_OpenWorld_Codec_Provenance\42_bh_derivatives\decoded_raw\842c351147b27e6156f136fd.wav"""
390a47d2e6d88eb5a16c50ee,03fb87524eb80cd12515a728280c35d3,2830,Opus,libopus,libopus,96,98.228,5e7e99e125487fb1c0890374f614399345851e12ba08a29fbdc712d121d8ec5d,edb17702bef938bc8c6c5d3e474fe8fb49d0e7473b6922e764c096541ea85929,0,0.9990097737960528,96000,24557,[REDACTED_LOCAL_PATH]\Tony Hidayat\AQ_OpenWorld_Codec_Provenance\42_bh_derivatives\encoded\390a47d2e6d88eb5a16c50ee.opus,[REDACTED_LOCAL_PATH]\Tony Hidayat\AQ_OpenWorld_Codec_Provenance\42_bh_derivatives\decoded_raw\390a47d2e6d88eb5a16c50ee.wav,[REDACTED_LOCAL_PATH]\Tony Hidayat\AQ_OpenWorld_Codec_Provenance\42_bh_derivatives\aligned_pcm\390a47d2e6d88eb5a16c50ee.wav,AQ2D0BH_DERIV_V1|03fb87524eb80cd12515a728280c35d3|Opus|96|libopus|57c56e369d5b4873b4d93fc1a1d833cb7cd8bc9325c14b05c34ce60b22842d8a,0,0,0,opus,PASS,"""[REDACTED_LOCAL_PATH]\Tony Hidayat\AQ_OpenWorld_Codec_Provenance\tools\gyan_ffmpeg_9.0_full\bin\ffmpeg.exe"" -y -hide_banner -i ""[REDACTED_LOCAL_PATH]\Tony Hidayat\AQ_OpenWorld_Codec_Provenance\39_bh_speech\canonical_selected\2830-3980-0053.wav"" -map_metadata -1 -vn -sn -dn -c:a libopus -b:a 96k -vbr off ""[REDACTED_LOCAL_PATH]\Tony Hidayat\AQ_OpenWorld_Codec_Provenance\42_bh_derivatives\encoded\390a47d2e6d88eb5a16c50ee.opus""","""[REDACTED_LOCAL_PATH]\Tony Hidayat\AQ_OpenWorld_Codec_Provenance\tools\gyan_ffmpeg_9.0_full\bin\ffprobe.exe"" -v error -show_entries stream=codec_name,sample_rate,channels,duration,bit_rate:format=format_name,duration,bit_rate -of json ""[REDACTED_LOCAL_PATH]\Tony Hidayat\AQ_OpenWorld_Codec_Provenance\42_bh_derivatives\encoded\390a47d2e6d88eb5a16c50ee.opus""","[REDACTED_LOCAL_PATH]\AppData\Local\CapCut\Apps\7.7.0.3143\ffmpeg.exe -y -hide_banner -i ""[REDACTED_LOCAL_PATH]\Tony Hidayat\AQ_OpenWorld_Codec_Provenance\42_bh_derivatives\encoded\390a47d2e6d88eb5a16c50ee.opus"" -map_metadata -1 -vn -sn -dn -ac 1 -ar 48000 -sample_fmt s16 ""[REDACTED_LOCAL_PATH]\Tony Hidayat\AQ_OpenWorld_Codec_Provenance\42_bh_derivatives\decoded_raw\390a47d2e6d88eb5a16c50ee.wav"""
10f9d1ddcbbf76aaaa04c338,03fb87524eb80cd12515a728280c35d3,2830,Opus,libopus,libopus,128,130.952,0b44081a0fd63fe1d4098b970e2cab541cea6dea861456e72dc36ff37cd936ef,38f5380eea5af2c6da58dadde225e9706762abf5eac8d8ab00a001652e745de4,0,0.9993581465530003,96000,32738,[REDACTED_LOCAL_PATH]\Tony Hidayat\AQ_OpenWorld_Codec_Provenance\42_bh_derivatives\encoded\10f9d1ddcbbf76aaaa04c338.opus,[REDACTED_LOCAL_PATH]\Tony Hidayat\AQ_OpenWorld_Codec_Provenance\42_bh_derivatives\decoded_raw\10f9d1ddcbbf76aaaa04c338.wav,[REDACTED_LOCAL_PATH]\Tony Hidayat\AQ_OpenWorld_Codec_Provenance\42_bh_derivatives\aligned_pcm\10f9d1ddcbbf76aaaa04c338.wav,AQ2D0BH_DERIV_V1|03fb87524eb80cd12515a728280c35d3|Opus|128|libopus|57c56e369d5b4873b4d93fc1a1d833cb7cd8bc9325c14b05c34ce60b22842d8a,0,0,0,opus,PASS,"""[REDACTED_LOCAL_PATH]\Tony Hidayat\AQ_OpenWorld_Codec_Provenance\tools\gyan_ffmpeg_9.0_full\bin\ffmpeg.exe"" -y -hide_banner -i ""[REDACTED_LOCAL_PATH]\Tony Hidayat\AQ_OpenWorld_Codec_Provenance\39_bh_speech\canonical_selected\2830-3980-0053.wav"" -map_metadata -1 -vn -sn -dn -c:a libopus -b:a 128k -vbr off ""[REDACTED_LOCAL_PATH]\Tony Hidayat\AQ_OpenWorld_Codec_Provenance\42_bh_derivatives\encoded\10f9d1ddcbbf76aaaa04c338.opus""","""[REDACTED_LOCAL_PATH]\Tony Hidayat\AQ_OpenWorld_Codec_Provenance\tools\gyan_ffmpeg_9.0_full\bin\ffprobe.exe"" -v error -show_entries stream=codec_name,sample_rate,channels,duration,bit_rate:format=format_name,duration,bit_rate -of json ""[REDACTED_LOCAL_PATH]\Tony Hidayat\AQ_OpenWorld_Codec_Provenance\42_bh_derivatives\encoded\10f9d1ddcbbf76aaaa04c338.opus""","[REDACTED_LOCAL_PATH]\AppData\Local\CapCut\Apps\7.7.0.3143\ffmpeg.exe -y -hide_banner -i ""[REDACTED_LOCAL_PATH]\Tony Hidayat\AQ_OpenWorld_Codec_Provenance\42_bh_derivatives\encoded\10f9d1ddcbbf76aaaa04c338.opus"" -map_metadata -1 -vn -sn -dn -ac 1 -ar 48000 -sample_fmt s16 ""[REDACTED_LOCAL_PATH]\Tony Hidayat\AQ_OpenWorld_Codec_Provenance\42_bh_derivatives\decoded_raw\10f9d1ddcbbf76aaaa04c338.wav"""
11787810b5cadfbaf46e5f75,06af204869a002c80e44a301488cce35,908,AAC,aac,FFmpeg-native AAC,32,37.512,074c02bbce045cc2a5661cf97fef7aa699a9a49c11973bc3c4e093de7c26a29c,e891f8931b6ee353479aaf5cffaf03e25f1b12768f34bd81dedd92b8f79878e6,0,0.9438170014382159,96000,9378,[REDACTED_LOCAL_PATH]\Tony Hidayat\AQ_OpenWorld_Codec_Provenance\42_bh_derivatives\encoded\11787810b5cadfbaf46e5f75.m4a,[REDACTED_LOCAL_PATH]\Tony Hidayat\AQ_OpenWorld_Codec_Provenance\42_bh_derivatives\decoded_raw\11787810b5cadfbaf46e5f75.wav,[REDACTED_LOCAL_PATH]\Tony Hidayat\AQ_OpenWorld_Codec_Provenance\42_bh_derivatives\aligned_pcm\11787810b5cadfbaf46e5f75.wav,AQ2D0BH_DERIV_V1|06af204869a002c80e44a301488cce35|AAC|32|FFmpeg-native AAC|57c56e369d5b4873b4d93fc1a1d833cb7cd8bc9325c14b05c34ce60b22842d8a,0,0,0,aac,PASS,"""[REDACTED_LOCAL_PATH]\Tony Hidayat\AQ_OpenWorld_Codec_Provenance\tools\gyan_ffmpeg_9.0_full\bin\ffmpeg.exe"" -y -hide_banner -i ""[REDACTED_LOCAL_PATH]\Tony Hidayat\AQ_OpenWorld_Codec_Provenance\39_bh_speech\canonical_selected\908-157963-0024.wav"" -map_metadata -1 -vn -sn -dn -c:a aac -b:a 32k ""[REDACTED_LOCAL_PATH]\Tony Hidayat\AQ_OpenWorld_Codec_Provenance\42_bh_derivatives\encoded\11787810b5cadfbaf46e5f75.m4a""","""[REDACTED_LOCAL_PATH]\Tony Hidayat\AQ_OpenWorld_Codec_Provenance\tools\gyan_ffmpeg_9.0_full\bin\ffprobe.exe"" -v error -show_entries stream=codec_name,sample_rate,channels,duration,bit_rate:format=format_name,duration,bit_rate -of json ""[REDACTED_LOCAL_PATH]\Tony Hidayat\AQ_OpenWorld_Codec_Provenance\42_bh_derivatives\encoded\11787810b5cadfbaf46e5f75.m4a""","[REDACTED_LOCAL_PATH]\AppData\Local\CapCut\Apps\7.7.0.3143\ffmpeg.exe -y -hide_banner -i ""[REDACTED_LOCAL_PATH]\Tony Hidayat\AQ_OpenWorld_Codec_Provenance\42_bh_derivatives\encoded\11787810b5cadfbaf46e5f75.m4a"" -map_metadata -1 -vn -sn -dn -ac 1 -ar 48000 -sample_fmt s16 ""[REDACTED_LOCAL_PATH]\Tony Hidayat\AQ_OpenWorld_Codec_Provenance\42_bh_derivatives\decoded_raw\11787810b5cadfbaf46e5f75.wav"""
fe82655150bc869288f8b0f5,06af204869a002c80e44a301488cce35,908,AAC,aac,FFmpeg-native AAC,80,86.796,fa3688d56b6a330cd2986b9da071e6679b94cfd14bf903c43f41a8351e1fa651,5f69ab1cb1c4f368dde2d490d2731eac60363caa35aba0a44b817c223615cbeb,0,0.9940701082815755,96000,21699,[REDACTED_LOCAL_PATH]\Tony Hidayat\AQ_OpenWorld_Codec_Provenance\42_bh_derivatives\encoded\fe82655150bc869288f8b0f5.m4a,[REDACTED_LOCAL_PATH]\Tony Hidayat\AQ_OpenWorld_Codec_Provenance\42_bh_derivatives\decoded_raw\fe82655150bc869288f8b0f5.wav,[REDACTED_LOCAL_PATH]\Tony Hidayat\AQ_OpenWorld_Codec_Provenance\42_bh_derivatives\aligned_pcm\fe82655150bc869288f8b0f5.wav,AQ2D0BH_DERIV_V1|06af204869a002c80e44a301488cce35|AAC|80|FFmpeg-native AAC|57c56e369d5b4873b4d93fc1a1d833cb7cd8bc9325c14b05c34ce60b22842d8a,0,0,0,aac,PASS,"""[REDACTED_LOCAL_PATH]\Tony Hidayat\AQ_OpenWorld_Codec_Provenance\tools\gyan_ffmpeg_9.0_full\bin\ffmpeg.exe"" -y -hide_banner -i ""[REDACTED_LOCAL_PATH]\Tony Hidayat\AQ_OpenWorld_Codec_Provenance\39_bh_speech\canonical_selected\908-157963-0024.wav"" -map_metadata -1 -vn -sn -dn -c:a aac -b:a 80k ""[REDACTED_LOCAL_PATH]\Tony Hidayat\AQ_OpenWorld_Codec_Provenance\42_bh_derivatives\encoded\fe82655150bc869288f8b0f5.m4a""","""[REDACTED_LOCAL_PATH]\Tony Hidayat\AQ_OpenWorld_Codec_Provenance\tools\gyan_ffmpeg_9.0_full\bin\ffprobe.exe"" -v error -show_entries stream=codec_name,sample_rate,channels,duration,bit_rate:format=format_name,duration,bit_rate -of json ""[REDACTED_LOCAL_PATH]\Tony Hidayat\AQ_OpenWorld_Codec_Provenance\42_bh_derivatives\encoded\fe82655150bc869288f8b0f5.m4a""","[REDACTED_LOCAL_PATH]\AppData\Local\CapCut\Apps\7.7.0.3143\ffmpeg.exe -y -hide_banner -i ""[REDACTED_LOCAL_PATH]\Tony Hidayat\AQ_OpenWorld_Codec_Provenance\42_bh_derivatives\encoded\fe82655150bc869288f8b0f5.m4a"" -map_metadata -1 -vn -sn -dn -ac 1 -ar 48000 -sample_fmt s16 ""[REDACTED_LOCAL_PATH]\Tony Hidayat\AQ_OpenWorld_Codec_Provenance\42_bh_derivatives\decoded_raw\fe82655150bc869288f8b0f5.wav"""
614973bed42f0318fd10e523,06af204869a002c80e44a301488cce35,908,AAC,aac,FFmpeg-native AAC,96,102.836,e8a69d5d341a627abcf6195272b60ef075f956eda4ea9921b771c81299bf64a1,33ed5098b6be82375073aa28b3a9a722fdac12a96c03af74d01834212214f4ee,0,0.9989270556514724,96000,25709,[REDACTED_LOCAL_PATH]\Tony Hidayat\AQ_OpenWorld_Codec_Provenance\42_bh_derivatives\encoded\614973bed42f0318fd10e523.m4a,[REDACTED_LOCAL_PATH]\Tony Hidayat\AQ_OpenWorld_Codec_Provenance\42_bh_derivatives\decoded_raw\614973bed42f0318fd10e523.wav,[REDACTED_LOCAL_PATH]\Tony Hidayat\AQ_OpenWorld_Codec_Provenance\42_bh_derivatives\aligned_pcm\614973bed42f0318fd10e523.wav,AQ2D0BH_DERIV_V1|06af204869a002c80e44a301488cce35|AAC|96|FFmpeg-native AAC|57c56e369d5b4873b4d93fc1a1d833cb7cd8bc9325c14b05c34ce60b22842d8a,0,0,0,aac,PASS,"""[REDACTED_LOCAL_PATH]\Tony Hidayat\AQ_OpenWorld_Codec_Provenance\tools\gyan_ffmpeg_9.0_full\bin\ffmpeg.exe"" -y -hide_banner -i ""[REDACTED_LOCAL_PATH]\Tony Hidayat\AQ_OpenWorld_Codec_Provenance\39_bh_speech\canonical_selected\908-157963-0024.wav"" -map_metadata -1 -vn -sn -dn -c:a aac -b:a 96k ""[REDACTED_LOCAL_PATH]\Tony Hidayat\AQ_OpenWorld_Codec_Provenance\42_bh_derivatives\encoded\614973bed42f0318fd10e523.m4a""","""[REDACTED_LOCAL_PATH]\Tony Hidayat\AQ_OpenWorld_Codec_Provenance\tools\gyan_ffmpeg_9.0_full\bin\ffprobe.exe"" -v error -show_entries stream=codec_name,sample_rate,channels,duration,bit_rate:format=format_name,duration,bit_rate -of json ""[REDACTED_LOCAL_PATH]\Tony Hidayat\AQ_OpenWorld_Codec_Provenance\42_bh_derivatives\encoded\614973bed42f0318fd10e523.m4a""","[REDACTED_LOCAL_PATH]\AppData\Local\CapCut\Apps\7.7.0.3143\ffmpeg.exe -y -hide_banner -i ""[REDACTED_LOCAL_PATH]\Tony Hidayat\AQ_OpenWorld_Codec_Provenance\42_bh_derivatives\encoded\614973bed42f0318fd10e523.m4a"" -map_metadata -1 -vn -sn -dn -ac 1 -ar 48000 -sample_fmt s16 ""[REDACTED_LOCAL_PATH]\Tony Hidayat\AQ_OpenWorld_Codec_Provenance\42_bh_derivatives\decoded_raw\614973bed42f0318fd10e523.wav"""
a02f8a4b66fd9c1da8d79e7b,06af204869a002c80e44a301488cce35,908,AAC,aac,FFmpeg-native AAC,128,134.64,0180106af9397d722c0451ad059bd1711c213615ef218c749cbbd2de628d1ab6,160a67728e0286ce05ea6522cd305d68eb0b05b5830b911d4a47dd5aef97e670,0,0.9996612534897175,96000,33660,[REDACTED_LOCAL_PATH]\Tony Hidayat\AQ_OpenWorld_Codec_Provenance\42_bh_derivatives\encoded\a02f8a4b66fd9c1da8d79e7b.m4a,[REDACTED_LOCAL_PATH]\Tony Hidayat\AQ_OpenWorld_Codec_Provenance\42_bh_derivatives\decoded_raw\a02f8a4b66fd9c1da8d79e7b.wav,[REDACTED_LOCAL_PATH]\Tony Hidayat\AQ_OpenWorld_Codec_Provenance\42_bh_derivatives\aligned_pcm\a02f8a4b66fd9c1da8d79e7b.wav,AQ2D0BH_DERIV_V1|06af204869a002c80e44a301488cce35|AAC|128|FFmpeg-native AAC|57c56e369d5b4873b4d93fc1a1d833cb7cd8bc9325c14b05c34ce60b22842d8a,0,0,0,aac,PASS,"""[REDACTED_LOCAL_PATH]\Tony Hidayat\AQ_OpenWorld_Codec_Provenance\tools\gyan_ffmpeg_9.0_full\bin\ffmpeg.exe"" -y -hide_banner -i ""[REDACTED_LOCAL_PATH]\Tony Hidayat\AQ_OpenWorld_Codec_Provenance\39_bh_speech\canonical_selected\908-157963-0024.wav"" -map_metadata -1 -vn -sn -dn -c:a aac -b:a 128k ""[REDACTED_LOCAL_PATH]\Tony Hidayat\AQ_OpenWorld_Codec_Provenance\42_bh_derivatives\encoded\a02f8a4b66fd9c1da8d79e7b.m4a""","""[REDACTED_LOCAL_PATH]\Tony Hidayat\AQ_OpenWorld_Codec_Provenance\tools\gyan_ffmpeg_9.0_full\bin\ffprobe.exe"" -v error -show_entries stream=codec_name,sample_rate,channels,duration,bit_rate:format=format_name,duration,bit_rate -of json ""[REDACTED_LOCAL_PATH]\Tony Hidayat\AQ_OpenWorld_Codec_Provenance\42_bh_derivatives\encoded\a02f8a4b66fd9c1da8d79e7b.m4a""","[REDACTED_LOCAL_PATH]\AppData\Local\CapCut\Apps\7.7.0.3143\ffmpeg.exe -y -hide_banner -i ""[REDACTED_LOCAL_PATH]\Tony Hidayat\AQ_OpenWorld_Codec_Provenance\42_bh_derivatives\encoded\a02f8a4b66fd9c1da8d79e7b.m4a"" -map_metadata -1 -vn -sn -dn -ac 1 -ar 48000 -sample_fmt s16 ""[REDACTED_LOCAL_PATH]\Tony Hidayat\AQ_OpenWorld_Codec_Provenance\42_bh_derivatives\decoded_raw\a02f8a4b66fd9c1da8d79e7b.wav"""
9b2470a5c18315ab2b432de1,06af204869a002c80e44a301488cce35,908,MP3,libmp3lame,libmp3lame,32,33.584,f658b1236584a2a46cf8a471cc981cd06c04c9165eca58ad98f669acad1da625,268a941dd634f89d966f406d0bd29bf9326cd4a25c21db2662f5bf7fe152f791,0,0.9948151645432053,96000,8396,[REDACTED_LOCAL_PATH]\Tony Hidayat\AQ_OpenWorld_Codec_Provenance\42_bh_derivatives\encoded\9b2470a5c18315ab2b432de1.mp3,[REDACTED_LOCAL_PATH]\Tony Hidayat\AQ_OpenWorld_Codec_Provenance\42_bh_derivatives\decoded_raw\9b2470a5c18315ab2b432de1.wav,[REDACTED_LOCAL_PATH]\Tony Hidayat\AQ_OpenWorld_Codec_Provenance\42_bh_derivatives\aligned_pcm\9b2470a5c18315ab2b432de1.wav,AQ2D0BH_DERIV_V1|06af204869a002c80e44a301488cce35|MP3|32|libmp3lame|57c56e369d5b4873b4d93fc1a1d833cb7cd8bc9325c14b05c34ce60b22842d8a,0,0,0,mp3,PASS,"""[REDACTED_LOCAL_PATH]\Tony Hidayat\AQ_OpenWorld_Codec_Provenance\tools\gyan_ffmpeg_9.0_full\bin\ffmpeg.exe"" -y -hide_banner -i ""[REDACTED_LOCAL_PATH]\Tony Hidayat\AQ_OpenWorld_Codec_Provenance\39_bh_speech\canonical_selected\908-157963-0024.wav"" -map_metadata -1 -vn -sn -dn -c:a libmp3lame -b:a 32k ""[REDACTED_LOCAL_PATH]\Tony Hidayat\AQ_OpenWorld_Codec_Provenance\42_bh_derivatives\encoded\9b2470a5c18315ab2b432de1.mp3""","""[REDACTED_LOCAL_PATH]\Tony Hidayat\AQ_OpenWorld_Codec_Provenance\tools\gyan_ffmpeg_9.0_full\bin\ffprobe.exe"" -v error -show_entries stream=codec_name,sample_rate,channels,duration,bit_rate:format=format_name,duration,bit_rate -of json ""[REDACTED_LOCAL_PATH]\Tony Hidayat\AQ_OpenWorld_Codec_Provenance\42_bh_derivatives\encoded\9b2470a5c18315ab2b432de1.mp3""","[REDACTED_LOCAL_PATH]\AppData\Local\CapCut\Apps\7.7.0.3143\ffmpeg.exe -y -hide_banner -i ""[REDACTED_LOCAL_PATH]\Tony Hidayat\AQ_OpenWorld_Codec_Provenance\42_bh_derivatives\encoded\9b2470a5c18315ab2b432de1.mp3"" -map_metadata -1 -vn -sn -dn -ac 1 -ar 48000 -sample_fmt s16 ""[REDACTED_LOCAL_PATH]\Tony Hidayat\AQ_OpenWorld_Codec_Provenance\42_bh_derivatives\decoded_raw\9b2470a5c18315ab2b432de1.wav"""
d825365674aa7115a5011c91,06af204869a002c80e44a301488cce35,908,MP3,libmp3lame,libmp3lame,80,82.736,7ca98ea7469199a2c8a4c00737cbdf8dc76863cf1d6d2f287c0c18750e33b3e6,e5afc63d7a572427a4a344f8c20c81abaf42d3ec71dcdb79df654e906d85ce02,0,0.9998586273363419,96000,20684,[REDACTED_LOCAL_PATH]\Tony Hidayat\AQ_OpenWorld_Codec_Provenance\42_bh_derivatives\encoded\d825365674aa7115a5011c91.mp3,[REDACTED_LOCAL_PATH]\Tony Hidayat\AQ_OpenWorld_Codec_Provenance\42_bh_derivatives\decoded_raw\d825365674aa7115a5011c91.wav,[REDACTED_LOCAL_PATH]\Tony Hidayat\AQ_OpenWorld_Codec_Provenance\42_bh_derivatives\aligned_pcm\d825365674aa7115a5011c91.wav,AQ2D0BH_DERIV_V1|06af204869a002c80e44a301488cce35|MP3|80|libmp3lame|57c56e369d5b4873b4d93fc1a1d833cb7cd8bc9325c14b05c34ce60b22842d8a,0,0,0,mp3,PASS,"""[REDACTED_LOCAL_PATH]\Tony Hidayat\AQ_OpenWorld_Codec_Provenance\tools\gyan_ffmpeg_9.0_full\bin\ffmpeg.exe"" -y -hide_banner -i ""[REDACTED_LOCAL_PATH]\Tony Hidayat\AQ_OpenWorld_Codec_Provenance\39_bh_speech\canonical_selected\908-157963-0024.wav"" -map_metadata -1 -vn -sn -dn -c:a libmp3lame -b:a 80k ""[REDACTED_LOCAL_PATH]\Tony Hidayat\AQ_OpenWorld_Codec_Provenance\42_bh_derivatives\encoded\d825365674aa7115a5011c91.mp3""","""[REDACTED_LOCAL_PATH]\Tony Hidayat\AQ_OpenWorld_Codec_Provenance\tools\gyan_ffmpeg_9.0_full\bin\ffprobe.exe"" -v error -show_entries stream=codec_name,sample_rate,channels,duration,bit_rate:format=format_name,duration,bit_rate -of json ""[REDACTED_LOCAL_PATH]\Tony Hidayat\AQ_OpenWorld_Codec_Provenance\42_bh_derivatives\encoded\d825365674aa7115a5011c91.mp3""","[REDACTED_LOCAL_PATH]\AppData\Local\CapCut\Apps\7.7.0.3143\ffmpeg.exe -y -hide_banner -i ""[REDACTED_LOCAL_PATH]\Tony Hidayat\AQ_OpenWorld_Codec_Provenance\42_bh_derivatives\encoded\d825365674aa7115a5011c91.mp3"" -map_metadata -1 -vn -sn -dn -ac 1 -ar 48000 -sample_fmt s16 ""[REDACTED_LOCAL_PATH]\Tony Hidayat\AQ_OpenWorld_Codec_Provenance\42_bh_derivatives\decoded_raw\d825365674aa7115a5011c91.wav"""
708535d92eceaf5db331d7bd,06af204869a002c80e44a301488cce35,908,MP3,libmp3lame,libmp3lame,96,99.248,07b0e92b20c54018e5a5bedf4645ff3bfd9d62a3553ba214d64db944560e23e6,ec8da994e4e71e061117a98a2ce521fbc690e77fe3713c99e822599d22b82d11,0,0.9999490102083963,96000,24812,[REDACTED_LOCAL_PATH]\Tony Hidayat\AQ_OpenWorld_Codec_Provenance\42_bh_derivatives\encoded\708535d92eceaf5db331d7bd.mp3,[REDACTED_LOCAL_PATH]\Tony Hidayat\AQ_OpenWorld_Codec_Provenance\42_bh_derivatives\decoded_raw\708535d92eceaf5db331d7bd.wav,[REDACTED_LOCAL_PATH]\Tony Hidayat\AQ_OpenWorld_Codec_Provenance\42_bh_derivatives\aligned_pcm\708535d92eceaf5db331d7bd.wav,AQ2D0BH_DERIV_V1|06af204869a002c80e44a301488cce35|MP3|96|libmp3lame|57c56e369d5b4873b4d93fc1a1d833cb7cd8bc9325c14b05c34ce60b22842d8a,0,0,0,mp3,PASS,"""[REDACTED_LOCAL_PATH]\Tony Hidayat\AQ_OpenWorld_Codec_Provenance\tools\gyan_ffmpeg_9.0_full\bin\ffmpeg.exe"" -y -hide_banner -i ""[REDACTED_LOCAL_PATH]\Tony Hidayat\AQ_OpenWorld_Codec_Provenance\39_bh_speech\canonical_selected\908-157963-0024.wav"" -map_metadata -1 -vn -sn -dn -c:a libmp3lame -b:a 96k ""[REDACTED_LOCAL_PATH]\Tony Hidayat\AQ_OpenWorld_Codec_Provenance\42_bh_derivatives\encoded\708535d92eceaf5db331d7bd.mp3""","""[REDACTED_LOCAL_PATH]\Tony Hidayat\AQ_OpenWorld_Codec_Provenance\tools\gyan_ffmpeg_9.0_full\bin\ffprobe.exe"" -v error -show_entries stream=codec_name,sample_rate,channels,duration,bit_rate:format=format_name,duration,bit_rate -of json ""[REDACTED_LOCAL_PATH]\Tony Hidayat\AQ_OpenWorld_Codec_Provenance\42_bh_derivatives\encoded\708535d92eceaf5db331d7bd.mp3""","[REDACTED_LOCAL_PATH]\AppData\Local\CapCut\Apps\7.7.0.3143\ffmpeg.exe -y -hide_banner -i ""[REDACTED_LOCAL_PATH]\Tony Hidayat\AQ_OpenWorld_Codec_Provenance\42_bh_derivatives\encoded\708535d92eceaf5db331d7bd.mp3"" -map_metadata -1 -vn -sn -dn -ac 1 -ar 48000 -sample_fmt s16 ""[REDACTED_LOCAL_PATH]\Tony Hidayat\AQ_OpenWorld_Codec_Provenance\42_bh_derivatives\decoded_raw\708535d92eceaf5db331d7bd.wav"""
0525b970e7a60ee1ef114b0a,06af204869a002c80e44a301488cce35,908,MP3,libmp3lame,libmp3lame,128,132.272,75bca64a4f1e84cb5af398963eff73af8e995bb6bdcc3b218f2a5af85e1c7d31,ccbb0f340bfc4379cc81a8ec09403f85008232bdc545bf7314e65a50430cef1d,0,0.999994862274228,96000,33068,[REDACTED_LOCAL_PATH]\Tony Hidayat\AQ_OpenWorld_Codec_Provenance\42_bh_derivatives\encoded\0525b970e7a60ee1ef114b0a.mp3,[REDACTED_LOCAL_PATH]\Tony Hidayat\AQ_OpenWorld_Codec_Provenance\42_bh_derivatives\decoded_raw\0525b970e7a60ee1ef114b0a.wav,[REDACTED_LOCAL_PATH]\Tony Hidayat\AQ_OpenWorld_Codec_Provenance\42_bh_derivatives\aligned_pcm\0525b970e7a60ee1ef114b0a.wav,AQ2D0BH_DERIV_V1|06af204869a002c80e44a301488cce35|MP3|128|libmp3lame|57c56e369d5b4873b4d93fc1a1d833cb7cd8bc9325c14b05c34ce60b22842d8a,0,0,0,mp3,PASS,"""[REDACTED_LOCAL_PATH]\Tony Hidayat\AQ_OpenWorld_Codec_Provenance\tools\gyan_ffmpeg_9.0_full\bin\ffmpeg.exe"" -y -hide_banner -i ""[REDACTED_LOCAL_PATH]\Tony Hidayat\AQ_OpenWorld_Codec_Provenance\39_bh_speech\canonical_selected\908-157963-0024.wav"" -map_metadata -1 -vn -sn -dn -c:a libmp3lame -b:a 128k ""[REDACTED_LOCAL_PATH]\Tony Hidayat\AQ_OpenWorld_Codec_Provenance\42_bh_derivatives\encoded\0525b970e7a60ee1ef114b0a.mp3""","""[REDACTED_LOCAL_PATH]\Tony Hidayat\AQ_OpenWorld_Codec_Provenance\tools\gyan_ffmpeg_9.0_full\bin\ffprobe.exe"" -v error -show_entries stream=codec_name,sample_rate,channels,duration,bit_rate:format=format_name,duration,bit_rate -of json ""[REDACTED_LOCAL_PATH]\Tony Hidayat\AQ_OpenWorld_Codec_Provenance\42_bh_derivatives\encoded\0525b970e7a60ee1ef114b0a.mp3""","[REDACTED_LOCAL_PATH]\AppData\Local\CapCut\Apps\7.7.0.3143\ffmpeg.exe -y -hide_banner -i ""[REDACTED_LOCAL_PATH]\Tony Hidayat\AQ_OpenWorld_Codec_Provenance\42_bh_derivatives\encoded\0525b970e7a60ee1ef114b0a.mp3"" -map_metadata -1 -vn -sn -dn -ac 1 -ar 48000 -sample_fmt s16 ""[REDACTED_LOCAL_PATH]\Tony Hidayat\AQ_OpenWorld_Codec_Provenance\42_bh_derivatives\decoded_raw\0525b970e7a60ee1ef114b0a.wav"""
1626875095aea6c5f2e06267,06af204869a002c80e44a301488cce35,908,Opus,libopus,libopus,32,33.588,8625df25629d71b3db85a8af3f0382b537db39e8cfc15d8bb82846923ef0dab1,4a309fd616c7bea4d4f488c459a5755d6545042ef70ce9e6fa0cda2c7fb65a85,0,0.9920886340313927,96000,8397,[REDACTED_LOCAL_PATH]\Tony Hidayat\AQ_OpenWorld_Codec_Provenance\42_bh_derivatives\encoded\1626875095aea6c5f2e06267.opus,[REDACTED_LOCAL_PATH]\Tony Hidayat\AQ_OpenWorld_Codec_Provenance\42_bh_derivatives\decoded_raw\1626875095aea6c5f2e06267.wav,[REDACTED_LOCAL_PATH]\Tony Hidayat\AQ_OpenWorld_Codec_Provenance\42_bh_derivatives\aligned_pcm\1626875095aea6c5f2e06267.wav,AQ2D0BH_DERIV_V1|06af204869a002c80e44a301488cce35|Opus|32|libopus|57c56e369d5b4873b4d93fc1a1d833cb7cd8bc9325c14b05c34ce60b22842d8a,0,0,0,opus,PASS,"""[REDACTED_LOCAL_PATH]\Tony Hidayat\AQ_OpenWorld_Codec_Provenance\tools\gyan_ffmpeg_9.0_full\bin\ffmpeg.exe"" -y -hide_banner -i ""[REDACTED_LOCAL_PATH]\Tony Hidayat\AQ_OpenWorld_Codec_Provenance\39_bh_speech\canonical_selected\908-157963-0024.wav"" -map_metadata -1 -vn -sn -dn -c:a libopus -b:a 32k -vbr off ""[REDACTED_LOCAL_PATH]\Tony Hidayat\AQ_OpenWorld_Codec_Provenance\42_bh_derivatives\encoded\1626875095aea6c5f2e06267.opus""","""[REDACTED_LOCAL_PATH]\Tony Hidayat\AQ_OpenWorld_Codec_Provenance\tools\gyan_ffmpeg_9.0_full\bin\ffprobe.exe"" -v error -show_entries stream=codec_name,sample_rate,channels,duration,bit_rate:format=format_name,duration,bit_rate -of json ""[REDACTED_LOCAL_PATH]\Tony Hidayat\AQ_OpenWorld_Codec_Provenance\42_bh_derivatives\encoded\1626875095aea6c5f2e06267.opus""","[REDACTED_LOCAL_PATH]\AppData\Local\CapCut\Apps\7.7.0.3143\ffmpeg.exe -y -hide_banner -i ""[REDACTED_LOCAL_PATH]\Tony Hidayat\AQ_OpenWorld_Codec_Provenance\42_bh_derivatives\encoded\1626875095aea6c5f2e06267.opus"" -map_metadata -1 -vn -sn -dn -ac 1 -ar 48000 -sample_fmt s16 ""[REDACTED_LOCAL_PATH]\Tony Hidayat\AQ_OpenWorld_Codec_Provenance\42_bh_derivatives\decoded_raw\1626875095aea6c5f2e06267.wav"""
e15e9e1b5076b13341fc09e1,06af204869a002c80e44a301488cce35,908,Opus,libopus,libopus,80,82.068,fe8d9d495923abab1e43824e114663c75a6bd2178cf462e111fb88b988c2797b,7591fb9dfd7099b360f1170ff0ba1f5042ee98960d7903aff71518126e8038f2,0,0.9984729306081319,96000,20517,[REDACTED_LOCAL_PATH]\Tony Hidayat\AQ_OpenWorld_Codec_Provenance\42_bh_derivatives\encoded\e15e9e1b5076b13341fc09e1.opus,[REDACTED_LOCAL_PATH]\Tony Hidayat\AQ_OpenWorld_Codec_Provenance\42_bh_derivatives\decoded_raw\e15e9e1b5076b13341fc09e1.wav,[REDACTED_LOCAL_PATH]\Tony Hidayat\AQ_OpenWorld_Codec_Provenance\42_bh_derivatives\aligned_pcm\e15e9e1b5076b13341fc09e1.wav,AQ2D0BH_DERIV_V1|06af204869a002c80e44a301488cce35|Opus|80|libopus|57c56e369d5b4873b4d93fc1a1d833cb7cd8bc9325c14b05c34ce60b22842d8a,0,0,0,opus,PASS,"""[REDACTED_LOCAL_PATH]\Tony Hidayat\AQ_OpenWorld_Codec_Provenance\tools\gyan_ffmpeg_9.0_full\bin\ffmpeg.exe"" -y -hide_banner -i ""[REDACTED_LOCAL_PATH]\Tony Hidayat\AQ_OpenWorld_Codec_Provenance\39_bh_speech\canonical_selected\908-157963-0024.wav"" -map_metadata -1 -vn -sn -dn -c:a libopus -b:a 80k -vbr off ""[REDACTED_LOCAL_PATH]\Tony Hidayat\AQ_OpenWorld_Codec_Provenance\42_bh_derivatives\encoded\e15e9e1b5076b13341fc09e1.opus""","""[REDACTED_LOCAL_PATH]\Tony Hidayat\AQ_OpenWorld_Codec_Provenance\tools\gyan_ffmpeg_9.0_full\bin\ffprobe.exe"" -v error -show_entries stream=codec_name,sample_rate,channels,duration,bit_rate:format=format_name,duration,bit_rate -of json ""[REDACTED_LOCAL_PATH]\Tony Hidayat\AQ_OpenWorld_Codec_Provenance\42_bh_derivatives\encoded\e15e9e1b5076b13341fc09e1.opus""","[REDACTED_LOCAL_PATH]\AppData\Local\CapCut\Apps\7.7.0.3143\ffmpeg.exe -y -hide_banner -i ""[REDACTED_LOCAL_PATH]\Tony Hidayat\AQ_OpenWorld_Codec_Provenance\42_bh_derivatives\encoded\e15e9e1b5076b13341fc09e1.opus"" -map_metadata -1 -vn -sn -dn -ac 1 -ar 48000 -sample_fmt s16 ""[REDACTED_LOCAL_PATH]\Tony Hidayat\AQ_OpenWorld_Codec_Provenance\42_bh_derivatives\decoded_raw\e15e9e1b5076b13341fc09e1.wav"""
62d9091014235ee0612ec94e,06af204869a002c80e44a301488cce35,908,Opus,libopus,libopus,96,98.228,b9139ed71178f2eb7f69645d574730c90f0fcbaf514ded9fc0eaad98fa2a1713,2fea77acb6fc72f48fd79e25efb538508af639f7e07d67d3d212ef488987bc33,0,0.9987211509424146,96000,24557,[REDACTED_LOCAL_PATH]\Tony Hidayat\AQ_OpenWorld_Codec_Provenance\42_bh_derivatives\encoded\62d9091014235ee0612ec94e.opus,[REDACTED_LOCAL_PATH]\Tony Hidayat\AQ_OpenWorld_Codec_Provenance\42_bh_derivatives\decoded_raw\62d9091014235ee0612ec94e.wav,[REDACTED_LOCAL_PATH]\Tony Hidayat\AQ_OpenWorld_Codec_Provenance\42_bh_derivatives\aligned_pcm\62d9091014235ee0612ec94e.wav,AQ2D0BH_DERIV_V1|06af204869a002c80e44a301488cce35|Opus|96|libopus|57c56e369d5b4873b4d93fc1a1d833cb7cd8bc9325c14b05c34ce60b22842d8a,0,0,0,opus,PASS,"""[REDACTED_LOCAL_PATH]\Tony Hidayat\AQ_OpenWorld_Codec_Provenance\tools\gyan_ffmpeg_9.0_full\bin\ffmpeg.exe"" -y -hide_banner -i ""[REDACTED_LOCAL_PATH]\Tony Hidayat\AQ_OpenWorld_Codec_Provenance\39_bh_speech\canonical_selected\908-157963-0024.wav"" -map_metadata -1 -vn -sn -dn -c:a libopus -b:a 96k -vbr off ""[REDACTED_LOCAL_PATH]\Tony Hidayat\AQ_OpenWorld_Codec_Provenance\42_bh_derivatives\encoded\62d9091014235ee0612ec94e.opus""","""[REDACTED_LOCAL_PATH]\Tony Hidayat\AQ_OpenWorld_Codec_Provenance\tools\gyan_ffmpeg_9.0_full\bin\ffprobe.exe"" -v error -show_entries stream=codec_name,sample_rate,channels,duration,bit_rate:format=format_name,duration,bit_rate -of json ""[REDACTED_LOCAL_PATH]\Tony Hidayat\AQ_OpenWorld_Codec_Provenance\42_bh_derivatives\encoded\62d9091014235ee0612ec94e.opus""","[REDACTED_LOCAL_PATH]\AppData\Local\CapCut\Apps\7.7.0.3143\ffmpeg.exe -y -hide_banner -i ""[REDACTED_LOCAL_PATH]\Tony Hidayat\AQ_OpenWorld_Codec_Provenance\42_bh_derivatives\encoded\62d9091014235ee0612ec94e.opus"" -map_metadata -1 -vn -sn -dn -ac 1 -ar 48000 -sample_fmt s16 ""[REDACTED_LOCAL_PATH]\Tony Hidayat\AQ_OpenWorld_Codec_Provenance\42_bh_derivatives\decoded_raw\62d9091014235ee0612ec94e.wav"""
86800c96ebfcd22763949234,06af204869a002c80e44a301488cce35,908,Opus,libopus,libopus,128,130.952,0499f9398fcd6565a8674e23a3ddf88d9b3073139866575802fdf3692eb1457d,783486246fc768a5284202d47c4755c82c4d0ca4348952e0637ee8073c2857b9,0,0.9992953020918651,96000,32738,[REDACTED_LOCAL_PATH]\Tony Hidayat\AQ_OpenWorld_Codec_Provenance\42_bh_derivatives\encoded\86800c96ebfcd22763949234.opus,[REDACTED_LOCAL_PATH]\Tony Hidayat\AQ_OpenWorld_Codec_Provenance\42_bh_derivatives\decoded_raw\86800c96ebfcd22763949234.wav,[REDACTED_LOCAL_PATH]\Tony Hidayat\AQ_OpenWorld_Codec_Provenance\42_bh_derivatives\aligned_pcm\86800c96ebfcd22763949234.wav,AQ2D0BH_DERIV_V1|06af204869a002c80e44a301488cce35|Opus|128|libopus|57c56e369d5b4873b4d93fc1a1d833cb7cd8bc9325c14b05c34ce60b22842d8a,0,0,0,opus,PASS,"""[REDACTED_LOCAL_PATH]\Tony Hidayat\AQ_OpenWorld_Codec_Provenance\tools\gyan_ffmpeg_9.0_full\bin\ffmpeg.exe"" -y -hide_banner -i ""[REDACTED_LOCAL_PATH]\Tony Hidayat\AQ_OpenWorld_Codec_Provenance\39_bh_speech\canonical_selected\908-157963-0024.wav"" -map_metadata -1 -vn -sn -dn -c:a libopus -b:a 128k -vbr off ""[REDACTED_LOCAL_PATH]\Tony Hidayat\AQ_OpenWorld_Codec_Provenance\42_bh_derivatives\encoded\86800c96ebfcd22763949234.opus""","""[REDACTED_LOCAL_PATH]\Tony Hidayat\AQ_OpenWorld_Codec_Provenance\tools\gyan_ffmpeg_9.0_full\bin\ffprobe.exe"" -v error -show_entries stream=codec_name,sample_rate,channels,duration,bit_rate:format=format_name,duration,bit_rate -of json ""[REDACTED_LOCAL_PATH]\Tony Hidayat\AQ_OpenWorld_Codec_Provenance\42_bh_derivatives\encoded\86800c96ebfcd22763949234.opus""","[REDACTED_LOCAL_PATH]\AppData\Local\CapCut\Apps\7.7.0.3143\ffmpeg.exe -y -hide_banner -i ""[REDACTED_LOCAL_PATH]\Tony Hidayat\AQ_OpenWorld_Codec_Provenance\42_bh_derivatives\encoded\86800c96ebfcd22763949234.opus"" -map_metadata -1 -vn -sn -dn -ac 1 -ar 48000 -sample_fmt s16 ""[REDACTED_LOCAL_PATH]\Tony Hidayat\AQ_OpenWorld_Codec_Provenance\42_bh_derivatives\decoded_raw\86800c96ebfcd22763949234.wav"""
5c79cd634b7c5b747dc2b666,0ad263b796c06a52e66f5e54331c38ac,8455,AAC,aac,FFmpeg-native AAC,32,37.204,009f1df664234a22ed1e18a10cacf76c3d21b1ef2be3b7e572b1b55c9623f344,66f35e9900d2fe823bc729b88c6f2244c9afd3e7f9e6ee462dccaabe3c41a9b9,0,0.9481866872375567,96000,9301,[REDACTED_LOCAL_PATH]\Tony Hidayat\AQ_OpenWorld_Codec_Provenance\42_bh_derivatives\encoded\5c79cd634b7c5b747dc2b666.m4a,[REDACTED_LOCAL_PATH]\Tony Hidayat\AQ_OpenWorld_Codec_Provenance\42_bh_derivatives\decoded_raw\5c79cd634b7c5b747dc2b666.wav,[REDACTED_LOCAL_PATH]\Tony Hidayat\AQ_OpenWorld_Codec_Provenance\42_bh_derivatives\aligned_pcm\5c79cd634b7c5b747dc2b666.wav,AQ2D0BH_DERIV_V1|0ad263b796c06a52e66f5e54331c38ac|AAC|32|FFmpeg-native AAC|57c56e369d5b4873b4d93fc1a1d833cb7cd8bc9325c14b05c34ce60b22842d8a,0,0,0,aac,PASS,"""[REDACTED_LOCAL_PATH]\Tony Hidayat\AQ_OpenWorld_Codec_Provenance\tools\gyan_ffmpeg_9.0_full\bin\ffmpeg.exe"" -y -hide_banner -i ""[REDACTED_LOCAL_PATH]\Tony Hidayat\AQ_OpenWorld_Codec_Provenance\39_bh_speech\canonical_selected\8455-210777-0066.wav"" -map_metadata -1 -vn -sn -dn -c:a aac -b:a 32k ""[REDACTED_LOCAL_PATH]\Tony Hidayat\AQ_OpenWorld_Codec_Provenance\42_bh_derivatives\encoded\5c79cd634b7c5b747dc2b666.m4a""","""[REDACTED_LOCAL_PATH]\Tony Hidayat\AQ_OpenWorld_Codec_Provenance\tools\gyan_ffmpeg_9.0_full\bin\ffprobe.exe"" -v error -show_entries stream=codec_name,sample_rate,channels,duration,bit_rate:format=format_name,duration,bit_rate -of json ""[REDACTED_LOCAL_PATH]\Tony Hidayat\AQ_OpenWorld_Codec_Provenance\42_bh_derivatives\encoded\5c79cd634b7c5b747dc2b666.m4a""","[REDACTED_LOCAL_PATH]\AppData\Local\CapCut\Apps\7.7.0.3143\ffmpeg.exe -y -hide_banner -i ""[REDACTED_LOCAL_PATH]\Tony Hidayat\AQ_OpenWorld_Codec_Provenance\42_bh_derivatives\encoded\5c79cd634b7c5b747dc2b666.m4a"" -map_metadata -1 -vn -sn -dn -ac 1 -ar 48000 -sample_fmt s16 ""[REDACTED_LOCAL_PATH]\Tony Hidayat\AQ_OpenWorld_Codec_Provenance\42_bh_derivatives\decoded_raw\5c79cd634b7c5b747dc2b666.wav"""
88620be1756df54c13c1659f,0ad263b796c06a52e66f5e54331c38ac,8455,AAC,aac,FFmpeg-native AAC,80,86.396,f1aae2560fa2854a815c6950be6cc9c330fc33825a5c7ccc8eb14b20b5f5bfc7,bec066a91161b2d374282d9f8d30dfc3f7c6bcf5ea3d84eb4ceafedaed9f3d55,0,0.9980820870026664,96000,21599,[REDACTED_LOCAL_PATH]\Tony Hidayat\AQ_OpenWorld_Codec_Provenance\42_bh_derivatives\encoded\88620be1756df54c13c1659f.m4a,[REDACTED_LOCAL_PATH]\Tony Hidayat\AQ_OpenWorld_Codec_Provenance\42_bh_derivatives\decoded_raw\88620be1756df54c13c1659f.wav,[REDACTED_LOCAL_PATH]\Tony Hidayat\AQ_OpenWorld_Codec_Provenance\42_bh_derivatives\aligned_pcm\88620be1756df54c13c1659f.wav,AQ2D0BH_DERIV_V1|0ad263b796c06a52e66f5e54331c38ac|AAC|80|FFmpeg-native AAC|57c56e369d5b4873b4d93fc1a1d833cb7cd8bc9325c14b05c34ce60b22842d8a,0,0,0,aac,PASS,"""[REDACTED_LOCAL_PATH]\Tony Hidayat\AQ_OpenWorld_Codec_Provenance\tools\gyan_ffmpeg_9.0_full\bin\ffmpeg.exe"" -y -hide_banner -i ""[REDACTED_LOCAL_PATH]\Tony Hidayat\AQ_OpenWorld_Codec_Provenance\39_bh_speech\canonical_selected\8455-210777-0066.wav"" -map_metadata -1 -vn -sn -dn -c:a aac -b:a 80k ""[REDACTED_LOCAL_PATH]\Tony Hidayat\AQ_OpenWorld_Codec_Provenance\42_bh_derivatives\encoded\88620be1756df54c13c1659f.m4a""","""[REDACTED_LOCAL_PATH]\Tony Hidayat\AQ_OpenWorld_Codec_Provenance\tools\gyan_ffmpeg_9.0_full\bin\ffprobe.exe"" -v error -show_entries stream=codec_name,sample_rate,channels,duration,bit_rate:format=format_name,duration,bit_rate -of json ""[REDACTED_LOCAL_PATH]\Tony Hidayat\AQ_OpenWorld_Codec_Provenance\42_bh_derivatives\encoded\88620be1756df54c13c1659f.m4a""","[REDACTED_LOCAL_PATH]\AppData\Local\CapCut\Apps\7.7.0.3143\ffmpeg.exe -y -hide_banner -i ""[REDACTED_LOCAL_PATH]\Tony Hidayat\AQ_OpenWorld_Codec_Provenance\42_bh_derivatives\encoded\88620be1756df54c13c1659f.m4a"" -map_metadata -1 -vn -sn -dn -ac 1 -ar 48000 -sample_fmt s16 ""[REDACTED_LOCAL_PATH]\Tony Hidayat\AQ_OpenWorld_Codec_Provenance\42_bh_derivatives\decoded_raw\88620be1756df54c13c1659f.wav"""
d54eb92f77b3402d3a338858,0ad263b796c06a52e66f5e54331c38ac,8455,AAC,aac,FFmpeg-native AAC,96,103.328,2e9a6b15b79df50acef6d7b8dd219222fb994a86f64af7a77035f3c536fd9f46,d1257de46aaae5140b5265b2056e4a48819eddc09f9247dac56efab7705a4de1,0,0.9993454008424444,96000,25832,[REDACTED_LOCAL_PATH]\Tony Hidayat\AQ_OpenWorld_Codec_Provenance\42_bh_derivatives\encoded\d54eb92f77b3402d3a338858.m4a,[REDACTED_LOCAL_PATH]\Tony Hidayat\AQ_OpenWorld_Codec_Provenance\42_bh_derivatives\decoded_raw\d54eb92f77b3402d3a338858.wav,[REDACTED_LOCAL_PATH]\Tony Hidayat\AQ_OpenWorld_Codec_Provenance\42_bh_derivatives\aligned_pcm\d54eb92f77b3402d3a338858.wav,AQ2D0BH_DERIV_V1|0ad263b796c06a52e66f5e54331c38ac|AAC|96|FFmpeg-native AAC|57c56e369d5b4873b4d93fc1a1d833cb7cd8bc9325c14b05c34ce60b22842d8a,0,0,0,aac,PASS,"""[REDACTED_LOCAL_PATH]\Tony Hidayat\AQ_OpenWorld_Codec_Provenance\tools\gyan_ffmpeg_9.0_full\bin\ffmpeg.exe"" -y -hide_banner -i ""[REDACTED_LOCAL_PATH]\Tony Hidayat\AQ_OpenWorld_Codec_Provenance\39_bh_speech\canonical_selected\8455-210777-0066.wav"" -map_metadata -1 -vn -sn -dn -c:a aac -b:a 96k ""[REDACTED_LOCAL_PATH]\Tony Hidayat\AQ_OpenWorld_Codec_Provenance\42_bh_derivatives\encoded\d54eb92f77b3402d3a338858.m4a""","""[REDACTED_LOCAL_PATH]\Tony Hidayat\AQ_OpenWorld_Codec_Provenance\tools\gyan_ffmpeg_9.0_full\bin\ffprobe.exe"" -v error -show_entries stream=codec_name,sample_rate,channels,duration,bit_rate:format=format_name,duration,bit_rate -of json ""[REDACTED_LOCAL_PATH]\Tony Hidayat\AQ_OpenWorld_Codec_Provenance\42_bh_derivatives\encoded\d54eb92f77b3402d3a338858.m4a""","[REDACTED_LOCAL_PATH]\AppData\Local\CapCut\Apps\7.7.0.3143\ffmpeg.exe -y -hide_banner -i ""[REDACTED_LOCAL_PATH]\Tony Hidayat\AQ_OpenWorld_Codec_Provenance\42_bh_derivatives\encoded\d54eb92f77b3402d3a338858.m4a"" -map_metadata -1 -vn -sn -dn -ac 1 -ar 48000 -sample_fmt s16 ""[REDACTED_LOCAL_PATH]\Tony Hidayat\AQ_OpenWorld_Codec_Provenance\42_bh_derivatives\decoded_raw\d54eb92f77b3402d3a338858.wav"""
4ebfdee1e764c9bdc4c771f4,0ad263b796c06a52e66f5e54331c38ac,8455,AAC,aac,FFmpeg-native AAC,128,136.784,06d6d914bc04ffbaedfe643326306be0775e38f87252ad9e28c6aefb5b6a71cf,01e3e43edc8b425748301f2e2420632092d50210beb4106e64615fc9fea2736e,0,0.9988683617421477,96000,34196,[REDACTED_LOCAL_PATH]\Tony Hidayat\AQ_OpenWorld_Codec_Provenance\42_bh_derivatives\encoded\4ebfdee1e764c9bdc4c771f4.m4a,[REDACTED_LOCAL_PATH]\Tony Hidayat\AQ_OpenWorld_Codec_Provenance\42_bh_derivatives\decoded_raw\4ebfdee1e764c9bdc4c771f4.wav,[REDACTED_LOCAL_PATH]\Tony Hidayat\AQ_OpenWorld_Codec_Provenance\42_bh_derivatives\aligned_pcm\4ebfdee1e764c9bdc4c771f4.wav,AQ2D0BH_DERIV_V1|0ad263b796c06a52e66f5e54331c38ac|AAC|128|FFmpeg-native AAC|57c56e369d5b4873b4d93fc1a1d833cb7cd8bc9325c14b05c34ce60b22842d8a,0,0,0,aac,PASS,"""[REDACTED_LOCAL_PATH]\Tony Hidayat\AQ_OpenWorld_Codec_Provenance\tools\gyan_ffmpeg_9.0_full\bin\ffmpeg.exe"" -y -hide_banner -i ""[REDACTED_LOCAL_PATH]\Tony Hidayat\AQ_OpenWorld_Codec_Provenance\39_bh_speech\canonical_selected\8455-210777-0066.wav"" -map_metadata -1 -vn -sn -dn -c:a aac -b:a 128k ""[REDACTED_LOCAL_PATH]\Tony Hidayat\AQ_OpenWorld_Codec_Provenance\42_bh_derivatives\encoded\4ebfdee1e764c9bdc4c771f4.m4a""","""[REDACTED_LOCAL_PATH]\Tony Hidayat\AQ_OpenWorld_Codec_Provenance\tools\gyan_ffmpeg_9.0_full\bin\ffprobe.exe"" -v error -show_entries stream=codec_name,sample_rate,channels,duration,bit_rate:format=format_name,duration,bit_rate -of json ""[REDACTED_LOCAL_PATH]\Tony Hidayat\AQ_OpenWorld_Codec_Provenance\42_bh_derivatives\encoded\4ebfdee1e764c9bdc4c771f4.m4a""","[REDACTED_LOCAL_PATH]\AppData\Local\CapCut\Apps\7.7.0.3143\ffmpeg.exe -y -hide_banner -i ""[REDACTED_LOCAL_PATH]\Tony Hidayat\AQ_OpenWorld_Codec_Provenance\42_bh_derivatives\encoded\4ebfdee1e764c9bdc4c771f4.m4a"" -map_metadata -1 -vn -sn -dn -ac 1 -ar 48000 -sample_fmt s16 ""[REDACTED_LOCAL_PATH]\Tony Hidayat\AQ_OpenWorld_Codec_Provenance\42_bh_derivatives\decoded_raw\4ebfdee1e764c9bdc4c771f4.wav"""
31cf23a31f0fb3890dbb6a59,0ad263b796c06a52e66f5e54331c38ac,8455,MP3,libmp3lame,libmp3lame,32,33.584,e972cd250c352e1f01d02fa1b48cf9245f3e0c178f98ba81e7275c5ba6c34f4d,78468f37f7535107acec5e212e19fa72df998e00dd32fdcfb79fdb1a7467b97a,0,0.9910029829476983,96000,8396,[REDACTED_LOCAL_PATH]\Tony Hidayat\AQ_OpenWorld_Codec_Provenance\42_bh_derivatives\encoded\31cf23a31f0fb3890dbb6a59.mp3,[REDACTED_LOCAL_PATH]\Tony Hidayat\AQ_OpenWorld_Codec_Provenance\42_bh_derivatives\decoded_raw\31cf23a31f0fb3890dbb6a59.wav,[REDACTED_LOCAL_PATH]\Tony Hidayat\AQ_OpenWorld_Codec_Provenance\42_bh_derivatives\aligned_pcm\31cf23a31f0fb3890dbb6a59.wav,AQ2D0BH_DERIV_V1|0ad263b796c06a52e66f5e54331c38ac|MP3|32|libmp3lame|57c56e369d5b4873b4d93fc1a1d833cb7cd8bc9325c14b05c34ce60b22842d8a,0,0,0,mp3,PASS,"""[REDACTED_LOCAL_PATH]\Tony Hidayat\AQ_OpenWorld_Codec_Provenance\tools\gyan_ffmpeg_9.0_full\bin\ffmpeg.exe"" -y -hide_banner -i ""[REDACTED_LOCAL_PATH]\Tony Hidayat\AQ_OpenWorld_Codec_Provenance\39_bh_speech\canonical_selected\8455-210777-0066.wav"" -map_metadata -1 -vn -sn -dn -c:a libmp3lame -b:a 32k ""[REDACTED_LOCAL_PATH]\Tony Hidayat\AQ_OpenWorld_Codec_Provenance\42_bh_derivatives\encoded\31cf23a31f0fb3890dbb6a59.mp3""","""[REDACTED_LOCAL_PATH]\Tony Hidayat\AQ_OpenWorld_Codec_Provenance\tools\gyan_ffmpeg_9.0_full\bin\ffprobe.exe"" -v error -show_entries stream=codec_name,sample_rate,channels,duration,bit_rate:format=format_name,duration,bit_rate -of json ""[REDACTED_LOCAL_PATH]\Tony Hidayat\AQ_OpenWorld_Codec_Provenance\42_bh_derivatives\encoded\31cf23a31f0fb3890dbb6a59.mp3""","[REDACTED_LOCAL_PATH]\AppData\Local\CapCut\Apps\7.7.0.3143\ffmpeg.exe -y -hide_banner -i ""[REDACTED_LOCAL_PATH]\Tony Hidayat\AQ_OpenWorld_Codec_Provenance\42_bh_derivatives\encoded\31cf23a31f0fb3890dbb6a59.mp3"" -map_metadata -1 -vn -sn -dn -ac 1 -ar 48000 -sample_fmt s16 ""[REDACTED_LOCAL_PATH]\Tony Hidayat\AQ_OpenWorld_Codec_Provenance\42_bh_derivatives\decoded_raw\31cf23a31f0fb3890dbb6a59.wav"""
45543ed42bde44ee1ee1258f,0ad263b796c06a52e66f5e54331c38ac,8455,MP3,libmp3lame,libmp3lame,80,82.736,5b5a7c423d9e596112694276234d51697f33dca4e3e21fe954edd32cfd32fb5f,6c637bd2515e0fa4f03ebbd1aa1cf9e499f7c54747cd9b0cf54bcfd356a72345,0,0.9998446054991464,96000,20684,[REDACTED_LOCAL_PATH]\Tony Hidayat\AQ_OpenWorld_Codec_Provenance\42_bh_derivatives\encoded\45543ed42bde44ee1ee1258f.mp3,[REDACTED_LOCAL_PATH]\Tony Hidayat\AQ_OpenWorld_Codec_Provenance\42_bh_derivatives\decoded_raw\45543ed42bde44ee1ee1258f.wav,[REDACTED_LOCAL_PATH]\Tony Hidayat\AQ_OpenWorld_Codec_Provenance\42_bh_derivatives\aligned_pcm\45543ed42bde44ee1ee1258f.wav,AQ2D0BH_DERIV_V1|0ad263b796c06a52e66f5e54331c38ac|MP3|80|libmp3lame|57c56e369d5b4873b4d93fc1a1d833cb7cd8bc9325c14b05c34ce60b22842d8a,0,0,0,mp3,PASS,"""[REDACTED_LOCAL_PATH]\Tony Hidayat\AQ_OpenWorld_Codec_Provenance\tools\gyan_ffmpeg_9.0_full\bin\ffmpeg.exe"" -y -hide_banner -i ""[REDACTED_LOCAL_PATH]\Tony Hidayat\AQ_OpenWorld_Codec_Provenance\39_bh_speech\canonical_selected\8455-210777-0066.wav"" -map_metadata -1 -vn -sn -dn -c:a libmp3lame -b:a 80k ""[REDACTED_LOCAL_PATH]\Tony Hidayat\AQ_OpenWorld_Codec_Provenance\42_bh_derivatives\encoded\45543ed42bde44ee1ee1258f.mp3""","""[REDACTED_LOCAL_PATH]\Tony Hidayat\AQ_OpenWorld_Codec_Provenance\tools\gyan_ffmpeg_9.0_full\bin\ffprobe.exe"" -v error -show_entries stream=codec_name,sample_rate,channels,duration,bit_rate:format=format_name,duration,bit_rate -of json ""[REDACTED_LOCAL_PATH]\Tony Hidayat\AQ_OpenWorld_Codec_Provenance\42_bh_derivatives\encoded\45543ed42bde44ee1ee1258f.mp3""","[REDACTED_LOCAL_PATH]\AppData\Local\CapCut\Apps\7.7.0.3143\ffmpeg.exe -y -hide_banner -i ""[REDACTED_LOCAL_PATH]\Tony Hidayat\AQ_OpenWorld_Codec_Provenance\42_bh_derivatives\encoded\45543ed42bde44ee1ee1258f.mp3"" -map_metadata -1 -vn -sn -dn -ac 1 -ar 48000 -sample_fmt s16 ""[REDACTED_LOCAL_PATH]\Tony Hidayat\AQ_OpenWorld_Codec_Provenance\42_bh_derivatives\decoded_raw\45543ed42bde44ee1ee1258f.wav"""
bd83609a948728937741b2b5,0ad263b796c06a52e66f5e54331c38ac,8455,MP3,libmp3lame,libmp3lame,96,99.248,302bc353a3a5ebf53198a5854d8e4ca1a81677e8becc0602c31b5dd7aa7ae7a8,227776aae72ebec5108f46e1ae6ecb38a240736124f4934f396cd0b8605a5d4a,0,0.9999387312806255,96000,24812,[REDACTED_LOCAL_PATH]\Tony Hidayat\AQ_OpenWorld_Codec_Provenance\42_bh_derivatives\encoded\bd83609a948728937741b2b5.mp3,[REDACTED_LOCAL_PATH]\Tony Hidayat\AQ_OpenWorld_Codec_Provenance\42_bh_derivatives\decoded_raw\bd83609a948728937741b2b5.wav,[REDACTED_LOCAL_PATH]\Tony Hidayat\AQ_OpenWorld_Codec_Provenance\42_bh_derivatives\aligned_pcm\bd83609a948728937741b2b5.wav,AQ2D0BH_DERIV_V1|0ad263b796c06a52e66f5e54331c38ac|MP3|96|libmp3lame|57c56e369d5b4873b4d93fc1a1d833cb7cd8bc9325c14b05c34ce60b22842d8a,0,0,0,mp3,PASS,"""[REDACTED_LOCAL_PATH]\Tony Hidayat\AQ_OpenWorld_Codec_Provenance\tools\gyan_ffmpeg_9.0_full\bin\ffmpeg.exe"" -y -hide_banner -i ""[REDACTED_LOCAL_PATH]\Tony Hidayat\AQ_OpenWorld_Codec_Provenance\39_bh_speech\canonical_selected\8455-210777-0066.wav"" -map_metadata -1 -vn -sn -dn -c:a libmp3lame -b:a 96k ""[REDACTED_LOCAL_PATH]\Tony Hidayat\AQ_OpenWorld_Codec_Provenance\42_bh_derivatives\encoded\bd83609a948728937741b2b5.mp3""","""[REDACTED_LOCAL_PATH]\Tony Hidayat\AQ_OpenWorld_Codec_Provenance\tools\gyan_ffmpeg_9.0_full\bin\ffprobe.exe"" -v error -show_entries stream=codec_name,sample_rate,channels,duration,bit_rate:format=format_name,duration,bit_rate -of json ""[REDACTED_LOCAL_PATH]\Tony Hidayat\AQ_OpenWorld_Codec_Provenance\42_bh_derivatives\encoded\bd83609a948728937741b2b5.mp3""","[REDACTED_LOCAL_PATH]\AppData\Local\CapCut\Apps\7.7.0.3143\ffmpeg.exe -y -hide_banner -i ""[REDACTED_LOCAL_PATH]\Tony Hidayat\AQ_OpenWorld_Codec_Provenance\42_bh_derivatives\encoded\bd83609a948728937741b2b5.mp3"" -map_metadata -1 -vn -sn -dn -ac 1 -ar 48000 -sample_fmt s16 ""[REDACTED_LOCAL_PATH]\Tony Hidayat\AQ_OpenWorld_Codec_Provenance\42_bh_derivatives\decoded_raw\bd83609a948728937741b2b5.wav"""
f241ede95ea40a27955baae6,0ad263b796c06a52e66f5e54331c38ac,8455,MP3,libmp3lame,libmp3lame,128,132.272,4f217825e98b758af82366a103cf19dbcb3d4c6d562acbc5cde43a2c183b23ce,4edb41e7d75840c5e1ef5b646a4c9141d3017e854ce2f1f9ca2b0b89554396ea,0,0.9999944065386285,96000,33068,[REDACTED_LOCAL_PATH]\Tony Hidayat\AQ_OpenWorld_Codec_Provenance\42_bh_derivatives\encoded\f241ede95ea40a27955baae6.mp3,[REDACTED_LOCAL_PATH]\Tony Hidayat\AQ_OpenWorld_Codec_Provenance\42_bh_derivatives\decoded_raw\f241ede95ea40a27955baae6.wav,[REDACTED_LOCAL_PATH]\Tony Hidayat\AQ_OpenWorld_Codec_Provenance\42_bh_derivatives\aligned_pcm\f241ede95ea40a27955baae6.wav,AQ2D0BH_DERIV_V1|0ad263b796c06a52e66f5e54331c38ac|MP3|128|libmp3lame|57c56e369d5b4873b4d93fc1a1d833cb7cd8bc9325c14b05c34ce60b22842d8a,0,0,0,mp3,PASS,"""[REDACTED_LOCAL_PATH]\Tony Hidayat\AQ_OpenWorld_Codec_Provenance\tools\gyan_ffmpeg_9.0_full\bin\ffmpeg.exe"" -y -hide_banner -i ""[REDACTED_LOCAL_PATH]\Tony Hidayat\AQ_OpenWorld_Codec_Provenance\39_bh_speech\canonical_selected\8455-210777-0066.wav"" -map_metadata -1 -vn -sn -dn -c:a libmp3lame -b:a 128k ""[REDACTED_LOCAL_PATH]\Tony Hidayat\AQ_OpenWorld_Codec_Provenance\42_bh_derivatives\encoded\f241ede95ea40a27955baae6.mp3""","""[REDACTED_LOCAL_PATH]\Tony Hidayat\AQ_OpenWorld_Codec_Provenance\tools\gyan_ffmpeg_9.0_full\bin\ffprobe.exe"" -v error -show_entries stream=codec_name,sample_rate,channels,duration,bit_rate:format=format_name,duration,bit_rate -of json ""[REDACTED_LOCAL_PATH]\Tony Hidayat\AQ_OpenWorld_Codec_Provenance\42_bh_derivatives\encoded\f241ede95ea40a27955baae6.mp3""","[REDACTED_LOCAL_PATH]\AppData\Local\CapCut\Apps\7.7.0.3143\ffmpeg.exe -y -hide_banner -i ""[REDACTED_LOCAL_PATH]\Tony Hidayat\AQ_OpenWorld_Codec_Provenance\42_bh_derivatives\encoded\f241ede95ea40a27955baae6.mp3"" -map_metadata -1 -vn -sn -dn -ac 1 -ar 48000 -sample_fmt s16 ""[REDACTED_LOCAL_PATH]\Tony Hidayat\AQ_OpenWorld_Codec_Provenance\42_bh_derivatives\decoded_raw\f241ede95ea40a27955baae6.wav"""
1762c581659f99892038db56,0ad263b796c06a52e66f5e54331c38ac,8455,Opus,libopus,libopus,32,33.588,9b50ed005644262e96571e50158e26e99e84e43c829dcf5d5747c08587674c96,bd6e36e471c73af8f1ddce1eb8694fb283adc399df878ee5ab9fedf188b82b56,0,0.993879487667454,96000,8397,[REDACTED_LOCAL_PATH]\Tony Hidayat\AQ_OpenWorld_Codec_Provenance\42_bh_derivatives\encoded\1762c581659f99892038db56.opus,[REDACTED_LOCAL_PATH]\Tony Hidayat\AQ_OpenWorld_Codec_Provenance\42_bh_derivatives\decoded_raw\1762c581659f99892038db56.wav,[REDACTED_LOCAL_PATH]\Tony Hidayat\AQ_OpenWorld_Codec_Provenance\42_bh_derivatives\aligned_pcm\1762c581659f99892038db56.wav,AQ2D0BH_DERIV_V1|0ad263b796c06a52e66f5e54331c38ac|Opus|32|libopus|57c56e369d5b4873b4d93fc1a1d833cb7cd8bc9325c14b05c34ce60b22842d8a,0,0,0,opus,PASS,"""[REDACTED_LOCAL_PATH]\Tony Hidayat\AQ_OpenWorld_Codec_Provenance\tools\gyan_ffmpeg_9.0_full\bin\ffmpeg.exe"" -y -hide_banner -i ""[REDACTED_LOCAL_PATH]\Tony Hidayat\AQ_OpenWorld_Codec_Provenance\39_bh_speech\canonical_selected\8455-210777-0066.wav"" -map_metadata -1 -vn -sn -dn -c:a libopus -b:a 32k -vbr off ""[REDACTED_LOCAL_PATH]\Tony Hidayat\AQ_OpenWorld_Codec_Provenance\42_bh_derivatives\encoded\1762c581659f99892038db56.opus""","""[REDACTED_LOCAL_PATH]\Tony Hidayat\AQ_OpenWorld_Codec_Provenance\tools\gyan_ffmpeg_9.0_full\bin\ffprobe.exe"" -v error -show_entries stream=codec_name,sample_rate,channels,duration,bit_rate:format=format_name,duration,bit_rate -of json ""[REDACTED_LOCAL_PATH]\Tony Hidayat\AQ_OpenWorld_Codec_Provenance\42_bh_derivatives\encoded\1762c581659f99892038db56.opus""","[REDACTED_LOCAL_PATH]\AppData\Local\CapCut\Apps\7.7.0.3143\ffmpeg.exe -y -hide_banner -i ""[REDACTED_LOCAL_PATH]\Tony Hidayat\AQ_OpenWorld_Codec_Provenance\42_bh_derivatives\encoded\1762c581659f99892038db56.opus"" -map_metadata -1 -vn -sn -dn -ac 1 -ar 48000 -sample_fmt s16 ""[REDACTED_LOCAL_PATH]\Tony Hidayat\AQ_OpenWorld_Codec_Provenance\42_bh_derivatives\decoded_raw\1762c581659f99892038db56.wav"""
18608973f03ce6bcbdf1bfa8,0ad263b796c06a52e66f5e54331c38ac,8455,Opus,libopus,libopus,80,82.068,967e243e585e5a0e6f3962a99ed7ae7a4b9b59768d5089d7a6465c603dcbaa98,d079f9892598c8fa04b728e6fbe6c5efc12910b44616f59278c335334aa54794,0,0.9985446185193196,96000,20517,[REDACTED_LOCAL_PATH]\Tony Hidayat\AQ_OpenWorld_Codec_Provenance\42_bh_derivatives\encoded\18608973f03ce6bcbdf1bfa8.opus,[REDACTED_LOCAL_PATH]\Tony Hidayat\AQ_OpenWorld_Codec_Provenance\42_bh_derivatives\decoded_raw\18608973f03ce6bcbdf1bfa8.wav,[REDACTED_LOCAL_PATH]\Tony Hidayat\AQ_OpenWorld_Codec_Provenance\42_bh_derivatives\aligned_pcm\18608973f03ce6bcbdf1bfa8.wav,AQ2D0BH_DERIV_V1|0ad263b796c06a52e66f5e54331c38ac|Opus|80|libopus|57c56e369d5b4873b4d93fc1a1d833cb7cd8bc9325c14b05c34ce60b22842d8a,0,0,0,opus,PASS,"""[REDACTED_LOCAL_PATH]\Tony Hidayat\AQ_OpenWorld_Codec_Provenance\tools\gyan_ffmpeg_9.0_full\bin\ffmpeg.exe"" -y -hide_banner -i ""[REDACTED_LOCAL_PATH]\Tony Hidayat\AQ_OpenWorld_Codec_Provenance\39_bh_speech\canonical_selected\8455-210777-0066.wav"" -map_metadata -1 -vn -sn -dn -c:a libopus -b:a 80k -vbr off ""[REDACTED_LOCAL_PATH]\Tony Hidayat\AQ_OpenWorld_Codec_Provenance\42_bh_derivatives\encoded\18608973f03ce6bcbdf1bfa8.opus""","""[REDACTED_LOCAL_PATH]\Tony Hidayat\AQ_OpenWorld_Codec_Provenance\tools\gyan_ffmpeg_9.0_full\bin\ffprobe.exe"" -v error -show_entries stream=codec_name,sample_rate,channels,duration,bit_rate:format=format_name,duration,bit_rate -of json ""[REDACTED_LOCAL_PATH]\Tony Hidayat\AQ_OpenWorld_Codec_Provenance\42_bh_derivatives\encoded\18608973f03ce6bcbdf1bfa8.opus""","[REDACTED_LOCAL_PATH]\AppData\Local\CapCut\Apps\7.7.0.3143\ffmpeg.exe -y -hide_banner -i ""[REDACTED_LOCAL_PATH]\Tony Hidayat\AQ_OpenWorld_Codec_Provenance\42_bh_derivatives\encoded\18608973f03ce6bcbdf1bfa8.opus"" -map_metadata -1 -vn -sn -dn -ac 1 -ar 48000 -sample_fmt s16 ""[REDACTED_LOCAL_PATH]\Tony Hidayat\AQ_OpenWorld_Codec_Provenance\42_bh_derivatives\decoded_raw\18608973f03ce6bcbdf1bfa8.wav"""
7166bdffec14b7a75719a9bd,0ad263b796c06a52e66f5e54331c38ac,8455,Opus,libopus,libopus,96,98.228,d9b867e37732f8c63d7af64c9a6dc5752ef1d0314bc75d76013fe960192c91b3,32e9eb3a788afdcf9b1f6fd7d5a324bcd1b21ac070928221ffd0eb421d444fe5,0,0.9988644666397055,96000,24557,[REDACTED_LOCAL_PATH]\Tony Hidayat\AQ_OpenWorld_Codec_Provenance\42_bh_derivatives\encoded\7166bdffec14b7a75719a9bd.opus,[REDACTED_LOCAL_PATH]\Tony Hidayat\AQ_OpenWorld_Codec_Provenance\42_bh_derivatives\decoded_raw\7166bdffec14b7a75719a9bd.wav,[REDACTED_LOCAL_PATH]\Tony Hidayat\AQ_OpenWorld_Codec_Provenance\42_bh_derivatives\aligned_pcm\7166bdffec14b7a75719a9bd.wav,AQ2D0BH_DERIV_V1|0ad263b796c06a52e66f5e54331c38ac|Opus|96|libopus|57c56e369d5b4873b4d93fc1a1d833cb7cd8bc9325c14b05c34ce60b22842d8a,0,0,0,opus,PASS,"""[REDACTED_LOCAL_PATH]\Tony Hidayat\AQ_OpenWorld_Codec_Provenance\tools\gyan_ffmpeg_9.0_full\bin\ffmpeg.exe"" -y -hide_banner -i ""[REDACTED_LOCAL_PATH]\Tony Hidayat\AQ_OpenWorld_Codec_Provenance\39_bh_speech\canonical_selected\8455-210777-0066.wav"" -map_metadata -1 -vn -sn -dn -c:a libopus -b:a 96k -vbr off ""[REDACTED_LOCAL_PATH]\Tony Hidayat\AQ_OpenWorld_Codec_Provenance\42_bh_derivatives\encoded\7166bdffec14b7a75719a9bd.opus""","""[REDACTED_LOCAL_PATH]\Tony Hidayat\AQ_OpenWorld_Codec_Provenance\tools\gyan_ffmpeg_9.0_full\bin\ffprobe.exe"" -v error -show_entries stream=codec_name,sample_rate,channels,duration,bit_rate:format=format_name,duration,bit_rate -of json ""[REDACTED_LOCAL_PATH]\Tony Hidayat\AQ_OpenWorld_Codec_Provenance\42_bh_derivatives\encoded\7166bdffec14b7a75719a9bd.opus""","[REDACTED_LOCAL_PATH]\AppData\Local\CapCut\Apps\7.7.0.3143\ffmpeg.exe -y -hide_banner -i ""[REDACTED_LOCAL_PATH]\Tony Hidayat\AQ_OpenWorld_Codec_Provenance\42_bh_derivatives\encoded\7166bdffec14b7a75719a9bd.opus"" -map_metadata -1 -vn -sn -dn -ac 1 -ar 48000 -sample_fmt s16 ""[REDACTED_LOCAL_PATH]\Tony Hidayat\AQ_OpenWorld_Codec_Provenance\42_bh_derivatives\decoded_raw\7166bdffec14b7a75719a9bd.wav"""
f3c3841175338b7156bbdb5e,0ad263b796c06a52e66f5e54331c38ac,8455,Opus,libopus,libopus,128,130.952,cedbf0640ef840ce39e714339f2775250cfb1bb075a1fbaf64147f68a1bbf753,b0bffeff9e7d2285210ae1874ee03c2d6bd1feb521becd240705443cf2aef91e,0,0.9994429625480071,96000,32738,[REDACTED_LOCAL_PATH]\Tony Hidayat\AQ_OpenWorld_Codec_Provenance\42_bh_derivatives\encoded\f3c3841175338b7156bbdb5e.opus,[REDACTED_LOCAL_PATH]\Tony Hidayat\AQ_OpenWorld_Codec_Provenance\42_bh_derivatives\decoded_raw\f3c3841175338b7156bbdb5e.wav,[REDACTED_LOCAL_PATH]\Tony Hidayat\AQ_OpenWorld_Codec_Provenance\42_bh_derivatives\aligned_pcm\f3c3841175338b7156bbdb5e.wav,AQ2D0BH_DERIV_V1|0ad263b796c06a52e66f5e54331c38ac|Opus|128|libopus|57c56e369d5b4873b4d93fc1a1d833cb7cd8bc9325c14b05c34ce60b22842d8a,0,0,0,opus,PASS,"""[REDACTED_LOCAL_PATH]\Tony Hidayat\AQ_OpenWorld_Codec_Provenance\tools\gyan_ffmpeg_9.0_full\bin\ffmpeg.exe"" -y -hide_banner -i ""[REDACTED_LOCAL_PATH]\Tony Hidayat\AQ_OpenWorld_Codec_Provenance\39_bh_speech\canonical_selected\8455-210777-0066.wav"" -map_metadata -1 -vn -sn -dn -c:a libopus -b:a 128k -vbr off ""[REDACTED_LOCAL_PATH]\Tony Hidayat\AQ_OpenWorld_Codec_Provenance\42_bh_derivatives\encoded\f3c3841175338b7156bbdb5e.opus""","""[REDACTED_LOCAL_PATH]\Tony Hidayat\AQ_OpenWorld_Codec_Provenance\tools\gyan_ffmpeg_9.0_full\bin\ffprobe.exe"" -v error -show_entries stream=codec_name,sample_rate,channels,duration,bit_rate:format=format_name,duration,bit_rate -of json ""[REDACTED_LOCAL_PATH]\Tony Hidayat\AQ_OpenWorld_Codec_Provenance\42_bh_derivatives\encoded\f3c3841175338b7156bbdb5e.opus""","[REDACTED_LOCAL_PATH]\AppData\Local\CapCut\Apps\7.7.0.3143\ffmpeg.exe -y -hide_banner -i ""[REDACTED_LOCAL_PATH]\Tony Hidayat\AQ_OpenWorld_Codec_Provenance\42_bh_derivatives\encoded\f3c3841175338b7156bbdb5e.opus"" -map_metadata -1 -vn -sn -dn -ac 1 -ar 48000 -sample_fmt s16 ""[REDACTED_LOCAL_PATH]\Tony Hidayat\AQ_OpenWorld_Codec_Provenance\42_bh_derivatives\decoded_raw\f3c3841175338b7156bbdb5e.wav"""
3ffa3018c7764ec4bbe6ac57,0e4073a5d7c87ddc5de0bb26f62a658b,6930,AAC,aac,FFmpeg-native AAC,32,36.316,948d65f7b68e21d37cae12dc946672e6037dfd7ae4d58c315098de70f4b56221,a46bc5a8e5ebea397832211d968afa4edea2d66ae436f9f4d9e160cd233cb2cb,0,0.9051350981632287,96000,9079,[REDACTED_LOCAL_PATH]\Tony Hidayat\AQ_OpenWorld_Codec_Provenance\42_bh_derivatives\encoded\3ffa3018c7764ec4bbe6ac57.m4a,[REDACTED_LOCAL_PATH]\Tony Hidayat\AQ_OpenWorld_Codec_Provenance\42_bh_derivatives\decoded_raw\3ffa3018c7764ec4bbe6ac57.wav,[REDACTED_LOCAL_PATH]\Tony Hidayat\AQ_OpenWorld_Codec_Provenance\42_bh_derivatives\aligned_pcm\3ffa3018c7764ec4bbe6ac57.wav,AQ2D0BH_DERIV_V1|0e4073a5d7c87ddc5de0bb26f62a658b|AAC|32|FFmpeg-native AAC|57c56e369d5b4873b4d93fc1a1d833cb7cd8bc9325c14b05c34ce60b22842d8a,0,0,0,aac,PASS,"""[REDACTED_LOCAL_PATH]\Tony Hidayat\AQ_OpenWorld_Codec_Provenance\tools\gyan_ffmpeg_9.0_full\bin\ffmpeg.exe"" -y -hide_banner -i ""[REDACTED_LOCAL_PATH]\Tony Hidayat\AQ_OpenWorld_Codec_Provenance\39_bh_speech\canonical_selected\6930-75918-0015.wav"" -map_metadata -1 -vn -sn -dn -c:a aac -b:a 32k ""[REDACTED_LOCAL_PATH]\Tony Hidayat\AQ_OpenWorld_Codec_Provenance\42_bh_derivatives\encoded\3ffa3018c7764ec4bbe6ac57.m4a""","""[REDACTED_LOCAL_PATH]\Tony Hidayat\AQ_OpenWorld_Codec_Provenance\tools\gyan_ffmpeg_9.0_full\bin\ffprobe.exe"" -v error -show_entries stream=codec_name,sample_rate,channels,duration,bit_rate:format=format_name,duration,bit_rate -of json ""[REDACTED_LOCAL_PATH]\Tony Hidayat\AQ_OpenWorld_Codec_Provenance\42_bh_derivatives\encoded\3ffa3018c7764ec4bbe6ac57.m4a""","[REDACTED_LOCAL_PATH]\AppData\Local\CapCut\Apps\7.7.0.3143\ffmpeg.exe -y -hide_banner -i ""[REDACTED_LOCAL_PATH]\Tony Hidayat\AQ_OpenWorld_Codec_Provenance\42_bh_derivatives\encoded\3ffa3018c7764ec4bbe6ac57.m4a"" -map_metadata -1 -vn -sn -dn -ac 1 -ar 48000 -sample_fmt s16 ""[REDACTED_LOCAL_PATH]\Tony Hidayat\AQ_OpenWorld_Codec_Provenance\42_bh_derivatives\decoded_raw\3ffa3018c7764ec4bbe6ac57.wav"""
fd02dabbb46154c21304a6b1,0e4073a5d7c87ddc5de0bb26f62a658b,6930,AAC,aac,FFmpeg-native AAC,80,86.732,07fc885d480cdd480dc41082c1a57640cf1de6dacdd6f640e87694a55a25d1af,38457f08a4e47114c28d37d79fd40acd8051bffb31444edb8a99090b48acb735,0,0.9974488147327,96000,21683,[REDACTED_LOCAL_PATH]\Tony Hidayat\AQ_OpenWorld_Codec_Provenance\42_bh_derivatives\encoded\fd02dabbb46154c21304a6b1.m4a,[REDACTED_LOCAL_PATH]\Tony Hidayat\AQ_OpenWorld_Codec_Provenance\42_bh_derivatives\decoded_raw\fd02dabbb46154c21304a6b1.wav,[REDACTED_LOCAL_PATH]\Tony Hidayat\AQ_OpenWorld_Codec_Provenance\42_bh_derivatives\aligned_pcm\fd02dabbb46154c21304a6b1.wav,AQ2D0BH_DERIV_V1|0e4073a5d7c87ddc5de0bb26f62a658b|AAC|80|FFmpeg-native AAC|57c56e369d5b4873b4d93fc1a1d833cb7cd8bc9325c14b05c34ce60b22842d8a,0,0,0,aac,PASS,"""[REDACTED_LOCAL_PATH]\Tony Hidayat\AQ_OpenWorld_Codec_Provenance\tools\gyan_ffmpeg_9.0_full\bin\ffmpeg.exe"" -y -hide_banner -i ""[REDACTED_LOCAL_PATH]\Tony Hidayat\AQ_OpenWorld_Codec_Provenance\39_bh_speech\canonical_selected\6930-75918-0015.wav"" -map_metadata -1 -vn -sn -dn -c:a aac -b:a 80k ""[REDACTED_LOCAL_PATH]\Tony Hidayat\AQ_OpenWorld_Codec_Provenance\42_bh_derivatives\encoded\fd02dabbb46154c21304a6b1.m4a""","""[REDACTED_LOCAL_PATH]\Tony Hidayat\AQ_OpenWorld_Codec_Provenance\tools\gyan_ffmpeg_9.0_full\bin\ffprobe.exe"" -v error -show_entries stream=codec_name,sample_rate,channels,duration,bit_rate:format=format_name,duration,bit_rate -of json ""[REDACTED_LOCAL_PATH]\Tony Hidayat\AQ_OpenWorld_Codec_Provenance\42_bh_derivatives\encoded\fd02dabbb46154c21304a6b1.m4a""","[REDACTED_LOCAL_PATH]\AppData\Local\CapCut\Apps\7.7.0.3143\ffmpeg.exe -y -hide_banner -i ""[REDACTED_LOCAL_PATH]\Tony Hidayat\AQ_OpenWorld_Codec_Provenance\42_bh_derivatives\encoded\fd02dabbb46154c21304a6b1.m4a"" -map_metadata -1 -vn -sn -dn -ac 1 -ar 48000 -sample_fmt s16 ""[REDACTED_LOCAL_PATH]\Tony Hidayat\AQ_OpenWorld_Codec_Provenance\42_bh_derivatives\decoded_raw\fd02dabbb46154c21304a6b1.wav"""
d92dc2b8d9d572e793d861e3,0e4073a5d7c87ddc5de0bb26f62a658b,6930,AAC,aac,FFmpeg-native AAC,96,104.16,2d590a39de577df220107d5d6ee47384544c6c13d7227de2e92dc9971b627bc7,fedbe7889bfc9b383d52d74cf36f51802b0827d01e6097911e3577e781197846,0,0.9979513321617625,96000,26040,[REDACTED_LOCAL_PATH]\Tony Hidayat\AQ_OpenWorld_Codec_Provenance\42_bh_derivatives\encoded\d92dc2b8d9d572e793d861e3.m4a,[REDACTED_LOCAL_PATH]\Tony Hidayat\AQ_OpenWorld_Codec_Provenance\42_bh_derivatives\decoded_raw\d92dc2b8d9d572e793d861e3.wav,[REDACTED_LOCAL_PATH]\Tony Hidayat\AQ_OpenWorld_Codec_Provenance\42_bh_derivatives\aligned_pcm\d92dc2b8d9d572e793d861e3.wav,AQ2D0BH_DERIV_V1|0e4073a5d7c87ddc5de0bb26f62a658b|AAC|96|FFmpeg-native AAC|57c56e369d5b4873b4d93fc1a1d833cb7cd8bc9325c14b05c34ce60b22842d8a,0,0,0,aac,PASS,"""[REDACTED_LOCAL_PATH]\Tony Hidayat\AQ_OpenWorld_Codec_Provenance\tools\gyan_ffmpeg_9.0_full\bin\ffmpeg.exe"" -y -hide_banner -i ""[REDACTED_LOCAL_PATH]\Tony Hidayat\AQ_OpenWorld_Codec_Provenance\39_bh_speech\canonical_selected\6930-75918-0015.wav"" -map_metadata -1 -vn -sn -dn -c:a aac -b:a 96k ""[REDACTED_LOCAL_PATH]\Tony Hidayat\AQ_OpenWorld_Codec_Provenance\42_bh_derivatives\encoded\d92dc2b8d9d572e793d861e3.m4a""","""[REDACTED_LOCAL_PATH]\Tony Hidayat\AQ_OpenWorld_Codec_Provenance\tools\gyan_ffmpeg_9.0_full\bin\ffprobe.exe"" -v error -show_entries stream=codec_name,sample_rate,channels,duration,bit_rate:format=format_name,duration,bit_rate -of json ""[REDACTED_LOCAL_PATH]\Tony Hidayat\AQ_OpenWorld_Codec_Provenance\42_bh_derivatives\encoded\d92dc2b8d9d572e793d861e3.m4a""","[REDACTED_LOCAL_PATH]\AppData\Local\CapCut\Apps\7.7.0.3143\ffmpeg.exe -y -hide_banner -i ""[REDACTED_LOCAL_PATH]\Tony Hidayat\AQ_OpenWorld_Codec_Provenance\42_bh_derivatives\encoded\d92dc2b8d9d572e793d861e3.m4a"" -map_metadata -1 -vn -sn -dn -ac 1 -ar 48000 -sample_fmt s16 ""[REDACTED_LOCAL_PATH]\Tony Hidayat\AQ_OpenWorld_Codec_Provenance\42_bh_derivatives\decoded_raw\d92dc2b8d9d572e793d861e3.wav"""
d1add5a2849d10af8caaa7c5,0e4073a5d7c87ddc5de0bb26f62a658b,6930,AAC,aac,FFmpeg-native AAC,128,135.692,48aaffd0feee558cea80292ce2e8082d3bea4511c185a26c680bfaa5e8b9398c,d6587756eed87082232a54ccbb2e22a7383e24b88fc422ca9a59ae077a3948b9,0,0.9991067354351503,96000,33923,[REDACTED_LOCAL_PATH]\Tony Hidayat\AQ_OpenWorld_Codec_Provenance\42_bh_derivatives\encoded\d1add5a2849d10af8caaa7c5.m4a,[REDACTED_LOCAL_PATH]\Tony Hidayat\AQ_OpenWorld_Codec_Provenance\42_bh_derivatives\decoded_raw\d1add5a2849d10af8caaa7c5.wav,[REDACTED_LOCAL_PATH]\Tony Hidayat\AQ_OpenWorld_Codec_Provenance\42_bh_derivatives\aligned_pcm\d1add5a2849d10af8caaa7c5.wav,AQ2D0BH_DERIV_V1|0e4073a5d7c87ddc5de0bb26f62a658b|AAC|128|FFmpeg-native AAC|57c56e369d5b4873b4d93fc1a1d833cb7cd8bc9325c14b05c34ce60b22842d8a,0,0,0,aac,PASS,"""[REDACTED_LOCAL_PATH]\Tony Hidayat\AQ_OpenWorld_Codec_Provenance\tools\gyan_ffmpeg_9.0_full\bin\ffmpeg.exe"" -y -hide_banner -i ""[REDACTED_LOCAL_PATH]\Tony Hidayat\AQ_OpenWorld_Codec_Provenance\39_bh_speech\canonical_selected\6930-75918-0015.wav"" -map_metadata -1 -vn -sn -dn -c:a aac -b:a 128k ""[REDACTED_LOCAL_PATH]\Tony Hidayat\AQ_OpenWorld_Codec_Provenance\42_bh_derivatives\encoded\d1add5a2849d10af8caaa7c5.m4a""","""[REDACTED_LOCAL_PATH]\Tony Hidayat\AQ_OpenWorld_Codec_Provenance\tools\gyan_ffmpeg_9.0_full\bin\ffprobe.exe"" -v error -show_entries stream=codec_name,sample_rate,channels,duration,bit_rate:format=format_name,duration,bit_rate -of json ""[REDACTED_LOCAL_PATH]\Tony Hidayat\AQ_OpenWorld_Codec_Provenance\42_bh_derivatives\encoded\d1add5a2849d10af8caaa7c5.m4a""","[REDACTED_LOCAL_PATH]\AppData\Local\CapCut\Apps\7.7.0.3143\ffmpeg.exe -y -hide_banner -i ""[REDACTED_LOCAL_PATH]\Tony Hidayat\AQ_OpenWorld_Codec_Provenance\42_bh_derivatives\encoded\d1add5a2849d10af8caaa7c5.m4a"" -map_metadata -1 -vn -sn -dn -ac 1 -ar 48000 -sample_fmt s16 ""[REDACTED_LOCAL_PATH]\Tony Hidayat\AQ_OpenWorld_Codec_Provenance\42_bh_derivatives\decoded_raw\d1add5a2849d10af8caaa7c5.wav"""
e36653672c7b6c5250479b16,0e4073a5d7c87ddc5de0bb26f62a658b,6930,MP3,libmp3lame,libmp3lame,32,33.584,2466ebb084538a8d19340b2768b5064340965a4cc7b175d3da8897cd91fd2618,5d389b4453a0a2baa991c24456727d119b5a4f13e9bbde4b755531c626f41447,0,0.9570316479326217,96000,8396,[REDACTED_LOCAL_PATH]\Tony Hidayat\AQ_OpenWorld_Codec_Provenance\42_bh_derivatives\encoded\e36653672c7b6c5250479b16.mp3,[REDACTED_LOCAL_PATH]\Tony Hidayat\AQ_OpenWorld_Codec_Provenance\42_bh_derivatives\decoded_raw\e36653672c7b6c5250479b16.wav,[REDACTED_LOCAL_PATH]\Tony Hidayat\AQ_OpenWorld_Codec_Provenance\42_bh_derivatives\aligned_pcm\e36653672c7b6c5250479b16.wav,AQ2D0BH_DERIV_V1|0e4073a5d7c87ddc5de0bb26f62a658b|MP3|32|libmp3lame|57c56e369d5b4873b4d93fc1a1d833cb7cd8bc9325c14b05c34ce60b22842d8a,0,0,0,mp3,PASS,"""[REDACTED_LOCAL_PATH]\Tony Hidayat\AQ_OpenWorld_Codec_Provenance\tools\gyan_ffmpeg_9.0_full\bin\ffmpeg.exe"" -y -hide_banner -i ""[REDACTED_LOCAL_PATH]\Tony Hidayat\AQ_OpenWorld_Codec_Provenance\39_bh_speech\canonical_selected\6930-75918-0015.wav"" -map_metadata -1 -vn -sn -dn -c:a libmp3lame -b:a 32k ""[REDACTED_LOCAL_PATH]\Tony Hidayat\AQ_OpenWorld_Codec_Provenance\42_bh_derivatives\encoded\e36653672c7b6c5250479b16.mp3""","""[REDACTED_LOCAL_PATH]\Tony Hidayat\AQ_OpenWorld_Codec_Provenance\tools\gyan_ffmpeg_9.0_full\bin\ffprobe.exe"" -v error -show_entries stream=codec_name,sample_rate,channels,duration,bit_rate:format=format_name,duration,bit_rate -of json ""[REDACTED_LOCAL_PATH]\Tony Hidayat\AQ_OpenWorld_Codec_Provenance\42_bh_derivatives\encoded\e36653672c7b6c5250479b16.mp3""","[REDACTED_LOCAL_PATH]\AppData\Local\CapCut\Apps\7.7.0.3143\ffmpeg.exe -y -hide_banner -i ""[REDACTED_LOCAL_PATH]\Tony Hidayat\AQ_OpenWorld_Codec_Provenance\42_bh_derivatives\encoded\e36653672c7b6c5250479b16.mp3"" -map_metadata -1 -vn -sn -dn -ac 1 -ar 48000 -sample_fmt s16 ""[REDACTED_LOCAL_PATH]\Tony Hidayat\AQ_OpenWorld_Codec_Provenance\42_bh_derivatives\decoded_raw\e36653672c7b6c5250479b16.wav"""
31d322e50b5e9377374cd67e,0e4073a5d7c87ddc5de0bb26f62a658b,6930,MP3,libmp3lame,libmp3lame,80,82.736,6a655bdc2c0a0f1239f5c95aaec29a0817947f6bb3d7745db3568b57295798af,e437cc3e1ef5d61ace699393d666c9595608e0d5483bc0a28ff3d8e95dff8f82,0,0.9986640587583789,96000,20684,[REDACTED_LOCAL_PATH]\Tony Hidayat\AQ_OpenWorld_Codec_Provenance\42_bh_derivatives\encoded\31d322e50b5e9377374cd67e.mp3,[REDACTED_LOCAL_PATH]\Tony Hidayat\AQ_OpenWorld_Codec_Provenance\42_bh_derivatives\decoded_raw\31d322e50b5e9377374cd67e.wav,[REDACTED_LOCAL_PATH]\Tony Hidayat\AQ_OpenWorld_Codec_Provenance\42_bh_derivatives\aligned_pcm\31d322e50b5e9377374cd67e.wav,AQ2D0BH_DERIV_V1|0e4073a5d7c87ddc5de0bb26f62a658b|MP3|80|libmp3lame|57c56e369d5b4873b4d93fc1a1d833cb7cd8bc9325c14b05c34ce60b22842d8a,0,0,0,mp3,PASS,"""[REDACTED_LOCAL_PATH]\Tony Hidayat\AQ_OpenWorld_Codec_Provenance\tools\gyan_ffmpeg_9.0_full\bin\ffmpeg.exe"" -y -hide_banner -i ""[REDACTED_LOCAL_PATH]\Tony Hidayat\AQ_OpenWorld_Codec_Provenance\39_bh_speech\canonical_selected\6930-75918-0015.wav"" -map_metadata -1 -vn -sn -dn -c:a libmp3lame -b:a 80k ""[REDACTED_LOCAL_PATH]\Tony Hidayat\AQ_OpenWorld_Codec_Provenance\42_bh_derivatives\encoded\31d322e50b5e9377374cd67e.mp3""","""[REDACTED_LOCAL_PATH]\Tony Hidayat\AQ_OpenWorld_Codec_Provenance\tools\gyan_ffmpeg_9.0_full\bin\ffprobe.exe"" -v error -show_entries stream=codec_name,sample_rate,channels,duration,bit_rate:format=format_name,duration,bit_rate -of json ""[REDACTED_LOCAL_PATH]\Tony Hidayat\AQ_OpenWorld_Codec_Provenance\42_bh_derivatives\encoded\31d322e50b5e9377374cd67e.mp3""","[REDACTED_LOCAL_PATH]\AppData\Local\CapCut\Apps\7.7.0.3143\ffmpeg.exe -y -hide_banner -i ""[REDACTED_LOCAL_PATH]\Tony Hidayat\AQ_OpenWorld_Codec_Provenance\42_bh_derivatives\encoded\31d322e50b5e9377374cd67e.mp3"" -map_metadata -1 -vn -sn -dn -ac 1 -ar 48000 -sample_fmt s16 ""[REDACTED_LOCAL_PATH]\Tony Hidayat\AQ_OpenWorld_Codec_Provenance\42_bh_derivatives\decoded_raw\31d322e50b5e9377374cd67e.wav"""
05f3a8495ac5ee340311b0cc,0e4073a5d7c87ddc5de0bb26f62a658b,6930,MP3,libmp3lame,libmp3lame,96,99.248,9b7cbc8b36fbc91a3d8ef44702330dc21117f581aab7f7717a52f1770ce7bcc2,cb51bc907b645c786421c2f77c226c7bbbfe6f210f2b63ef1d34692c96351f29,0,0.9997559325044217,96000,24812,[REDACTED_LOCAL_PATH]\Tony Hidayat\AQ_OpenWorld_Codec_Provenance\42_bh_derivatives\encoded\05f3a8495ac5ee340311b0cc.mp3,[REDACTED_LOCAL_PATH]\Tony Hidayat\AQ_OpenWorld_Codec_Provenance\42_bh_derivatives\decoded_raw\05f3a8495ac5ee340311b0cc.wav,[REDACTED_LOCAL_PATH]\Tony Hidayat\AQ_OpenWorld_Codec_Provenance\42_bh_derivatives\aligned_pcm\05f3a8495ac5ee340311b0cc.wav,AQ2D0BH_DERIV_V1|0e4073a5d7c87ddc5de0bb26f62a658b|MP3|96|libmp3lame|57c56e369d5b4873b4d93fc1a1d833cb7cd8bc9325c14b05c34ce60b22842d8a,0,0,0,mp3,PASS,"""[REDACTED_LOCAL_PATH]\Tony Hidayat\AQ_OpenWorld_Codec_Provenance\tools\gyan_ffmpeg_9.0_full\bin\ffmpeg.exe"" -y -hide_banner -i ""[REDACTED_LOCAL_PATH]\Tony Hidayat\AQ_OpenWorld_Codec_Provenance\39_bh_speech\canonical_selected\6930-75918-0015.wav"" -map_metadata -1 -vn -sn -dn -c:a libmp3lame -b:a 96k ""[REDACTED_LOCAL_PATH]\Tony Hidayat\AQ_OpenWorld_Codec_Provenance\42_bh_derivatives\encoded\05f3a8495ac5ee340311b0cc.mp3""","""[REDACTED_LOCAL_PATH]\Tony Hidayat\AQ_OpenWorld_Codec_Provenance\tools\gyan_ffmpeg_9.0_full\bin\ffprobe.exe"" -v error -show_entries stream=codec_name,sample_rate,channels,duration,bit_rate:format=format_name,duration,bit_rate -of json ""[REDACTED_LOCAL_PATH]\Tony Hidayat\AQ_OpenWorld_Codec_Provenance\42_bh_derivatives\encoded\05f3a8495ac5ee340311b0cc.mp3""","[REDACTED_LOCAL_PATH]\AppData\Local\CapCut\Apps\7.7.0.3143\ffmpeg.exe -y -hide_banner -i ""[REDACTED_LOCAL_PATH]\Tony Hidayat\AQ_OpenWorld_Codec_Provenance\42_bh_derivatives\encoded\05f3a8495ac5ee340311b0cc.mp3"" -map_metadata -1 -vn -sn -dn -ac 1 -ar 48000 -sample_fmt s16 ""[REDACTED_LOCAL_PATH]\Tony Hidayat\AQ_OpenWorld_Codec_Provenance\42_bh_derivatives\decoded_raw\05f3a8495ac5ee340311b0cc.wav"""
408f4568a4be34ca9aa7be32,0e4073a5d7c87ddc5de0bb26f62a658b,6930,MP3,libmp3lame,libmp3lame,128,132.272,25cb1fac92bc71341dff9a00319bcd5dfa551f2079b5a0b0e5dc1d96fff999e8,ea52d28198d829c6be9dfeefb9179ffe2d4748353296bf521c08d6113f4056cb,0,0.9999800621708632,96000,33068,[REDACTED_LOCAL_PATH]\Tony Hidayat\AQ_OpenWorld_Codec_Provenance\42_bh_derivatives\encoded\408f4568a4be34ca9aa7be32.mp3,[REDACTED_LOCAL_PATH]\Tony Hidayat\AQ_OpenWorld_Codec_Provenance\42_bh_derivatives\decoded_raw\408f4568a4be34ca9aa7be32.wav,[REDACTED_LOCAL_PATH]\Tony Hidayat\AQ_OpenWorld_Codec_Provenance\42_bh_derivatives\aligned_pcm\408f4568a4be34ca9aa7be32.wav,AQ2D0BH_DERIV_V1|0e4073a5d7c87ddc5de0bb26f62a658b|MP3|128|libmp3lame|57c56e369d5b4873b4d93fc1a1d833cb7cd8bc9325c14b05c34ce60b22842d8a,0,0,0,mp3,PASS,"""[REDACTED_LOCAL_PATH]\Tony Hidayat\AQ_OpenWorld_Codec_Provenance\tools\gyan_ffmpeg_9.0_full\bin\ffmpeg.exe"" -y -hide_banner -i ""[REDACTED_LOCAL_PATH]\Tony Hidayat\AQ_OpenWorld_Codec_Provenance\39_bh_speech\canonical_selected\6930-75918-0015.wav"" -map_metadata -1 -vn -sn -dn -c:a libmp3lame -b:a 128k ""[REDACTED_LOCAL_PATH]\Tony Hidayat\AQ_OpenWorld_Codec_Provenance\42_bh_derivatives\encoded\408f4568a4be34ca9aa7be32.mp3""","""[REDACTED_LOCAL_PATH]\Tony Hidayat\AQ_OpenWorld_Codec_Provenance\tools\gyan_ffmpeg_9.0_full\bin\ffprobe.exe"" -v error -show_entries stream=codec_name,sample_rate,channels,duration,bit_rate:format=format_name,duration,bit_rate -of json ""[REDACTED_LOCAL_PATH]\Tony Hidayat\AQ_OpenWorld_Codec_Provenance\42_bh_derivatives\encoded\408f4568a4be34ca9aa7be32.mp3""","[REDACTED_LOCAL_PATH]\AppData\Local\CapCut\Apps\7.7.0.3143\ffmpeg.exe -y -hide_banner -i ""[REDACTED_LOCAL_PATH]\Tony Hidayat\AQ_OpenWorld_Codec_Provenance\42_bh_derivatives\encoded\408f4568a4be34ca9aa7be32.mp3"" -map_metadata -1 -vn -sn -dn -ac 1 -ar 48000 -sample_fmt s16 ""[REDACTED_LOCAL_PATH]\Tony Hidayat\AQ_OpenWorld_Codec_Provenance\42_bh_derivatives\decoded_raw\408f4568a4be34ca9aa7be32.wav"""
7dfe9c2ac9c406ffb84c4023,0e4073a5d7c87ddc5de0bb26f62a658b,6930,Opus,libopus,libopus,32,33.588,58b739bc2b95bb1f24de303a955c8a36de480859c80306047f06bd1074a7fae8,efc934ba37c724dcd9fd3418c6dec29a4004e37b7077564fd146b58d6fcab11f,0,0.9683624805616378,96000,8397,[REDACTED_LOCAL_PATH]\Tony Hidayat\AQ_OpenWorld_Codec_Provenance\42_bh_derivatives\encoded\7dfe9c2ac9c406ffb84c4023.opus,[REDACTED_LOCAL_PATH]\Tony Hidayat\AQ_OpenWorld_Codec_Provenance\42_bh_derivatives\decoded_raw\7dfe9c2ac9c406ffb84c4023.wav,[REDACTED_LOCAL_PATH]\Tony Hidayat\AQ_OpenWorld_Codec_Provenance\42_bh_derivatives\aligned_pcm\7dfe9c2ac9c406ffb84c4023.wav,AQ2D0BH_DERIV_V1|0e4073a5d7c87ddc5de0bb26f62a658b|Opus|32|libopus|57c56e369d5b4873b4d93fc1a1d833cb7cd8bc9325c14b05c34ce60b22842d8a,0,0,0,opus,PASS,"""[REDACTED_LOCAL_PATH]\Tony Hidayat\AQ_OpenWorld_Codec_Provenance\tools\gyan_ffmpeg_9.0_full\bin\ffmpeg.exe"" -y -hide_banner -i ""[REDACTED_LOCAL_PATH]\Tony Hidayat\AQ_OpenWorld_Codec_Provenance\39_bh_speech\canonical_selected\6930-75918-0015.wav"" -map_metadata -1 -vn -sn -dn -c:a libopus -b:a 32k -vbr off ""[REDACTED_LOCAL_PATH]\Tony Hidayat\AQ_OpenWorld_Codec_Provenance\42_bh_derivatives\encoded\7dfe9c2ac9c406ffb84c4023.opus""","""[REDACTED_LOCAL_PATH]\Tony Hidayat\AQ_OpenWorld_Codec_Provenance\tools\gyan_ffmpeg_9.0_full\bin\ffprobe.exe"" -v error -show_entries stream=codec_name,sample_rate,channels,duration,bit_rate:format=format_name,duration,bit_rate -of json ""[REDACTED_LOCAL_PATH]\Tony Hidayat\AQ_OpenWorld_Codec_Provenance\42_bh_derivatives\encoded\7dfe9c2ac9c406ffb84c4023.opus""","[REDACTED_LOCAL_PATH]\AppData\Local\CapCut\Apps\7.7.0.3143\ffmpeg.exe -y -hide_banner -i ""[REDACTED_LOCAL_PATH]\Tony Hidayat\AQ_OpenWorld_Codec_Provenance\42_bh_derivatives\encoded\7dfe9c2ac9c406ffb84c4023.opus"" -map_metadata -1 -vn -sn -dn -ac 1 -ar 48000 -sample_fmt s16 ""[REDACTED_LOCAL_PATH]\Tony Hidayat\AQ_OpenWorld_Codec_Provenance\42_bh_derivatives\decoded_raw\7dfe9c2ac9c406ffb84c4023.wav"""
f72791063b8ac07a4a8abb98,0e4073a5d7c87ddc5de0bb26f62a658b,6930,Opus,libopus,libopus,80,82.068,e91491e3fa42f1be1a72ad2b5aa2f9c5e09f16b0a4a83f2420c3bbf48c486b3b,f99ec74d444906efebe2a1e154066089ba61e9082e1aff6b578d4b2edadf20a7,0,0.9907935180405902,96000,20517,[REDACTED_LOCAL_PATH]\Tony Hidayat\AQ_OpenWorld_Codec_Provenance\42_bh_derivatives\encoded\f72791063b8ac07a4a8abb98.opus,[REDACTED_LOCAL_PATH]\Tony Hidayat\AQ_OpenWorld_Codec_Provenance\42_bh_derivatives\decoded_raw\f72791063b8ac07a4a8abb98.wav,[REDACTED_LOCAL_PATH]\Tony Hidayat\AQ_OpenWorld_Codec_Provenance\42_bh_derivatives\aligned_pcm\f72791063b8ac07a4a8abb98.wav,AQ2D0BH_DERIV_V1|0e4073a5d7c87ddc5de0bb26f62a658b|Opus|80|libopus|57c56e369d5b4873b4d93fc1a1d833cb7cd8bc9325c14b05c34ce60b22842d8a,0,0,0,opus,PASS,"""[REDACTED_LOCAL_PATH]\Tony Hidayat\AQ_OpenWorld_Codec_Provenance\tools\gyan_ffmpeg_9.0_full\bin\ffmpeg.exe"" -y -hide_banner -i ""[REDACTED_LOCAL_PATH]\Tony Hidayat\AQ_OpenWorld_Codec_Provenance\39_bh_speech\canonical_selected\6930-75918-0015.wav"" -map_metadata -1 -vn -sn -dn -c:a libopus -b:a 80k -vbr off ""[REDACTED_LOCAL_PATH]\Tony Hidayat\AQ_OpenWorld_Codec_Provenance\42_bh_derivatives\encoded\f72791063b8ac07a4a8abb98.opus""","""[REDACTED_LOCAL_PATH]\Tony Hidayat\AQ_OpenWorld_Codec_Provenance\tools\gyan_ffmpeg_9.0_full\bin\ffprobe.exe"" -v error -show_entries stream=codec_name,sample_rate,channels,duration,bit_rate:format=format_name,duration,bit_rate -of json ""[REDACTED_LOCAL_PATH]\Tony Hidayat\AQ_OpenWorld_Codec_Provenance\42_bh_derivatives\encoded\f72791063b8ac07a4a8abb98.opus""","[REDACTED_LOCAL_PATH]\AppData\Local\CapCut\Apps\7.7.0.3143\ffmpeg.exe -y -hide_banner -i ""[REDACTED_LOCAL_PATH]\Tony Hidayat\AQ_OpenWorld_Codec_Provenance\42_bh_derivatives\encoded\f72791063b8ac07a4a8abb98.opus"" -map_metadata -1 -vn -sn -dn -ac 1 -ar 48000 -sample_fmt s16 ""[REDACTED_LOCAL_PATH]\Tony Hidayat\AQ_OpenWorld_Codec_Provenance\42_bh_derivatives\decoded_raw\f72791063b8ac07a4a8abb98.wav"""
53032bba59cb5c984afebe91,0e4073a5d7c87ddc5de0bb26f62a658b,6930,Opus,libopus,libopus,96,98.228,d68e0e63937cfd23e0f51bad2cc12b45d4fec0b7232da5cc062fbfe9f1f69fdf,ee47291b68de1e8a9eb60b8739e2e678efa68a75bbdf01ed268838f8613cc95d,0,0.9933796827865836,96000,24557,[REDACTED_LOCAL_PATH]\Tony Hidayat\AQ_OpenWorld_Codec_Provenance\42_bh_derivatives\encoded\53032bba59cb5c984afebe91.opus,[REDACTED_LOCAL_PATH]\Tony Hidayat\AQ_OpenWorld_Codec_Provenance\42_bh_derivatives\decoded_raw\53032bba59cb5c984afebe91.wav,[REDACTED_LOCAL_PATH]\Tony Hidayat\AQ_OpenWorld_Codec_Provenance\42_bh_derivatives\aligned_pcm\53032bba59cb5c984afebe91.wav,AQ2D0BH_DERIV_V1|0e4073a5d7c87ddc5de0bb26f62a658b|Opus|96|libopus|57c56e369d5b4873b4d93fc1a1d833cb7cd8bc9325c14b05c34ce60b22842d8a,0,0,0,opus,PASS,"""[REDACTED_LOCAL_PATH]\Tony Hidayat\AQ_OpenWorld_Codec_Provenance\tools\gyan_ffmpeg_9.0_full\bin\ffmpeg.exe"" -y -hide_banner -i ""[REDACTED_LOCAL_PATH]\Tony Hidayat\AQ_OpenWorld_Codec_Provenance\39_bh_speech\canonical_selected\6930-75918-0015.wav"" -map_metadata -1 -vn -sn -dn -c:a libopus -b:a 96k -vbr off ""[REDACTED_LOCAL_PATH]\Tony Hidayat\AQ_OpenWorld_Codec_Provenance\42_bh_derivatives\encoded\53032bba59cb5c984afebe91.opus""","""[REDACTED_LOCAL_PATH]\Tony Hidayat\AQ_OpenWorld_Codec_Provenance\tools\gyan_ffmpeg_9.0_full\bin\ffprobe.exe"" -v error -show_entries stream=codec_name,sample_rate,channels,duration,bit_rate:format=format_name,duration,bit_rate -of json ""[REDACTED_LOCAL_PATH]\Tony Hidayat\AQ_OpenWorld_Codec_Provenance\42_bh_derivatives\encoded\53032bba59cb5c984afebe91.opus""","[REDACTED_LOCAL_PATH]\AppData\Local\CapCut\Apps\7.7.0.3143\ffmpeg.exe -y -hide_banner -i ""[REDACTED_LOCAL_PATH]\Tony Hidayat\AQ_OpenWorld_Codec_Provenance\42_bh_derivatives\encoded\53032bba59cb5c984afebe91.opus"" -map_metadata -1 -vn -sn -dn -ac 1 -ar 48000 -sample_fmt s16 ""[REDACTED_LOCAL_PATH]\Tony Hidayat\AQ_OpenWorld_Codec_Provenance\42_bh_derivatives\decoded_raw\53032bba59cb5c984afebe91.wav"""
b2aef304b996910ea851a956,0e4073a5d7c87ddc5de0bb26f62a658b,6930,Opus,libopus,libopus,128,130.952,6058eecb6e7c19804d3e0ea9ead3298b0952fbd0812f92bc06c3ca2807087d9e,7d2a9e7484289e190e29ce2761924606e7b870ee02d1cd1380c89042b98f7a40,0,0.9965438406915221,96000,32738,[REDACTED_LOCAL_PATH]\Tony Hidayat\AQ_OpenWorld_Codec_Provenance\42_bh_derivatives\encoded\b2aef304b996910ea851a956.opus,[REDACTED_LOCAL_PATH]\Tony Hidayat\AQ_OpenWorld_Codec_Provenance\42_bh_derivatives\decoded_raw\b2aef304b996910ea851a956.wav,[REDACTED_LOCAL_PATH]\Tony Hidayat\AQ_OpenWorld_Codec_Provenance\42_bh_derivatives\aligned_pcm\b2aef304b996910ea851a956.wav,AQ2D0BH_DERIV_V1|0e4073a5d7c87ddc5de0bb26f62a658b|Opus|128|libopus|57c56e369d5b4873b4d93fc1a1d833cb7cd8bc9325c14b05c34ce60b22842d8a,0,0,0,opus,PASS,"""[REDACTED_LOCAL_PATH]\Tony Hidayat\AQ_OpenWorld_Codec_Provenance\tools\gyan_ffmpeg_9.0_full\bin\ffmpeg.exe"" -y -hide_banner -i ""[REDACTED_LOCAL_PATH]\Tony Hidayat\AQ_OpenWorld_Codec_Provenance\39_bh_speech\canonical_selected\6930-75918-0015.wav"" -map_metadata -1 -vn -sn -dn -c:a libopus -b:a 128k -vbr off ""[REDACTED_LOCAL_PATH]\Tony Hidayat\AQ_OpenWorld_Codec_Provenance\42_bh_derivatives\encoded\b2aef304b996910ea851a956.opus""","""[REDACTED_LOCAL_PATH]\Tony Hidayat\AQ_OpenWorld_Codec_Provenance\tools\gyan_ffmpeg_9.0_full\bin\ffprobe.exe"" -v error -show_entries stream=codec_name,sample_rate,channels,duration,bit_rate:format=format_name,duration,bit_rate -of json ""[REDACTED_LOCAL_PATH]\Tony Hidayat\AQ_OpenWorld_Codec_Provenance\42_bh_derivatives\encoded\b2aef304b996910ea851a956.opus""","[REDACTED_LOCAL_PATH]\AppData\Local\CapCut\Apps\7.7.0.3143\ffmpeg.exe -y -hide_banner -i ""[REDACTED_LOCAL_PATH]\Tony Hidayat\AQ_OpenWorld_Codec_Provenance\42_bh_derivatives\encoded\b2aef304b996910ea851a956.opus"" -map_metadata -1 -vn -sn -dn -ac 1 -ar 48000 -sample_fmt s16 ""[REDACTED_LOCAL_PATH]\Tony Hidayat\AQ_OpenWorld_Codec_Provenance\42_bh_derivatives\decoded_raw\b2aef304b996910ea851a956.wav"""
62cb648b0d5ea3eedeb044f4,149045ec18bf4a16f881d8c97540edd3,1221,AAC,aac,FFmpeg-native AAC,32,37.372,fda1e62ade3c3f0d73b5b4b87a6d4a3d18c36aa7ef1eeb46077e61a0bfc1e02c,9bac2aa9b4c7e7bbad03d366a4dfe2b2b132f4db10c6a4c4dff118e6bfe44640,0,0.892765916246381,96000,9343,[REDACTED_LOCAL_PATH]\Tony Hidayat\AQ_OpenWorld_Codec_Provenance\42_bh_derivatives\encoded\62cb648b0d5ea3eedeb044f4.m4a,[REDACTED_LOCAL_PATH]\Tony Hidayat\AQ_OpenWorld_Codec_Provenance\42_bh_derivatives\decoded_raw\62cb648b0d5ea3eedeb044f4.wav,[REDACTED_LOCAL_PATH]\Tony Hidayat\AQ_OpenWorld_Codec_Provenance\42_bh_derivatives\aligned_pcm\62cb648b0d5ea3eedeb044f4.wav,AQ2D0BH_DERIV_V1|149045ec18bf4a16f881d8c97540edd3|AAC|32|FFmpeg-native AAC|57c56e369d5b4873b4d93fc1a1d833cb7cd8bc9325c14b05c34ce60b22842d8a,0,0,0,aac,PASS,"""[REDACTED_LOCAL_PATH]\Tony Hidayat\AQ_OpenWorld_Codec_Provenance\tools\gyan_ffmpeg_9.0_full\bin\ffmpeg.exe"" -y -hide_banner -i ""[REDACTED_LOCAL_PATH]\Tony Hidayat\AQ_OpenWorld_Codec_Provenance\39_bh_speech\canonical_selected\1221-135767-0023.wav"" -map_metadata -1 -vn -sn -dn -c:a aac -b:a 32k ""[REDACTED_LOCAL_PATH]\Tony Hidayat\AQ_OpenWorld_Codec_Provenance\42_bh_derivatives\encoded\62cb648b0d5ea3eedeb044f4.m4a""","""[REDACTED_LOCAL_PATH]\Tony Hidayat\AQ_OpenWorld_Codec_Provenance\tools\gyan_ffmpeg_9.0_full\bin\ffprobe.exe"" -v error -show_entries stream=codec_name,sample_rate,channels,duration,bit_rate:format=format_name,duration,bit_rate -of json ""[REDACTED_LOCAL_PATH]\Tony Hidayat\AQ_OpenWorld_Codec_Provenance\42_bh_derivatives\encoded\62cb648b0d5ea3eedeb044f4.m4a""","[REDACTED_LOCAL_PATH]\AppData\Local\CapCut\Apps\7.7.0.3143\ffmpeg.exe -y -hide_banner -i ""[REDACTED_LOCAL_PATH]\Tony Hidayat\AQ_OpenWorld_Codec_Provenance\42_bh_derivatives\encoded\62cb648b0d5ea3eedeb044f4.m4a"" -map_metadata -1 -vn -sn -dn -ac 1 -ar 48000 -sample_fmt s16 ""[REDACTED_LOCAL_PATH]\Tony Hidayat\AQ_OpenWorld_Codec_Provenance\42_bh_derivatives\decoded_raw\62cb648b0d5ea3eedeb044f4.wav"""
1c243f551204b293909a6e2a,149045ec18bf4a16f881d8c97540edd3,1221,AAC,aac,FFmpeg-native AAC,80,86.864,bb46069dee508b23e4e3129a0cb3e94c18bac80fdcf727a8015a2d2e18e72b73,e8441a184db4d3f1dc7d4edd595124ab8d184f0c387c7e7922df2bf061dde0df,0,0.9981450799735144,96000,21716,[REDACTED_LOCAL_PATH]\Tony Hidayat\AQ_OpenWorld_Codec_Provenance\42_bh_derivatives\encoded\1c243f551204b293909a6e2a.m4a,[REDACTED_LOCAL_PATH]\Tony Hidayat\AQ_OpenWorld_Codec_Provenance\42_bh_derivatives\decoded_raw\1c243f551204b293909a6e2a.wav,[REDACTED_LOCAL_PATH]\Tony Hidayat\AQ_OpenWorld_Codec_Provenance\42_bh_derivatives\aligned_pcm\1c243f551204b293909a6e2a.wav,AQ2D0BH_DERIV_V1|149045ec18bf4a16f881d8c97540edd3|AAC|80|FFmpeg-native AAC|57c56e369d5b4873b4d93fc1a1d833cb7cd8bc9325c14b05c34ce60b22842d8a,0,0,0,aac,PASS,"""[REDACTED_LOCAL_PATH]\Tony Hidayat\AQ_OpenWorld_Codec_Provenance\tools\gyan_ffmpeg_9.0_full\bin\ffmpeg.exe"" -y -hide_banner -i ""[REDACTED_LOCAL_PATH]\Tony Hidayat\AQ_OpenWorld_Codec_Provenance\39_bh_speech\canonical_selected\1221-135767-0023.wav"" -map_metadata -1 -vn -sn -dn -c:a aac -b:a 80k ""[REDACTED_LOCAL_PATH]\Tony Hidayat\AQ_OpenWorld_Codec_Provenance\42_bh_derivatives\encoded\1c243f551204b293909a6e2a.m4a""","""[REDACTED_LOCAL_PATH]\Tony Hidayat\AQ_OpenWorld_Codec_Provenance\tools\gyan_ffmpeg_9.0_full\bin\ffprobe.exe"" -v error -show_entries stream=codec_name,sample_rate,channels,duration,bit_rate:format=format_name,duration,bit_rate -of json ""[REDACTED_LOCAL_PATH]\Tony Hidayat\AQ_OpenWorld_Codec_Provenance\42_bh_derivatives\encoded\1c243f551204b293909a6e2a.m4a""","[REDACTED_LOCAL_PATH]\AppData\Local\CapCut\Apps\7.7.0.3143\ffmpeg.exe -y -hide_banner -i ""[REDACTED_LOCAL_PATH]\Tony Hidayat\AQ_OpenWorld_Codec_Provenance\42_bh_derivatives\encoded\1c243f551204b293909a6e2a.m4a"" -map_metadata -1 -vn -sn -dn -ac 1 -ar 48000 -sample_fmt s16 ""[REDACTED_LOCAL_PATH]\Tony Hidayat\AQ_OpenWorld_Codec_Provenance\42_bh_derivatives\decoded_raw\1c243f551204b293909a6e2a.wav"""
8f80af359f3a3f75871a5e37,149045ec18bf4a16f881d8c97540edd3,1221,AAC,aac,FFmpeg-native AAC,96,103.688,a0fc69e551d512ddd395330f6b91362b826160300ffa3fad3b49c97a6dcb9855,333c90440d77288ab2f6dfe13a2a8db2e144395feb3e8eacca70489ae3b7de53,0,0.9915002105919535,96000,25922,[REDACTED_LOCAL_PATH]\Tony Hidayat\AQ_OpenWorld_Codec_Provenance\42_bh_derivatives\encoded\8f80af359f3a3f75871a5e37.m4a,[REDACTED_LOCAL_PATH]\Tony Hidayat\AQ_OpenWorld_Codec_Provenance\42_bh_derivatives\decoded_raw\8f80af359f3a3f75871a5e37.wav,[REDACTED_LOCAL_PATH]\Tony Hidayat\AQ_OpenWorld_Codec_Provenance\42_bh_derivatives\aligned_pcm\8f80af359f3a3f75871a5e37.wav,AQ2D0BH_DERIV_V1|149045ec18bf4a16f881d8c97540edd3|AAC|96|FFmpeg-native AAC|57c56e369d5b4873b4d93fc1a1d833cb7cd8bc9325c14b05c34ce60b22842d8a,0,0,0,aac,PASS,"""[REDACTED_LOCAL_PATH]\Tony Hidayat\AQ_OpenWorld_Codec_Provenance\tools\gyan_ffmpeg_9.0_full\bin\ffmpeg.exe"" -y -hide_banner -i ""[REDACTED_LOCAL_PATH]\Tony Hidayat\AQ_OpenWorld_Codec_Provenance\39_bh_speech\canonical_selected\1221-135767-0023.wav"" -map_metadata -1 -vn -sn -dn -c:a aac -b:a 96k ""[REDACTED_LOCAL_PATH]\Tony Hidayat\AQ_OpenWorld_Codec_Provenance\42_bh_derivatives\encoded\8f80af359f3a3f75871a5e37.m4a""","""[REDACTED_LOCAL_PATH]\Tony Hidayat\AQ_OpenWorld_Codec_Provenance\tools\gyan_ffmpeg_9.0_full\bin\ffprobe.exe"" -v error -show_entries stream=codec_name,sample_rate,channels,duration,bit_rate:format=format_name,duration,bit_rate -of json ""[REDACTED_LOCAL_PATH]\Tony Hidayat\AQ_OpenWorld_Codec_Provenance\42_bh_derivatives\encoded\8f80af359f3a3f75871a5e37.m4a""","[REDACTED_LOCAL_PATH]\AppData\Local\CapCut\Apps\7.7.0.3143\ffmpeg.exe -y -hide_banner -i ""[REDACTED_LOCAL_PATH]\Tony Hidayat\AQ_OpenWorld_Codec_Provenance\42_bh_derivatives\encoded\8f80af359f3a3f75871a5e37.m4a"" -map_metadata -1 -vn -sn -dn -ac 1 -ar 48000 -sample_fmt s16 ""[REDACTED_LOCAL_PATH]\Tony Hidayat\AQ_OpenWorld_Codec_Provenance\42_bh_derivatives\decoded_raw\8f80af359f3a3f75871a5e37.wav"""
e3ce5244e190add11deee961,149045ec18bf4a16f881d8c97540edd3,1221,AAC,aac,FFmpeg-native AAC,128,132.748,8bb14ac4bd8bb08a498829566e66e712305695eaee1b12938d38d1a9179d511b,0991b4fa02af513a3a76500a29b50e09d526126fc18372eccfeff4626e9a2dbd,0,0.9991505393232201,96000,33187,[REDACTED_LOCAL_PATH]\Tony Hidayat\AQ_OpenWorld_Codec_Provenance\42_bh_derivatives\encoded\e3ce5244e190add11deee961.m4a,[REDACTED_LOCAL_PATH]\Tony Hidayat\AQ_OpenWorld_Codec_Provenance\42_bh_derivatives\decoded_raw\e3ce5244e190add11deee961.wav,[REDACTED_LOCAL_PATH]\Tony Hidayat\AQ_OpenWorld_Codec_Provenance\42_bh_derivatives\aligned_pcm\e3ce5244e190add11deee961.wav,AQ2D0BH_DERIV_V1|149045ec18bf4a16f881d8c97540edd3|AAC|128|FFmpeg-native AAC|57c56e369d5b4873b4d93fc1a1d833cb7cd8bc9325c14b05c34ce60b22842d8a,0,0,0,aac,PASS,"""[REDACTED_LOCAL_PATH]\Tony Hidayat\AQ_OpenWorld_Codec_Provenance\tools\gyan_ffmpeg_9.0_full\bin\ffmpeg.exe"" -y -hide_banner -i ""[REDACTED_LOCAL_PATH]\Tony Hidayat\AQ_OpenWorld_Codec_Provenance\39_bh_speech\canonical_selected\1221-135767-0023.wav"" -map_metadata -1 -vn -sn -dn -c:a aac -b:a 128k ""[REDACTED_LOCAL_PATH]\Tony Hidayat\AQ_OpenWorld_Codec_Provenance\42_bh_derivatives\encoded\e3ce5244e190add11deee961.m4a""","""[REDACTED_LOCAL_PATH]\Tony Hidayat\AQ_OpenWorld_Codec_Provenance\tools\gyan_ffmpeg_9.0_full\bin\ffprobe.exe"" -v error -show_entries stream=codec_name,sample_rate,channels,duration,bit_rate:format=format_name,duration,bit_rate -of json ""[REDACTED_LOCAL_PATH]\Tony Hidayat\AQ_OpenWorld_Codec_Provenance\42_bh_derivatives\encoded\e3ce5244e190add11deee961.m4a""","[REDACTED_LOCAL_PATH]\AppData\Local\CapCut\Apps\7.7.0.3143\ffmpeg.exe -y -hide_banner -i ""[REDACTED_LOCAL_PATH]\Tony Hidayat\AQ_OpenWorld_Codec_Provenance\42_bh_derivatives\encoded\e3ce5244e190add11deee961.m4a"" -map_metadata -1 -vn -sn -dn -ac 1 -ar 48000 -sample_fmt s16 ""[REDACTED_LOCAL_PATH]\Tony Hidayat\AQ_OpenWorld_Codec_Provenance\42_bh_derivatives\decoded_raw\e3ce5244e190add11deee961.wav"""
e5e5decbbd07852005865dbc,149045ec18bf4a16f881d8c97540edd3,1221,MP3,libmp3lame,libmp3lame,32,33.584,64e5ca4c507931f5d00e7241ee2f0dec44bca17d3a5674c64e1caca94565824a,c52ee133036ccb728320e0b1f48d9107911f9acba7aa81e029eaf9c9180c5521,0,0.9356203568937154,96000,8396,[REDACTED_LOCAL_PATH]\Tony Hidayat\AQ_OpenWorld_Codec_Provenance\42_bh_derivatives\encoded\e5e5decbbd07852005865dbc.mp3,[REDACTED_LOCAL_PATH]\Tony Hidayat\AQ_OpenWorld_Codec_Provenance\42_bh_derivatives\decoded_raw\e5e5decbbd07852005865dbc.wav,[REDACTED_LOCAL_PATH]\Tony Hidayat\AQ_OpenWorld_Codec_Provenance\42_bh_derivatives\aligned_pcm\e5e5decbbd07852005865dbc.wav,AQ2D0BH_DERIV_V1|149045ec18bf4a16f881d8c97540edd3|MP3|32|libmp3lame|57c56e369d5b4873b4d93fc1a1d833cb7cd8bc9325c14b05c34ce60b22842d8a,0,0,0,mp3,PASS,"""[REDACTED_LOCAL_PATH]\Tony Hidayat\AQ_OpenWorld_Codec_Provenance\tools\gyan_ffmpeg_9.0_full\bin\ffmpeg.exe"" -y -hide_banner -i ""[REDACTED_LOCAL_PATH]\Tony Hidayat\AQ_OpenWorld_Codec_Provenance\39_bh_speech\canonical_selected\1221-135767-0023.wav"" -map_metadata -1 -vn -sn -dn -c:a libmp3lame -b:a 32k ""[REDACTED_LOCAL_PATH]\Tony Hidayat\AQ_OpenWorld_Codec_Provenance\42_bh_derivatives\encoded\e5e5decbbd07852005865dbc.mp3""","""[REDACTED_LOCAL_PATH]\Tony Hidayat\AQ_OpenWorld_Codec_Provenance\tools\gyan_ffmpeg_9.0_full\bin\ffprobe.exe"" -v error -show_entries stream=codec_name,sample_rate,channels,duration,bit_rate:format=format_name,duration,bit_rate -of json ""[REDACTED_LOCAL_PATH]\Tony Hidayat\AQ_OpenWorld_Codec_Provenance\42_bh_derivatives\encoded\e5e5decbbd07852005865dbc.mp3""","[REDACTED_LOCAL_PATH]\AppData\Local\CapCut\Apps\7.7.0.3143\ffmpeg.exe -y -hide_banner -i ""[REDACTED_LOCAL_PATH]\Tony Hidayat\AQ_OpenWorld_Codec_Provenance\42_bh_derivatives\encoded\e5e5decbbd07852005865dbc.mp3"" -map_metadata -1 -vn -sn -dn -ac 1 -ar 48000 -sample_fmt s16 ""[REDACTED_LOCAL_PATH]\Tony Hidayat\AQ_OpenWorld_Codec_Provenance\42_bh_derivatives\decoded_raw\e5e5decbbd07852005865dbc.wav"""
d19eda955238ef98a29d265e,149045ec18bf4a16f881d8c97540edd3,1221,MP3,libmp3lame,libmp3lame,80,82.736,bcf8e9982b09ebfbf184f52a62a0f2b301f3ea5f6e3cc40fd4780f32b521b75e,af911a1b510878f5a3ade13c73a08a4f1043c41edd75517ac0c0ba41fd6e99d4,0,0.9988106611926973,96000,20684,[REDACTED_LOCAL_PATH]\Tony Hidayat\AQ_OpenWorld_Codec_Provenance\42_bh_derivatives\encoded\d19eda955238ef98a29d265e.mp3,[REDACTED_LOCAL_PATH]\Tony Hidayat\AQ_OpenWorld_Codec_Provenance\42_bh_derivatives\decoded_raw\d19eda955238ef98a29d265e.wav,[REDACTED_LOCAL_PATH]\Tony Hidayat\AQ_OpenWorld_Codec_Provenance\42_bh_derivatives\aligned_pcm\d19eda955238ef98a29d265e.wav,AQ2D0BH_DERIV_V1|149045ec18bf4a16f881d8c97540edd3|MP3|80|libmp3lame|57c56e369d5b4873b4d93fc1a1d833cb7cd8bc9325c14b05c34ce60b22842d8a,0,0,0,mp3,PASS,"""[REDACTED_LOCAL_PATH]\Tony Hidayat\AQ_OpenWorld_Codec_Provenance\tools\gyan_ffmpeg_9.0_full\bin\ffmpeg.exe"" -y -hide_banner -i ""[REDACTED_LOCAL_PATH]\Tony Hidayat\AQ_OpenWorld_Codec_Provenance\39_bh_speech\canonical_selected\1221-135767-0023.wav"" -map_metadata -1 -vn -sn -dn -c:a libmp3lame -b:a 80k ""[REDACTED_LOCAL_PATH]\Tony Hidayat\AQ_OpenWorld_Codec_Provenance\42_bh_derivatives\encoded\d19eda955238ef98a29d265e.mp3""","""[REDACTED_LOCAL_PATH]\Tony Hidayat\AQ_OpenWorld_Codec_Provenance\tools\gyan_ffmpeg_9.0_full\bin\ffprobe.exe"" -v error -show_entries stream=codec_name,sample_rate,channels,duration,bit_rate:format=format_name,duration,bit_rate -of json ""[REDACTED_LOCAL_PATH]\Tony Hidayat\AQ_OpenWorld_Codec_Provenance\42_bh_derivatives\encoded\d19eda955238ef98a29d265e.mp3""","[REDACTED_LOCAL_PATH]\AppData\Local\CapCut\Apps\7.7.0.3143\ffmpeg.exe -y -hide_banner -i ""[REDACTED_LOCAL_PATH]\Tony Hidayat\AQ_OpenWorld_Codec_Provenance\42_bh_derivatives\encoded\d19eda955238ef98a29d265e.mp3"" -map_metadata -1 -vn -sn -dn -ac 1 -ar 48000 -sample_fmt s16 ""[REDACTED_LOCAL_PATH]\Tony Hidayat\AQ_OpenWorld_Codec_Provenance\42_bh_derivatives\decoded_raw\d19eda955238ef98a29d265e.wav"""
2bf1f4faab9d79ef2c926d1d,149045ec18bf4a16f881d8c97540edd3,1221,MP3,libmp3lame,libmp3lame,96,99.248,f8933539bd5f429cd6c0b6f21ee454ca6a3ff0453624ecc574ff9a92eb52e380,ab3788f4a369150a29df9a0da29292c7cbc12b6be3ec829f72d562de1ea51594,0,0.9996815922807881,96000,24812,[REDACTED_LOCAL_PATH]\Tony Hidayat\AQ_OpenWorld_Codec_Provenance\42_bh_derivatives\encoded\2bf1f4faab9d79ef2c926d1d.mp3,[REDACTED_LOCAL_PATH]\Tony Hidayat\AQ_OpenWorld_Codec_Provenance\42_bh_derivatives\decoded_raw\2bf1f4faab9d79ef2c926d1d.wav,[REDACTED_LOCAL_PATH]\Tony Hidayat\AQ_OpenWorld_Codec_Provenance\42_bh_derivatives\aligned_pcm\2bf1f4faab9d79ef2c926d1d.wav,AQ2D0BH_DERIV_V1|149045ec18bf4a16f881d8c97540edd3|MP3|96|libmp3lame|57c56e369d5b4873b4d93fc1a1d833cb7cd8bc9325c14b05c34ce60b22842d8a,0,0,0,mp3,PASS,"""[REDACTED_LOCAL_PATH]\Tony Hidayat\AQ_OpenWorld_Codec_Provenance\tools\gyan_ffmpeg_9.0_full\bin\ffmpeg.exe"" -y -hide_banner -i ""[REDACTED_LOCAL_PATH]\Tony Hidayat\AQ_OpenWorld_Codec_Provenance\39_bh_speech\canonical_selected\1221-135767-0023.wav"" -map_metadata -1 -vn -sn -dn -c:a libmp3lame -b:a 96k ""[REDACTED_LOCAL_PATH]\Tony Hidayat\AQ_OpenWorld_Codec_Provenance\42_bh_derivatives\encoded\2bf1f4faab9d79ef2c926d1d.mp3""","""[REDACTED_LOCAL_PATH]\Tony Hidayat\AQ_OpenWorld_Codec_Provenance\tools\gyan_ffmpeg_9.0_full\bin\ffprobe.exe"" -v error -show_entries stream=codec_name,sample_rate,channels,duration,bit_rate:format=format_name,duration,bit_rate -of json ""[REDACTED_LOCAL_PATH]\Tony Hidayat\AQ_OpenWorld_Codec_Provenance\42_bh_derivatives\encoded\2bf1f4faab9d79ef2c926d1d.mp3""","[REDACTED_LOCAL_PATH]\AppData\Local\CapCut\Apps\7.7.0.3143\ffmpeg.exe -y -hide_banner -i ""[REDACTED_LOCAL_PATH]\Tony Hidayat\AQ_OpenWorld_Codec_Provenance\42_bh_derivatives\encoded\2bf1f4faab9d79ef2c926d1d.mp3"" -map_metadata -1 -vn -sn -dn -ac 1 -ar 48000 -sample_fmt s16 ""[REDACTED_LOCAL_PATH]\Tony Hidayat\AQ_OpenWorld_Codec_Provenance\42_bh_derivatives\decoded_raw\2bf1f4faab9d79ef2c926d1d.wav"""
74bb542cc64820335f52f5c8,149045ec18bf4a16f881d8c97540edd3,1221,MP3,libmp3lame,libmp3lame,128,132.272,bc9e2f4c280354e9f7b55f1ba45314bafdf8c873cb95258039f04930c12b4c3a,0558067ca40fd5bba250d42cf55a192bfdec804260a14be44e5220174efd1a66,0,0.9999626214105236,96000,33068,[REDACTED_LOCAL_PATH]\Tony Hidayat\AQ_OpenWorld_Codec_Provenance\42_bh_derivatives\encoded\74bb542cc64820335f52f5c8.mp3,[REDACTED_LOCAL_PATH]\Tony Hidayat\AQ_OpenWorld_Codec_Provenance\42_bh_derivatives\decoded_raw\74bb542cc64820335f52f5c8.wav,[REDACTED_LOCAL_PATH]\Tony Hidayat\AQ_OpenWorld_Codec_Provenance\42_bh_derivatives\aligned_pcm\74bb542cc64820335f52f5c8.wav,AQ2D0BH_DERIV_V1|149045ec18bf4a16f881d8c97540edd3|MP3|128|libmp3lame|57c56e369d5b4873b4d93fc1a1d833cb7cd8bc9325c14b05c34ce60b22842d8a,0,0,0,mp3,PASS,"""[REDACTED_LOCAL_PATH]\Tony Hidayat\AQ_OpenWorld_Codec_Provenance\tools\gyan_ffmpeg_9.0_full\bin\ffmpeg.exe"" -y -hide_banner -i ""[REDACTED_LOCAL_PATH]\Tony Hidayat\AQ_OpenWorld_Codec_Provenance\39_bh_speech\canonical_selected\1221-135767-0023.wav"" -map_metadata -1 -vn -sn -dn -c:a libmp3lame -b:a 128k ""[REDACTED_LOCAL_PATH]\Tony Hidayat\AQ_OpenWorld_Codec_Provenance\42_bh_derivatives\encoded\74bb542cc64820335f52f5c8.mp3""","""[REDACTED_LOCAL_PATH]\Tony Hidayat\AQ_OpenWorld_Codec_Provenance\tools\gyan_ffmpeg_9.0_full\bin\ffprobe.exe"" -v error -show_entries stream=codec_name,sample_rate,channels,duration,bit_rate:format=format_name,duration,bit_rate -of json ""[REDACTED_LOCAL_PATH]\Tony Hidayat\AQ_OpenWorld_Codec_Provenance\42_bh_derivatives\encoded\74bb542cc64820335f52f5c8.mp3""","[REDACTED_LOCAL_PATH]\AppData\Local\CapCut\Apps\7.7.0.3143\ffmpeg.exe -y -hide_banner -i ""[REDACTED_LOCAL_PATH]\Tony Hidayat\AQ_OpenWorld_Codec_Provenance\42_bh_derivatives\encoded\74bb542cc64820335f52f5c8.mp3"" -map_metadata -1 -vn -sn -dn -ac 1 -ar 48000 -sample_fmt s16 ""[REDACTED_LOCAL_PATH]\Tony Hidayat\AQ_OpenWorld_Codec_Provenance\42_bh_derivatives\decoded_raw\74bb542cc64820335f52f5c8.wav"""
b32cd7429d733a355adc2543,149045ec18bf4a16f881d8c97540edd3,1221,Opus,libopus,libopus,32,33.588,97ec803372b57abfe5e449824042fc248dd71795e5ade1ab0ea5d6aca905edb7,6dd9ebad12aa78c07129de02578550ee0f307468c902a54199bea6f7b7ce0f41,0,0.9555252475141109,96000,8397,[REDACTED_LOCAL_PATH]\Tony Hidayat\AQ_OpenWorld_Codec_Provenance\42_bh_derivatives\encoded\b32cd7429d733a355adc2543.opus,[REDACTED_LOCAL_PATH]\Tony Hidayat\AQ_OpenWorld_Codec_Provenance\42_bh_derivatives\decoded_raw\b32cd7429d733a355adc2543.wav,[REDACTED_LOCAL_PATH]\Tony Hidayat\AQ_OpenWorld_Codec_Provenance\42_bh_derivatives\aligned_pcm\b32cd7429d733a355adc2543.wav,AQ2D0BH_DERIV_V1|149045ec18bf4a16f881d8c97540edd3|Opus|32|libopus|57c56e369d5b4873b4d93fc1a1d833cb7cd8bc9325c14b05c34ce60b22842d8a,0,0,0,opus,PASS,"""[REDACTED_LOCAL_PATH]\Tony Hidayat\AQ_OpenWorld_Codec_Provenance\tools\gyan_ffmpeg_9.0_full\bin\ffmpeg.exe"" -y -hide_banner -i ""[REDACTED_LOCAL_PATH]\Tony Hidayat\AQ_OpenWorld_Codec_Provenance\39_bh_speech\canonical_selected\1221-135767-0023.wav"" -map_metadata -1 -vn -sn -dn -c:a libopus -b:a 32k -vbr off ""[REDACTED_LOCAL_PATH]\Tony Hidayat\AQ_OpenWorld_Codec_Provenance\42_bh_derivatives\encoded\b32cd7429d733a355adc2543.opus""","""[REDACTED_LOCAL_PATH]\Tony Hidayat\AQ_OpenWorld_Codec_Provenance\tools\gyan_ffmpeg_9.0_full\bin\ffprobe.exe"" -v error -show_entries stream=codec_name,sample_rate,channels,duration,bit_rate:format=format_name,duration,bit_rate -of json ""[REDACTED_LOCAL_PATH]\Tony Hidayat\AQ_OpenWorld_Codec_Provenance\42_bh_derivatives\encoded\b32cd7429d733a355adc2543.opus""","[REDACTED_LOCAL_PATH]\AppData\Local\CapCut\Apps\7.7.0.3143\ffmpeg.exe -y -hide_banner -i ""[REDACTED_LOCAL_PATH]\Tony Hidayat\AQ_OpenWorld_Codec_Provenance\42_bh_derivatives\encoded\b32cd7429d733a355adc2543.opus"" -map_metadata -1 -vn -sn -dn -ac 1 -ar 48000 -sample_fmt s16 ""[REDACTED_LOCAL_PATH]\Tony Hidayat\AQ_OpenWorld_Codec_Provenance\42_bh_derivatives\decoded_raw\b32cd7429d733a355adc2543.wav"""
6618b4b03d05488f3d31aca3,149045ec18bf4a16f881d8c97540edd3,1221,Opus,libopus,libopus,80,82.068,dc3b917c085b6ea634a2b91bd6c634143d4b97b7719087eb820121ccfac0d06e,7cca60bd5473446efe03513f12f67966d5c63cb35094dbbc4e1e43a384f98bb9,0,0.9955059450782452,96000,20517,[REDACTED_LOCAL_PATH]\Tony Hidayat\AQ_OpenWorld_Codec_Provenance\42_bh_derivatives\encoded\6618b4b03d05488f3d31aca3.opus,[REDACTED_LOCAL_PATH]\Tony Hidayat\AQ_OpenWorld_Codec_Provenance\42_bh_derivatives\decoded_raw\6618b4b03d05488f3d31aca3.wav,[REDACTED_LOCAL_PATH]\Tony Hidayat\AQ_OpenWorld_Codec_Provenance\42_bh_derivatives\aligned_pcm\6618b4b03d05488f3d31aca3.wav,AQ2D0BH_DERIV_V1|149045ec18bf4a16f881d8c97540edd3|Opus|80|libopus|57c56e369d5b4873b4d93fc1a1d833cb7cd8bc9325c14b05c34ce60b22842d8a,0,0,0,opus,PASS,"""[REDACTED_LOCAL_PATH]\Tony Hidayat\AQ_OpenWorld_Codec_Provenance\tools\gyan_ffmpeg_9.0_full\bin\ffmpeg.exe"" -y -hide_banner -i ""[REDACTED_LOCAL_PATH]\Tony Hidayat\AQ_OpenWorld_Codec_Provenance\39_bh_speech\canonical_selected\1221-135767-0023.wav"" -map_metadata -1 -vn -sn -dn -c:a libopus -b:a 80k -vbr off ""[REDACTED_LOCAL_PATH]\Tony Hidayat\AQ_OpenWorld_Codec_Provenance\42_bh_derivatives\encoded\6618b4b03d05488f3d31aca3.opus""","""[REDACTED_LOCAL_PATH]\Tony Hidayat\AQ_OpenWorld_Codec_Provenance\tools\gyan_ffmpeg_9.0_full\bin\ffprobe.exe"" -v error -show_entries stream=codec_name,sample_rate,channels,duration,bit_rate:format=format_name,duration,bit_rate -of json ""[REDACTED_LOCAL_PATH]\Tony Hidayat\AQ_OpenWorld_Codec_Provenance\42_bh_derivatives\encoded\6618b4b03d05488f3d31aca3.opus""","[REDACTED_LOCAL_PATH]\AppData\Local\CapCut\Apps\7.7.0.3143\ffmpeg.exe -y -hide_banner -i ""[REDACTED_LOCAL_PATH]\Tony Hidayat\AQ_OpenWorld_Codec_Provenance\42_bh_derivatives\encoded\6618b4b03d05488f3d31aca3.opus"" -map_metadata -1 -vn -sn -dn -ac 1 -ar 48000 -sample_fmt s16 ""[REDACTED_LOCAL_PATH]\Tony Hidayat\AQ_OpenWorld_Codec_Provenance\42_bh_derivatives\decoded_raw\6618b4b03d05488f3d31aca3.wav"""
6d2c49de78cea56b90819c22,149045ec18bf4a16f881d8c97540edd3,1221,Opus,libopus,libopus,96,98.228,82d2bb7f45780186204f26872a2eafa74de5ff9ad3a6d31f6abd5cc4e9d958cd,025c20c534dab358f4f85377713ba0875b90ff03b9761ac262f32040dddcb255,0,0.996632710452907,96000,24557,[REDACTED_LOCAL_PATH]\Tony Hidayat\AQ_OpenWorld_Codec_Provenance\42_bh_derivatives\encoded\6d2c49de78cea56b90819c22.opus,[REDACTED_LOCAL_PATH]\Tony Hidayat\AQ_OpenWorld_Codec_Provenance\42_bh_derivatives\decoded_raw\6d2c49de78cea56b90819c22.wav,[REDACTED_LOCAL_PATH]\Tony Hidayat\AQ_OpenWorld_Codec_Provenance\42_bh_derivatives\aligned_pcm\6d2c49de78cea56b90819c22.wav,AQ2D0BH_DERIV_V1|149045ec18bf4a16f881d8c97540edd3|Opus|96|libopus|57c56e369d5b4873b4d93fc1a1d833cb7cd8bc9325c14b05c34ce60b22842d8a,0,0,0,opus,PASS,"""[REDACTED_LOCAL_PATH]\Tony Hidayat\AQ_OpenWorld_Codec_Provenance\tools\gyan_ffmpeg_9.0_full\bin\ffmpeg.exe"" -y -hide_banner -i ""[REDACTED_LOCAL_PATH]\Tony Hidayat\AQ_OpenWorld_Codec_Provenance\39_bh_speech\canonical_selected\1221-135767-0023.wav"" -map_metadata -1 -vn -sn -dn -c:a libopus -b:a 96k -vbr off ""[REDACTED_LOCAL_PATH]\Tony Hidayat\AQ_OpenWorld_Codec_Provenance\42_bh_derivatives\encoded\6d2c49de78cea56b90819c22.opus""","""[REDACTED_LOCAL_PATH]\Tony Hidayat\AQ_OpenWorld_Codec_Provenance\tools\gyan_ffmpeg_9.0_full\bin\ffprobe.exe"" -v error -show_entries stream=codec_name,sample_rate,channels,duration,bit_rate:format=format_name,duration,bit_rate -of json ""[REDACTED_LOCAL_PATH]\Tony Hidayat\AQ_OpenWorld_Codec_Provenance\42_bh_derivatives\encoded\6d2c49de78cea56b90819c22.opus""","[REDACTED_LOCAL_PATH]\AppData\Local\CapCut\Apps\7.7.0.3143\ffmpeg.exe -y -hide_banner -i ""[REDACTED_LOCAL_PATH]\Tony Hidayat\AQ_OpenWorld_Codec_Provenance\42_bh_derivatives\encoded\6d2c49de78cea56b90819c22.opus"" -map_metadata -1 -vn -sn -dn -ac 1 -ar 48000 -sample_fmt s16 ""[REDACTED_LOCAL_PATH]\Tony Hidayat\AQ_OpenWorld_Codec_Provenance\42_bh_derivatives\decoded_raw\6d2c49de78cea56b90819c22.wav"""
f06b1844f92b946a4a3b406b,149045ec18bf4a16f881d8c97540edd3,1221,Opus,libopus,libopus,128,130.952,67d147f3b7956a21be009130b5f39c64ad2bc1cae4a992b6bae6e6e895f38ffd,3983c52998c3ee55c11538327e913607dfe4a0d44a1b14b414029156bc7a7293,0,0.9987341077599338,96000,32738,[REDACTED_LOCAL_PATH]\Tony Hidayat\AQ_OpenWorld_Codec_Provenance\42_bh_derivatives\encoded\f06b1844f92b946a4a3b406b.opus,[REDACTED_LOCAL_PATH]\Tony Hidayat\AQ_OpenWorld_Codec_Provenance\42_bh_derivatives\decoded_raw\f06b1844f92b946a4a3b406b.wav,[REDACTED_LOCAL_PATH]\Tony Hidayat\AQ_OpenWorld_Codec_Provenance\42_bh_derivatives\aligned_pcm\f06b1844f92b946a4a3b406b.wav,AQ2D0BH_DERIV_V1|149045ec18bf4a16f881d8c97540edd3|Opus|128|libopus|57c56e369d5b4873b4d93fc1a1d833cb7cd8bc9325c14b05c34ce60b22842d8a,0,0,0,opus,PASS,"""[REDACTED_LOCAL_PATH]\Tony Hidayat\AQ_OpenWorld_Codec_Provenance\tools\gyan_ffmpeg_9.0_full\bin\ffmpeg.exe"" -y -hide_banner -i ""[REDACTED_LOCAL_PATH]\Tony Hidayat\AQ_OpenWorld_Codec_Provenance\39_bh_speech\canonical_selected\1221-135767-0023.wav"" -map_metadata -1 -vn -sn -dn -c:a libopus -b:a 128k -vbr off ""[REDACTED_LOCAL_PATH]\Tony Hidayat\AQ_OpenWorld_Codec_Provenance\42_bh_derivatives\encoded\f06b1844f92b946a4a3b406b.opus""","""[REDACTED_LOCAL_PATH]\Tony Hidayat\AQ_OpenWorld_Codec_Provenance\tools\gyan_ffmpeg_9.0_full\bin\ffprobe.exe"" -v error -show_entries stream=codec_name,sample_rate,channels,duration,bit_rate:format=format_name,duration,bit_rate -of json ""[REDACTED_LOCAL_PATH]\Tony Hidayat\AQ_OpenWorld_Codec_Provenance\42_bh_derivatives\encoded\f06b1844f92b946a4a3b406b.opus""","[REDACTED_LOCAL_PATH]\AppData\Local\CapCut\Apps\7.7.0.3143\ffmpeg.exe -y -hide_banner -i ""[REDACTED_LOCAL_PATH]\Tony Hidayat\AQ_OpenWorld_Codec_Provenance\42_bh_derivatives\encoded\f06b1844f92b946a4a3b406b.opus"" -map_metadata -1 -vn -sn -dn -ac 1 -ar 48000 -sample_fmt s16 ""[REDACTED_LOCAL_PATH]\Tony Hidayat\AQ_OpenWorld_Codec_Provenance\42_bh_derivatives\decoded_raw\f06b1844f92b946a4a3b406b.wav"""
c8bdd61596a52529570a1577,238157a39de46e3d97fc13d5bdb7f7c5,3729,AAC,aac,FFmpeg-native AAC,32,37.028,78f0a448d58e97e833c98445225d3fc9e5fd4c63504c036765278821b49ccf09,80caa5c507b3601add7cc61fe19a4f5309272d4e9f9e7f54a346b4cba5fb5175,0,0.9562215040979782,96000,9257,[REDACTED_LOCAL_PATH]\Tony Hidayat\AQ_OpenWorld_Codec_Provenance\42_bh_derivatives\encoded\c8bdd61596a52529570a1577.m4a,[REDACTED_LOCAL_PATH]\Tony Hidayat\AQ_OpenWorld_Codec_Provenance\42_bh_derivatives\decoded_raw\c8bdd61596a52529570a1577.wav,[REDACTED_LOCAL_PATH]\Tony Hidayat\AQ_OpenWorld_Codec_Provenance\42_bh_derivatives\aligned_pcm\c8bdd61596a52529570a1577.wav,AQ2D0BH_DERIV_V1|238157a39de46e3d97fc13d5bdb7f7c5|AAC|32|FFmpeg-native AAC|57c56e369d5b4873b4d93fc1a1d833cb7cd8bc9325c14b05c34ce60b22842d8a,0,0,0,aac,PASS,"""[REDACTED_LOCAL_PATH]\Tony Hidayat\AQ_OpenWorld_Codec_Provenance\tools\gyan_ffmpeg_9.0_full\bin\ffmpeg.exe"" -y -hide_banner -i ""[REDACTED_LOCAL_PATH]\Tony Hidayat\AQ_OpenWorld_Codec_Provenance\39_bh_speech\canonical_selected\3729-6852-0032.wav"" -map_metadata -1 -vn -sn -dn -c:a aac -b:a 32k ""[REDACTED_LOCAL_PATH]\Tony Hidayat\AQ_OpenWorld_Codec_Provenance\42_bh_derivatives\encoded\c8bdd61596a52529570a1577.m4a""","""[REDACTED_LOCAL_PATH]\Tony Hidayat\AQ_OpenWorld_Codec_Provenance\tools\gyan_ffmpeg_9.0_full\bin\ffprobe.exe"" -v error -show_entries stream=codec_name,sample_rate,channels,duration,bit_rate:format=format_name,duration,bit_rate -of json ""[REDACTED_LOCAL_PATH]\Tony Hidayat\AQ_OpenWorld_Codec_Provenance\42_bh_derivatives\encoded\c8bdd61596a52529570a1577.m4a""","[REDACTED_LOCAL_PATH]\AppData\Local\CapCut\Apps\7.7.0.3143\ffmpeg.exe -y -hide_banner -i ""[REDACTED_LOCAL_PATH]\Tony Hidayat\AQ_OpenWorld_Codec_Provenance\42_bh_derivatives\encoded\c8bdd61596a52529570a1577.m4a"" -map_metadata -1 -vn -sn -dn -ac 1 -ar 48000 -sample_fmt s16 ""[REDACTED_LOCAL_PATH]\Tony Hidayat\AQ_OpenWorld_Codec_Provenance\42_bh_derivatives\decoded_raw\c8bdd61596a52529570a1577.wav"""
9d0831ec487797c95c4d2aeb,238157a39de46e3d97fc13d5bdb7f7c5,3729,AAC,aac,FFmpeg-native AAC,80,86.368,14deddb6c61ef59e7cc7d5ced29336d94ffe92915a850ca030aa22b9c36931f0,e68b115d0abcb78d1d1261f854aec5370cb3ee31fedaac75566ea78f833a7d7c,0,0.9994859317333333,96000,21592,[REDACTED_LOCAL_PATH]\Tony Hidayat\AQ_OpenWorld_Codec_Provenance\42_bh_derivatives\encoded\9d0831ec487797c95c4d2aeb.m4a,[REDACTED_LOCAL_PATH]\Tony Hidayat\AQ_OpenWorld_Codec_Provenance\42_bh_derivatives\decoded_raw\9d0831ec487797c95c4d2aeb.wav,[REDACTED_LOCAL_PATH]\Tony Hidayat\AQ_OpenWorld_Codec_Provenance\42_bh_derivatives\aligned_pcm\9d0831ec487797c95c4d2aeb.wav,AQ2D0BH_DERIV_V1|238157a39de46e3d97fc13d5bdb7f7c5|AAC|80|FFmpeg-native AAC|57c56e369d5b4873b4d93fc1a1d833cb7cd8bc9325c14b05c34ce60b22842d8a,0,0,0,aac,PASS,"""[REDACTED_LOCAL_PATH]\Tony Hidayat\AQ_OpenWorld_Codec_Provenance\tools\gyan_ffmpeg_9.0_full\bin\ffmpeg.exe"" -y -hide_banner -i ""[REDACTED_LOCAL_PATH]\Tony Hidayat\AQ_OpenWorld_Codec_Provenance\39_bh_speech\canonical_selected\3729-6852-0032.wav"" -map_metadata -1 -vn -sn -dn -c:a aac -b:a 80k ""[REDACTED_LOCAL_PATH]\Tony Hidayat\AQ_OpenWorld_Codec_Provenance\42_bh_derivatives\encoded\9d0831ec487797c95c4d2aeb.m4a""","""[REDACTED_LOCAL_PATH]\Tony Hidayat\AQ_OpenWorld_Codec_Provenance\tools\gyan_ffmpeg_9.0_full\bin\ffprobe.exe"" -v error -show_entries stream=codec_name,sample_rate,channels,duration,bit_rate:format=format_name,duration,bit_rate -of json ""[REDACTED_LOCAL_PATH]\Tony Hidayat\AQ_OpenWorld_Codec_Provenance\42_bh_derivatives\encoded\9d0831ec487797c95c4d2aeb.m4a""","[REDACTED_LOCAL_PATH]\AppData\Local\CapCut\Apps\7.7.0.3143\ffmpeg.exe -y -hide_banner -i ""[REDACTED_LOCAL_PATH]\Tony Hidayat\AQ_OpenWorld_Codec_Provenance\42_bh_derivatives\encoded\9d0831ec487797c95c4d2aeb.m4a"" -map_metadata -1 -vn -sn -dn -ac 1 -ar 48000 -sample_fmt s16 ""[REDACTED_LOCAL_PATH]\Tony Hidayat\AQ_OpenWorld_Codec_Provenance\42_bh_derivatives\decoded_raw\9d0831ec487797c95c4d2aeb.wav"""
ee00dd316c1af56d18e32f2c,238157a39de46e3d97fc13d5bdb7f7c5,3729,AAC,aac,FFmpeg-native AAC,96,103.156,7f435525523d56ef0247d4a7c49b6a98d5fb72ce39cdc990fde25536335c7b02,d4c737476fd315f85e96473436be7f152f3e1d9b456169e969a9557aa52d64a4,0,0.9845542791839735,96000,25789,[REDACTED_LOCAL_PATH]\Tony Hidayat\AQ_OpenWorld_Codec_Provenance\42_bh_derivatives\encoded\ee00dd316c1af56d18e32f2c.m4a,[REDACTED_LOCAL_PATH]\Tony Hidayat\AQ_OpenWorld_Codec_Provenance\42_bh_derivatives\decoded_raw\ee00dd316c1af56d18e32f2c.wav,[REDACTED_LOCAL_PATH]\Tony Hidayat\AQ_OpenWorld_Codec_Provenance\42_bh_derivatives\aligned_pcm\ee00dd316c1af56d18e32f2c.wav,AQ2D0BH_DERIV_V1|238157a39de46e3d97fc13d5bdb7f7c5|AAC|96|FFmpeg-native AAC|57c56e369d5b4873b4d93fc1a1d833cb7cd8bc9325c14b05c34ce60b22842d8a,0,0,0,aac,PASS,"""[REDACTED_LOCAL_PATH]\Tony Hidayat\AQ_OpenWorld_Codec_Provenance\tools\gyan_ffmpeg_9.0_full\bin\ffmpeg.exe"" -y -hide_banner -i ""[REDACTED_LOCAL_PATH]\Tony Hidayat\AQ_OpenWorld_Codec_Provenance\39_bh_speech\canonical_selected\3729-6852-0032.wav"" -map_metadata -1 -vn -sn -dn -c:a aac -b:a 96k ""[REDACTED_LOCAL_PATH]\Tony Hidayat\AQ_OpenWorld_Codec_Provenance\42_bh_derivatives\encoded\ee00dd316c1af56d18e32f2c.m4a""","""[REDACTED_LOCAL_PATH]\Tony Hidayat\AQ_OpenWorld_Codec_Provenance\tools\gyan_ffmpeg_9.0_full\bin\ffprobe.exe"" -v error -show_entries stream=codec_name,sample_rate,channels,duration,bit_rate:format=format_name,duration,bit_rate -of json ""[REDACTED_LOCAL_PATH]\Tony Hidayat\AQ_OpenWorld_Codec_Provenance\42_bh_derivatives\encoded\ee00dd316c1af56d18e32f2c.m4a""","[REDACTED_LOCAL_PATH]\AppData\Local\CapCut\Apps\7.7.0.3143\ffmpeg.exe -y -hide_banner -i ""[REDACTED_LOCAL_PATH]\Tony Hidayat\AQ_OpenWorld_Codec_Provenance\42_bh_derivatives\encoded\ee00dd316c1af56d18e32f2c.m4a"" -map_metadata -1 -vn -sn -dn -ac 1 -ar 48000 -sample_fmt s16 ""[REDACTED_LOCAL_PATH]\Tony Hidayat\AQ_OpenWorld_Codec_Provenance\42_bh_derivatives\decoded_raw\ee00dd316c1af56d18e32f2c.wav"""
f134b95a26aeab2e0cdfea35,238157a39de46e3d97fc13d5bdb7f7c5,3729,AAC,aac,FFmpeg-native AAC,128,131.632,e259c60eae6b66670f37fe563bee9dca3705f2a361d14668e8f989291702b448,4ea299d5a19e4c7cd96147deebdb662aedd4d45ce2e974b30c8b59742fde89a0,0,0.9970552519737056,96000,32908,[REDACTED_LOCAL_PATH]\Tony Hidayat\AQ_OpenWorld_Codec_Provenance\42_bh_derivatives\encoded\f134b95a26aeab2e0cdfea35.m4a,[REDACTED_LOCAL_PATH]\Tony Hidayat\AQ_OpenWorld_Codec_Provenance\42_bh_derivatives\decoded_raw\f134b95a26aeab2e0cdfea35.wav,[REDACTED_LOCAL_PATH]\Tony Hidayat\AQ_OpenWorld_Codec_Provenance\42_bh_derivatives\aligned_pcm\f134b95a26aeab2e0cdfea35.wav,AQ2D0BH_DERIV_V1|238157a39de46e3d97fc13d5bdb7f7c5|AAC|128|FFmpeg-native AAC|57c56e369d5b4873b4d93fc1a1d833cb7cd8bc9325c14b05c34ce60b22842d8a,0,0,0,aac,PASS,"""[REDACTED_LOCAL_PATH]\Tony Hidayat\AQ_OpenWorld_Codec_Provenance\tools\gyan_ffmpeg_9.0_full\bin\ffmpeg.exe"" -y -hide_banner -i ""[REDACTED_LOCAL_PATH]\Tony Hidayat\AQ_OpenWorld_Codec_Provenance\39_bh_speech\canonical_selected\3729-6852-0032.wav"" -map_metadata -1 -vn -sn -dn -c:a aac -b:a 128k ""[REDACTED_LOCAL_PATH]\Tony Hidayat\AQ_OpenWorld_Codec_Provenance\42_bh_derivatives\encoded\f134b95a26aeab2e0cdfea35.m4a""","""[REDACTED_LOCAL_PATH]\Tony Hidayat\AQ_OpenWorld_Codec_Provenance\tools\gyan_ffmpeg_9.0_full\bin\ffprobe.exe"" -v error -show_entries stream=codec_name,sample_rate,channels,duration,bit_rate:format=format_name,duration,bit_rate -of json ""[REDACTED_LOCAL_PATH]\Tony Hidayat\AQ_OpenWorld_Codec_Provenance\42_bh_derivatives\encoded\f134b95a26aeab2e0cdfea35.m4a""","[REDACTED_LOCAL_PATH]\AppData\Local\CapCut\Apps\7.7.0.3143\ffmpeg.exe -y -hide_banner -i ""[REDACTED_LOCAL_PATH]\Tony Hidayat\AQ_OpenWorld_Codec_Provenance\42_bh_derivatives\encoded\f134b95a26aeab2e0cdfea35.m4a"" -map_metadata -1 -vn -sn -dn -ac 1 -ar 48000 -sample_fmt s16 ""[REDACTED_LOCAL_PATH]\Tony Hidayat\AQ_OpenWorld_Codec_Provenance\42_bh_derivatives\decoded_raw\f134b95a26aeab2e0cdfea35.wav"""
d753f123963dcdb55aa063ba,238157a39de46e3d97fc13d5bdb7f7c5,3729,MP3,libmp3lame,libmp3lame,32,33.584,000c21a5f491e1556e113dca62ff0b5fb5f287a382516b84ea9db17f9c1d68d4,8c8d967a61f2f86fbf3d5c9bbf4329a8cf0b399a63ce1b80eaa8cc28f17d345c,0,0.9915464253947651,96000,8396,[REDACTED_LOCAL_PATH]\Tony Hidayat\AQ_OpenWorld_Codec_Provenance\42_bh_derivatives\encoded\d753f123963dcdb55aa063ba.mp3,[REDACTED_LOCAL_PATH]\Tony Hidayat\AQ_OpenWorld_Codec_Provenance\42_bh_derivatives\decoded_raw\d753f123963dcdb55aa063ba.wav,[REDACTED_LOCAL_PATH]\Tony Hidayat\AQ_OpenWorld_Codec_Provenance\42_bh_derivatives\aligned_pcm\d753f123963dcdb55aa063ba.wav,AQ2D0BH_DERIV_V1|238157a39de46e3d97fc13d5bdb7f7c5|MP3|32|libmp3lame|57c56e369d5b4873b4d93fc1a1d833cb7cd8bc9325c14b05c34ce60b22842d8a,0,0,0,mp3,PASS,"""[REDACTED_LOCAL_PATH]\Tony Hidayat\AQ_OpenWorld_Codec_Provenance\tools\gyan_ffmpeg_9.0_full\bin\ffmpeg.exe"" -y -hide_banner -i ""[REDACTED_LOCAL_PATH]\Tony Hidayat\AQ_OpenWorld_Codec_Provenance\39_bh_speech\canonical_selected\3729-6852-0032.wav"" -map_metadata -1 -vn -sn -dn -c:a libmp3lame -b:a 32k ""[REDACTED_LOCAL_PATH]\Tony Hidayat\AQ_OpenWorld_Codec_Provenance\42_bh_derivatives\encoded\d753f123963dcdb55aa063ba.mp3""","""[REDACTED_LOCAL_PATH]\Tony Hidayat\AQ_OpenWorld_Codec_Provenance\tools\gyan_ffmpeg_9.0_full\bin\ffprobe.exe"" -v error -show_entries stream=codec_name,sample_rate,channels,duration,bit_rate:format=format_name,duration,bit_rate -of json ""[REDACTED_LOCAL_PATH]\Tony Hidayat\AQ_OpenWorld_Codec_Provenance\42_bh_derivatives\encoded\d753f123963dcdb55aa063ba.mp3""","[REDACTED_LOCAL_PATH]\AppData\Local\CapCut\Apps\7.7.0.3143\ffmpeg.exe -y -hide_banner -i ""[REDACTED_LOCAL_PATH]\Tony Hidayat\AQ_OpenWorld_Codec_Provenance\42_bh_derivatives\encoded\d753f123963dcdb55aa063ba.mp3"" -map_metadata -1 -vn -sn -dn -ac 1 -ar 48000 -sample_fmt s16 ""[REDACTED_LOCAL_PATH]\Tony Hidayat\AQ_OpenWorld_Codec_Provenance\42_bh_derivatives\decoded_raw\d753f123963dcdb55aa063ba.wav"""
a07f832c25f6ab93b2b4c948,238157a39de46e3d97fc13d5bdb7f7c5,3729,MP3,libmp3lame,libmp3lame,80,82.736,9679ec216fe900bd9e4dd5519ddc65bd1710507d51d5ce04a44fb282c80a53b4,9ad23a1141c81284e087a8b860a05f6d5431eb9a4970ddac0fe76c89ad51ba21,0,0.9998325640734664,96000,20684,[REDACTED_LOCAL_PATH]\Tony Hidayat\AQ_OpenWorld_Codec_Provenance\42_bh_derivatives\encoded\a07f832c25f6ab93b2b4c948.mp3,[REDACTED_LOCAL_PATH]\Tony Hidayat\AQ_OpenWorld_Codec_Provenance\42_bh_derivatives\decoded_raw\a07f832c25f6ab93b2b4c948.wav,[REDACTED_LOCAL_PATH]\Tony Hidayat\AQ_OpenWorld_Codec_Provenance\42_bh_derivatives\aligned_pcm\a07f832c25f6ab93b2b4c948.wav,AQ2D0BH_DERIV_V1|238157a39de46e3d97fc13d5bdb7f7c5|MP3|80|libmp3lame|57c56e369d5b4873b4d93fc1a1d833cb7cd8bc9325c14b05c34ce60b22842d8a,0,0,0,mp3,PASS,"""[REDACTED_LOCAL_PATH]\Tony Hidayat\AQ_OpenWorld_Codec_Provenance\tools\gyan_ffmpeg_9.0_full\bin\ffmpeg.exe"" -y -hide_banner -i ""[REDACTED_LOCAL_PATH]\Tony Hidayat\AQ_OpenWorld_Codec_Provenance\39_bh_speech\canonical_selected\3729-6852-0032.wav"" -map_metadata -1 -vn -sn -dn -c:a libmp3lame -b:a 80k ""[REDACTED_LOCAL_PATH]\Tony Hidayat\AQ_OpenWorld_Codec_Provenance\42_bh_derivatives\encoded\a07f832c25f6ab93b2b4c948.mp3""","""[REDACTED_LOCAL_PATH]\Tony Hidayat\AQ_OpenWorld_Codec_Provenance\tools\gyan_ffmpeg_9.0_full\bin\ffprobe.exe"" -v error -show_entries stream=codec_name,sample_rate,channels,duration,bit_rate:format=format_name,duration,bit_rate -of json ""[REDACTED_LOCAL_PATH]\Tony Hidayat\AQ_OpenWorld_Codec_Provenance\42_bh_derivatives\encoded\a07f832c25f6ab93b2b4c948.mp3""","[REDACTED_LOCAL_PATH]\AppData\Local\CapCut\Apps\7.7.0.3143\ffmpeg.exe -y -hide_banner -i ""[REDACTED_LOCAL_PATH]\Tony Hidayat\AQ_OpenWorld_Codec_Provenance\42_bh_derivatives\encoded\a07f832c25f6ab93b2b4c948.mp3"" -map_metadata -1 -vn -sn -dn -ac 1 -ar 48000 -sample_fmt s16 ""[REDACTED_LOCAL_PATH]\Tony Hidayat\AQ_OpenWorld_Codec_Provenance\42_bh_derivatives\decoded_raw\a07f832c25f6ab93b2b4c948.wav"""
f62bc4ed8b91932e4c16583e,238157a39de46e3d97fc13d5bdb7f7c5,3729,MP3,libmp3lame,libmp3lame,96,99.248,b0c95df81c2cc70782c169f542587ab69c6be40419fb8a0e74028444e6ba7272,085d7139286b78c648a8388e0313731802ff457bd738b9537e80f1f0d014b37c,0,0.9999464263511689,96000,24812,[REDACTED_LOCAL_PATH]\Tony Hidayat\AQ_OpenWorld_Codec_Provenance\42_bh_derivatives\encoded\f62bc4ed8b91932e4c16583e.mp3,[REDACTED_LOCAL_PATH]\Tony Hidayat\AQ_OpenWorld_Codec_Provenance\42_bh_derivatives\decoded_raw\f62bc4ed8b91932e4c16583e.wav,[REDACTED_LOCAL_PATH]\Tony Hidayat\AQ_OpenWorld_Codec_Provenance\42_bh_derivatives\aligned_pcm\f62bc4ed8b91932e4c16583e.wav,AQ2D0BH_DERIV_V1|238157a39de46e3d97fc13d5bdb7f7c5|MP3|96|libmp3lame|57c56e369d5b4873b4d93fc1a1d833cb7cd8bc9325c14b05c34ce60b22842d8a,0,0,0,mp3,PASS,"""[REDACTED_LOCAL_PATH]\Tony Hidayat\AQ_OpenWorld_Codec_Provenance\tools\gyan_ffmpeg_9.0_full\bin\ffmpeg.exe"" -y -hide_banner -i ""[REDACTED_LOCAL_PATH]\Tony Hidayat\AQ_OpenWorld_Codec_Provenance\39_bh_speech\canonical_selected\3729-6852-0032.wav"" -map_metadata -1 -vn -sn -dn -c:a libmp3lame -b:a 96k ""[REDACTED_LOCAL_PATH]\Tony Hidayat\AQ_OpenWorld_Codec_Provenance\42_bh_derivatives\encoded\f62bc4ed8b91932e4c16583e.mp3""","""[REDACTED_LOCAL_PATH]\Tony Hidayat\AQ_OpenWorld_Codec_Provenance\tools\gyan_ffmpeg_9.0_full\bin\ffprobe.exe"" -v error -show_entries stream=codec_name,sample_rate,channels,duration,bit_rate:format=format_name,duration,bit_rate -of json ""[REDACTED_LOCAL_PATH]\Tony Hidayat\AQ_OpenWorld_Codec_Provenance\42_bh_derivatives\encoded\f62bc4ed8b91932e4c16583e.mp3""","[REDACTED_LOCAL_PATH]\AppData\Local\CapCut\Apps\7.7.0.3143\ffmpeg.exe -y -hide_banner -i ""[REDACTED_LOCAL_PATH]\Tony Hidayat\AQ_OpenWorld_Codec_Provenance\42_bh_derivatives\encoded\f62bc4ed8b91932e4c16583e.mp3"" -map_metadata -1 -vn -sn -dn -ac 1 -ar 48000 -sample_fmt s16 ""[REDACTED_LOCAL_PATH]\Tony Hidayat\AQ_OpenWorld_Codec_Provenance\42_bh_derivatives\decoded_raw\f62bc4ed8b91932e4c16583e.wav"""
91df12035b20ddcf2c11c587,238157a39de46e3d97fc13d5bdb7f7c5,3729,MP3,libmp3lame,libmp3lame,128,132.272,c6726b496be143317460cad770028aca9f873fbcbb1210df60fc469f0ad3fa04,02caf657e0546d86a1470af183ab84b6059a72745f1e1630ec522037a4ac14d2,0,0.9999914415508394,96000,33068,[REDACTED_LOCAL_PATH]\Tony Hidayat\AQ_OpenWorld_Codec_Provenance\42_bh_derivatives\encoded\91df12035b20ddcf2c11c587.mp3,[REDACTED_LOCAL_PATH]\Tony Hidayat\AQ_OpenWorld_Codec_Provenance\42_bh_derivatives\decoded_raw\91df12035b20ddcf2c11c587.wav,[REDACTED_LOCAL_PATH]\Tony Hidayat\AQ_OpenWorld_Codec_Provenance\42_bh_derivatives\aligned_pcm\91df12035b20ddcf2c11c587.wav,AQ2D0BH_DERIV_V1|238157a39de46e3d97fc13d5bdb7f7c5|MP3|128|libmp3lame|57c56e369d5b4873b4d93fc1a1d833cb7cd8bc9325c14b05c34ce60b22842d8a,0,0,0,mp3,PASS,"""[REDACTED_LOCAL_PATH]\Tony Hidayat\AQ_OpenWorld_Codec_Provenance\tools\gyan_ffmpeg_9.0_full\bin\ffmpeg.exe"" -y -hide_banner -i ""[REDACTED_LOCAL_PATH]\Tony Hidayat\AQ_OpenWorld_Codec_Provenance\39_bh_speech\canonical_selected\3729-6852-0032.wav"" -map_metadata -1 -vn -sn -dn -c:a libmp3lame -b:a 128k ""[REDACTED_LOCAL_PATH]\Tony Hidayat\AQ_OpenWorld_Codec_Provenance\42_bh_derivatives\encoded\91df12035b20ddcf2c11c587.mp3""","""[REDACTED_LOCAL_PATH]\Tony Hidayat\AQ_OpenWorld_Codec_Provenance\tools\gyan_ffmpeg_9.0_full\bin\ffprobe.exe"" -v error -show_entries stream=codec_name,sample_rate,channels,duration,bit_rate:format=format_name,duration,bit_rate -of json ""[REDACTED_LOCAL_PATH]\Tony Hidayat\AQ_OpenWorld_Codec_Provenance\42_bh_derivatives\encoded\91df12035b20ddcf2c11c587.mp3""","[REDACTED_LOCAL_PATH]\AppData\Local\CapCut\Apps\7.7.0.3143\ffmpeg.exe -y -hide_banner -i ""[REDACTED_LOCAL_PATH]\Tony Hidayat\AQ_OpenWorld_Codec_Provenance\42_bh_derivatives\encoded\91df12035b20ddcf2c11c587.mp3"" -map_metadata -1 -vn -sn -dn -ac 1 -ar 48000 -sample_fmt s16 ""[REDACTED_LOCAL_PATH]\Tony Hidayat\AQ_OpenWorld_Codec_Provenance\42_bh_derivatives\decoded_raw\91df12035b20ddcf2c11c587.wav"""
60c5351166a883a445f65664,238157a39de46e3d97fc13d5bdb7f7c5,3729,Opus,libopus,libopus,32,33.588,aa680fa24152e22d32b1e124edba240ece944e07328e452c03d89bc166ccec40,5abb85d9c94820b04a6fa41a258938ea79ac2470535cb434c5ea99dae319f168,0,0.9922387843686441,96000,8397,[REDACTED_LOCAL_PATH]\Tony Hidayat\AQ_OpenWorld_Codec_Provenance\42_bh_derivatives\encoded\60c5351166a883a445f65664.opus,[REDACTED_LOCAL_PATH]\Tony Hidayat\AQ_OpenWorld_Codec_Provenance\42_bh_derivatives\decoded_raw\60c5351166a883a445f65664.wav,[REDACTED_LOCAL_PATH]\Tony Hidayat\AQ_OpenWorld_Codec_Provenance\42_bh_derivatives\aligned_pcm\60c5351166a883a445f65664.wav,AQ2D0BH_DERIV_V1|238157a39de46e3d97fc13d5bdb7f7c5|Opus|32|libopus|57c56e369d5b4873b4d93fc1a1d833cb7cd8bc9325c14b05c34ce60b22842d8a,0,0,0,opus,PASS,"""[REDACTED_LOCAL_PATH]\Tony Hidayat\AQ_OpenWorld_Codec_Provenance\tools\gyan_ffmpeg_9.0_full\bin\ffmpeg.exe"" -y -hide_banner -i ""[REDACTED_LOCAL_PATH]\Tony Hidayat\AQ_OpenWorld_Codec_Provenance\39_bh_speech\canonical_selected\3729-6852-0032.wav"" -map_metadata -1 -vn -sn -dn -c:a libopus -b:a 32k -vbr off ""[REDACTED_LOCAL_PATH]\Tony Hidayat\AQ_OpenWorld_Codec_Provenance\42_bh_derivatives\encoded\60c5351166a883a445f65664.opus""","""[REDACTED_LOCAL_PATH]\Tony Hidayat\AQ_OpenWorld_Codec_Provenance\tools\gyan_ffmpeg_9.0_full\bin\ffprobe.exe"" -v error -show_entries stream=codec_name,sample_rate,channels,duration,bit_rate:format=format_name,duration,bit_rate -of json ""[REDACTED_LOCAL_PATH]\Tony Hidayat\AQ_OpenWorld_Codec_Provenance\42_bh_derivatives\encoded\60c5351166a883a445f65664.opus""","[REDACTED_LOCAL_PATH]\AppData\Local\CapCut\Apps\7.7.0.3143\ffmpeg.exe -y -hide_banner -i ""[REDACTED_LOCAL_PATH]\Tony Hidayat\AQ_OpenWorld_Codec_Provenance\42_bh_derivatives\encoded\60c5351166a883a445f65664.opus"" -map_metadata -1 -vn -sn -dn -ac 1 -ar 48000 -sample_fmt s16 ""[REDACTED_LOCAL_PATH]\Tony Hidayat\AQ_OpenWorld_Codec_Provenance\42_bh_derivatives\decoded_raw\60c5351166a883a445f65664.wav"""
e6fc2f40ce029e006e246109,238157a39de46e3d97fc13d5bdb7f7c5,3729,Opus,libopus,libopus,80,82.068,41c6494567e380195fdf426c82d8ba0c445a5ab9b6a600c30b9ec37c0baeda97,d4d471da23576dc29e265da45337eeba7052d19d2afb82816b36b7e154372737,0,0.9989749395802344,96000,20517,[REDACTED_LOCAL_PATH]\Tony Hidayat\AQ_OpenWorld_Codec_Provenance\42_bh_derivatives\encoded\e6fc2f40ce029e006e246109.opus,[REDACTED_LOCAL_PATH]\Tony Hidayat\AQ_OpenWorld_Codec_Provenance\42_bh_derivatives\decoded_raw\e6fc2f40ce029e006e246109.wav,[REDACTED_LOCAL_PATH]\Tony Hidayat\AQ_OpenWorld_Codec_Provenance\42_bh_derivatives\aligned_pcm\e6fc2f40ce029e006e246109.wav,AQ2D0BH_DERIV_V1|238157a39de46e3d97fc13d5bdb7f7c5|Opus|80|libopus|57c56e369d5b4873b4d93fc1a1d833cb7cd8bc9325c14b05c34ce60b22842d8a,0,0,0,opus,PASS,"""[REDACTED_LOCAL_PATH]\Tony Hidayat\AQ_OpenWorld_Codec_Provenance\tools\gyan_ffmpeg_9.0_full\bin\ffmpeg.exe"" -y -hide_banner -i ""[REDACTED_LOCAL_PATH]\Tony Hidayat\AQ_OpenWorld_Codec_Provenance\39_bh_speech\canonical_selected\3729-6852-0032.wav"" -map_metadata -1 -vn -sn -dn -c:a libopus -b:a 80k -vbr off ""[REDACTED_LOCAL_PATH]\Tony Hidayat\AQ_OpenWorld_Codec_Provenance\42_bh_derivatives\encoded\e6fc2f40ce029e006e246109.opus""","""[REDACTED_LOCAL_PATH]\Tony Hidayat\AQ_OpenWorld_Codec_Provenance\tools\gyan_ffmpeg_9.0_full\bin\ffprobe.exe"" -v error -show_entries stream=codec_name,sample_rate,channels,duration,bit_rate:format=format_name,duration,bit_rate -of json ""[REDACTED_LOCAL_PATH]\Tony Hidayat\AQ_OpenWorld_Codec_Provenance\42_bh_derivatives\encoded\e6fc2f40ce029e006e246109.opus""","[REDACTED_LOCAL_PATH]\AppData\Local\CapCut\Apps\7.7.0.3143\ffmpeg.exe -y -hide_banner -i ""[REDACTED_LOCAL_PATH]\Tony Hidayat\AQ_OpenWorld_Codec_Provenance\42_bh_derivatives\encoded\e6fc2f40ce029e006e246109.opus"" -map_metadata -1 -vn -sn -dn -ac 1 -ar 48000 -sample_fmt s16 ""[REDACTED_LOCAL_PATH]\Tony Hidayat\AQ_OpenWorld_Codec_Provenance\42_bh_derivatives\decoded_raw\e6fc2f40ce029e006e246109.wav"""
0670e2bbb3598829cecc3a83,238157a39de46e3d97fc13d5bdb7f7c5,3729,Opus,libopus,libopus,96,98.228,2fdbeb6881c8b8356f711df96f2cd67163e39e932911a718bf1e338f27378afb,ad042ba02bf4747f136bdddf319fe73c073cd8d8d9d2813a1de6676588070a38,0,0.9993115025116233,96000,24557,[REDACTED_LOCAL_PATH]\Tony Hidayat\AQ_OpenWorld_Codec_Provenance\42_bh_derivatives\encoded\0670e2bbb3598829cecc3a83.opus,[REDACTED_LOCAL_PATH]\Tony Hidayat\AQ_OpenWorld_Codec_Provenance\42_bh_derivatives\decoded_raw\0670e2bbb3598829cecc3a83.wav,[REDACTED_LOCAL_PATH]\Tony Hidayat\AQ_OpenWorld_Codec_Provenance\42_bh_derivatives\aligned_pcm\0670e2bbb3598829cecc3a83.wav,AQ2D0BH_DERIV_V1|238157a39de46e3d97fc13d5bdb7f7c5|Opus|96|libopus|57c56e369d5b4873b4d93fc1a1d833cb7cd8bc9325c14b05c34ce60b22842d8a,0,0,0,opus,PASS,"""[REDACTED_LOCAL_PATH]\Tony Hidayat\AQ_OpenWorld_Codec_Provenance\tools\gyan_ffmpeg_9.0_full\bin\ffmpeg.exe"" -y -hide_banner -i ""[REDACTED_LOCAL_PATH]\Tony Hidayat\AQ_OpenWorld_Codec_Provenance\39_bh_speech\canonical_selected\3729-6852-0032.wav"" -map_metadata -1 -vn -sn -dn -c:a libopus -b:a 96k -vbr off ""[REDACTED_LOCAL_PATH]\Tony Hidayat\AQ_OpenWorld_Codec_Provenance\42_bh_derivatives\encoded\0670e2bbb3598829cecc3a83.opus""","""[REDACTED_LOCAL_PATH]\Tony Hidayat\AQ_OpenWorld_Codec_Provenance\tools\gyan_ffmpeg_9.0_full\bin\ffprobe.exe"" -v error -show_entries stream=codec_name,sample_rate,channels,duration,bit_rate:format=format_name,duration,bit_rate -of json ""[REDACTED_LOCAL_PATH]\Tony Hidayat\AQ_OpenWorld_Codec_Provenance\42_bh_derivatives\encoded\0670e2bbb3598829cecc3a83.opus""","[REDACTED_LOCAL_PATH]\AppData\Local\CapCut\Apps\7.7.0.3143\ffmpeg.exe -y -hide_banner -i ""[REDACTED_LOCAL_PATH]\Tony Hidayat\AQ_OpenWorld_Codec_Provenance\42_bh_derivatives\encoded\0670e2bbb3598829cecc3a83.opus"" -map_metadata -1 -vn -sn -dn -ac 1 -ar 48000 -sample_fmt s16 ""[REDACTED_LOCAL_PATH]\Tony Hidayat\AQ_OpenWorld_Codec_Provenance\42_bh_derivatives\decoded_raw\0670e2bbb3598829cecc3a83.wav"""
ad4f5ce9ada97d7d18980183,238157a39de46e3d97fc13d5bdb7f7c5,3729,Opus,libopus,libopus,128,130.952,3a372ff071d4d827f40fe0db6e4e6ca5db90ac67ab8a82e93155c69c918a14d2,acebff973eb859f9571e03c6962e4cb8930f69bef4a45926cc1e85e6139bb131,0,0.9996919289333381,96000,32738,[REDACTED_LOCAL_PATH]\Tony Hidayat\AQ_OpenWorld_Codec_Provenance\42_bh_derivatives\encoded\ad4f5ce9ada97d7d18980183.opus,[REDACTED_LOCAL_PATH]\Tony Hidayat\AQ_OpenWorld_Codec_Provenance\42_bh_derivatives\decoded_raw\ad4f5ce9ada97d7d18980183.wav,[REDACTED_LOCAL_PATH]\Tony Hidayat\AQ_OpenWorld_Codec_Provenance\42_bh_derivatives\aligned_pcm\ad4f5ce9ada97d7d18980183.wav,AQ2D0BH_DERIV_V1|238157a39de46e3d97fc13d5bdb7f7c5|Opus|128|libopus|57c56e369d5b4873b4d93fc1a1d833cb7cd8bc9325c14b05c34ce60b22842d8a,0,0,0,opus,PASS,"""[REDACTED_LOCAL_PATH]\Tony Hidayat\AQ_OpenWorld_Codec_Provenance\tools\gyan_ffmpeg_9.0_full\bin\ffmpeg.exe"" -y -hide_banner -i ""[REDACTED_LOCAL_PATH]\Tony Hidayat\AQ_OpenWorld_Codec_Provenance\39_bh_speech\canonical_selected\3729-6852-0032.wav"" -map_metadata -1 -vn -sn -dn -c:a libopus -b:a 128k -vbr off ""[REDACTED_LOCAL_PATH]\Tony Hidayat\AQ_OpenWorld_Codec_Provenance\42_bh_derivatives\encoded\ad4f5ce9ada97d7d18980183.opus""","""[REDACTED_LOCAL_PATH]\Tony Hidayat\AQ_OpenWorld_Codec_Provenance\tools\gyan_ffmpeg_9.0_full\bin\ffprobe.exe"" -v error -show_entries stream=codec_name,sample_rate,channels,duration,bit_rate:format=format_name,duration,bit_rate -of json ""[REDACTED_LOCAL_PATH]\Tony Hidayat\AQ_OpenWorld_Codec_Provenance\42_bh_derivatives\encoded\ad4f5ce9ada97d7d18980183.opus""","[REDACTED_LOCAL_PATH]\AppData\Local\CapCut\Apps\7.7.0.3143\ffmpeg.exe -y -hide_banner -i ""[REDACTED_LOCAL_PATH]\Tony Hidayat\AQ_OpenWorld_Codec_Provenance\42_bh_derivatives\encoded\ad4f5ce9ada97d7d18980183.opus"" -map_metadata -1 -vn -sn -dn -ac 1 -ar 48000 -sample_fmt s16 ""[REDACTED_LOCAL_PATH]\Tony Hidayat\AQ_OpenWorld_Codec_Provenance\42_bh_derivatives\decoded_raw\ad4f5ce9ada97d7d18980183.wav"""
2226b07a664b4f00d58b32d8,2d68f8d67e542d785904403afe71de06,4992,AAC,aac,FFmpeg-native AAC,32,37.124,838b95c711d6a42499be5e4151c2cbceffeb01e4b7c4c148ac09d11d1d81c0e7,afbd8cc843eee55fcd1007c312715c58872ce426da750d4c864d0579b077a43a,0,0.9694910014454212,96000,9281,[REDACTED_LOCAL_PATH]\Tony Hidayat\AQ_OpenWorld_Codec_Provenance\42_bh_derivatives\encoded\2226b07a664b4f00d58b32d8.m4a,[REDACTED_LOCAL_PATH]\Tony Hidayat\AQ_OpenWorld_Codec_Provenance\42_bh_derivatives\decoded_raw\2226b07a664b4f00d58b32d8.wav,[REDACTED_LOCAL_PATH]\Tony Hidayat\AQ_OpenWorld_Codec_Provenance\42_bh_derivatives\aligned_pcm\2226b07a664b4f00d58b32d8.wav,AQ2D0BH_DERIV_V1|2d68f8d67e542d785904403afe71de06|AAC|32|FFmpeg-native AAC|57c56e369d5b4873b4d93fc1a1d833cb7cd8bc9325c14b05c34ce60b22842d8a,0,0,0,aac,PASS,"""[REDACTED_LOCAL_PATH]\Tony Hidayat\AQ_OpenWorld_Codec_Provenance\tools\gyan_ffmpeg_9.0_full\bin\ffmpeg.exe"" -y -hide_banner -i ""[REDACTED_LOCAL_PATH]\Tony Hidayat\AQ_OpenWorld_Codec_Provenance\39_bh_speech\canonical_selected\4992-41797-0022.wav"" -map_metadata -1 -vn -sn -dn -c:a aac -b:a 32k ""[REDACTED_LOCAL_PATH]\Tony Hidayat\AQ_OpenWorld_Codec_Provenance\42_bh_derivatives\encoded\2226b07a664b4f00d58b32d8.m4a""","""[REDACTED_LOCAL_PATH]\Tony Hidayat\AQ_OpenWorld_Codec_Provenance\tools\gyan_ffmpeg_9.0_full\bin\ffprobe.exe"" -v error -show_entries stream=codec_name,sample_rate,channels,duration,bit_rate:format=format_name,duration,bit_rate -of json ""[REDACTED_LOCAL_PATH]\Tony Hidayat\AQ_OpenWorld_Codec_Provenance\42_bh_derivatives\encoded\2226b07a664b4f00d58b32d8.m4a""","[REDACTED_LOCAL_PATH]\AppData\Local\CapCut\Apps\7.7.0.3143\ffmpeg.exe -y -hide_banner -i ""[REDACTED_LOCAL_PATH]\Tony Hidayat\AQ_OpenWorld_Codec_Provenance\42_bh_derivatives\encoded\2226b07a664b4f00d58b32d8.m4a"" -map_metadata -1 -vn -sn -dn -ac 1 -ar 48000 -sample_fmt s16 ""[REDACTED_LOCAL_PATH]\Tony Hidayat\AQ_OpenWorld_Codec_Provenance\42_bh_derivatives\decoded_raw\2226b07a664b4f00d58b32d8.wav"""
b8d3b1aed54378008bc76cf7,2d68f8d67e542d785904403afe71de06,4992,AAC,aac,FFmpeg-native AAC,80,86.756,40d174958fd43d5f833b97d32e6a3ee885b9e500361e7d8587dd7816381d0419,bfaa9d2759f1cf5201184251e0f0eb26df6d9732f6f415473826a492da3b75d3,0,0.9993204918199923,96000,21689,[REDACTED_LOCAL_PATH]\Tony Hidayat\AQ_OpenWorld_Codec_Provenance\42_bh_derivatives\encoded\b8d3b1aed54378008bc76cf7.m4a,[REDACTED_LOCAL_PATH]\Tony Hidayat\AQ_OpenWorld_Codec_Provenance\42_bh_derivatives\decoded_raw\b8d3b1aed54378008bc76cf7.wav,[REDACTED_LOCAL_PATH]\Tony Hidayat\AQ_OpenWorld_Codec_Provenance\42_bh_derivatives\aligned_pcm\b8d3b1aed54378008bc76cf7.wav,AQ2D0BH_DERIV_V1|2d68f8d67e542d785904403afe71de06|AAC|80|FFmpeg-native AAC|57c56e369d5b4873b4d93fc1a1d833cb7cd8bc9325c14b05c34ce60b22842d8a,0,0,0,aac,PASS,"""[REDACTED_LOCAL_PATH]\Tony Hidayat\AQ_OpenWorld_Codec_Provenance\tools\gyan_ffmpeg_9.0_full\bin\ffmpeg.exe"" -y -hide_banner -i ""[REDACTED_LOCAL_PATH]\Tony Hidayat\AQ_OpenWorld_Codec_Provenance\39_bh_speech\canonical_selected\4992-41797-0022.wav"" -map_metadata -1 -vn -sn -dn -c:a aac -b:a 80k ""[REDACTED_LOCAL_PATH]\Tony Hidayat\AQ_OpenWorld_Codec_Provenance\42_bh_derivatives\encoded\b8d3b1aed54378008bc76cf7.m4a""","""[REDACTED_LOCAL_PATH]\Tony Hidayat\AQ_OpenWorld_Codec_Provenance\tools\gyan_ffmpeg_9.0_full\bin\ffprobe.exe"" -v error -show_entries stream=codec_name,sample_rate,channels,duration,bit_rate:format=format_name,duration,bit_rate -of json ""[REDACTED_LOCAL_PATH]\Tony Hidayat\AQ_OpenWorld_Codec_Provenance\42_bh_derivatives\encoded\b8d3b1aed54378008bc76cf7.m4a""","[REDACTED_LOCAL_PATH]\AppData\Local\CapCut\Apps\7.7.0.3143\ffmpeg.exe -y -hide_banner -i ""[REDACTED_LOCAL_PATH]\Tony Hidayat\AQ_OpenWorld_Codec_Provenance\42_bh_derivatives\encoded\b8d3b1aed54378008bc76cf7.m4a"" -map_metadata -1 -vn -sn -dn -ac 1 -ar 48000 -sample_fmt s16 ""[REDACTED_LOCAL_PATH]\Tony Hidayat\AQ_OpenWorld_Codec_Provenance\42_bh_derivatives\decoded_raw\b8d3b1aed54378008bc76cf7.wav"""
d231f88b831294980a576b16,2d68f8d67e542d785904403afe71de06,4992,AAC,aac,FFmpeg-native AAC,96,102.904,bb220a6a744b09e92d8d7e9cad2e4155ae631f5036d385e460d985b4cba209bd,02370f05d5f50edbfe02534ac821837e2367bbced5b67323413e353c4815c082,0,0.9994228809488299,96000,25726,[REDACTED_LOCAL_PATH]\Tony Hidayat\AQ_OpenWorld_Codec_Provenance\42_bh_derivatives\encoded\d231f88b831294980a576b16.m4a,[REDACTED_LOCAL_PATH]\Tony Hidayat\AQ_OpenWorld_Codec_Provenance\42_bh_derivatives\decoded_raw\d231f88b831294980a576b16.wav,[REDACTED_LOCAL_PATH]\Tony Hidayat\AQ_OpenWorld_Codec_Provenance\42_bh_derivatives\aligned_pcm\d231f88b831294980a576b16.wav,AQ2D0BH_DERIV_V1|2d68f8d67e542d785904403afe71de06|AAC|96|FFmpeg-native AAC|57c56e369d5b4873b4d93fc1a1d833cb7cd8bc9325c14b05c34ce60b22842d8a,0,0,0,aac,PASS,"""[REDACTED_LOCAL_PATH]\Tony Hidayat\AQ_OpenWorld_Codec_Provenance\tools\gyan_ffmpeg_9.0_full\bin\ffmpeg.exe"" -y -hide_banner -i ""[REDACTED_LOCAL_PATH]\Tony Hidayat\AQ_OpenWorld_Codec_Provenance\39_bh_speech\canonical_selected\4992-41797-0022.wav"" -map_metadata -1 -vn -sn -dn -c:a aac -b:a 96k ""[REDACTED_LOCAL_PATH]\Tony Hidayat\AQ_OpenWorld_Codec_Provenance\42_bh_derivatives\encoded\d231f88b831294980a576b16.m4a""","""[REDACTED_LOCAL_PATH]\Tony Hidayat\AQ_OpenWorld_Codec_Provenance\tools\gyan_ffmpeg_9.0_full\bin\ffprobe.exe"" -v error -show_entries stream=codec_name,sample_rate,channels,duration,bit_rate:format=format_name,duration,bit_rate -of json ""[REDACTED_LOCAL_PATH]\Tony Hidayat\AQ_OpenWorld_Codec_Provenance\42_bh_derivatives\encoded\d231f88b831294980a576b16.m4a""","[REDACTED_LOCAL_PATH]\AppData\Local\CapCut\Apps\7.7.0.3143\ffmpeg.exe -y -hide_banner -i ""[REDACTED_LOCAL_PATH]\Tony Hidayat\AQ_OpenWorld_Codec_Provenance\42_bh_derivatives\encoded\d231f88b831294980a576b16.m4a"" -map_metadata -1 -vn -sn -dn -ac 1 -ar 48000 -sample_fmt s16 ""[REDACTED_LOCAL_PATH]\Tony Hidayat\AQ_OpenWorld_Codec_Provenance\42_bh_derivatives\decoded_raw\d231f88b831294980a576b16.wav"""
8dc19c159b14fe66c5054940,2d68f8d67e542d785904403afe71de06,4992,AAC,aac,FFmpeg-native AAC,128,131.904,a298ac340e5ba6171849ee48a1fb56f43b3d8d3dd902037ca4ba5073a6e9ae48,07ae5c4027aff7b7190108c2ec7a480bde191d09c950d51142bfbc09dfc6675a,0,0.9955268438489098,96000,32976,[REDACTED_LOCAL_PATH]\Tony Hidayat\AQ_OpenWorld_Codec_Provenance\42_bh_derivatives\encoded\8dc19c159b14fe66c5054940.m4a,[REDACTED_LOCAL_PATH]\Tony Hidayat\AQ_OpenWorld_Codec_Provenance\42_bh_derivatives\decoded_raw\8dc19c159b14fe66c5054940.wav,[REDACTED_LOCAL_PATH]\Tony Hidayat\AQ_OpenWorld_Codec_Provenance\42_bh_derivatives\aligned_pcm\8dc19c159b14fe66c5054940.wav,AQ2D0BH_DERIV_V1|2d68f8d67e542d785904403afe71de06|AAC|128|FFmpeg-native AAC|57c56e369d5b4873b4d93fc1a1d833cb7cd8bc9325c14b05c34ce60b22842d8a,0,0,0,aac,PASS,"""[REDACTED_LOCAL_PATH]\Tony Hidayat\AQ_OpenWorld_Codec_Provenance\tools\gyan_ffmpeg_9.0_full\bin\ffmpeg.exe"" -y -hide_banner -i ""[REDACTED_LOCAL_PATH]\Tony Hidayat\AQ_OpenWorld_Codec_Provenance\39_bh_speech\canonical_selected\4992-41797-0022.wav"" -map_metadata -1 -vn -sn -dn -c:a aac -b:a 128k ""[REDACTED_LOCAL_PATH]\Tony Hidayat\AQ_OpenWorld_Codec_Provenance\42_bh_derivatives\encoded\8dc19c159b14fe66c5054940.m4a""","""[REDACTED_LOCAL_PATH]\Tony Hidayat\AQ_OpenWorld_Codec_Provenance\tools\gyan_ffmpeg_9.0_full\bin\ffprobe.exe"" -v error -show_entries stream=codec_name,sample_rate,channels,duration,bit_rate:format=format_name,duration,bit_rate -of json ""[REDACTED_LOCAL_PATH]\Tony Hidayat\AQ_OpenWorld_Codec_Provenance\42_bh_derivatives\encoded\8dc19c159b14fe66c5054940.m4a""","[REDACTED_LOCAL_PATH]\AppData\Local\CapCut\Apps\7.7.0.3143\ffmpeg.exe -y -hide_banner -i ""[REDACTED_LOCAL_PATH]\Tony Hidayat\AQ_OpenWorld_Codec_Provenance\42_bh_derivatives\encoded\8dc19c159b14fe66c5054940.m4a"" -map_metadata -1 -vn -sn -dn -ac 1 -ar 48000 -sample_fmt s16 ""[REDACTED_LOCAL_PATH]\Tony Hidayat\AQ_OpenWorld_Codec_Provenance\42_bh_derivatives\decoded_raw\8dc19c159b14fe66c5054940.wav"""
39139a07068fa3fa93289b8c,2d68f8d67e542d785904403afe71de06,4992,MP3,libmp3lame,libmp3lame,32,33.584,769da3d8d7d9a1726e4c6ded36ceb5bfefce2c53dee6b7f32ca5b70abfa57934,75b715497529dc2b01f0b443cb058b630a14e37b8d1eff5073bcf0c018c4ce85,0,0.9918903057947774,96000,8396,[REDACTED_LOCAL_PATH]\Tony Hidayat\AQ_OpenWorld_Codec_Provenance\42_bh_derivatives\encoded\39139a07068fa3fa93289b8c.mp3,[REDACTED_LOCAL_PATH]\Tony Hidayat\AQ_OpenWorld_Codec_Provenance\42_bh_derivatives\decoded_raw\39139a07068fa3fa93289b8c.wav,[REDACTED_LOCAL_PATH]\Tony Hidayat\AQ_OpenWorld_Codec_Provenance\42_bh_derivatives\aligned_pcm\39139a07068fa3fa93289b8c.wav,AQ2D0BH_DERIV_V1|2d68f8d67e542d785904403afe71de06|MP3|32|libmp3lame|57c56e369d5b4873b4d93fc1a1d833cb7cd8bc9325c14b05c34ce60b22842d8a,0,0,0,mp3,PASS,"""[REDACTED_LOCAL_PATH]\Tony Hidayat\AQ_OpenWorld_Codec_Provenance\tools\gyan_ffmpeg_9.0_full\bin\ffmpeg.exe"" -y -hide_banner -i ""[REDACTED_LOCAL_PATH]\Tony Hidayat\AQ_OpenWorld_Codec_Provenance\39_bh_speech\canonical_selected\4992-41797-0022.wav"" -map_metadata -1 -vn -sn -dn -c:a libmp3lame -b:a 32k ""[REDACTED_LOCAL_PATH]\Tony Hidayat\AQ_OpenWorld_Codec_Provenance\42_bh_derivatives\encoded\39139a07068fa3fa93289b8c.mp3""","""[REDACTED_LOCAL_PATH]\Tony Hidayat\AQ_OpenWorld_Codec_Provenance\tools\gyan_ffmpeg_9.0_full\bin\ffprobe.exe"" -v error -show_entries stream=codec_name,sample_rate,channels,duration,bit_rate:format=format_name,duration,bit_rate -of json ""[REDACTED_LOCAL_PATH]\Tony Hidayat\AQ_OpenWorld_Codec_Provenance\42_bh_derivatives\encoded\39139a07068fa3fa93289b8c.mp3""","[REDACTED_LOCAL_PATH]\AppData\Local\CapCut\Apps\7.7.0.3143\ffmpeg.exe -y -hide_banner -i ""[REDACTED_LOCAL_PATH]\Tony Hidayat\AQ_OpenWorld_Codec_Provenance\42_bh_derivatives\encoded\39139a07068fa3fa93289b8c.mp3"" -map_metadata -1 -vn -sn -dn -ac 1 -ar 48000 -sample_fmt s16 ""[REDACTED_LOCAL_PATH]\Tony Hidayat\AQ_OpenWorld_Codec_Provenance\42_bh_derivatives\decoded_raw\39139a07068fa3fa93289b8c.wav"""
faf0cdaa43677717b150b2da,2d68f8d67e542d785904403afe71de06,4992,MP3,libmp3lame,libmp3lame,80,82.736,a50d01c427afec909f9172c291678f542e032a52e23e8768de3e22b5fe62f466,2e263b43da2c359603eb4cbe5cafc7f35a0b50c5accfeadc55b019d005116535,0,0.9998959188005834,96000,20684,[REDACTED_LOCAL_PATH]\Tony Hidayat\AQ_OpenWorld_Codec_Provenance\42_bh_derivatives\encoded\faf0cdaa43677717b150b2da.mp3,[REDACTED_LOCAL_PATH]\Tony Hidayat\AQ_OpenWorld_Codec_Provenance\42_bh_derivatives\decoded_raw\faf0cdaa43677717b150b2da.wav,[REDACTED_LOCAL_PATH]\Tony Hidayat\AQ_OpenWorld_Codec_Provenance\42_bh_derivatives\aligned_pcm\faf0cdaa43677717b150b2da.wav,AQ2D0BH_DERIV_V1|2d68f8d67e542d785904403afe71de06|MP3|80|libmp3lame|57c56e369d5b4873b4d93fc1a1d833cb7cd8bc9325c14b05c34ce60b22842d8a,0,0,0,mp3,PASS,"""[REDACTED_LOCAL_PATH]\Tony Hidayat\AQ_OpenWorld_Codec_Provenance\tools\gyan_ffmpeg_9.0_full\bin\ffmpeg.exe"" -y -hide_banner -i ""[REDACTED_LOCAL_PATH]\Tony Hidayat\AQ_OpenWorld_Codec_Provenance\39_bh_speech\canonical_selected\4992-41797-0022.wav"" -map_metadata -1 -vn -sn -dn -c:a libmp3lame -b:a 80k ""[REDACTED_LOCAL_PATH]\Tony Hidayat\AQ_OpenWorld_Codec_Provenance\42_bh_derivatives\encoded\faf0cdaa43677717b150b2da.mp3""","""[REDACTED_LOCAL_PATH]\Tony Hidayat\AQ_OpenWorld_Codec_Provenance\tools\gyan_ffmpeg_9.0_full\bin\ffprobe.exe"" -v error -show_entries stream=codec_name,sample_rate,channels,duration,bit_rate:format=format_name,duration,bit_rate -of json ""[REDACTED_LOCAL_PATH]\Tony Hidayat\AQ_OpenWorld_Codec_Provenance\42_bh_derivatives\encoded\faf0cdaa43677717b150b2da.mp3""","[REDACTED_LOCAL_PATH]\AppData\Local\CapCut\Apps\7.7.0.3143\ffmpeg.exe -y -hide_banner -i ""[REDACTED_LOCAL_PATH]\Tony Hidayat\AQ_OpenWorld_Codec_Provenance\42_bh_derivatives\encoded\faf0cdaa43677717b150b2da.mp3"" -map_metadata -1 -vn -sn -dn -ac 1 -ar 48000 -sample_fmt s16 ""[REDACTED_LOCAL_PATH]\Tony Hidayat\AQ_OpenWorld_Codec_Provenance\42_bh_derivatives\decoded_raw\faf0cdaa43677717b150b2da.wav"""
048a8b65290ecfbf127b2944,2d68f8d67e542d785904403afe71de06,4992,MP3,libmp3lame,libmp3lame,96,99.248,a0ef1cd8dcef6bd7f5ace1b7bf31d2165ddea474bfd30a53e3d40b60ca29f76c,7c57484af9b2d9e924fae7807503e63307fb35ac06be7dc0c4111431e8b7404a,0,0.999974516924462,96000,24812,[REDACTED_LOCAL_PATH]\Tony Hidayat\AQ_OpenWorld_Codec_Provenance\42_bh_derivatives\encoded\048a8b65290ecfbf127b2944.mp3,[REDACTED_LOCAL_PATH]\Tony Hidayat\AQ_OpenWorld_Codec_Provenance\42_bh_derivatives\decoded_raw\048a8b65290ecfbf127b2944.wav,[REDACTED_LOCAL_PATH]\Tony Hidayat\AQ_OpenWorld_Codec_Provenance\42_bh_derivatives\aligned_pcm\048a8b65290ecfbf127b2944.wav,AQ2D0BH_DERIV_V1|2d68f8d67e542d785904403afe71de06|MP3|96|libmp3lame|57c56e369d5b4873b4d93fc1a1d833cb7cd8bc9325c14b05c34ce60b22842d8a,0,0,0,mp3,PASS,"""[REDACTED_LOCAL_PATH]\Tony Hidayat\AQ_OpenWorld_Codec_Provenance\tools\gyan_ffmpeg_9.0_full\bin\ffmpeg.exe"" -y -hide_banner -i ""[REDACTED_LOCAL_PATH]\Tony Hidayat\AQ_OpenWorld_Codec_Provenance\39_bh_speech\canonical_selected\4992-41797-0022.wav"" -map_metadata -1 -vn -sn -dn -c:a libmp3lame -b:a 96k ""[REDACTED_LOCAL_PATH]\Tony Hidayat\AQ_OpenWorld_Codec_Provenance\42_bh_derivatives\encoded\048a8b65290ecfbf127b2944.mp3""","""[REDACTED_LOCAL_PATH]\Tony Hidayat\AQ_OpenWorld_Codec_Provenance\tools\gyan_ffmpeg_9.0_full\bin\ffprobe.exe"" -v error -show_entries stream=codec_name,sample_rate,channels,duration,bit_rate:format=format_name,duration,bit_rate -of json ""[REDACTED_LOCAL_PATH]\Tony Hidayat\AQ_OpenWorld_Codec_Provenance\42_bh_derivatives\encoded\048a8b65290ecfbf127b2944.mp3""","[REDACTED_LOCAL_PATH]\AppData\Local\CapCut\Apps\7.7.0.3143\ffmpeg.exe -y -hide_banner -i ""[REDACTED_LOCAL_PATH]\Tony Hidayat\AQ_OpenWorld_Codec_Provenance\42_bh_derivatives\encoded\048a8b65290ecfbf127b2944.mp3"" -map_metadata -1 -vn -sn -dn -ac 1 -ar 48000 -sample_fmt s16 ""[REDACTED_LOCAL_PATH]\Tony Hidayat\AQ_OpenWorld_Codec_Provenance\42_bh_derivatives\decoded_raw\048a8b65290ecfbf127b2944.wav"""
d80183e978b1ed9a24a25993,2d68f8d67e542d785904403afe71de06,4992,MP3,libmp3lame,libmp3lame,128,132.272,5c3b050e18e789ab1b886e987549bbe8b0fd0f609327aae87c7c65d64737e829,8e0bbc098c2707850f1f45bba633179e204a200e8471163c91cc9168b4e05324,0,0.9999941812150968,96000,33068,[REDACTED_LOCAL_PATH]\Tony Hidayat\AQ_OpenWorld_Codec_Provenance\42_bh_derivatives\encoded\d80183e978b1ed9a24a25993.mp3,[REDACTED_LOCAL_PATH]\Tony Hidayat\AQ_OpenWorld_Codec_Provenance\42_bh_derivatives\decoded_raw\d80183e978b1ed9a24a25993.wav,[REDACTED_LOCAL_PATH]\Tony Hidayat\AQ_OpenWorld_Codec_Provenance\42_bh_derivatives\aligned_pcm\d80183e978b1ed9a24a25993.wav,AQ2D0BH_DERIV_V1|2d68f8d67e542d785904403afe71de06|MP3|128|libmp3lame|57c56e369d5b4873b4d93fc1a1d833cb7cd8bc9325c14b05c34ce60b22842d8a,0,0,0,mp3,PASS,"""[REDACTED_LOCAL_PATH]\Tony Hidayat\AQ_OpenWorld_Codec_Provenance\tools\gyan_ffmpeg_9.0_full\bin\ffmpeg.exe"" -y -hide_banner -i ""[REDACTED_LOCAL_PATH]\Tony Hidayat\AQ_OpenWorld_Codec_Provenance\39_bh_speech\canonical_selected\4992-41797-0022.wav"" -map_metadata -1 -vn -sn -dn -c:a libmp3lame -b:a 128k ""[REDACTED_LOCAL_PATH]\Tony Hidayat\AQ_OpenWorld_Codec_Provenance\42_bh_derivatives\encoded\d80183e978b1ed9a24a25993.mp3""","""[REDACTED_LOCAL_PATH]\Tony Hidayat\AQ_OpenWorld_Codec_Provenance\tools\gyan_ffmpeg_9.0_full\bin\ffprobe.exe"" -v error -show_entries stream=codec_name,sample_rate,channels,duration,bit_rate:format=format_name,duration,bit_rate -of json ""[REDACTED_LOCAL_PATH]\Tony Hidayat\AQ_OpenWorld_Codec_Provenance\42_bh_derivatives\encoded\d80183e978b1ed9a24a25993.mp3""","[REDACTED_LOCAL_PATH]\AppData\Local\CapCut\Apps\7.7.0.3143\ffmpeg.exe -y -hide_banner -i ""[REDACTED_LOCAL_PATH]\Tony Hidayat\AQ_OpenWorld_Codec_Provenance\42_bh_derivatives\encoded\d80183e978b1ed9a24a25993.mp3"" -map_metadata -1 -vn -sn -dn -ac 1 -ar 48000 -sample_fmt s16 ""[REDACTED_LOCAL_PATH]\Tony Hidayat\AQ_OpenWorld_Codec_Provenance\42_bh_derivatives\decoded_raw\d80183e978b1ed9a24a25993.wav"""
a6fe5128c5a425c9bbf6ec79,2d68f8d67e542d785904403afe71de06,4992,Opus,libopus,libopus,32,33.588,8e35a99b85b1841f1a030d8746adc442efdc686efc39bc7a30ff9b0bedc673f7,1bd8305bb7e2daa26ade5de2726f1b01314d959311f5e2df7be8523c31a0c47b,0,0.9924210672894388,96000,8397,[REDACTED_LOCAL_PATH]\Tony Hidayat\AQ_OpenWorld_Codec_Provenance\42_bh_derivatives\encoded\a6fe5128c5a425c9bbf6ec79.opus,[REDACTED_LOCAL_PATH]\Tony Hidayat\AQ_OpenWorld_Codec_Provenance\42_bh_derivatives\decoded_raw\a6fe5128c5a425c9bbf6ec79.wav,[REDACTED_LOCAL_PATH]\Tony Hidayat\AQ_OpenWorld_Codec_Provenance\42_bh_derivatives\aligned_pcm\a6fe5128c5a425c9bbf6ec79.wav,AQ2D0BH_DERIV_V1|2d68f8d67e542d785904403afe71de06|Opus|32|libopus|57c56e369d5b4873b4d93fc1a1d833cb7cd8bc9325c14b05c34ce60b22842d8a,0,0,0,opus,PASS,"""[REDACTED_LOCAL_PATH]\Tony Hidayat\AQ_OpenWorld_Codec_Provenance\tools\gyan_ffmpeg_9.0_full\bin\ffmpeg.exe"" -y -hide_banner -i ""[REDACTED_LOCAL_PATH]\Tony Hidayat\AQ_OpenWorld_Codec_Provenance\39_bh_speech\canonical_selected\4992-41797-0022.wav"" -map_metadata -1 -vn -sn -dn -c:a libopus -b:a 32k -vbr off ""[REDACTED_LOCAL_PATH]\Tony Hidayat\AQ_OpenWorld_Codec_Provenance\42_bh_derivatives\encoded\a6fe5128c5a425c9bbf6ec79.opus""","""[REDACTED_LOCAL_PATH]\Tony Hidayat\AQ_OpenWorld_Codec_Provenance\tools\gyan_ffmpeg_9.0_full\bin\ffprobe.exe"" -v error -show_entries stream=codec_name,sample_rate,channels,duration,bit_rate:format=format_name,duration,bit_rate -of json ""[REDACTED_LOCAL_PATH]\Tony Hidayat\AQ_OpenWorld_Codec_Provenance\42_bh_derivatives\encoded\a6fe5128c5a425c9bbf6ec79.opus""","[REDACTED_LOCAL_PATH]\AppData\Local\CapCut\Apps\7.7.0.3143\ffmpeg.exe -y -hide_banner -i ""[REDACTED_LOCAL_PATH]\Tony Hidayat\AQ_OpenWorld_Codec_Provenance\42_bh_derivatives\encoded\a6fe5128c5a425c9bbf6ec79.opus"" -map_metadata -1 -vn -sn -dn -ac 1 -ar 48000 -sample_fmt s16 ""[REDACTED_LOCAL_PATH]\Tony Hidayat\AQ_OpenWorld_Codec_Provenance\42_bh_derivatives\decoded_raw\a6fe5128c5a425c9bbf6ec79.wav"""
8bd4c1c1a9126bde29f68394,2d68f8d67e542d785904403afe71de06,4992,Opus,libopus,libopus,80,82.068,76dc1e54c3579faafdcc0b117b7ec0fa44dc376071ca8032251f7877a3246f00,27dd370141bc62b1073990da4d5a6c7d9fa2c2804a2af704341167e40e4ecd84,0,0.9985578493596055,96000,20517,[REDACTED_LOCAL_PATH]\Tony Hidayat\AQ_OpenWorld_Codec_Provenance\42_bh_derivatives\encoded\8bd4c1c1a9126bde29f68394.opus,[REDACTED_LOCAL_PATH]\Tony Hidayat\AQ_OpenWorld_Codec_Provenance\42_bh_derivatives\decoded_raw\8bd4c1c1a9126bde29f68394.wav,[REDACTED_LOCAL_PATH]\Tony Hidayat\AQ_OpenWorld_Codec_Provenance\42_bh_derivatives\aligned_pcm\8bd4c1c1a9126bde29f68394.wav,AQ2D0BH_DERIV_V1|2d68f8d67e542d785904403afe71de06|Opus|80|libopus|57c56e369d5b4873b4d93fc1a1d833cb7cd8bc9325c14b05c34ce60b22842d8a,0,0,0,opus,PASS,"""[REDACTED_LOCAL_PATH]\Tony Hidayat\AQ_OpenWorld_Codec_Provenance\tools\gyan_ffmpeg_9.0_full\bin\ffmpeg.exe"" -y -hide_banner -i ""[REDACTED_LOCAL_PATH]\Tony Hidayat\AQ_OpenWorld_Codec_Provenance\39_bh_speech\canonical_selected\4992-41797-0022.wav"" -map_metadata -1 -vn -sn -dn -c:a libopus -b:a 80k -vbr off ""[REDACTED_LOCAL_PATH]\Tony Hidayat\AQ_OpenWorld_Codec_Provenance\42_bh_derivatives\encoded\8bd4c1c1a9126bde29f68394.opus""","""[REDACTED_LOCAL_PATH]\Tony Hidayat\AQ_OpenWorld_Codec_Provenance\tools\gyan_ffmpeg_9.0_full\bin\ffprobe.exe"" -v error -show_entries stream=codec_name,sample_rate,channels,duration,bit_rate:format=format_name,duration,bit_rate -of json ""[REDACTED_LOCAL_PATH]\Tony Hidayat\AQ_OpenWorld_Codec_Provenance\42_bh_derivatives\encoded\8bd4c1c1a9126bde29f68394.opus""","[REDACTED_LOCAL_PATH]\AppData\Local\CapCut\Apps\7.7.0.3143\ffmpeg.exe -y -hide_banner -i ""[REDACTED_LOCAL_PATH]\Tony Hidayat\AQ_OpenWorld_Codec_Provenance\42_bh_derivatives\encoded\8bd4c1c1a9126bde29f68394.opus"" -map_metadata -1 -vn -sn -dn -ac 1 -ar 48000 -sample_fmt s16 ""[REDACTED_LOCAL_PATH]\Tony Hidayat\AQ_OpenWorld_Codec_Provenance\42_bh_derivatives\decoded_raw\8bd4c1c1a9126bde29f68394.wav"""
32f73deea4d3142ff18961ff,2d68f8d67e542d785904403afe71de06,4992,Opus,libopus,libopus,96,98.228,2c6e014fbebb12801947173e4147b2787aed83acafc2cce27b935ac85d0cd289,560205d20d67b99d752c088db84bdbeea05c1b119ca251dc95c10995534b515c,0,0.9988785897766581,96000,24557,[REDACTED_LOCAL_PATH]\Tony Hidayat\AQ_OpenWorld_Codec_Provenance\42_bh_derivatives\encoded\32f73deea4d3142ff18961ff.opus,[REDACTED_LOCAL_PATH]\Tony Hidayat\AQ_OpenWorld_Codec_Provenance\42_bh_derivatives\decoded_raw\32f73deea4d3142ff18961ff.wav,[REDACTED_LOCAL_PATH]\Tony Hidayat\AQ_OpenWorld_Codec_Provenance\42_bh_derivatives\aligned_pcm\32f73deea4d3142ff18961ff.wav,AQ2D0BH_DERIV_V1|2d68f8d67e542d785904403afe71de06|Opus|96|libopus|57c56e369d5b4873b4d93fc1a1d833cb7cd8bc9325c14b05c34ce60b22842d8a,0,0,0,opus,PASS,"""[REDACTED_LOCAL_PATH]\Tony Hidayat\AQ_OpenWorld_Codec_Provenance\tools\gyan_ffmpeg_9.0_full\bin\ffmpeg.exe"" -y -hide_banner -i ""[REDACTED_LOCAL_PATH]\Tony Hidayat\AQ_OpenWorld_Codec_Provenance\39_bh_speech\canonical_selected\4992-41797-0022.wav"" -map_metadata -1 -vn -sn -dn -c:a libopus -b:a 96k -vbr off ""[REDACTED_LOCAL_PATH]\Tony Hidayat\AQ_OpenWorld_Codec_Provenance\42_bh_derivatives\encoded\32f73deea4d3142ff18961ff.opus""","""[REDACTED_LOCAL_PATH]\Tony Hidayat\AQ_OpenWorld_Codec_Provenance\tools\gyan_ffmpeg_9.0_full\bin\ffprobe.exe"" -v error -show_entries stream=codec_name,sample_rate,channels,duration,bit_rate:format=format_name,duration,bit_rate -of json ""[REDACTED_LOCAL_PATH]\Tony Hidayat\AQ_OpenWorld_Codec_Provenance\42_bh_derivatives\encoded\32f73deea4d3142ff18961ff.opus""","[REDACTED_LOCAL_PATH]\AppData\Local\CapCut\Apps\7.7.0.3143\ffmpeg.exe -y -hide_banner -i ""[REDACTED_LOCAL_PATH]\Tony Hidayat\AQ_OpenWorld_Codec_Provenance\42_bh_derivatives\encoded\32f73deea4d3142ff18961ff.opus"" -map_metadata -1 -vn -sn -dn -ac 1 -ar 48000 -sample_fmt s16 ""[REDACTED_LOCAL_PATH]\Tony Hidayat\AQ_OpenWorld_Codec_Provenance\42_bh_derivatives\decoded_raw\32f73deea4d3142ff18961ff.wav"""
8fc88dcfe11f657309c62a55,2d68f8d67e542d785904403afe71de06,4992,Opus,libopus,libopus,128,130.952,218a83e5376f4250cb774558eaccff16ad02ba54efdc17bb46f6ec80acad8c44,ea26e058f5928128e3bd29531a86bc86e7a0da498028a535be88235751fd66a6,0,0.9994973042508813,96000,32738,[REDACTED_LOCAL_PATH]\Tony Hidayat\AQ_OpenWorld_Codec_Provenance\42_bh_derivatives\encoded\8fc88dcfe11f657309c62a55.opus,[REDACTED_LOCAL_PATH]\Tony Hidayat\AQ_OpenWorld_Codec_Provenance\42_bh_derivatives\decoded_raw\8fc88dcfe11f657309c62a55.wav,[REDACTED_LOCAL_PATH]\Tony Hidayat\AQ_OpenWorld_Codec_Provenance\42_bh_derivatives\aligned_pcm\8fc88dcfe11f657309c62a55.wav,AQ2D0BH_DERIV_V1|2d68f8d67e542d785904403afe71de06|Opus|128|libopus|57c56e369d5b4873b4d93fc1a1d833cb7cd8bc9325c14b05c34ce60b22842d8a,0,0,0,opus,PASS,"""[REDACTED_LOCAL_PATH]\Tony Hidayat\AQ_OpenWorld_Codec_Provenance\tools\gyan_ffmpeg_9.0_full\bin\ffmpeg.exe"" -y -hide_banner -i ""[REDACTED_LOCAL_PATH]\Tony Hidayat\AQ_OpenWorld_Codec_Provenance\39_bh_speech\canonical_selected\4992-41797-0022.wav"" -map_metadata -1 -vn -sn -dn -c:a libopus -b:a 128k -vbr off ""[REDACTED_LOCAL_PATH]\Tony Hidayat\AQ_OpenWorld_Codec_Provenance\42_bh_derivatives\encoded\8fc88dcfe11f657309c62a55.opus""","""[REDACTED_LOCAL_PATH]\Tony Hidayat\AQ_OpenWorld_Codec_Provenance\tools\gyan_ffmpeg_9.0_full\bin\ffprobe.exe"" -v error -show_entries stream=codec_name,sample_rate,channels,duration,bit_rate:format=format_name,duration,bit_rate -of json ""[REDACTED_LOCAL_PATH]\Tony Hidayat\AQ_OpenWorld_Codec_Provenance\42_bh_derivatives\encoded\8fc88dcfe11f657309c62a55.opus""","[REDACTED_LOCAL_PATH]\AppData\Local\CapCut\Apps\7.7.0.3143\ffmpeg.exe -y -hide_banner -i ""[REDACTED_LOCAL_PATH]\Tony Hidayat\AQ_OpenWorld_Codec_Provenance\42_bh_derivatives\encoded\8fc88dcfe11f657309c62a55.opus"" -map_metadata -1 -vn -sn -dn -ac 1 -ar 48000 -sample_fmt s16 ""[REDACTED_LOCAL_PATH]\Tony Hidayat\AQ_OpenWorld_Codec_Provenance\42_bh_derivatives\decoded_raw\8fc88dcfe11f657309c62a55.wav"""
d56c40b7053002d25b0da982,3109c8fb30b69d872b46a1394a8deeb0,237,AAC,aac,FFmpeg-native AAC,32,36.724,8a0189e5bd662b78936642d28554b8b7e24fe59aba8ba8658f975ca30d0b2608,f143999b788b702ea25f551ff80bf8d1675ddb4c74abd33fdd33a22977e1e9a4,0,0.9611672495659972,96000,9181,[REDACTED_LOCAL_PATH]\Tony Hidayat\AQ_OpenWorld_Codec_Provenance\42_bh_derivatives\encoded\d56c40b7053002d25b0da982.m4a,[REDACTED_LOCAL_PATH]\Tony Hidayat\AQ_OpenWorld_Codec_Provenance\42_bh_derivatives\decoded_raw\d56c40b7053002d25b0da982.wav,[REDACTED_LOCAL_PATH]\Tony Hidayat\AQ_OpenWorld_Codec_Provenance\42_bh_derivatives\aligned_pcm\d56c40b7053002d25b0da982.wav,AQ2D0BH_DERIV_V1|3109c8fb30b69d872b46a1394a8deeb0|AAC|32|FFmpeg-native AAC|57c56e369d5b4873b4d93fc1a1d833cb7cd8bc9325c14b05c34ce60b22842d8a,0,0,0,aac,PASS,"""[REDACTED_LOCAL_PATH]\Tony Hidayat\AQ_OpenWorld_Codec_Provenance\tools\gyan_ffmpeg_9.0_full\bin\ffmpeg.exe"" -y -hide_banner -i ""[REDACTED_LOCAL_PATH]\Tony Hidayat\AQ_OpenWorld_Codec_Provenance\39_bh_speech\canonical_selected\237-126133-0009.wav"" -map_metadata -1 -vn -sn -dn -c:a aac -b:a 32k ""[REDACTED_LOCAL_PATH]\Tony Hidayat\AQ_OpenWorld_Codec_Provenance\42_bh_derivatives\encoded\d56c40b7053002d25b0da982.m4a""","""[REDACTED_LOCAL_PATH]\Tony Hidayat\AQ_OpenWorld_Codec_Provenance\tools\gyan_ffmpeg_9.0_full\bin\ffprobe.exe"" -v error -show_entries stream=codec_name,sample_rate,channels,duration,bit_rate:format=format_name,duration,bit_rate -of json ""[REDACTED_LOCAL_PATH]\Tony Hidayat\AQ_OpenWorld_Codec_Provenance\42_bh_derivatives\encoded\d56c40b7053002d25b0da982.m4a""","[REDACTED_LOCAL_PATH]\AppData\Local\CapCut\Apps\7.7.0.3143\ffmpeg.exe -y -hide_banner -i ""[REDACTED_LOCAL_PATH]\Tony Hidayat\AQ_OpenWorld_Codec_Provenance\42_bh_derivatives\encoded\d56c40b7053002d25b0da982.m4a"" -map_metadata -1 -vn -sn -dn -ac 1 -ar 48000 -sample_fmt s16 ""[REDACTED_LOCAL_PATH]\Tony Hidayat\AQ_OpenWorld_Codec_Provenance\42_bh_derivatives\decoded_raw\d56c40b7053002d25b0da982.wav"""
15c9485acc4d6befe5fe2202,3109c8fb30b69d872b46a1394a8deeb0,237,AAC,aac,FFmpeg-native AAC,80,86.352,16dda90f53610f2ceb5d06f0536ce09df2ad14d1cb1a4a227343e4d061b89bd1,0f05bdfef60963d79ea94430ab21149211f7cc97b7bac27b57f02547f081b648,0,0.9994329481535789,96000,21588,[REDACTED_LOCAL_PATH]\Tony Hidayat\AQ_OpenWorld_Codec_Provenance\42_bh_derivatives\encoded\15c9485acc4d6befe5fe2202.m4a,[REDACTED_LOCAL_PATH]\Tony Hidayat\AQ_OpenWorld_Codec_Provenance\42_bh_derivatives\decoded_raw\15c9485acc4d6befe5fe2202.wav,[REDACTED_LOCAL_PATH]\Tony Hidayat\AQ_OpenWorld_Codec_Provenance\42_bh_derivatives\aligned_pcm\15c9485acc4d6befe5fe2202.wav,AQ2D0BH_DERIV_V1|3109c8fb30b69d872b46a1394a8deeb0|AAC|80|FFmpeg-native AAC|57c56e369d5b4873b4d93fc1a1d833cb7cd8bc9325c14b05c34ce60b22842d8a,0,0,0,aac,PASS,"""[REDACTED_LOCAL_PATH]\Tony Hidayat\AQ_OpenWorld_Codec_Provenance\tools\gyan_ffmpeg_9.0_full\bin\ffmpeg.exe"" -y -hide_banner -i ""[REDACTED_LOCAL_PATH]\Tony Hidayat\AQ_OpenWorld_Codec_Provenance\39_bh_speech\canonical_selected\237-126133-0009.wav"" -map_metadata -1 -vn -sn -dn -c:a aac -b:a 80k ""[REDACTED_LOCAL_PATH]\Tony Hidayat\AQ_OpenWorld_Codec_Provenance\42_bh_derivatives\encoded\15c9485acc4d6befe5fe2202.m4a""","""[REDACTED_LOCAL_PATH]\Tony Hidayat\AQ_OpenWorld_Codec_Provenance\tools\gyan_ffmpeg_9.0_full\bin\ffprobe.exe"" -v error -show_entries stream=codec_name,sample_rate,channels,duration,bit_rate:format=format_name,duration,bit_rate -of json ""[REDACTED_LOCAL_PATH]\Tony Hidayat\AQ_OpenWorld_Codec_Provenance\42_bh_derivatives\encoded\15c9485acc4d6befe5fe2202.m4a""","[REDACTED_LOCAL_PATH]\AppData\Local\CapCut\Apps\7.7.0.3143\ffmpeg.exe -y -hide_banner -i ""[REDACTED_LOCAL_PATH]\Tony Hidayat\AQ_OpenWorld_Codec_Provenance\42_bh_derivatives\encoded\15c9485acc4d6befe5fe2202.m4a"" -map_metadata -1 -vn -sn -dn -ac 1 -ar 48000 -sample_fmt s16 ""[REDACTED_LOCAL_PATH]\Tony Hidayat\AQ_OpenWorld_Codec_Provenance\42_bh_derivatives\decoded_raw\15c9485acc4d6befe5fe2202.wav"""
fab78122575f322ae263deef,3109c8fb30b69d872b46a1394a8deeb0,237,AAC,aac,FFmpeg-native AAC,96,102.748,8c3ffd62dd148e1a54eb9ff84f0538d86333ca6e080eae067b54d55b3773f268,157fd9bd0234f4c729024767576295ffe0c63790c3c7fcd81b672668061c946e,0,0.9973353611792394,96000,25687,[REDACTED_LOCAL_PATH]\Tony Hidayat\AQ_OpenWorld_Codec_Provenance\42_bh_derivatives\encoded\fab78122575f322ae263deef.m4a,[REDACTED_LOCAL_PATH]\Tony Hidayat\AQ_OpenWorld_Codec_Provenance\42_bh_derivatives\decoded_raw\fab78122575f322ae263deef.wav,[REDACTED_LOCAL_PATH]\Tony Hidayat\AQ_OpenWorld_Codec_Provenance\42_bh_derivatives\aligned_pcm\fab78122575f322ae263deef.wav,AQ2D0BH_DERIV_V1|3109c8fb30b69d872b46a1394a8deeb0|AAC|96|FFmpeg-native AAC|57c56e369d5b4873b4d93fc1a1d833cb7cd8bc9325c14b05c34ce60b22842d8a,0,0,0,aac,PASS,"""[REDACTED_LOCAL_PATH]\Tony Hidayat\AQ_OpenWorld_Codec_Provenance\tools\gyan_ffmpeg_9.0_full\bin\ffmpeg.exe"" -y -hide_banner -i ""[REDACTED_LOCAL_PATH]\Tony Hidayat\AQ_OpenWorld_Codec_Provenance\39_bh_speech\canonical_selected\237-126133-0009.wav"" -map_metadata -1 -vn -sn -dn -c:a aac -b:a 96k ""[REDACTED_LOCAL_PATH]\Tony Hidayat\AQ_OpenWorld_Codec_Provenance\42_bh_derivatives\encoded\fab78122575f322ae263deef.m4a""","""[REDACTED_LOCAL_PATH]\Tony Hidayat\AQ_OpenWorld_Codec_Provenance\tools\gyan_ffmpeg_9.0_full\bin\ffprobe.exe"" -v error -show_entries stream=codec_name,sample_rate,channels,duration,bit_rate:format=format_name,duration,bit_rate -of json ""[REDACTED_LOCAL_PATH]\Tony Hidayat\AQ_OpenWorld_Codec_Provenance\42_bh_derivatives\encoded\fab78122575f322ae263deef.m4a""","[REDACTED_LOCAL_PATH]\AppData\Local\CapCut\Apps\7.7.0.3143\ffmpeg.exe -y -hide_banner -i ""[REDACTED_LOCAL_PATH]\Tony Hidayat\AQ_OpenWorld_Codec_Provenance\42_bh_derivatives\encoded\fab78122575f322ae263deef.m4a"" -map_metadata -1 -vn -sn -dn -ac 1 -ar 48000 -sample_fmt s16 ""[REDACTED_LOCAL_PATH]\Tony Hidayat\AQ_OpenWorld_Codec_Provenance\42_bh_derivatives\decoded_raw\fab78122575f322ae263deef.wav"""
9caa6ab935cc3570c4e9e462,3109c8fb30b69d872b46a1394a8deeb0,237,AAC,aac,FFmpeg-native AAC,128,131.988,43ce76b8e28b6c5c6f0f237d29dc2aea84c3729efe19220c9bd9f83f9f8082f6,107a9272f4f79b5a240a35f5956f0f55817203de0349e15302f17a1a7bb96b20,0,0.9993280593029911,96000,32997,[REDACTED_LOCAL_PATH]\Tony Hidayat\AQ_OpenWorld_Codec_Provenance\42_bh_derivatives\encoded\9caa6ab935cc3570c4e9e462.m4a,[REDACTED_LOCAL_PATH]\Tony Hidayat\AQ_OpenWorld_Codec_Provenance\42_bh_derivatives\decoded_raw\9caa6ab935cc3570c4e9e462.wav,[REDACTED_LOCAL_PATH]\Tony Hidayat\AQ_OpenWorld_Codec_Provenance\42_bh_derivatives\aligned_pcm\9caa6ab935cc3570c4e9e462.wav,AQ2D0BH_DERIV_V1|3109c8fb30b69d872b46a1394a8deeb0|AAC|128|FFmpeg-native AAC|57c56e369d5b4873b4d93fc1a1d833cb7cd8bc9325c14b05c34ce60b22842d8a,0,0,0,aac,PASS,"""[REDACTED_LOCAL_PATH]\Tony Hidayat\AQ_OpenWorld_Codec_Provenance\tools\gyan_ffmpeg_9.0_full\bin\ffmpeg.exe"" -y -hide_banner -i ""[REDACTED_LOCAL_PATH]\Tony Hidayat\AQ_OpenWorld_Codec_Provenance\39_bh_speech\canonical_selected\237-126133-0009.wav"" -map_metadata -1 -vn -sn -dn -c:a aac -b:a 128k ""[REDACTED_LOCAL_PATH]\Tony Hidayat\AQ_OpenWorld_Codec_Provenance\42_bh_derivatives\encoded\9caa6ab935cc3570c4e9e462.m4a""","""[REDACTED_LOCAL_PATH]\Tony Hidayat\AQ_OpenWorld_Codec_Provenance\tools\gyan_ffmpeg_9.0_full\bin\ffprobe.exe"" -v error -show_entries stream=codec_name,sample_rate,channels,duration,bit_rate:format=format_name,duration,bit_rate -of json ""[REDACTED_LOCAL_PATH]\Tony Hidayat\AQ_OpenWorld_Codec_Provenance\42_bh_derivatives\encoded\9caa6ab935cc3570c4e9e462.m4a""","[REDACTED_LOCAL_PATH]\AppData\Local\CapCut\Apps\7.7.0.3143\ffmpeg.exe -y -hide_banner -i ""[REDACTED_LOCAL_PATH]\Tony Hidayat\AQ_OpenWorld_Codec_Provenance\42_bh_derivatives\encoded\9caa6ab935cc3570c4e9e462.m4a"" -map_metadata -1 -vn -sn -dn -ac 1 -ar 48000 -sample_fmt s16 ""[REDACTED_LOCAL_PATH]\Tony Hidayat\AQ_OpenWorld_Codec_Provenance\42_bh_derivatives\decoded_raw\9caa6ab935cc3570c4e9e462.wav"""
c02955db210917017b93a2ef,3109c8fb30b69d872b46a1394a8deeb0,237,MP3,libmp3lame,libmp3lame,32,33.584,029ead7ea0f5b1000257faf963c902e9dc3d63a6868965851764eab791beda8f,2682a4e865378783441112ce2af3dd85561026767b33313440c9e6abf20101fe,0,0.9816824982105936,96000,8396,[REDACTED_LOCAL_PATH]\Tony Hidayat\AQ_OpenWorld_Codec_Provenance\42_bh_derivatives\encoded\c02955db210917017b93a2ef.mp3,[REDACTED_LOCAL_PATH]\Tony Hidayat\AQ_OpenWorld_Codec_Provenance\42_bh_derivatives\decoded_raw\c02955db210917017b93a2ef.wav,[REDACTED_LOCAL_PATH]\Tony Hidayat\AQ_OpenWorld_Codec_Provenance\42_bh_derivatives\aligned_pcm\c02955db210917017b93a2ef.wav,AQ2D0BH_DERIV_V1|3109c8fb30b69d872b46a1394a8deeb0|MP3|32|libmp3lame|57c56e369d5b4873b4d93fc1a1d833cb7cd8bc9325c14b05c34ce60b22842d8a,0,0,0,mp3,PASS,"""[REDACTED_LOCAL_PATH]\Tony Hidayat\AQ_OpenWorld_Codec_Provenance\tools\gyan_ffmpeg_9.0_full\bin\ffmpeg.exe"" -y -hide_banner -i ""[REDACTED_LOCAL_PATH]\Tony Hidayat\AQ_OpenWorld_Codec_Provenance\39_bh_speech\canonical_selected\237-126133-0009.wav"" -map_metadata -1 -vn -sn -dn -c:a libmp3lame -b:a 32k ""[REDACTED_LOCAL_PATH]\Tony Hidayat\AQ_OpenWorld_Codec_Provenance\42_bh_derivatives\encoded\c02955db210917017b93a2ef.mp3""","""[REDACTED_LOCAL_PATH]\Tony Hidayat\AQ_OpenWorld_Codec_Provenance\tools\gyan_ffmpeg_9.0_full\bin\ffprobe.exe"" -v error -show_entries stream=codec_name,sample_rate,channels,duration,bit_rate:format=format_name,duration,bit_rate -of json ""[REDACTED_LOCAL_PATH]\Tony Hidayat\AQ_OpenWorld_Codec_Provenance\42_bh_derivatives\encoded\c02955db210917017b93a2ef.mp3""","[REDACTED_LOCAL_PATH]\AppData\Local\CapCut\Apps\7.7.0.3143\ffmpeg.exe -y -hide_banner -i ""[REDACTED_LOCAL_PATH]\Tony Hidayat\AQ_OpenWorld_Codec_Provenance\42_bh_derivatives\encoded\c02955db210917017b93a2ef.mp3"" -map_metadata -1 -vn -sn -dn -ac 1 -ar 48000 -sample_fmt s16 ""[REDACTED_LOCAL_PATH]\Tony Hidayat\AQ_OpenWorld_Codec_Provenance\42_bh_derivatives\decoded_raw\c02955db210917017b93a2ef.wav"""
6e9a33c8112e5ec21b3a322a,3109c8fb30b69d872b46a1394a8deeb0,237,MP3,libmp3lame,libmp3lame,80,82.736,4b251363ced1046729792375fc379dd18c044974e7e760577657d814207589ea,f943c47dc03833994f1dc728728814adbb01eba0b33fcea6ae9f456043ee6eb0,0,0.9998439818422068,96000,20684,[REDACTED_LOCAL_PATH]\Tony Hidayat\AQ_OpenWorld_Codec_Provenance\42_bh_derivatives\encoded\6e9a33c8112e5ec21b3a322a.mp3,[REDACTED_LOCAL_PATH]\Tony Hidayat\AQ_OpenWorld_Codec_Provenance\42_bh_derivatives\decoded_raw\6e9a33c8112e5ec21b3a322a.wav,[REDACTED_LOCAL_PATH]\Tony Hidayat\AQ_OpenWorld_Codec_Provenance\42_bh_derivatives\aligned_pcm\6e9a33c8112e5ec21b3a322a.wav,AQ2D0BH_DERIV_V1|3109c8fb30b69d872b46a1394a8deeb0|MP3|80|libmp3lame|57c56e369d5b4873b4d93fc1a1d833cb7cd8bc9325c14b05c34ce60b22842d8a,0,0,0,mp3,PASS,"""[REDACTED_LOCAL_PATH]\Tony Hidayat\AQ_OpenWorld_Codec_Provenance\tools\gyan_ffmpeg_9.0_full\bin\ffmpeg.exe"" -y -hide_banner -i ""[REDACTED_LOCAL_PATH]\Tony Hidayat\AQ_OpenWorld_Codec_Provenance\39_bh_speech\canonical_selected\237-126133-0009.wav"" -map_metadata -1 -vn -sn -dn -c:a libmp3lame -b:a 80k ""[REDACTED_LOCAL_PATH]\Tony Hidayat\AQ_OpenWorld_Codec_Provenance\42_bh_derivatives\encoded\6e9a33c8112e5ec21b3a322a.mp3""","""[REDACTED_LOCAL_PATH]\Tony Hidayat\AQ_OpenWorld_Codec_Provenance\tools\gyan_ffmpeg_9.0_full\bin\ffprobe.exe"" -v error -show_entries stream=codec_name,sample_rate,channels,duration,bit_rate:format=format_name,duration,bit_rate -of json ""[REDACTED_LOCAL_PATH]\Tony Hidayat\AQ_OpenWorld_Codec_Provenance\42_bh_derivatives\encoded\6e9a33c8112e5ec21b3a322a.mp3""","[REDACTED_LOCAL_PATH]\AppData\Local\CapCut\Apps\7.7.0.3143\ffmpeg.exe -y -hide_banner -i ""[REDACTED_LOCAL_PATH]\Tony Hidayat\AQ_OpenWorld_Codec_Provenance\42_bh_derivatives\encoded\6e9a33c8112e5ec21b3a322a.mp3"" -map_metadata -1 -vn -sn -dn -ac 1 -ar 48000 -sample_fmt s16 ""[REDACTED_LOCAL_PATH]\Tony Hidayat\AQ_OpenWorld_Codec_Provenance\42_bh_derivatives\decoded_raw\6e9a33c8112e5ec21b3a322a.wav"""
2c6b90fc04d4d26c9ddf19d2,3109c8fb30b69d872b46a1394a8deeb0,237,MP3,libmp3lame,libmp3lame,96,99.248,d1923bb018dff847976605d20a85a05168b4d7488e1818f99ebc1f717d707109,7a49f4dfa3c10bcaa5b72f24ba753495174c901af0887329283669dc64f6ab0d,0,0.9999592048542109,96000,24812,[REDACTED_LOCAL_PATH]\Tony Hidayat\AQ_OpenWorld_Codec_Provenance\42_bh_derivatives\encoded\2c6b90fc04d4d26c9ddf19d2.mp3,[REDACTED_LOCAL_PATH]\Tony Hidayat\AQ_OpenWorld_Codec_Provenance\42_bh_derivatives\decoded_raw\2c6b90fc04d4d26c9ddf19d2.wav,[REDACTED_LOCAL_PATH]\Tony Hidayat\AQ_OpenWorld_Codec_Provenance\42_bh_derivatives\aligned_pcm\2c6b90fc04d4d26c9ddf19d2.wav,AQ2D0BH_DERIV_V1|3109c8fb30b69d872b46a1394a8deeb0|MP3|96|libmp3lame|57c56e369d5b4873b4d93fc1a1d833cb7cd8bc9325c14b05c34ce60b22842d8a,0,0,0,mp3,PASS,"""[REDACTED_LOCAL_PATH]\Tony Hidayat\AQ_OpenWorld_Codec_Provenance\tools\gyan_ffmpeg_9.0_full\bin\ffmpeg.exe"" -y -hide_banner -i ""[REDACTED_LOCAL_PATH]\Tony Hidayat\AQ_OpenWorld_Codec_Provenance\39_bh_speech\canonical_selected\237-126133-0009.wav"" -map_metadata -1 -vn -sn -dn -c:a libmp3lame -b:a 96k ""[REDACTED_LOCAL_PATH]\Tony Hidayat\AQ_OpenWorld_Codec_Provenance\42_bh_derivatives\encoded\2c6b90fc04d4d26c9ddf19d2.mp3""","""[REDACTED_LOCAL_PATH]\Tony Hidayat\AQ_OpenWorld_Codec_Provenance\tools\gyan_ffmpeg_9.0_full\bin\ffprobe.exe"" -v error -show_entries stream=codec_name,sample_rate,channels,duration,bit_rate:format=format_name,duration,bit_rate -of json ""[REDACTED_LOCAL_PATH]\Tony Hidayat\AQ_OpenWorld_Codec_Provenance\42_bh_derivatives\encoded\2c6b90fc04d4d26c9ddf19d2.mp3""","[REDACTED_LOCAL_PATH]\AppData\Local\CapCut\Apps\7.7.0.3143\ffmpeg.exe -y -hide_banner -i ""[REDACTED_LOCAL_PATH]\Tony Hidayat\AQ_OpenWorld_Codec_Provenance\42_bh_derivatives\encoded\2c6b90fc04d4d26c9ddf19d2.mp3"" -map_metadata -1 -vn -sn -dn -ac 1 -ar 48000 -sample_fmt s16 ""[REDACTED_LOCAL_PATH]\Tony Hidayat\AQ_OpenWorld_Codec_Provenance\42_bh_derivatives\decoded_raw\2c6b90fc04d4d26c9ddf19d2.wav"""
364c73fbb6a0efdd424ef56d,3109c8fb30b69d872b46a1394a8deeb0,237,MP3,libmp3lame,libmp3lame,128,132.272,f6a06da768393531fae030aee470fb578305a21edb40c4e02495829cce2d4e2c,74ac8dc64f50e72de3d64f97dae45bd56c29d34df32d235900297ca3d96a6d61,0,0.9999909500854819,96000,33068,[REDACTED_LOCAL_PATH]\Tony Hidayat\AQ_OpenWorld_Codec_Provenance\42_bh_derivatives\encoded\364c73fbb6a0efdd424ef56d.mp3,[REDACTED_LOCAL_PATH]\Tony Hidayat\AQ_OpenWorld_Codec_Provenance\42_bh_derivatives\decoded_raw\364c73fbb6a0efdd424ef56d.wav,[REDACTED_LOCAL_PATH]\Tony Hidayat\AQ_OpenWorld_Codec_Provenance\42_bh_derivatives\aligned_pcm\364c73fbb6a0efdd424ef56d.wav,AQ2D0BH_DERIV_V1|3109c8fb30b69d872b46a1394a8deeb0|MP3|128|libmp3lame|57c56e369d5b4873b4d93fc1a1d833cb7cd8bc9325c14b05c34ce60b22842d8a,0,0,0,mp3,PASS,"""[REDACTED_LOCAL_PATH]\Tony Hidayat\AQ_OpenWorld_Codec_Provenance\tools\gyan_ffmpeg_9.0_full\bin\ffmpeg.exe"" -y -hide_banner -i ""[REDACTED_LOCAL_PATH]\Tony Hidayat\AQ_OpenWorld_Codec_Provenance\39_bh_speech\canonical_selected\237-126133-0009.wav"" -map_metadata -1 -vn -sn -dn -c:a libmp3lame -b:a 128k ""[REDACTED_LOCAL_PATH]\Tony Hidayat\AQ_OpenWorld_Codec_Provenance\42_bh_derivatives\encoded\364c73fbb6a0efdd424ef56d.mp3""","""[REDACTED_LOCAL_PATH]\Tony Hidayat\AQ_OpenWorld_Codec_Provenance\tools\gyan_ffmpeg_9.0_full\bin\ffprobe.exe"" -v error -show_entries stream=codec_name,sample_rate,channels,duration,bit_rate:format=format_name,duration,bit_rate -of json ""[REDACTED_LOCAL_PATH]\Tony Hidayat\AQ_OpenWorld_Codec_Provenance\42_bh_derivatives\encoded\364c73fbb6a0efdd424ef56d.mp3""","[REDACTED_LOCAL_PATH]\AppData\Local\CapCut\Apps\7.7.0.3143\ffmpeg.exe -y -hide_banner -i ""[REDACTED_LOCAL_PATH]\Tony Hidayat\AQ_OpenWorld_Codec_Provenance\42_bh_derivatives\encoded\364c73fbb6a0efdd424ef56d.mp3"" -map_metadata -1 -vn -sn -dn -ac 1 -ar 48000 -sample_fmt s16 ""[REDACTED_LOCAL_PATH]\Tony Hidayat\AQ_OpenWorld_Codec_Provenance\42_bh_derivatives\decoded_raw\364c73fbb6a0efdd424ef56d.wav"""
8c989c07640afd8bdb401cb6,3109c8fb30b69d872b46a1394a8deeb0,237,Opus,libopus,libopus,32,33.588,f17a28775b2fee1f307f51ec9d9c314a0a7482e1f88aed9383c9bd72dce6d3ad,8744aff155a7c23a96ed4dfacef0898fc79f6874c9f8c7a7ba4bf1e005f1d394,0,0.989730135452487,96000,8397,[REDACTED_LOCAL_PATH]\Tony Hidayat\AQ_OpenWorld_Codec_Provenance\42_bh_derivatives\encoded\8c989c07640afd8bdb401cb6.opus,[REDACTED_LOCAL_PATH]\Tony Hidayat\AQ_OpenWorld_Codec_Provenance\42_bh_derivatives\decoded_raw\8c989c07640afd8bdb401cb6.wav,[REDACTED_LOCAL_PATH]\Tony Hidayat\AQ_OpenWorld_Codec_Provenance\42_bh_derivatives\aligned_pcm\8c989c07640afd8bdb401cb6.wav,AQ2D0BH_DERIV_V1|3109c8fb30b69d872b46a1394a8deeb0|Opus|32|libopus|57c56e369d5b4873b4d93fc1a1d833cb7cd8bc9325c14b05c34ce60b22842d8a,0,0,0,opus,PASS,"""[REDACTED_LOCAL_PATH]\Tony Hidayat\AQ_OpenWorld_Codec_Provenance\tools\gyan_ffmpeg_9.0_full\bin\ffmpeg.exe"" -y -hide_banner -i ""[REDACTED_LOCAL_PATH]\Tony Hidayat\AQ_OpenWorld_Codec_Provenance\39_bh_speech\canonical_selected\237-126133-0009.wav"" -map_metadata -1 -vn -sn -dn -c:a libopus -b:a 32k -vbr off ""[REDACTED_LOCAL_PATH]\Tony Hidayat\AQ_OpenWorld_Codec_Provenance\42_bh_derivatives\encoded\8c989c07640afd8bdb401cb6.opus""","""[REDACTED_LOCAL_PATH]\Tony Hidayat\AQ_OpenWorld_Codec_Provenance\tools\gyan_ffmpeg_9.0_full\bin\ffprobe.exe"" -v error -show_entries stream=codec_name,sample_rate,channels,duration,bit_rate:format=format_name,duration,bit_rate -of json ""[REDACTED_LOCAL_PATH]\Tony Hidayat\AQ_OpenWorld_Codec_Provenance\42_bh_derivatives\encoded\8c989c07640afd8bdb401cb6.opus""","[REDACTED_LOCAL_PATH]\AppData\Local\CapCut\Apps\7.7.0.3143\ffmpeg.exe -y -hide_banner -i ""[REDACTED_LOCAL_PATH]\Tony Hidayat\AQ_OpenWorld_Codec_Provenance\42_bh_derivatives\encoded\8c989c07640afd8bdb401cb6.opus"" -map_metadata -1 -vn -sn -dn -ac 1 -ar 48000 -sample_fmt s16 ""[REDACTED_LOCAL_PATH]\Tony Hidayat\AQ_OpenWorld_Codec_Provenance\42_bh_derivatives\decoded_raw\8c989c07640afd8bdb401cb6.wav"""
84cef159d926371a01160cbc,3109c8fb30b69d872b46a1394a8deeb0,237,Opus,libopus,libopus,80,82.068,6ef2a4f4b23b155a9b7376e62e69eba5bbf4c8dbff9291eef9a0ead513563bc7,7f63d4cf42a70dd4431852bdbf5c52f8a417ed3ff48430e779d1de2eabb36046,0,0.9979659662794768,96000,20517,[REDACTED_LOCAL_PATH]\Tony Hidayat\AQ_OpenWorld_Codec_Provenance\42_bh_derivatives\encoded\84cef159d926371a01160cbc.opus,[REDACTED_LOCAL_PATH]\Tony Hidayat\AQ_OpenWorld_Codec_Provenance\42_bh_derivatives\decoded_raw\84cef159d926371a01160cbc.wav,[REDACTED_LOCAL_PATH]\Tony Hidayat\AQ_OpenWorld_Codec_Provenance\42_bh_derivatives\aligned_pcm\84cef159d926371a01160cbc.wav,AQ2D0BH_DERIV_V1|3109c8fb30b69d872b46a1394a8deeb0|Opus|80|libopus|57c56e369d5b4873b4d93fc1a1d833cb7cd8bc9325c14b05c34ce60b22842d8a,0,0,0,opus,PASS,"""[REDACTED_LOCAL_PATH]\Tony Hidayat\AQ_OpenWorld_Codec_Provenance\tools\gyan_ffmpeg_9.0_full\bin\ffmpeg.exe"" -y -hide_banner -i ""[REDACTED_LOCAL_PATH]\Tony Hidayat\AQ_OpenWorld_Codec_Provenance\39_bh_speech\canonical_selected\237-126133-0009.wav"" -map_metadata -1 -vn -sn -dn -c:a libopus -b:a 80k -vbr off ""[REDACTED_LOCAL_PATH]\Tony Hidayat\AQ_OpenWorld_Codec_Provenance\42_bh_derivatives\encoded\84cef159d926371a01160cbc.opus""","""[REDACTED_LOCAL_PATH]\Tony Hidayat\AQ_OpenWorld_Codec_Provenance\tools\gyan_ffmpeg_9.0_full\bin\ffprobe.exe"" -v error -show_entries stream=codec_name,sample_rate,channels,duration,bit_rate:format=format_name,duration,bit_rate -of json ""[REDACTED_LOCAL_PATH]\Tony Hidayat\AQ_OpenWorld_Codec_Provenance\42_bh_derivatives\encoded\84cef159d926371a01160cbc.opus""","[REDACTED_LOCAL_PATH]\AppData\Local\CapCut\Apps\7.7.0.3143\ffmpeg.exe -y -hide_banner -i ""[REDACTED_LOCAL_PATH]\Tony Hidayat\AQ_OpenWorld_Codec_Provenance\42_bh_derivatives\encoded\84cef159d926371a01160cbc.opus"" -map_metadata -1 -vn -sn -dn -ac 1 -ar 48000 -sample_fmt s16 ""[REDACTED_LOCAL_PATH]\Tony Hidayat\AQ_OpenWorld_Codec_Provenance\42_bh_derivatives\decoded_raw\84cef159d926371a01160cbc.wav"""
2404de2188a36f1cf129d323,3109c8fb30b69d872b46a1394a8deeb0,237,Opus,libopus,libopus,96,98.228,78c63592e7d5116101c76dabbaceb451fabd9152707fa32de32a937cf799e0ea,16a494dbacafb3dfb6754c5161b91d9e74fe7302777aa054f98df5fdfb408441,0,0.9985791804861418,96000,24557,[REDACTED_LOCAL_PATH]\Tony Hidayat\AQ_OpenWorld_Codec_Provenance\42_bh_derivatives\encoded\2404de2188a36f1cf129d323.opus,[REDACTED_LOCAL_PATH]\Tony Hidayat\AQ_OpenWorld_Codec_Provenance\42_bh_derivatives\decoded_raw\2404de2188a36f1cf129d323.wav,[REDACTED_LOCAL_PATH]\Tony Hidayat\AQ_OpenWorld_Codec_Provenance\42_bh_derivatives\aligned_pcm\2404de2188a36f1cf129d323.wav,AQ2D0BH_DERIV_V1|3109c8fb30b69d872b46a1394a8deeb0|Opus|96|libopus|57c56e369d5b4873b4d93fc1a1d833cb7cd8bc9325c14b05c34ce60b22842d8a,0,0,0,opus,PASS,"""[REDACTED_LOCAL_PATH]\Tony Hidayat\AQ_OpenWorld_Codec_Provenance\tools\gyan_ffmpeg_9.0_full\bin\ffmpeg.exe"" -y -hide_banner -i ""[REDACTED_LOCAL_PATH]\Tony Hidayat\AQ_OpenWorld_Codec_Provenance\39_bh_speech\canonical_selected\237-126133-0009.wav"" -map_metadata -1 -vn -sn -dn -c:a libopus -b:a 96k -vbr off ""[REDACTED_LOCAL_PATH]\Tony Hidayat\AQ_OpenWorld_Codec_Provenance\42_bh_derivatives\encoded\2404de2188a36f1cf129d323.opus""","""[REDACTED_LOCAL_PATH]\Tony Hidayat\AQ_OpenWorld_Codec_Provenance\tools\gyan_ffmpeg_9.0_full\bin\ffprobe.exe"" -v error -show_entries stream=codec_name,sample_rate,channels,duration,bit_rate:format=format_name,duration,bit_rate -of json ""[REDACTED_LOCAL_PATH]\Tony Hidayat\AQ_OpenWorld_Codec_Provenance\42_bh_derivatives\encoded\2404de2188a36f1cf129d323.opus""","[REDACTED_LOCAL_PATH]\AppData\Local\CapCut\Apps\7.7.0.3143\ffmpeg.exe -y -hide_banner -i ""[REDACTED_LOCAL_PATH]\Tony Hidayat\AQ_OpenWorld_Codec_Provenance\42_bh_derivatives\encoded\2404de2188a36f1cf129d323.opus"" -map_metadata -1 -vn -sn -dn -ac 1 -ar 48000 -sample_fmt s16 ""[REDACTED_LOCAL_PATH]\Tony Hidayat\AQ_OpenWorld_Codec_Provenance\42_bh_derivatives\decoded_raw\2404de2188a36f1cf129d323.wav"""
7fd1a5a19386b11e57d0689a,3109c8fb30b69d872b46a1394a8deeb0,237,Opus,libopus,libopus,128,130.952,70a97e9b0569a9b4cf402555a7e71f8ae0b4e0bcca60851223977811d4ef60c1,81953d059e33e42d5e29322c350b3d58ff499d4d603f21f0b0c2baa3ae22ec45,0,0.9993991741571409,96000,32738,[REDACTED_LOCAL_PATH]\Tony Hidayat\AQ_OpenWorld_Codec_Provenance\42_bh_derivatives\encoded\7fd1a5a19386b11e57d0689a.opus,[REDACTED_LOCAL_PATH]\Tony Hidayat\AQ_OpenWorld_Codec_Provenance\42_bh_derivatives\decoded_raw\7fd1a5a19386b11e57d0689a.wav,[REDACTED_LOCAL_PATH]\Tony Hidayat\AQ_OpenWorld_Codec_Provenance\42_bh_derivatives\aligned_pcm\7fd1a5a19386b11e57d0689a.wav,AQ2D0BH_DERIV_V1|3109c8fb30b69d872b46a1394a8deeb0|Opus|128|libopus|57c56e369d5b4873b4d93fc1a1d833cb7cd8bc9325c14b05c34ce60b22842d8a,0,0,0,opus,PASS,"""[REDACTED_LOCAL_PATH]\Tony Hidayat\AQ_OpenWorld_Codec_Provenance\tools\gyan_ffmpeg_9.0_full\bin\ffmpeg.exe"" -y -hide_banner -i ""[REDACTED_LOCAL_PATH]\Tony Hidayat\AQ_OpenWorld_Codec_Provenance\39_bh_speech\canonical_selected\237-126133-0009.wav"" -map_metadata -1 -vn -sn -dn -c:a libopus -b:a 128k -vbr off ""[REDACTED_LOCAL_PATH]\Tony Hidayat\AQ_OpenWorld_Codec_Provenance\42_bh_derivatives\encoded\7fd1a5a19386b11e57d0689a.opus""","""[REDACTED_LOCAL_PATH]\Tony Hidayat\AQ_OpenWorld_Codec_Provenance\tools\gyan_ffmpeg_9.0_full\bin\ffprobe.exe"" -v error -show_entries stream=codec_name,sample_rate,channels,duration,bit_rate:format=format_name,duration,bit_rate -of json ""[REDACTED_LOCAL_PATH]\Tony Hidayat\AQ_OpenWorld_Codec_Provenance\42_bh_derivatives\encoded\7fd1a5a19386b11e57d0689a.opus""","[REDACTED_LOCAL_PATH]\AppData\Local\CapCut\Apps\7.7.0.3143\ffmpeg.exe -y -hide_banner -i ""[REDACTED_LOCAL_PATH]\Tony Hidayat\AQ_OpenWorld_Codec_Provenance\42_bh_derivatives\encoded\7fd1a5a19386b11e57d0689a.opus"" -map_metadata -1 -vn -sn -dn -ac 1 -ar 48000 -sample_fmt s16 ""[REDACTED_LOCAL_PATH]\Tony Hidayat\AQ_OpenWorld_Codec_Provenance\42_bh_derivatives\decoded_raw\7fd1a5a19386b11e57d0689a.wav"""
ad4b9f0a3bdb1f9d5a4ea36f,3349ad840d45da2c0a85764e765d27a4,1188,AAC,aac,FFmpeg-native AAC,32,38.164,6df586cbcf38282cf5305c0349fea5060c338c878182482821c5af2e8e73f58f,3a9c02ab267683afc1f92a3aa960390a295e736fc25f3464081d4b55316a5722,0,0.9626783460366702,96000,9541,[REDACTED_LOCAL_PATH]\Tony Hidayat\AQ_OpenWorld_Codec_Provenance\42_bh_derivatives\encoded\ad4b9f0a3bdb1f9d5a4ea36f.m4a,[REDACTED_LOCAL_PATH]\Tony Hidayat\AQ_OpenWorld_Codec_Provenance\42_bh_derivatives\decoded_raw\ad4b9f0a3bdb1f9d5a4ea36f.wav,[REDACTED_LOCAL_PATH]\Tony Hidayat\AQ_OpenWorld_Codec_Provenance\42_bh_derivatives\aligned_pcm\ad4b9f0a3bdb1f9d5a4ea36f.wav,AQ2D0BH_DERIV_V1|3349ad840d45da2c0a85764e765d27a4|AAC|32|FFmpeg-native AAC|57c56e369d5b4873b4d93fc1a1d833cb7cd8bc9325c14b05c34ce60b22842d8a,0,0,0,aac,PASS,"""[REDACTED_LOCAL_PATH]\Tony Hidayat\AQ_OpenWorld_Codec_Provenance\tools\gyan_ffmpeg_9.0_full\bin\ffmpeg.exe"" -y -hide_banner -i ""[REDACTED_LOCAL_PATH]\Tony Hidayat\AQ_OpenWorld_Codec_Provenance\39_bh_speech\canonical_selected\1188-133604-0000.wav"" -map_metadata -1 -vn -sn -dn -c:a aac -b:a 32k ""[REDACTED_LOCAL_PATH]\Tony Hidayat\AQ_OpenWorld_Codec_Provenance\42_bh_derivatives\encoded\ad4b9f0a3bdb1f9d5a4ea36f.m4a""","""[REDACTED_LOCAL_PATH]\Tony Hidayat\AQ_OpenWorld_Codec_Provenance\tools\gyan_ffmpeg_9.0_full\bin\ffprobe.exe"" -v error -show_entries stream=codec_name,sample_rate,channels,duration,bit_rate:format=format_name,duration,bit_rate -of json ""[REDACTED_LOCAL_PATH]\Tony Hidayat\AQ_OpenWorld_Codec_Provenance\42_bh_derivatives\encoded\ad4b9f0a3bdb1f9d5a4ea36f.m4a""","[REDACTED_LOCAL_PATH]\AppData\Local\CapCut\Apps\7.7.0.3143\ffmpeg.exe -y -hide_banner -i ""[REDACTED_LOCAL_PATH]\Tony Hidayat\AQ_OpenWorld_Codec_Provenance\42_bh_derivatives\encoded\ad4b9f0a3bdb1f9d5a4ea36f.m4a"" -map_metadata -1 -vn -sn -dn -ac 1 -ar 48000 -sample_fmt s16 ""[REDACTED_LOCAL_PATH]\Tony Hidayat\AQ_OpenWorld_Codec_Provenance\42_bh_derivatives\decoded_raw\ad4b9f0a3bdb1f9d5a4ea36f.wav"""
e32c59a705f7b51a383e5da5,3349ad840d45da2c0a85764e765d27a4,1188,AAC,aac,FFmpeg-native AAC,80,87.952,063a75f893e6df52df22bfef5134e30daad47631898066423c179a50af01ec0f,c476804d06a88c614db330c4d8db7144b555548b5983129aa14db1293994dfe6,0,0.9990561795274984,96000,21988,[REDACTED_LOCAL_PATH]\Tony Hidayat\AQ_OpenWorld_Codec_Provenance\42_bh_derivatives\encoded\e32c59a705f7b51a383e5da5.m4a,[REDACTED_LOCAL_PATH]\Tony Hidayat\AQ_OpenWorld_Codec_Provenance\42_bh_derivatives\decoded_raw\e32c59a705f7b51a383e5da5.wav,[REDACTED_LOCAL_PATH]\Tony Hidayat\AQ_OpenWorld_Codec_Provenance\42_bh_derivatives\aligned_pcm\e32c59a705f7b51a383e5da5.wav,AQ2D0BH_DERIV_V1|3349ad840d45da2c0a85764e765d27a4|AAC|80|FFmpeg-native AAC|57c56e369d5b4873b4d93fc1a1d833cb7cd8bc9325c14b05c34ce60b22842d8a,0,0,0,aac,PASS,"""[REDACTED_LOCAL_PATH]\Tony Hidayat\AQ_OpenWorld_Codec_Provenance\tools\gyan_ffmpeg_9.0_full\bin\ffmpeg.exe"" -y -hide_banner -i ""[REDACTED_LOCAL_PATH]\Tony Hidayat\AQ_OpenWorld_Codec_Provenance\39_bh_speech\canonical_selected\1188-133604-0000.wav"" -map_metadata -1 -vn -sn -dn -c:a aac -b:a 80k ""[REDACTED_LOCAL_PATH]\Tony Hidayat\AQ_OpenWorld_Codec_Provenance\42_bh_derivatives\encoded\e32c59a705f7b51a383e5da5.m4a""","""[REDACTED_LOCAL_PATH]\Tony Hidayat\AQ_OpenWorld_Codec_Provenance\tools\gyan_ffmpeg_9.0_full\bin\ffprobe.exe"" -v error -show_entries stream=codec_name,sample_rate,channels,duration,bit_rate:format=format_name,duration,bit_rate -of json ""[REDACTED_LOCAL_PATH]\Tony Hidayat\AQ_OpenWorld_Codec_Provenance\42_bh_derivatives\encoded\e32c59a705f7b51a383e5da5.m4a""","[REDACTED_LOCAL_PATH]\AppData\Local\CapCut\Apps\7.7.0.3143\ffmpeg.exe -y -hide_banner -i ""[REDACTED_LOCAL_PATH]\Tony Hidayat\AQ_OpenWorld_Codec_Provenance\42_bh_derivatives\encoded\e32c59a705f7b51a383e5da5.m4a"" -map_metadata -1 -vn -sn -dn -ac 1 -ar 48000 -sample_fmt s16 ""[REDACTED_LOCAL_PATH]\Tony Hidayat\AQ_OpenWorld_Codec_Provenance\42_bh_derivatives\decoded_raw\e32c59a705f7b51a383e5da5.wav"""
46eab3db8fd6c21739987e1f,3349ad840d45da2c0a85764e765d27a4,1188,AAC,aac,FFmpeg-native AAC,96,103.804,40a3f4312ea35afdbbba8f319c9507c7a6b30baa05a0cc57bf1bb7bf684fc107,25b3a781ae77ee16cc773f82921bcd13fd0f7dfb5459bb3a3183c0e2217c01ef,0,0.9946712019182814,96000,25951,[REDACTED_LOCAL_PATH]\Tony Hidayat\AQ_OpenWorld_Codec_Provenance\42_bh_derivatives\encoded\46eab3db8fd6c21739987e1f.m4a,[REDACTED_LOCAL_PATH]\Tony Hidayat\AQ_OpenWorld_Codec_Provenance\42_bh_derivatives\decoded_raw\46eab3db8fd6c21739987e1f.wav,[REDACTED_LOCAL_PATH]\Tony Hidayat\AQ_OpenWorld_Codec_Provenance\42_bh_derivatives\aligned_pcm\46eab3db8fd6c21739987e1f.wav,AQ2D0BH_DERIV_V1|3349ad840d45da2c0a85764e765d27a4|AAC|96|FFmpeg-native AAC|57c56e369d5b4873b4d93fc1a1d833cb7cd8bc9325c14b05c34ce60b22842d8a,0,0,0,aac,PASS,"""[REDACTED_LOCAL_PATH]\Tony Hidayat\AQ_OpenWorld_Codec_Provenance\tools\gyan_ffmpeg_9.0_full\bin\ffmpeg.exe"" -y -hide_banner -i ""[REDACTED_LOCAL_PATH]\Tony Hidayat\AQ_OpenWorld_Codec_Provenance\39_bh_speech\canonical_selected\1188-133604-0000.wav"" -map_metadata -1 -vn -sn -dn -c:a aac -b:a 96k ""[REDACTED_LOCAL_PATH]\Tony Hidayat\AQ_OpenWorld_Codec_Provenance\42_bh_derivatives\encoded\46eab3db8fd6c21739987e1f.m4a""","""[REDACTED_LOCAL_PATH]\Tony Hidayat\AQ_OpenWorld_Codec_Provenance\tools\gyan_ffmpeg_9.0_full\bin\ffprobe.exe"" -v error -show_entries stream=codec_name,sample_rate,channels,duration,bit_rate:format=format_name,duration,bit_rate -of json ""[REDACTED_LOCAL_PATH]\Tony Hidayat\AQ_OpenWorld_Codec_Provenance\42_bh_derivatives\encoded\46eab3db8fd6c21739987e1f.m4a""","[REDACTED_LOCAL_PATH]\AppData\Local\CapCut\Apps\7.7.0.3143\ffmpeg.exe -y -hide_banner -i ""[REDACTED_LOCAL_PATH]\Tony Hidayat\AQ_OpenWorld_Codec_Provenance\42_bh_derivatives\encoded\46eab3db8fd6c21739987e1f.m4a"" -map_metadata -1 -vn -sn -dn -ac 1 -ar 48000 -sample_fmt s16 ""[REDACTED_LOCAL_PATH]\Tony Hidayat\AQ_OpenWorld_Codec_Provenance\42_bh_derivatives\decoded_raw\46eab3db8fd6c21739987e1f.wav"""
2f9771f9ebf2501a07e2e6de,3349ad840d45da2c0a85764e765d27a4,1188,AAC,aac,FFmpeg-native AAC,128,136.044,fbf11a67a5fd59761d71b8138de48896b126328bbe63a7d0a1143a065301663b,72afd7faef7f812ac51cf1126e31b202e940e976ab93f28a98ce6e6e658d7224,0,0.9996848426143146,96000,34011,[REDACTED_LOCAL_PATH]\Tony Hidayat\AQ_OpenWorld_Codec_Provenance\42_bh_derivatives\encoded\2f9771f9ebf2501a07e2e6de.m4a,[REDACTED_LOCAL_PATH]\Tony Hidayat\AQ_OpenWorld_Codec_Provenance\42_bh_derivatives\decoded_raw\2f9771f9ebf2501a07e2e6de.wav,[REDACTED_LOCAL_PATH]\Tony Hidayat\AQ_OpenWorld_Codec_Provenance\42_bh_derivatives\aligned_pcm\2f9771f9ebf2501a07e2e6de.wav,AQ2D0BH_DERIV_V1|3349ad840d45da2c0a85764e765d27a4|AAC|128|FFmpeg-native AAC|57c56e369d5b4873b4d93fc1a1d833cb7cd8bc9325c14b05c34ce60b22842d8a,0,0,0,aac,PASS,"""[REDACTED_LOCAL_PATH]\Tony Hidayat\AQ_OpenWorld_Codec_Provenance\tools\gyan_ffmpeg_9.0_full\bin\ffmpeg.exe"" -y -hide_banner -i ""[REDACTED_LOCAL_PATH]\Tony Hidayat\AQ_OpenWorld_Codec_Provenance\39_bh_speech\canonical_selected\1188-133604-0000.wav"" -map_metadata -1 -vn -sn -dn -c:a aac -b:a 128k ""[REDACTED_LOCAL_PATH]\Tony Hidayat\AQ_OpenWorld_Codec_Provenance\42_bh_derivatives\encoded\2f9771f9ebf2501a07e2e6de.m4a""","""[REDACTED_LOCAL_PATH]\Tony Hidayat\AQ_OpenWorld_Codec_Provenance\tools\gyan_ffmpeg_9.0_full\bin\ffprobe.exe"" -v error -show_entries stream=codec_name,sample_rate,channels,duration,bit_rate:format=format_name,duration,bit_rate -of json ""[REDACTED_LOCAL_PATH]\Tony Hidayat\AQ_OpenWorld_Codec_Provenance\42_bh_derivatives\encoded\2f9771f9ebf2501a07e2e6de.m4a""","[REDACTED_LOCAL_PATH]\AppData\Local\CapCut\Apps\7.7.0.3143\ffmpeg.exe -y -hide_banner -i ""[REDACTED_LOCAL_PATH]\Tony Hidayat\AQ_OpenWorld_Codec_Provenance\42_bh_derivatives\encoded\2f9771f9ebf2501a07e2e6de.m4a"" -map_metadata -1 -vn -sn -dn -ac 1 -ar 48000 -sample_fmt s16 ""[REDACTED_LOCAL_PATH]\Tony Hidayat\AQ_OpenWorld_Codec_Provenance\42_bh_derivatives\decoded_raw\2f9771f9ebf2501a07e2e6de.wav"""
5f58427ed3adfc51b5c3bf5c,3349ad840d45da2c0a85764e765d27a4,1188,MP3,libmp3lame,libmp3lame,32,33.584,8ba00eac86143a177279fe1d7764dfe664f0358d4bfb16b50b6659750ba08ee9,e32d8392fe5e530b0dd4dbb9ed1cc0f6064db6c38c5308f8c01e3b1ab97ce0e0,0,0.9975771957125711,96000,8396,[REDACTED_LOCAL_PATH]\Tony Hidayat\AQ_OpenWorld_Codec_Provenance\42_bh_derivatives\encoded\5f58427ed3adfc51b5c3bf5c.mp3,[REDACTED_LOCAL_PATH]\Tony Hidayat\AQ_OpenWorld_Codec_Provenance\42_bh_derivatives\decoded_raw\5f58427ed3adfc51b5c3bf5c.wav,[REDACTED_LOCAL_PATH]\Tony Hidayat\AQ_OpenWorld_Codec_Provenance\42_bh_derivatives\aligned_pcm\5f58427ed3adfc51b5c3bf5c.wav,AQ2D0BH_DERIV_V1|3349ad840d45da2c0a85764e765d27a4|MP3|32|libmp3lame|57c56e369d5b4873b4d93fc1a1d833cb7cd8bc9325c14b05c34ce60b22842d8a,0,0,0,mp3,PASS,"""[REDACTED_LOCAL_PATH]\Tony Hidayat\AQ_OpenWorld_Codec_Provenance\tools\gyan_ffmpeg_9.0_full\bin\ffmpeg.exe"" -y -hide_banner -i ""[REDACTED_LOCAL_PATH]\Tony Hidayat\AQ_OpenWorld_Codec_Provenance\39_bh_speech\canonical_selected\1188-133604-0000.wav"" -map_metadata -1 -vn -sn -dn -c:a libmp3lame -b:a 32k ""[REDACTED_LOCAL_PATH]\Tony Hidayat\AQ_OpenWorld_Codec_Provenance\42_bh_derivatives\encoded\5f58427ed3adfc51b5c3bf5c.mp3""","""[REDACTED_LOCAL_PATH]\Tony Hidayat\AQ_OpenWorld_Codec_Provenance\tools\gyan_ffmpeg_9.0_full\bin\ffprobe.exe"" -v error -show_entries stream=codec_name,sample_rate,channels,duration,bit_rate:format=format_name,duration,bit_rate -of json ""[REDACTED_LOCAL_PATH]\Tony Hidayat\AQ_OpenWorld_Codec_Provenance\42_bh_derivatives\encoded\5f58427ed3adfc51b5c3bf5c.mp3""","[REDACTED_LOCAL_PATH]\AppData\Local\CapCut\Apps\7.7.0.3143\ffmpeg.exe -y -hide_banner -i ""[REDACTED_LOCAL_PATH]\Tony Hidayat\AQ_OpenWorld_Codec_Provenance\42_bh_derivatives\encoded\5f58427ed3adfc51b5c3bf5c.mp3"" -map_metadata -1 -vn -sn -dn -ac 1 -ar 48000 -sample_fmt s16 ""[REDACTED_LOCAL_PATH]\Tony Hidayat\AQ_OpenWorld_Codec_Provenance\42_bh_derivatives\decoded_raw\5f58427ed3adfc51b5c3bf5c.wav"""
3118ab4cc011b54b8ee22f25,3349ad840d45da2c0a85764e765d27a4,1188,MP3,libmp3lame,libmp3lame,80,82.736,18bbb212f53bc7ea12754718c1c846db0fa1f9fa5321682688937861ac23b3ed,2240c4ad46df6e45acd38794cce92784ee7be6eb51e522139eb896a3fe0bdc93,0,0.9998893087696177,96000,20684,[REDACTED_LOCAL_PATH]\Tony Hidayat\AQ_OpenWorld_Codec_Provenance\42_bh_derivatives\encoded\3118ab4cc011b54b8ee22f25.mp3,[REDACTED_LOCAL_PATH]\Tony Hidayat\AQ_OpenWorld_Codec_Provenance\42_bh_derivatives\decoded_raw\3118ab4cc011b54b8ee22f25.wav,[REDACTED_LOCAL_PATH]\Tony Hidayat\AQ_OpenWorld_Codec_Provenance\42_bh_derivatives\aligned_pcm\3118ab4cc011b54b8ee22f25.wav,AQ2D0BH_DERIV_V1|3349ad840d45da2c0a85764e765d27a4|MP3|80|libmp3lame|57c56e369d5b4873b4d93fc1a1d833cb7cd8bc9325c14b05c34ce60b22842d8a,0,0,0,mp3,PASS,"""[REDACTED_LOCAL_PATH]\Tony Hidayat\AQ_OpenWorld_Codec_Provenance\tools\gyan_ffmpeg_9.0_full\bin\ffmpeg.exe"" -y -hide_banner -i ""[REDACTED_LOCAL_PATH]\Tony Hidayat\AQ_OpenWorld_Codec_Provenance\39_bh_speech\canonical_selected\1188-133604-0000.wav"" -map_metadata -1 -vn -sn -dn -c:a libmp3lame -b:a 80k ""[REDACTED_LOCAL_PATH]\Tony Hidayat\AQ_OpenWorld_Codec_Provenance\42_bh_derivatives\encoded\3118ab4cc011b54b8ee22f25.mp3""","""[REDACTED_LOCAL_PATH]\Tony Hidayat\AQ_OpenWorld_Codec_Provenance\tools\gyan_ffmpeg_9.0_full\bin\ffprobe.exe"" -v error -show_entries stream=codec_name,sample_rate,channels,duration,bit_rate:format=format_name,duration,bit_rate -of json ""[REDACTED_LOCAL_PATH]\Tony Hidayat\AQ_OpenWorld_Codec_Provenance\42_bh_derivatives\encoded\3118ab4cc011b54b8ee22f25.mp3""","[REDACTED_LOCAL_PATH]\AppData\Local\CapCut\Apps\7.7.0.3143\ffmpeg.exe -y -hide_banner -i ""[REDACTED_LOCAL_PATH]\Tony Hidayat\AQ_OpenWorld_Codec_Provenance\42_bh_derivatives\encoded\3118ab4cc011b54b8ee22f25.mp3"" -map_metadata -1 -vn -sn -dn -ac 1 -ar 48000 -sample_fmt s16 ""[REDACTED_LOCAL_PATH]\Tony Hidayat\AQ_OpenWorld_Codec_Provenance\42_bh_derivatives\decoded_raw\3118ab4cc011b54b8ee22f25.wav"""
169303cd0911ab533ce2ecb1,3349ad840d45da2c0a85764e765d27a4,1188,MP3,libmp3lame,libmp3lame,96,99.248,1e24e772b8f97e7f1fc88a4df4cccbb9b5008c24e3603d1970d7107dbbff2125,3638df63d90ae8f08352fbe541a0191a413ac1a605fba3d2b2a4e01f1761bf6d,0,0.9999580522790227,96000,24812,[REDACTED_LOCAL_PATH]\Tony Hidayat\AQ_OpenWorld_Codec_Provenance\42_bh_derivatives\encoded\169303cd0911ab533ce2ecb1.mp3,[REDACTED_LOCAL_PATH]\Tony Hidayat\AQ_OpenWorld_Codec_Provenance\42_bh_derivatives\decoded_raw\169303cd0911ab533ce2ecb1.wav,[REDACTED_LOCAL_PATH]\Tony Hidayat\AQ_OpenWorld_Codec_Provenance\42_bh_derivatives\aligned_pcm\169303cd0911ab533ce2ecb1.wav,AQ2D0BH_DERIV_V1|3349ad840d45da2c0a85764e765d27a4|MP3|96|libmp3lame|57c56e369d5b4873b4d93fc1a1d833cb7cd8bc9325c14b05c34ce60b22842d8a,0,0,0,mp3,PASS,"""[REDACTED_LOCAL_PATH]\Tony Hidayat\AQ_OpenWorld_Codec_Provenance\tools\gyan_ffmpeg_9.0_full\bin\ffmpeg.exe"" -y -hide_banner -i ""[REDACTED_LOCAL_PATH]\Tony Hidayat\AQ_OpenWorld_Codec_Provenance\39_bh_speech\canonical_selected\1188-133604-0000.wav"" -map_metadata -1 -vn -sn -dn -c:a libmp3lame -b:a 96k ""[REDACTED_LOCAL_PATH]\Tony Hidayat\AQ_OpenWorld_Codec_Provenance\42_bh_derivatives\encoded\169303cd0911ab533ce2ecb1.mp3""","""[REDACTED_LOCAL_PATH]\Tony Hidayat\AQ_OpenWorld_Codec_Provenance\tools\gyan_ffmpeg_9.0_full\bin\ffprobe.exe"" -v error -show_entries stream=codec_name,sample_rate,channels,duration,bit_rate:format=format_name,duration,bit_rate -of json ""[REDACTED_LOCAL_PATH]\Tony Hidayat\AQ_OpenWorld_Codec_Provenance\42_bh_derivatives\encoded\169303cd0911ab533ce2ecb1.mp3""","[REDACTED_LOCAL_PATH]\AppData\Local\CapCut\Apps\7.7.0.3143\ffmpeg.exe -y -hide_banner -i ""[REDACTED_LOCAL_PATH]\Tony Hidayat\AQ_OpenWorld_Codec_Provenance\42_bh_derivatives\encoded\169303cd0911ab533ce2ecb1.mp3"" -map_metadata -1 -vn -sn -dn -ac 1 -ar 48000 -sample_fmt s16 ""[REDACTED_LOCAL_PATH]\Tony Hidayat\AQ_OpenWorld_Codec_Provenance\42_bh_derivatives\decoded_raw\169303cd0911ab533ce2ecb1.wav"""
b9bd5626727f4dc0d5e4f3ca,3349ad840d45da2c0a85764e765d27a4,1188,MP3,libmp3lame,libmp3lame,128,132.272,d8eb8306246710e2686e2abedd263cd3f61e7bdaf07df8706faa83c7f2a16222,6a141e5fec6cf2e54bd0d162c1421fb33efa3695b2028a438c44197ccc7978d6,0,0.9999952978376216,96000,33068,[REDACTED_LOCAL_PATH]\Tony Hidayat\AQ_OpenWorld_Codec_Provenance\42_bh_derivatives\encoded\b9bd5626727f4dc0d5e4f3ca.mp3,[REDACTED_LOCAL_PATH]\Tony Hidayat\AQ_OpenWorld_Codec_Provenance\42_bh_derivatives\decoded_raw\b9bd5626727f4dc0d5e4f3ca.wav,[REDACTED_LOCAL_PATH]\Tony Hidayat\AQ_OpenWorld_Codec_Provenance\42_bh_derivatives\aligned_pcm\b9bd5626727f4dc0d5e4f3ca.wav,AQ2D0BH_DERIV_V1|3349ad840d45da2c0a85764e765d27a4|MP3|128|libmp3lame|57c56e369d5b4873b4d93fc1a1d833cb7cd8bc9325c14b05c34ce60b22842d8a,0,0,0,mp3,PASS,"""[REDACTED_LOCAL_PATH]\Tony Hidayat\AQ_OpenWorld_Codec_Provenance\tools\gyan_ffmpeg_9.0_full\bin\ffmpeg.exe"" -y -hide_banner -i ""[REDACTED_LOCAL_PATH]\Tony Hidayat\AQ_OpenWorld_Codec_Provenance\39_bh_speech\canonical_selected\1188-133604-0000.wav"" -map_metadata -1 -vn -sn -dn -c:a libmp3lame -b:a 128k ""[REDACTED_LOCAL_PATH]\Tony Hidayat\AQ_OpenWorld_Codec_Provenance\42_bh_derivatives\encoded\b9bd5626727f4dc0d5e4f3ca.mp3""","""[REDACTED_LOCAL_PATH]\Tony Hidayat\AQ_OpenWorld_Codec_Provenance\tools\gyan_ffmpeg_9.0_full\bin\ffprobe.exe"" -v error -show_entries stream=codec_name,sample_rate,channels,duration,bit_rate:format=format_name,duration,bit_rate -of json ""[REDACTED_LOCAL_PATH]\Tony Hidayat\AQ_OpenWorld_Codec_Provenance\42_bh_derivatives\encoded\b9bd5626727f4dc0d5e4f3ca.mp3""","[REDACTED_LOCAL_PATH]\AppData\Local\CapCut\Apps\7.7.0.3143\ffmpeg.exe -y -hide_banner -i ""[REDACTED_LOCAL_PATH]\Tony Hidayat\AQ_OpenWorld_Codec_Provenance\42_bh_derivatives\encoded\b9bd5626727f4dc0d5e4f3ca.mp3"" -map_metadata -1 -vn -sn -dn -ac 1 -ar 48000 -sample_fmt s16 ""[REDACTED_LOCAL_PATH]\Tony Hidayat\AQ_OpenWorld_Codec_Provenance\42_bh_derivatives\decoded_raw\b9bd5626727f4dc0d5e4f3ca.wav"""
227a67f4af1a4451f4bfe097,3349ad840d45da2c0a85764e765d27a4,1188,Opus,libopus,libopus,32,33.588,d54001b3e11cc5c42ae14c9dc30d0aae84df2bee2465605de20553715caab858,ac44284bb27b9ab0ee25b1ddd0068723f0e05c3744ec4777e99140cd97b60440,0,0.9967685627093902,96000,8397,[REDACTED_LOCAL_PATH]\Tony Hidayat\AQ_OpenWorld_Codec_Provenance\42_bh_derivatives\encoded\227a67f4af1a4451f4bfe097.opus,[REDACTED_LOCAL_PATH]\Tony Hidayat\AQ_OpenWorld_Codec_Provenance\42_bh_derivatives\decoded_raw\227a67f4af1a4451f4bfe097.wav,[REDACTED_LOCAL_PATH]\Tony Hidayat\AQ_OpenWorld_Codec_Provenance\42_bh_derivatives\aligned_pcm\227a67f4af1a4451f4bfe097.wav,AQ2D0BH_DERIV_V1|3349ad840d45da2c0a85764e765d27a4|Opus|32|libopus|57c56e369d5b4873b4d93fc1a1d833cb7cd8bc9325c14b05c34ce60b22842d8a,0,0,0,opus,PASS,"""[REDACTED_LOCAL_PATH]\Tony Hidayat\AQ_OpenWorld_Codec_Provenance\tools\gyan_ffmpeg_9.0_full\bin\ffmpeg.exe"" -y -hide_banner -i ""[REDACTED_LOCAL_PATH]\Tony Hidayat\AQ_OpenWorld_Codec_Provenance\39_bh_speech\canonical_selected\1188-133604-0000.wav"" -map_metadata -1 -vn -sn -dn -c:a libopus -b:a 32k -vbr off ""[REDACTED_LOCAL_PATH]\Tony Hidayat\AQ_OpenWorld_Codec_Provenance\42_bh_derivatives\encoded\227a67f4af1a4451f4bfe097.opus""","""[REDACTED_LOCAL_PATH]\Tony Hidayat\AQ_OpenWorld_Codec_Provenance\tools\gyan_ffmpeg_9.0_full\bin\ffprobe.exe"" -v error -show_entries stream=codec_name,sample_rate,channels,duration,bit_rate:format=format_name,duration,bit_rate -of json ""[REDACTED_LOCAL_PATH]\Tony Hidayat\AQ_OpenWorld_Codec_Provenance\42_bh_derivatives\encoded\227a67f4af1a4451f4bfe097.opus""","[REDACTED_LOCAL_PATH]\AppData\Local\CapCut\Apps\7.7.0.3143\ffmpeg.exe -y -hide_banner -i ""[REDACTED_LOCAL_PATH]\Tony Hidayat\AQ_OpenWorld_Codec_Provenance\42_bh_derivatives\encoded\227a67f4af1a4451f4bfe097.opus"" -map_metadata -1 -vn -sn -dn -ac 1 -ar 48000 -sample_fmt s16 ""[REDACTED_LOCAL_PATH]\Tony Hidayat\AQ_OpenWorld_Codec_Provenance\42_bh_derivatives\decoded_raw\227a67f4af1a4451f4bfe097.wav"""
10079c15126e868524031f11,3349ad840d45da2c0a85764e765d27a4,1188,Opus,libopus,libopus,80,82.068,33cc8e0f7e3b54a0849c5a322727dbaf3f084a68205fa9dc1afce89ce1243c9f,549dd454b0dbe2b3db1a32e6c328a6e053387c90fd195b02afb03be87fad73bb,0,0.9990905035489841,96000,20517,[REDACTED_LOCAL_PATH]\Tony Hidayat\AQ_OpenWorld_Codec_Provenance\42_bh_derivatives\encoded\10079c15126e868524031f11.opus,[REDACTED_LOCAL_PATH]\Tony Hidayat\AQ_OpenWorld_Codec_Provenance\42_bh_derivatives\decoded_raw\10079c15126e868524031f11.wav,[REDACTED_LOCAL_PATH]\Tony Hidayat\AQ_OpenWorld_Codec_Provenance\42_bh_derivatives\aligned_pcm\10079c15126e868524031f11.wav,AQ2D0BH_DERIV_V1|3349ad840d45da2c0a85764e765d27a4|Opus|80|libopus|57c56e369d5b4873b4d93fc1a1d833cb7cd8bc9325c14b05c34ce60b22842d8a,0,0,0,opus,PASS,"""[REDACTED_LOCAL_PATH]\Tony Hidayat\AQ_OpenWorld_Codec_Provenance\tools\gyan_ffmpeg_9.0_full\bin\ffmpeg.exe"" -y -hide_banner -i ""[REDACTED_LOCAL_PATH]\Tony Hidayat\AQ_OpenWorld_Codec_Provenance\39_bh_speech\canonical_selected\1188-133604-0000.wav"" -map_metadata -1 -vn -sn -dn -c:a libopus -b:a 80k -vbr off ""[REDACTED_LOCAL_PATH]\Tony Hidayat\AQ_OpenWorld_Codec_Provenance\42_bh_derivatives\encoded\10079c15126e868524031f11.opus""","""[REDACTED_LOCAL_PATH]\Tony Hidayat\AQ_OpenWorld_Codec_Provenance\tools\gyan_ffmpeg_9.0_full\bin\ffprobe.exe"" -v error -show_entries stream=codec_name,sample_rate,channels,duration,bit_rate:format=format_name,duration,bit_rate -of json ""[REDACTED_LOCAL_PATH]\Tony Hidayat\AQ_OpenWorld_Codec_Provenance\42_bh_derivatives\encoded\10079c15126e868524031f11.opus""","[REDACTED_LOCAL_PATH]\AppData\Local\CapCut\Apps\7.7.0.3143\ffmpeg.exe -y -hide_banner -i ""[REDACTED_LOCAL_PATH]\Tony Hidayat\AQ_OpenWorld_Codec_Provenance\42_bh_derivatives\encoded\10079c15126e868524031f11.opus"" -map_metadata -1 -vn -sn -dn -ac 1 -ar 48000 -sample_fmt s16 ""[REDACTED_LOCAL_PATH]\Tony Hidayat\AQ_OpenWorld_Codec_Provenance\42_bh_derivatives\decoded_raw\10079c15126e868524031f11.wav"""
d68c4a706ed15b3b1887b0ea,3349ad840d45da2c0a85764e765d27a4,1188,Opus,libopus,libopus,96,98.228,c03ae4a88fe12e45234ec8ba29f6569b4201f94504fc4432e54358571ae2115f,a9ef47e9756c10080e22e22d36ff93441354d7aec52287713de516dbdd3b6fe6,0,0.9992621869996287,96000,24557,[REDACTED_LOCAL_PATH]\Tony Hidayat\AQ_OpenWorld_Codec_Provenance\42_bh_derivatives\encoded\d68c4a706ed15b3b1887b0ea.opus,[REDACTED_LOCAL_PATH]\Tony Hidayat\AQ_OpenWorld_Codec_Provenance\42_bh_derivatives\decoded_raw\d68c4a706ed15b3b1887b0ea.wav,[REDACTED_LOCAL_PATH]\Tony Hidayat\AQ_OpenWorld_Codec_Provenance\42_bh_derivatives\aligned_pcm\d68c4a706ed15b3b1887b0ea.wav,AQ2D0BH_DERIV_V1|3349ad840d45da2c0a85764e765d27a4|Opus|96|libopus|57c56e369d5b4873b4d93fc1a1d833cb7cd8bc9325c14b05c34ce60b22842d8a,0,0,0,opus,PASS,"""[REDACTED_LOCAL_PATH]\Tony Hidayat\AQ_OpenWorld_Codec_Provenance\tools\gyan_ffmpeg_9.0_full\bin\ffmpeg.exe"" -y -hide_banner -i ""[REDACTED_LOCAL_PATH]\Tony Hidayat\AQ_OpenWorld_Codec_Provenance\39_bh_speech\canonical_selected\1188-133604-0000.wav"" -map_metadata -1 -vn -sn -dn -c:a libopus -b:a 96k -vbr off ""[REDACTED_LOCAL_PATH]\Tony Hidayat\AQ_OpenWorld_Codec_Provenance\42_bh_derivatives\encoded\d68c4a706ed15b3b1887b0ea.opus""","""[REDACTED_LOCAL_PATH]\Tony Hidayat\AQ_OpenWorld_Codec_Provenance\tools\gyan_ffmpeg_9.0_full\bin\ffprobe.exe"" -v error -show_entries stream=codec_name,sample_rate,channels,duration,bit_rate:format=format_name,duration,bit_rate -of json ""[REDACTED_LOCAL_PATH]\Tony Hidayat\AQ_OpenWorld_Codec_Provenance\42_bh_derivatives\encoded\d68c4a706ed15b3b1887b0ea.opus""","[REDACTED_LOCAL_PATH]\AppData\Local\CapCut\Apps\7.7.0.3143\ffmpeg.exe -y -hide_banner -i ""[REDACTED_LOCAL_PATH]\Tony Hidayat\AQ_OpenWorld_Codec_Provenance\42_bh_derivatives\encoded\d68c4a706ed15b3b1887b0ea.opus"" -map_metadata -1 -vn -sn -dn -ac 1 -ar 48000 -sample_fmt s16 ""[REDACTED_LOCAL_PATH]\Tony Hidayat\AQ_OpenWorld_Codec_Provenance\42_bh_derivatives\decoded_raw\d68c4a706ed15b3b1887b0ea.wav"""
b3765eff543df54c01b855a2,3349ad840d45da2c0a85764e765d27a4,1188,Opus,libopus,libopus,128,130.952,f67748de5ba594b18f1274cef9771fad650e191766fae9310d75975ecfeb4c43,0cb2af6d199d7a7302575c595418f4573f6deca9729cc44040243d76ba2bc606,0,0.9995381554046806,96000,32738,[REDACTED_LOCAL_PATH]\Tony Hidayat\AQ_OpenWorld_Codec_Provenance\42_bh_derivatives\encoded\b3765eff543df54c01b855a2.opus,[REDACTED_LOCAL_PATH]\Tony Hidayat\AQ_OpenWorld_Codec_Provenance\42_bh_derivatives\decoded_raw\b3765eff543df54c01b855a2.wav,[REDACTED_LOCAL_PATH]\Tony Hidayat\AQ_OpenWorld_Codec_Provenance\42_bh_derivatives\aligned_pcm\b3765eff543df54c01b855a2.wav,AQ2D0BH_DERIV_V1|3349ad840d45da2c0a85764e765d27a4|Opus|128|libopus|57c56e369d5b4873b4d93fc1a1d833cb7cd8bc9325c14b05c34ce60b22842d8a,0,0,0,opus,PASS,"""[REDACTED_LOCAL_PATH]\Tony Hidayat\AQ_OpenWorld_Codec_Provenance\tools\gyan_ffmpeg_9.0_full\bin\ffmpeg.exe"" -y -hide_banner -i ""[REDACTED_LOCAL_PATH]\Tony Hidayat\AQ_OpenWorld_Codec_Provenance\39_bh_speech\canonical_selected\1188-133604-0000.wav"" -map_metadata -1 -vn -sn -dn -c:a libopus -b:a 128k -vbr off ""[REDACTED_LOCAL_PATH]\Tony Hidayat\AQ_OpenWorld_Codec_Provenance\42_bh_derivatives\encoded\b3765eff543df54c01b855a2.opus""","""[REDACTED_LOCAL_PATH]\Tony Hidayat\AQ_OpenWorld_Codec_Provenance\tools\gyan_ffmpeg_9.0_full\bin\ffprobe.exe"" -v error -show_entries stream=codec_name,sample_rate,channels,duration,bit_rate:format=format_name,duration,bit_rate -of json ""[REDACTED_LOCAL_PATH]\Tony Hidayat\AQ_OpenWorld_Codec_Provenance\42_bh_derivatives\encoded\b3765eff543df54c01b855a2.opus""","[REDACTED_LOCAL_PATH]\AppData\Local\CapCut\Apps\7.7.0.3143\ffmpeg.exe -y -hide_banner -i ""[REDACTED_LOCAL_PATH]\Tony Hidayat\AQ_OpenWorld_Codec_Provenance\42_bh_derivatives\encoded\b3765eff543df54c01b855a2.opus"" -map_metadata -1 -vn -sn -dn -ac 1 -ar 48000 -sample_fmt s16 ""[REDACTED_LOCAL_PATH]\Tony Hidayat\AQ_OpenWorld_Codec_Provenance\42_bh_derivatives\decoded_raw\b3765eff543df54c01b855a2.wav"""
08418df9f648aa960f5e1cfe,39683aa347f485a905655d70396ab3aa,1995,AAC,aac,FFmpeg-native AAC,32,35.876,e9fda419d4b81933be9e5e109d8a2b1724ecba4815495e4c6ff0c23fe61af6c0,bfc41f810c0239a06c61d36eb907b34567944fccb433b3d8a1098248809e26a8,0,0.9498419255064035,96000,8969,[REDACTED_LOCAL_PATH]\Tony Hidayat\AQ_OpenWorld_Codec_Provenance\42_bh_derivatives\encoded\08418df9f648aa960f5e1cfe.m4a,[REDACTED_LOCAL_PATH]\Tony Hidayat\AQ_OpenWorld_Codec_Provenance\42_bh_derivatives\decoded_raw\08418df9f648aa960f5e1cfe.wav,[REDACTED_LOCAL_PATH]\Tony Hidayat\AQ_OpenWorld_Codec_Provenance\42_bh_derivatives\aligned_pcm\08418df9f648aa960f5e1cfe.wav,AQ2D0BH_DERIV_V1|39683aa347f485a905655d70396ab3aa|AAC|32|FFmpeg-native AAC|57c56e369d5b4873b4d93fc1a1d833cb7cd8bc9325c14b05c34ce60b22842d8a,0,0,0,aac,PASS,"""[REDACTED_LOCAL_PATH]\Tony Hidayat\AQ_OpenWorld_Codec_Provenance\tools\gyan_ffmpeg_9.0_full\bin\ffmpeg.exe"" -y -hide_banner -i ""[REDACTED_LOCAL_PATH]\Tony Hidayat\AQ_OpenWorld_Codec_Provenance\39_bh_speech\canonical_selected\1995-1837-0027.wav"" -map_metadata -1 -vn -sn -dn -c:a aac -b:a 32k ""[REDACTED_LOCAL_PATH]\Tony Hidayat\AQ_OpenWorld_Codec_Provenance\42_bh_derivatives\encoded\08418df9f648aa960f5e1cfe.m4a""","""[REDACTED_LOCAL_PATH]\Tony Hidayat\AQ_OpenWorld_Codec_Provenance\tools\gyan_ffmpeg_9.0_full\bin\ffprobe.exe"" -v error -show_entries stream=codec_name,sample_rate,channels,duration,bit_rate:format=format_name,duration,bit_rate -of json ""[REDACTED_LOCAL_PATH]\Tony Hidayat\AQ_OpenWorld_Codec_Provenance\42_bh_derivatives\encoded\08418df9f648aa960f5e1cfe.m4a""","[REDACTED_LOCAL_PATH]\AppData\Local\CapCut\Apps\7.7.0.3143\ffmpeg.exe -y -hide_banner -i ""[REDACTED_LOCAL_PATH]\Tony Hidayat\AQ_OpenWorld_Codec_Provenance\42_bh_derivatives\encoded\08418df9f648aa960f5e1cfe.m4a"" -map_metadata -1 -vn -sn -dn -ac 1 -ar 48000 -sample_fmt s16 ""[REDACTED_LOCAL_PATH]\Tony Hidayat\AQ_OpenWorld_Codec_Provenance\42_bh_derivatives\decoded_raw\08418df9f648aa960f5e1cfe.wav"""
a293506bd701d2ed095644d8,39683aa347f485a905655d70396ab3aa,1995,AAC,aac,FFmpeg-native AAC,80,86.428,d25dbe17004471b55622605fd19e5fe16bd68649251b45ce81c67e4ff8595709,d93536b5402c3f6a346a671008f97256179c6944fd1b18983246771a24d0974b,0,0.9995357542691536,96000,21607,[REDACTED_LOCAL_PATH]\Tony Hidayat\AQ_OpenWorld_Codec_Provenance\42_bh_derivatives\encoded\a293506bd701d2ed095644d8.m4a,[REDACTED_LOCAL_PATH]\Tony Hidayat\AQ_OpenWorld_Codec_Provenance\42_bh_derivatives\decoded_raw\a293506bd701d2ed095644d8.wav,[REDACTED_LOCAL_PATH]\Tony Hidayat\AQ_OpenWorld_Codec_Provenance\42_bh_derivatives\aligned_pcm\a293506bd701d2ed095644d8.wav,AQ2D0BH_DERIV_V1|39683aa347f485a905655d70396ab3aa|AAC|80|FFmpeg-native AAC|57c56e369d5b4873b4d93fc1a1d833cb7cd8bc9325c14b05c34ce60b22842d8a,0,0,0,aac,PASS,"""[REDACTED_LOCAL_PATH]\Tony Hidayat\AQ_OpenWorld_Codec_Provenance\tools\gyan_ffmpeg_9.0_full\bin\ffmpeg.exe"" -y -hide_banner -i ""[REDACTED_LOCAL_PATH]\Tony Hidayat\AQ_OpenWorld_Codec_Provenance\39_bh_speech\canonical_selected\1995-1837-0027.wav"" -map_metadata -1 -vn -sn -dn -c:a aac -b:a 80k ""[REDACTED_LOCAL_PATH]\Tony Hidayat\AQ_OpenWorld_Codec_Provenance\42_bh_derivatives\encoded\a293506bd701d2ed095644d8.m4a""","""[REDACTED_LOCAL_PATH]\Tony Hidayat\AQ_OpenWorld_Codec_Provenance\tools\gyan_ffmpeg_9.0_full\bin\ffprobe.exe"" -v error -show_entries stream=codec_name,sample_rate,channels,duration,bit_rate:format=format_name,duration,bit_rate -of json ""[REDACTED_LOCAL_PATH]\Tony Hidayat\AQ_OpenWorld_Codec_Provenance\42_bh_derivatives\encoded\a293506bd701d2ed095644d8.m4a""","[REDACTED_LOCAL_PATH]\AppData\Local\CapCut\Apps\7.7.0.3143\ffmpeg.exe -y -hide_banner -i ""[REDACTED_LOCAL_PATH]\Tony Hidayat\AQ_OpenWorld_Codec_Provenance\42_bh_derivatives\encoded\a293506bd701d2ed095644d8.m4a"" -map_metadata -1 -vn -sn -dn -ac 1 -ar 48000 -sample_fmt s16 ""[REDACTED_LOCAL_PATH]\Tony Hidayat\AQ_OpenWorld_Codec_Provenance\42_bh_derivatives\decoded_raw\a293506bd701d2ed095644d8.wav"""
8afb02013a7daa3ffed6cf69,39683aa347f485a905655d70396ab3aa,1995,AAC,aac,FFmpeg-native AAC,96,103.096,d2527bd1f3cbce43bdf9ba8502755b0cb77dbdf4796c6deb27c177ef8436addb,56035584bca2010536b701f6069cd2b2bbd6f6e286de2649bb936e615ed80a9b,0,0.9996076487612728,96000,25774,[REDACTED_LOCAL_PATH]\Tony Hidayat\AQ_OpenWorld_Codec_Provenance\42_bh_derivatives\encoded\8afb02013a7daa3ffed6cf69.m4a,[REDACTED_LOCAL_PATH]\Tony Hidayat\AQ_OpenWorld_Codec_Provenance\42_bh_derivatives\decoded_raw\8afb02013a7daa3ffed6cf69.wav,[REDACTED_LOCAL_PATH]\Tony Hidayat\AQ_OpenWorld_Codec_Provenance\42_bh_derivatives\aligned_pcm\8afb02013a7daa3ffed6cf69.wav,AQ2D0BH_DERIV_V1|39683aa347f485a905655d70396ab3aa|AAC|96|FFmpeg-native AAC|57c56e369d5b4873b4d93fc1a1d833cb7cd8bc9325c14b05c34ce60b22842d8a,0,0,0,aac,PASS,"""[REDACTED_LOCAL_PATH]\Tony Hidayat\AQ_OpenWorld_Codec_Provenance\tools\gyan_ffmpeg_9.0_full\bin\ffmpeg.exe"" -y -hide_banner -i ""[REDACTED_LOCAL_PATH]\Tony Hidayat\AQ_OpenWorld_Codec_Provenance\39_bh_speech\canonical_selected\1995-1837-0027.wav"" -map_metadata -1 -vn -sn -dn -c:a aac -b:a 96k ""[REDACTED_LOCAL_PATH]\Tony Hidayat\AQ_OpenWorld_Codec_Provenance\42_bh_derivatives\encoded\8afb02013a7daa3ffed6cf69.m4a""","""[REDACTED_LOCAL_PATH]\Tony Hidayat\AQ_OpenWorld_Codec_Provenance\tools\gyan_ffmpeg_9.0_full\bin\ffprobe.exe"" -v error -show_entries stream=codec_name,sample_rate,channels,duration,bit_rate:format=format_name,duration,bit_rate -of json ""[REDACTED_LOCAL_PATH]\Tony Hidayat\AQ_OpenWorld_Codec_Provenance\42_bh_derivatives\encoded\8afb02013a7daa3ffed6cf69.m4a""","[REDACTED_LOCAL_PATH]\AppData\Local\CapCut\Apps\7.7.0.3143\ffmpeg.exe -y -hide_banner -i ""[REDACTED_LOCAL_PATH]\Tony Hidayat\AQ_OpenWorld_Codec_Provenance\42_bh_derivatives\encoded\8afb02013a7daa3ffed6cf69.m4a"" -map_metadata -1 -vn -sn -dn -ac 1 -ar 48000 -sample_fmt s16 ""[REDACTED_LOCAL_PATH]\Tony Hidayat\AQ_OpenWorld_Codec_Provenance\42_bh_derivatives\decoded_raw\8afb02013a7daa3ffed6cf69.wav"""
8d2cc9df208d934eb10a609b,39683aa347f485a905655d70396ab3aa,1995,AAC,aac,FFmpeg-native AAC,128,130.656,74abc2d306c0a920da628147ebb25b225108850143eb167d7b79c307e7d93f68,c3e1b2446a159c3304de49c56a08c2baa28591b808d1c21b9bebd06522bdb2e7,0,0.9998937477879871,96000,32664,[REDACTED_LOCAL_PATH]\Tony Hidayat\AQ_OpenWorld_Codec_Provenance\42_bh_derivatives\encoded\8d2cc9df208d934eb10a609b.m4a,[REDACTED_LOCAL_PATH]\Tony Hidayat\AQ_OpenWorld_Codec_Provenance\42_bh_derivatives\decoded_raw\8d2cc9df208d934eb10a609b.wav,[REDACTED_LOCAL_PATH]\Tony Hidayat\AQ_OpenWorld_Codec_Provenance\42_bh_derivatives\aligned_pcm\8d2cc9df208d934eb10a609b.wav,AQ2D0BH_DERIV_V1|39683aa347f485a905655d70396ab3aa|AAC|128|FFmpeg-native AAC|57c56e369d5b4873b4d93fc1a1d833cb7cd8bc9325c14b05c34ce60b22842d8a,0,0,0,aac,PASS,"""[REDACTED_LOCAL_PATH]\Tony Hidayat\AQ_OpenWorld_Codec_Provenance\tools\gyan_ffmpeg_9.0_full\bin\ffmpeg.exe"" -y -hide_banner -i ""[REDACTED_LOCAL_PATH]\Tony Hidayat\AQ_OpenWorld_Codec_Provenance\39_bh_speech\canonical_selected\1995-1837-0027.wav"" -map_metadata -1 -vn -sn -dn -c:a aac -b:a 128k ""[REDACTED_LOCAL_PATH]\Tony Hidayat\AQ_OpenWorld_Codec_Provenance\42_bh_derivatives\encoded\8d2cc9df208d934eb10a609b.m4a""","""[REDACTED_LOCAL_PATH]\Tony Hidayat\AQ_OpenWorld_Codec_Provenance\tools\gyan_ffmpeg_9.0_full\bin\ffprobe.exe"" -v error -show_entries stream=codec_name,sample_rate,channels,duration,bit_rate:format=format_name,duration,bit_rate -of json ""[REDACTED_LOCAL_PATH]\Tony Hidayat\AQ_OpenWorld_Codec_Provenance\42_bh_derivatives\encoded\8d2cc9df208d934eb10a609b.m4a""","[REDACTED_LOCAL_PATH]\AppData\Local\CapCut\Apps\7.7.0.3143\ffmpeg.exe -y -hide_banner -i ""[REDACTED_LOCAL_PATH]\Tony Hidayat\AQ_OpenWorld_Codec_Provenance\42_bh_derivatives\encoded\8d2cc9df208d934eb10a609b.m4a"" -map_metadata -1 -vn -sn -dn -ac 1 -ar 48000 -sample_fmt s16 ""[REDACTED_LOCAL_PATH]\Tony Hidayat\AQ_OpenWorld_Codec_Provenance\42_bh_derivatives\decoded_raw\8d2cc9df208d934eb10a609b.wav"""
5e248e68ec2eda52006fd98c,39683aa347f485a905655d70396ab3aa,1995,MP3,libmp3lame,libmp3lame,32,33.584,523fea68ff7e4e274abb372da5977eb112217cd58f3453b782de88ced19ad4c0,9f06311a95c9f799fb62e453c0fe4015a85c549d980ddd2f50be6a924cd55504,0,0.9970553103443024,96000,8396,[REDACTED_LOCAL_PATH]\Tony Hidayat\AQ_OpenWorld_Codec_Provenance\42_bh_derivatives\encoded\5e248e68ec2eda52006fd98c.mp3,[REDACTED_LOCAL_PATH]\Tony Hidayat\AQ_OpenWorld_Codec_Provenance\42_bh_derivatives\decoded_raw\5e248e68ec2eda52006fd98c.wav,[REDACTED_LOCAL_PATH]\Tony Hidayat\AQ_OpenWorld_Codec_Provenance\42_bh_derivatives\aligned_pcm\5e248e68ec2eda52006fd98c.wav,AQ2D0BH_DERIV_V1|39683aa347f485a905655d70396ab3aa|MP3|32|libmp3lame|57c56e369d5b4873b4d93fc1a1d833cb7cd8bc9325c14b05c34ce60b22842d8a,0,0,0,mp3,PASS,"""[REDACTED_LOCAL_PATH]\Tony Hidayat\AQ_OpenWorld_Codec_Provenance\tools\gyan_ffmpeg_9.0_full\bin\ffmpeg.exe"" -y -hide_banner -i ""[REDACTED_LOCAL_PATH]\Tony Hidayat\AQ_OpenWorld_Codec_Provenance\39_bh_speech\canonical_selected\1995-1837-0027.wav"" -map_metadata -1 -vn -sn -dn -c:a libmp3lame -b:a 32k ""[REDACTED_LOCAL_PATH]\Tony Hidayat\AQ_OpenWorld_Codec_Provenance\42_bh_derivatives\encoded\5e248e68ec2eda52006fd98c.mp3""","""[REDACTED_LOCAL_PATH]\Tony Hidayat\AQ_OpenWorld_Codec_Provenance\tools\gyan_ffmpeg_9.0_full\bin\ffprobe.exe"" -v error -show_entries stream=codec_name,sample_rate,channels,duration,bit_rate:format=format_name,duration,bit_rate -of json ""[REDACTED_LOCAL_PATH]\Tony Hidayat\AQ_OpenWorld_Codec_Provenance\42_bh_derivatives\encoded\5e248e68ec2eda52006fd98c.mp3""","[REDACTED_LOCAL_PATH]\AppData\Local\CapCut\Apps\7.7.0.3143\ffmpeg.exe -y -hide_banner -i ""[REDACTED_LOCAL_PATH]\Tony Hidayat\AQ_OpenWorld_Codec_Provenance\42_bh_derivatives\encoded\5e248e68ec2eda52006fd98c.mp3"" -map_metadata -1 -vn -sn -dn -ac 1 -ar 48000 -sample_fmt s16 ""[REDACTED_LOCAL_PATH]\Tony Hidayat\AQ_OpenWorld_Codec_Provenance\42_bh_derivatives\decoded_raw\5e248e68ec2eda52006fd98c.wav"""
8412322f3fb09f6636b25cfd,39683aa347f485a905655d70396ab3aa,1995,MP3,libmp3lame,libmp3lame,80,82.736,b9c7274a9de187ef60423861c321a3956e2c8906d4910c46a5ff30389e314220,a2379e23cbf55dea70da591fdc8b54ff5ef8c9b80b6c9f9a0f7e73eae03fdbdb,0,0.9999630456580001,96000,20684,[REDACTED_LOCAL_PATH]\Tony Hidayat\AQ_OpenWorld_Codec_Provenance\42_bh_derivatives\encoded\8412322f3fb09f6636b25cfd.mp3,[REDACTED_LOCAL_PATH]\Tony Hidayat\AQ_OpenWorld_Codec_Provenance\42_bh_derivatives\decoded_raw\8412322f3fb09f6636b25cfd.wav,[REDACTED_LOCAL_PATH]\Tony Hidayat\AQ_OpenWorld_Codec_Provenance\42_bh_derivatives\aligned_pcm\8412322f3fb09f6636b25cfd.wav,AQ2D0BH_DERIV_V1|39683aa347f485a905655d70396ab3aa|MP3|80|libmp3lame|57c56e369d5b4873b4d93fc1a1d833cb7cd8bc9325c14b05c34ce60b22842d8a,0,0,0,mp3,PASS,"""[REDACTED_LOCAL_PATH]\Tony Hidayat\AQ_OpenWorld_Codec_Provenance\tools\gyan_ffmpeg_9.0_full\bin\ffmpeg.exe"" -y -hide_banner -i ""[REDACTED_LOCAL_PATH]\Tony Hidayat\AQ_OpenWorld_Codec_Provenance\39_bh_speech\canonical_selected\1995-1837-0027.wav"" -map_metadata -1 -vn -sn -dn -c:a libmp3lame -b:a 80k ""[REDACTED_LOCAL_PATH]\Tony Hidayat\AQ_OpenWorld_Codec_Provenance\42_bh_derivatives\encoded\8412322f3fb09f6636b25cfd.mp3""","""[REDACTED_LOCAL_PATH]\Tony Hidayat\AQ_OpenWorld_Codec_Provenance\tools\gyan_ffmpeg_9.0_full\bin\ffprobe.exe"" -v error -show_entries stream=codec_name,sample_rate,channels,duration,bit_rate:format=format_name,duration,bit_rate -of json ""[REDACTED_LOCAL_PATH]\Tony Hidayat\AQ_OpenWorld_Codec_Provenance\42_bh_derivatives\encoded\8412322f3fb09f6636b25cfd.mp3""","[REDACTED_LOCAL_PATH]\AppData\Local\CapCut\Apps\7.7.0.3143\ffmpeg.exe -y -hide_banner -i ""[REDACTED_LOCAL_PATH]\Tony Hidayat\AQ_OpenWorld_Codec_Provenance\42_bh_derivatives\encoded\8412322f3fb09f6636b25cfd.mp3"" -map_metadata -1 -vn -sn -dn -ac 1 -ar 48000 -sample_fmt s16 ""[REDACTED_LOCAL_PATH]\Tony Hidayat\AQ_OpenWorld_Codec_Provenance\42_bh_derivatives\decoded_raw\8412322f3fb09f6636b25cfd.wav"""
08107a664034fd482b188ac7,39683aa347f485a905655d70396ab3aa,1995,MP3,libmp3lame,libmp3lame,96,99.248,744b8275c5bea5e34ab6ba2e878a719415c2db7f00aa090bab641deffb08fe6c,f92980f6bba170a919c1e61f6b91445a48e72b5e0c86d37a59b6cb4ceef2b466,0,0.9999875864520783,96000,24812,[REDACTED_LOCAL_PATH]\Tony Hidayat\AQ_OpenWorld_Codec_Provenance\42_bh_derivatives\encoded\08107a664034fd482b188ac7.mp3,[REDACTED_LOCAL_PATH]\Tony Hidayat\AQ_OpenWorld_Codec_Provenance\42_bh_derivatives\decoded_raw\08107a664034fd482b188ac7.wav,[REDACTED_LOCAL_PATH]\Tony Hidayat\AQ_OpenWorld_Codec_Provenance\42_bh_derivatives\aligned_pcm\08107a664034fd482b188ac7.wav,AQ2D0BH_DERIV_V1|39683aa347f485a905655d70396ab3aa|MP3|96|libmp3lame|57c56e369d5b4873b4d93fc1a1d833cb7cd8bc9325c14b05c34ce60b22842d8a,0,0,0,mp3,PASS,"""[REDACTED_LOCAL_PATH]\Tony Hidayat\AQ_OpenWorld_Codec_Provenance\tools\gyan_ffmpeg_9.0_full\bin\ffmpeg.exe"" -y -hide_banner -i ""[REDACTED_LOCAL_PATH]\Tony Hidayat\AQ_OpenWorld_Codec_Provenance\39_bh_speech\canonical_selected\1995-1837-0027.wav"" -map_metadata -1 -vn -sn -dn -c:a libmp3lame -b:a 96k ""[REDACTED_LOCAL_PATH]\Tony Hidayat\AQ_OpenWorld_Codec_Provenance\42_bh_derivatives\encoded\08107a664034fd482b188ac7.mp3""","""[REDACTED_LOCAL_PATH]\Tony Hidayat\AQ_OpenWorld_Codec_Provenance\tools\gyan_ffmpeg_9.0_full\bin\ffprobe.exe"" -v error -show_entries stream=codec_name,sample_rate,channels,duration,bit_rate:format=format_name,duration,bit_rate -of json ""[REDACTED_LOCAL_PATH]\Tony Hidayat\AQ_OpenWorld_Codec_Provenance\42_bh_derivatives\encoded\08107a664034fd482b188ac7.mp3""","[REDACTED_LOCAL_PATH]\AppData\Local\CapCut\Apps\7.7.0.3143\ffmpeg.exe -y -hide_banner -i ""[REDACTED_LOCAL_PATH]\Tony Hidayat\AQ_OpenWorld_Codec_Provenance\42_bh_derivatives\encoded\08107a664034fd482b188ac7.mp3"" -map_metadata -1 -vn -sn -dn -ac 1 -ar 48000 -sample_fmt s16 ""[REDACTED_LOCAL_PATH]\Tony Hidayat\AQ_OpenWorld_Codec_Provenance\42_bh_derivatives\decoded_raw\08107a664034fd482b188ac7.wav"""
580bfa3315f369ab0fe7b75e,39683aa347f485a905655d70396ab3aa,1995,MP3,libmp3lame,libmp3lame,128,132.272,2973d5df2661e560edf1f099ec5972d68e2cb4807a3378dbdaefa951a493e60b,e771fb932cf8de05b9521a96085f0f0b895cb0f6609ea48bfc0e45e705e55e02,0,0.9999974528827954,96000,33068,[REDACTED_LOCAL_PATH]\Tony Hidayat\AQ_OpenWorld_Codec_Provenance\42_bh_derivatives\encoded\580bfa3315f369ab0fe7b75e.mp3,[REDACTED_LOCAL_PATH]\Tony Hidayat\AQ_OpenWorld_Codec_Provenance\42_bh_derivatives\decoded_raw\580bfa3315f369ab0fe7b75e.wav,[REDACTED_LOCAL_PATH]\Tony Hidayat\AQ_OpenWorld_Codec_Provenance\42_bh_derivatives\aligned_pcm\580bfa3315f369ab0fe7b75e.wav,AQ2D0BH_DERIV_V1|39683aa347f485a905655d70396ab3aa|MP3|128|libmp3lame|57c56e369d5b4873b4d93fc1a1d833cb7cd8bc9325c14b05c34ce60b22842d8a,0,0,0,mp3,PASS,"""[REDACTED_LOCAL_PATH]\Tony Hidayat\AQ_OpenWorld_Codec_Provenance\tools\gyan_ffmpeg_9.0_full\bin\ffmpeg.exe"" -y -hide_banner -i ""[REDACTED_LOCAL_PATH]\Tony Hidayat\AQ_OpenWorld_Codec_Provenance\39_bh_speech\canonical_selected\1995-1837-0027.wav"" -map_metadata -1 -vn -sn -dn -c:a libmp3lame -b:a 128k ""[REDACTED_LOCAL_PATH]\Tony Hidayat\AQ_OpenWorld_Codec_Provenance\42_bh_derivatives\encoded\580bfa3315f369ab0fe7b75e.mp3""","""[REDACTED_LOCAL_PATH]\Tony Hidayat\AQ_OpenWorld_Codec_Provenance\tools\gyan_ffmpeg_9.0_full\bin\ffprobe.exe"" -v error -show_entries stream=codec_name,sample_rate,channels,duration,bit_rate:format=format_name,duration,bit_rate -of json ""[REDACTED_LOCAL_PATH]\Tony Hidayat\AQ_OpenWorld_Codec_Provenance\42_bh_derivatives\encoded\580bfa3315f369ab0fe7b75e.mp3""","[REDACTED_LOCAL_PATH]\AppData\Local\CapCut\Apps\7.7.0.3143\ffmpeg.exe -y -hide_banner -i ""[REDACTED_LOCAL_PATH]\Tony Hidayat\AQ_OpenWorld_Codec_Provenance\42_bh_derivatives\encoded\580bfa3315f369ab0fe7b75e.mp3"" -map_metadata -1 -vn -sn -dn -ac 1 -ar 48000 -sample_fmt s16 ""[REDACTED_LOCAL_PATH]\Tony Hidayat\AQ_OpenWorld_Codec_Provenance\42_bh_derivatives\decoded_raw\580bfa3315f369ab0fe7b75e.wav"""
b071521ff971fbf131f50fc7,39683aa347f485a905655d70396ab3aa,1995,Opus,libopus,libopus,32,33.588,d98f125c5470a1be342b72f83fce44fec58351fd72270dabca51bfc07b33d8ac,42bd85281f20dfd7dc7389302694e446e6aa37e482606465347c1e0190878ed0,0,0.9980881531793627,96000,8397,[REDACTED_LOCAL_PATH]\Tony Hidayat\AQ_OpenWorld_Codec_Provenance\42_bh_derivatives\encoded\b071521ff971fbf131f50fc7.opus,[REDACTED_LOCAL_PATH]\Tony Hidayat\AQ_OpenWorld_Codec_Provenance\42_bh_derivatives\decoded_raw\b071521ff971fbf131f50fc7.wav,[REDACTED_LOCAL_PATH]\Tony Hidayat\AQ_OpenWorld_Codec_Provenance\42_bh_derivatives\aligned_pcm\b071521ff971fbf131f50fc7.wav,AQ2D0BH_DERIV_V1|39683aa347f485a905655d70396ab3aa|Opus|32|libopus|57c56e369d5b4873b4d93fc1a1d833cb7cd8bc9325c14b05c34ce60b22842d8a,0,0,0,opus,PASS,"""[REDACTED_LOCAL_PATH]\Tony Hidayat\AQ_OpenWorld_Codec_Provenance\tools\gyan_ffmpeg_9.0_full\bin\ffmpeg.exe"" -y -hide_banner -i ""[REDACTED_LOCAL_PATH]\Tony Hidayat\AQ_OpenWorld_Codec_Provenance\39_bh_speech\canonical_selected\1995-1837-0027.wav"" -map_metadata -1 -vn -sn -dn -c:a libopus -b:a 32k -vbr off ""[REDACTED_LOCAL_PATH]\Tony Hidayat\AQ_OpenWorld_Codec_Provenance\42_bh_derivatives\encoded\b071521ff971fbf131f50fc7.opus""","""[REDACTED_LOCAL_PATH]\Tony Hidayat\AQ_OpenWorld_Codec_Provenance\tools\gyan_ffmpeg_9.0_full\bin\ffprobe.exe"" -v error -show_entries stream=codec_name,sample_rate,channels,duration,bit_rate:format=format_name,duration,bit_rate -of json ""[REDACTED_LOCAL_PATH]\Tony Hidayat\AQ_OpenWorld_Codec_Provenance\42_bh_derivatives\encoded\b071521ff971fbf131f50fc7.opus""","[REDACTED_LOCAL_PATH]\AppData\Local\CapCut\Apps\7.7.0.3143\ffmpeg.exe -y -hide_banner -i ""[REDACTED_LOCAL_PATH]\Tony Hidayat\AQ_OpenWorld_Codec_Provenance\42_bh_derivatives\encoded\b071521ff971fbf131f50fc7.opus"" -map_metadata -1 -vn -sn -dn -ac 1 -ar 48000 -sample_fmt s16 ""[REDACTED_LOCAL_PATH]\Tony Hidayat\AQ_OpenWorld_Codec_Provenance\42_bh_derivatives\decoded_raw\b071521ff971fbf131f50fc7.wav"""
60c237ca2015ce49fc753a1a,39683aa347f485a905655d70396ab3aa,1995,Opus,libopus,libopus,80,82.068,afdab16cee0bc7b45b067f338be47661e10a8e520cadd1ec1e831f9527856415,6915a344501c1a50774041363d51e41ce0e00fb8bceb1293b75a5ac2e93beb5e,0,0.9995199513427107,96000,20517,[REDACTED_LOCAL_PATH]\Tony Hidayat\AQ_OpenWorld_Codec_Provenance\42_bh_derivatives\encoded\60c237ca2015ce49fc753a1a.opus,[REDACTED_LOCAL_PATH]\Tony Hidayat\AQ_OpenWorld_Codec_Provenance\42_bh_derivatives\decoded_raw\60c237ca2015ce49fc753a1a.wav,[REDACTED_LOCAL_PATH]\Tony Hidayat\AQ_OpenWorld_Codec_Provenance\42_bh_derivatives\aligned_pcm\60c237ca2015ce49fc753a1a.wav,AQ2D0BH_DERIV_V1|39683aa347f485a905655d70396ab3aa|Opus|80|libopus|57c56e369d5b4873b4d93fc1a1d833cb7cd8bc9325c14b05c34ce60b22842d8a,0,0,0,opus,PASS,"""[REDACTED_LOCAL_PATH]\Tony Hidayat\AQ_OpenWorld_Codec_Provenance\tools\gyan_ffmpeg_9.0_full\bin\ffmpeg.exe"" -y -hide_banner -i ""[REDACTED_LOCAL_PATH]\Tony Hidayat\AQ_OpenWorld_Codec_Provenance\39_bh_speech\canonical_selected\1995-1837-0027.wav"" -map_metadata -1 -vn -sn -dn -c:a libopus -b:a 80k -vbr off ""[REDACTED_LOCAL_PATH]\Tony Hidayat\AQ_OpenWorld_Codec_Provenance\42_bh_derivatives\encoded\60c237ca2015ce49fc753a1a.opus""","""[REDACTED_LOCAL_PATH]\Tony Hidayat\AQ_OpenWorld_Codec_Provenance\tools\gyan_ffmpeg_9.0_full\bin\ffprobe.exe"" -v error -show_entries stream=codec_name,sample_rate,channels,duration,bit_rate:format=format_name,duration,bit_rate -of json ""[REDACTED_LOCAL_PATH]\Tony Hidayat\AQ_OpenWorld_Codec_Provenance\42_bh_derivatives\encoded\60c237ca2015ce49fc753a1a.opus""","[REDACTED_LOCAL_PATH]\AppData\Local\CapCut\Apps\7.7.0.3143\ffmpeg.exe -y -hide_banner -i ""[REDACTED_LOCAL_PATH]\Tony Hidayat\AQ_OpenWorld_Codec_Provenance\42_bh_derivatives\encoded\60c237ca2015ce49fc753a1a.opus"" -map_metadata -1 -vn -sn -dn -ac 1 -ar 48000 -sample_fmt s16 ""[REDACTED_LOCAL_PATH]\Tony Hidayat\AQ_OpenWorld_Codec_Provenance\42_bh_derivatives\decoded_raw\60c237ca2015ce49fc753a1a.wav"""
9c8995289082afe09dc4ad19,39683aa347f485a905655d70396ab3aa,1995,Opus,libopus,libopus,96,98.228,5c4bac628eccc09c295899e21832129d264176fc2a651c39ed8ee9ee0d8d5d7a,490c6f83612d0b7b35749e837e5261e5f1808487bc515c9674167e0e9d131f14,0,0.9996095996964319,96000,24557,[REDACTED_LOCAL_PATH]\Tony Hidayat\AQ_OpenWorld_Codec_Provenance\42_bh_derivatives\encoded\9c8995289082afe09dc4ad19.opus,[REDACTED_LOCAL_PATH]\Tony Hidayat\AQ_OpenWorld_Codec_Provenance\42_bh_derivatives\decoded_raw\9c8995289082afe09dc4ad19.wav,[REDACTED_LOCAL_PATH]\Tony Hidayat\AQ_OpenWorld_Codec_Provenance\42_bh_derivatives\aligned_pcm\9c8995289082afe09dc4ad19.wav,AQ2D0BH_DERIV_V1|39683aa347f485a905655d70396ab3aa|Opus|96|libopus|57c56e369d5b4873b4d93fc1a1d833cb7cd8bc9325c14b05c34ce60b22842d8a,0,0,0,opus,PASS,"""[REDACTED_LOCAL_PATH]\Tony Hidayat\AQ_OpenWorld_Codec_Provenance\tools\gyan_ffmpeg_9.0_full\bin\ffmpeg.exe"" -y -hide_banner -i ""[REDACTED_LOCAL_PATH]\Tony Hidayat\AQ_OpenWorld_Codec_Provenance\39_bh_speech\canonical_selected\1995-1837-0027.wav"" -map_metadata -1 -vn -sn -dn -c:a libopus -b:a 96k -vbr off ""[REDACTED_LOCAL_PATH]\Tony Hidayat\AQ_OpenWorld_Codec_Provenance\42_bh_derivatives\encoded\9c8995289082afe09dc4ad19.opus""","""[REDACTED_LOCAL_PATH]\Tony Hidayat\AQ_OpenWorld_Codec_Provenance\tools\gyan_ffmpeg_9.0_full\bin\ffprobe.exe"" -v error -show_entries stream=codec_name,sample_rate,channels,duration,bit_rate:format=format_name,duration,bit_rate -of json ""[REDACTED_LOCAL_PATH]\Tony Hidayat\AQ_OpenWorld_Codec_Provenance\42_bh_derivatives\encoded\9c8995289082afe09dc4ad19.opus""","[REDACTED_LOCAL_PATH]\AppData\Local\CapCut\Apps\7.7.0.3143\ffmpeg.exe -y -hide_banner -i ""[REDACTED_LOCAL_PATH]\Tony Hidayat\AQ_OpenWorld_Codec_Provenance\42_bh_derivatives\encoded\9c8995289082afe09dc4ad19.opus"" -map_metadata -1 -vn -sn -dn -ac 1 -ar 48000 -sample_fmt s16 ""[REDACTED_LOCAL_PATH]\Tony Hidayat\AQ_OpenWorld_Codec_Provenance\42_bh_derivatives\decoded_raw\9c8995289082afe09dc4ad19.wav"""
3d6ae82de0f6cb15d712f92a,39683aa347f485a905655d70396ab3aa,1995,Opus,libopus,libopus,128,130.952,957c6f4af06e11c1272c5879fd4cc1f21b1d6dfeda38e45d7155d6dc796206c5,155111ad74b2ae35cdc93641fe086e74ddc94fc16d0f0aa559951e86c55531e4,0,0.9997459013098905,96000,32738,[REDACTED_LOCAL_PATH]\Tony Hidayat\AQ_OpenWorld_Codec_Provenance\42_bh_derivatives\encoded\3d6ae82de0f6cb15d712f92a.opus,[REDACTED_LOCAL_PATH]\Tony Hidayat\AQ_OpenWorld_Codec_Provenance\42_bh_derivatives\decoded_raw\3d6ae82de0f6cb15d712f92a.wav,[REDACTED_LOCAL_PATH]\Tony Hidayat\AQ_OpenWorld_Codec_Provenance\42_bh_derivatives\aligned_pcm\3d6ae82de0f6cb15d712f92a.wav,AQ2D0BH_DERIV_V1|39683aa347f485a905655d70396ab3aa|Opus|128|libopus|57c56e369d5b4873b4d93fc1a1d833cb7cd8bc9325c14b05c34ce60b22842d8a,0,0,0,opus,PASS,"""[REDACTED_LOCAL_PATH]\Tony Hidayat\AQ_OpenWorld_Codec_Provenance\tools\gyan_ffmpeg_9.0_full\bin\ffmpeg.exe"" -y -hide_banner -i ""[REDACTED_LOCAL_PATH]\Tony Hidayat\AQ_OpenWorld_Codec_Provenance\39_bh_speech\canonical_selected\1995-1837-0027.wav"" -map_metadata -1 -vn -sn -dn -c:a libopus -b:a 128k -vbr off ""[REDACTED_LOCAL_PATH]\Tony Hidayat\AQ_OpenWorld_Codec_Provenance\42_bh_derivatives\encoded\3d6ae82de0f6cb15d712f92a.opus""","""[REDACTED_LOCAL_PATH]\Tony Hidayat\AQ_OpenWorld_Codec_Provenance\tools\gyan_ffmpeg_9.0_full\bin\ffprobe.exe"" -v error -show_entries stream=codec_name,sample_rate,channels,duration,bit_rate:format=format_name,duration,bit_rate -of json ""[REDACTED_LOCAL_PATH]\Tony Hidayat\AQ_OpenWorld_Codec_Provenance\42_bh_derivatives\encoded\3d6ae82de0f6cb15d712f92a.opus""","[REDACTED_LOCAL_PATH]\AppData\Local\CapCut\Apps\7.7.0.3143\ffmpeg.exe -y -hide_banner -i ""[REDACTED_LOCAL_PATH]\Tony Hidayat\AQ_OpenWorld_Codec_Provenance\42_bh_derivatives\encoded\3d6ae82de0f6cb15d712f92a.opus"" -map_metadata -1 -vn -sn -dn -ac 1 -ar 48000 -sample_fmt s16 ""[REDACTED_LOCAL_PATH]\Tony Hidayat\AQ_OpenWorld_Codec_Provenance\42_bh_derivatives\decoded_raw\3d6ae82de0f6cb15d712f92a.wav"""
b3e2338de3d4c45a6b406e73,3e2e95e17ae66fe0c2a4e0fbdacefd43,8230,AAC,aac,FFmpeg-native AAC,32,35.432,1ba7c8893b032712296436b3e3d49cc9ebd630a47bc78e76ba8787cdd29bcd06,28e365c787f10edd47d39cde956991b18c6285894d2cad1d091fc9da2f716db9,0,0.955591639526917,96000,8858,[REDACTED_LOCAL_PATH]\Tony Hidayat\AQ_OpenWorld_Codec_Provenance\42_bh_derivatives\encoded\b3e2338de3d4c45a6b406e73.m4a,[REDACTED_LOCAL_PATH]\Tony Hidayat\AQ_OpenWorld_Codec_Provenance\42_bh_derivatives\decoded_raw\b3e2338de3d4c45a6b406e73.wav,[REDACTED_LOCAL_PATH]\Tony Hidayat\AQ_OpenWorld_Codec_Provenance\42_bh_derivatives\aligned_pcm\b3e2338de3d4c45a6b406e73.wav,AQ2D0BH_DERIV_V1|3e2e95e17ae66fe0c2a4e0fbdacefd43|AAC|32|FFmpeg-native AAC|57c56e369d5b4873b4d93fc1a1d833cb7cd8bc9325c14b05c34ce60b22842d8a,0,0,0,aac,PASS,"""[REDACTED_LOCAL_PATH]\Tony Hidayat\AQ_OpenWorld_Codec_Provenance\tools\gyan_ffmpeg_9.0_full\bin\ffmpeg.exe"" -y -hide_banner -i ""[REDACTED_LOCAL_PATH]\Tony Hidayat\AQ_OpenWorld_Codec_Provenance\39_bh_speech\canonical_selected\8230-279154-0042.wav"" -map_metadata -1 -vn -sn -dn -c:a aac -b:a 32k ""[REDACTED_LOCAL_PATH]\Tony Hidayat\AQ_OpenWorld_Codec_Provenance\42_bh_derivatives\encoded\b3e2338de3d4c45a6b406e73.m4a""","""[REDACTED_LOCAL_PATH]\Tony Hidayat\AQ_OpenWorld_Codec_Provenance\tools\gyan_ffmpeg_9.0_full\bin\ffprobe.exe"" -v error -show_entries stream=codec_name,sample_rate,channels,duration,bit_rate:format=format_name,duration,bit_rate -of json ""[REDACTED_LOCAL_PATH]\Tony Hidayat\AQ_OpenWorld_Codec_Provenance\42_bh_derivatives\encoded\b3e2338de3d4c45a6b406e73.m4a""","[REDACTED_LOCAL_PATH]\AppData\Local\CapCut\Apps\7.7.0.3143\ffmpeg.exe -y -hide_banner -i ""[REDACTED_LOCAL_PATH]\Tony Hidayat\AQ_OpenWorld_Codec_Provenance\42_bh_derivatives\encoded\b3e2338de3d4c45a6b406e73.m4a"" -map_metadata -1 -vn -sn -dn -ac 1 -ar 48000 -sample_fmt s16 ""[REDACTED_LOCAL_PATH]\Tony Hidayat\AQ_OpenWorld_Codec_Provenance\42_bh_derivatives\decoded_raw\b3e2338de3d4c45a6b406e73.wav"""
7af1fa2995ef5dc14db82d4f,3e2e95e17ae66fe0c2a4e0fbdacefd43,8230,AAC,aac,FFmpeg-native AAC,80,87.212,80fc79bb4f7d0d26b6403dd4de6a99a525b6b6dd42f9a36a301572ac4a68abdd,9e8e4b9947081e5ed8c6c3c013e3e950460b050d254ed39729e2f68f6fc6dcb0,0,0.9991576883675902,96000,21803,[REDACTED_LOCAL_PATH]\Tony Hidayat\AQ_OpenWorld_Codec_Provenance\42_bh_derivatives\encoded\7af1fa2995ef5dc14db82d4f.m4a,[REDACTED_LOCAL_PATH]\Tony Hidayat\AQ_OpenWorld_Codec_Provenance\42_bh_derivatives\decoded_raw\7af1fa2995ef5dc14db82d4f.wav,[REDACTED_LOCAL_PATH]\Tony Hidayat\AQ_OpenWorld_Codec_Provenance\42_bh_derivatives\aligned_pcm\7af1fa2995ef5dc14db82d4f.wav,AQ2D0BH_DERIV_V1|3e2e95e17ae66fe0c2a4e0fbdacefd43|AAC|80|FFmpeg-native AAC|57c56e369d5b4873b4d93fc1a1d833cb7cd8bc9325c14b05c34ce60b22842d8a,0,0,0,aac,PASS,"""[REDACTED_LOCAL_PATH]\Tony Hidayat\AQ_OpenWorld_Codec_Provenance\tools\gyan_ffmpeg_9.0_full\bin\ffmpeg.exe"" -y -hide_banner -i ""[REDACTED_LOCAL_PATH]\Tony Hidayat\AQ_OpenWorld_Codec_Provenance\39_bh_speech\canonical_selected\8230-279154-0042.wav"" -map_metadata -1 -vn -sn -dn -c:a aac -b:a 80k ""[REDACTED_LOCAL_PATH]\Tony Hidayat\AQ_OpenWorld_Codec_Provenance\42_bh_derivatives\encoded\7af1fa2995ef5dc14db82d4f.m4a""","""[REDACTED_LOCAL_PATH]\Tony Hidayat\AQ_OpenWorld_Codec_Provenance\tools\gyan_ffmpeg_9.0_full\bin\ffprobe.exe"" -v error -show_entries stream=codec_name,sample_rate,channels,duration,bit_rate:format=format_name,duration,bit_rate -of json ""[REDACTED_LOCAL_PATH]\Tony Hidayat\AQ_OpenWorld_Codec_Provenance\42_bh_derivatives\encoded\7af1fa2995ef5dc14db82d4f.m4a""","[REDACTED_LOCAL_PATH]\AppData\Local\CapCut\Apps\7.7.0.3143\ffmpeg.exe -y -hide_banner -i ""[REDACTED_LOCAL_PATH]\Tony Hidayat\AQ_OpenWorld_Codec_Provenance\42_bh_derivatives\encoded\7af1fa2995ef5dc14db82d4f.m4a"" -map_metadata -1 -vn -sn -dn -ac 1 -ar 48000 -sample_fmt s16 ""[REDACTED_LOCAL_PATH]\Tony Hidayat\AQ_OpenWorld_Codec_Provenance\42_bh_derivatives\decoded_raw\7af1fa2995ef5dc14db82d4f.wav"""
aeba3e6ad88ae45cf0355a4f,3e2e95e17ae66fe0c2a4e0fbdacefd43,8230,AAC,aac,FFmpeg-native AAC,96,102.94,e77565873388dd2ee4bf1656be7a4934de992f769c5773d7fff521470667b052,716643ba2199d6ddbf5af39f0ed89e51c958a8c8be6ebcf08a5f33a7ebe79a11,0,0.9943105118155514,96000,25735,[REDACTED_LOCAL_PATH]\Tony Hidayat\AQ_OpenWorld_Codec_Provenance\42_bh_derivatives\encoded\aeba3e6ad88ae45cf0355a4f.m4a,[REDACTED_LOCAL_PATH]\Tony Hidayat\AQ_OpenWorld_Codec_Provenance\42_bh_derivatives\decoded_raw\aeba3e6ad88ae45cf0355a4f.wav,[REDACTED_LOCAL_PATH]\Tony Hidayat\AQ_OpenWorld_Codec_Provenance\42_bh_derivatives\aligned_pcm\aeba3e6ad88ae45cf0355a4f.wav,AQ2D0BH_DERIV_V1|3e2e95e17ae66fe0c2a4e0fbdacefd43|AAC|96|FFmpeg-native AAC|57c56e369d5b4873b4d93fc1a1d833cb7cd8bc9325c14b05c34ce60b22842d8a,0,0,0,aac,PASS,"""[REDACTED_LOCAL_PATH]\Tony Hidayat\AQ_OpenWorld_Codec_Provenance\tools\gyan_ffmpeg_9.0_full\bin\ffmpeg.exe"" -y -hide_banner -i ""[REDACTED_LOCAL_PATH]\Tony Hidayat\AQ_OpenWorld_Codec_Provenance\39_bh_speech\canonical_selected\8230-279154-0042.wav"" -map_metadata -1 -vn -sn -dn -c:a aac -b:a 96k ""[REDACTED_LOCAL_PATH]\Tony Hidayat\AQ_OpenWorld_Codec_Provenance\42_bh_derivatives\encoded\aeba3e6ad88ae45cf0355a4f.m4a""","""[REDACTED_LOCAL_PATH]\Tony Hidayat\AQ_OpenWorld_Codec_Provenance\tools\gyan_ffmpeg_9.0_full\bin\ffprobe.exe"" -v error -show_entries stream=codec_name,sample_rate,channels,duration,bit_rate:format=format_name,duration,bit_rate -of json ""[REDACTED_LOCAL_PATH]\Tony Hidayat\AQ_OpenWorld_Codec_Provenance\42_bh_derivatives\encoded\aeba3e6ad88ae45cf0355a4f.m4a""","[REDACTED_LOCAL_PATH]\AppData\Local\CapCut\Apps\7.7.0.3143\ffmpeg.exe -y -hide_banner -i ""[REDACTED_LOCAL_PATH]\Tony Hidayat\AQ_OpenWorld_Codec_Provenance\42_bh_derivatives\encoded\aeba3e6ad88ae45cf0355a4f.m4a"" -map_metadata -1 -vn -sn -dn -ac 1 -ar 48000 -sample_fmt s16 ""[REDACTED_LOCAL_PATH]\Tony Hidayat\AQ_OpenWorld_Codec_Provenance\42_bh_derivatives\decoded_raw\aeba3e6ad88ae45cf0355a4f.wav"""
b2da967eea0d2df1e2edf7a8,3e2e95e17ae66fe0c2a4e0fbdacefd43,8230,AAC,aac,FFmpeg-native AAC,128,134.352,764b5315187f065a899f8acbf54ccea8143c4687899d1cbc2abf72fa573524b3,427045c4ef5df53457b051213d80f6065264e7110522e4cd8b628bafbb23d3d1,0,0.9979923162387266,96000,33588,[REDACTED_LOCAL_PATH]\Tony Hidayat\AQ_OpenWorld_Codec_Provenance\42_bh_derivatives\encoded\b2da967eea0d2df1e2edf7a8.m4a,[REDACTED_LOCAL_PATH]\Tony Hidayat\AQ_OpenWorld_Codec_Provenance\42_bh_derivatives\decoded_raw\b2da967eea0d2df1e2edf7a8.wav,[REDACTED_LOCAL_PATH]\Tony Hidayat\AQ_OpenWorld_Codec_Provenance\42_bh_derivatives\aligned_pcm\b2da967eea0d2df1e2edf7a8.wav,AQ2D0BH_DERIV_V1|3e2e95e17ae66fe0c2a4e0fbdacefd43|AAC|128|FFmpeg-native AAC|57c56e369d5b4873b4d93fc1a1d833cb7cd8bc9325c14b05c34ce60b22842d8a,0,0,0,aac,PASS,"""[REDACTED_LOCAL_PATH]\Tony Hidayat\AQ_OpenWorld_Codec_Provenance\tools\gyan_ffmpeg_9.0_full\bin\ffmpeg.exe"" -y -hide_banner -i ""[REDACTED_LOCAL_PATH]\Tony Hidayat\AQ_OpenWorld_Codec_Provenance\39_bh_speech\canonical_selected\8230-279154-0042.wav"" -map_metadata -1 -vn -sn -dn -c:a aac -b:a 128k ""[REDACTED_LOCAL_PATH]\Tony Hidayat\AQ_OpenWorld_Codec_Provenance\42_bh_derivatives\encoded\b2da967eea0d2df1e2edf7a8.m4a""","""[REDACTED_LOCAL_PATH]\Tony Hidayat\AQ_OpenWorld_Codec_Provenance\tools\gyan_ffmpeg_9.0_full\bin\ffprobe.exe"" -v error -show_entries stream=codec_name,sample_rate,channels,duration,bit_rate:format=format_name,duration,bit_rate -of json ""[REDACTED_LOCAL_PATH]\Tony Hidayat\AQ_OpenWorld_Codec_Provenance\42_bh_derivatives\encoded\b2da967eea0d2df1e2edf7a8.m4a""","[REDACTED_LOCAL_PATH]\AppData\Local\CapCut\Apps\7.7.0.3143\ffmpeg.exe -y -hide_banner -i ""[REDACTED_LOCAL_PATH]\Tony Hidayat\AQ_OpenWorld_Codec_Provenance\42_bh_derivatives\encoded\b2da967eea0d2df1e2edf7a8.m4a"" -map_metadata -1 -vn -sn -dn -ac 1 -ar 48000 -sample_fmt s16 ""[REDACTED_LOCAL_PATH]\Tony Hidayat\AQ_OpenWorld_Codec_Provenance\42_bh_derivatives\decoded_raw\b2da967eea0d2df1e2edf7a8.wav"""
5f36e60a6bc3a1c4a8e67753,3e2e95e17ae66fe0c2a4e0fbdacefd43,8230,MP3,libmp3lame,libmp3lame,32,33.584,de70997c4caa48f9397914fa926d0aa5d26e0f5c566ea0ffa5210214d8c2946f,0df10b5d73386e0d821285f8675bbbde2ddd8330ca80c1d3ebabfa3ba9557ace,0,0.995337358636204,96000,8396,[REDACTED_LOCAL_PATH]\Tony Hidayat\AQ_OpenWorld_Codec_Provenance\42_bh_derivatives\encoded\5f36e60a6bc3a1c4a8e67753.mp3,[REDACTED_LOCAL_PATH]\Tony Hidayat\AQ_OpenWorld_Codec_Provenance\42_bh_derivatives\decoded_raw\5f36e60a6bc3a1c4a8e67753.wav,[REDACTED_LOCAL_PATH]\Tony Hidayat\AQ_OpenWorld_Codec_Provenance\42_bh_derivatives\aligned_pcm\5f36e60a6bc3a1c4a8e67753.wav,AQ2D0BH_DERIV_V1|3e2e95e17ae66fe0c2a4e0fbdacefd43|MP3|32|libmp3lame|57c56e369d5b4873b4d93fc1a1d833cb7cd8bc9325c14b05c34ce60b22842d8a,0,0,0,mp3,PASS,"""[REDACTED_LOCAL_PATH]\Tony Hidayat\AQ_OpenWorld_Codec_Provenance\tools\gyan_ffmpeg_9.0_full\bin\ffmpeg.exe"" -y -hide_banner -i ""[REDACTED_LOCAL_PATH]\Tony Hidayat\AQ_OpenWorld_Codec_Provenance\39_bh_speech\canonical_selected\8230-279154-0042.wav"" -map_metadata -1 -vn -sn -dn -c:a libmp3lame -b:a 32k ""[REDACTED_LOCAL_PATH]\Tony Hidayat\AQ_OpenWorld_Codec_Provenance\42_bh_derivatives\encoded\5f36e60a6bc3a1c4a8e67753.mp3""","""[REDACTED_LOCAL_PATH]\Tony Hidayat\AQ_OpenWorld_Codec_Provenance\tools\gyan_ffmpeg_9.0_full\bin\ffprobe.exe"" -v error -show_entries stream=codec_name,sample_rate,channels,duration,bit_rate:format=format_name,duration,bit_rate -of json ""[REDACTED_LOCAL_PATH]\Tony Hidayat\AQ_OpenWorld_Codec_Provenance\42_bh_derivatives\encoded\5f36e60a6bc3a1c4a8e67753.mp3""","[REDACTED_LOCAL_PATH]\AppData\Local\CapCut\Apps\7.7.0.3143\ffmpeg.exe -y -hide_banner -i ""[REDACTED_LOCAL_PATH]\Tony Hidayat\AQ_OpenWorld_Codec_Provenance\42_bh_derivatives\encoded\5f36e60a6bc3a1c4a8e67753.mp3"" -map_metadata -1 -vn -sn -dn -ac 1 -ar 48000 -sample_fmt s16 ""[REDACTED_LOCAL_PATH]\Tony Hidayat\AQ_OpenWorld_Codec_Provenance\42_bh_derivatives\decoded_raw\5f36e60a6bc3a1c4a8e67753.wav"""
24269dac55dc79cf17252686,3e2e95e17ae66fe0c2a4e0fbdacefd43,8230,MP3,libmp3lame,libmp3lame,80,82.736,a5474ea93f11b885f9339794a7635ec786024a6add9f98c0c341ced4d94d6683,54634d73619076be8f20c98cf3c1f7a84fe9be5d266f292dde7dfed4e1d595f0,0,0.999624474580456,96000,20684,[REDACTED_LOCAL_PATH]\Tony Hidayat\AQ_OpenWorld_Codec_Provenance\42_bh_derivatives\encoded\24269dac55dc79cf17252686.mp3,[REDACTED_LOCAL_PATH]\Tony Hidayat\AQ_OpenWorld_Codec_Provenance\42_bh_derivatives\decoded_raw\24269dac55dc79cf17252686.wav,[REDACTED_LOCAL_PATH]\Tony Hidayat\AQ_OpenWorld_Codec_Provenance\42_bh_derivatives\aligned_pcm\24269dac55dc79cf17252686.wav,AQ2D0BH_DERIV_V1|3e2e95e17ae66fe0c2a4e0fbdacefd43|MP3|80|libmp3lame|57c56e369d5b4873b4d93fc1a1d833cb7cd8bc9325c14b05c34ce60b22842d8a,0,0,0,mp3,PASS,"""[REDACTED_LOCAL_PATH]\Tony Hidayat\AQ_OpenWorld_Codec_Provenance\tools\gyan_ffmpeg_9.0_full\bin\ffmpeg.exe"" -y -hide_banner -i ""[REDACTED_LOCAL_PATH]\Tony Hidayat\AQ_OpenWorld_Codec_Provenance\39_bh_speech\canonical_selected\8230-279154-0042.wav"" -map_metadata -1 -vn -sn -dn -c:a libmp3lame -b:a 80k ""[REDACTED_LOCAL_PATH]\Tony Hidayat\AQ_OpenWorld_Codec_Provenance\42_bh_derivatives\encoded\24269dac55dc79cf17252686.mp3""","""[REDACTED_LOCAL_PATH]\Tony Hidayat\AQ_OpenWorld_Codec_Provenance\tools\gyan_ffmpeg_9.0_full\bin\ffprobe.exe"" -v error -show_entries stream=codec_name,sample_rate,channels,duration,bit_rate:format=format_name,duration,bit_rate -of json ""[REDACTED_LOCAL_PATH]\Tony Hidayat\AQ_OpenWorld_Codec_Provenance\42_bh_derivatives\encoded\24269dac55dc79cf17252686.mp3""","[REDACTED_LOCAL_PATH]\AppData\Local\CapCut\Apps\7.7.0.3143\ffmpeg.exe -y -hide_banner -i ""[REDACTED_LOCAL_PATH]\Tony Hidayat\AQ_OpenWorld_Codec_Provenance\42_bh_derivatives\encoded\24269dac55dc79cf17252686.mp3"" -map_metadata -1 -vn -sn -dn -ac 1 -ar 48000 -sample_fmt s16 ""[REDACTED_LOCAL_PATH]\Tony Hidayat\AQ_OpenWorld_Codec_Provenance\42_bh_derivatives\decoded_raw\24269dac55dc79cf17252686.wav"""
20287c0b24a8e4ce7918fe9b,3e2e95e17ae66fe0c2a4e0fbdacefd43,8230,MP3,libmp3lame,libmp3lame,96,99.248,9ec85ff4222935f77c32907373faddce0b6a9527b0248222131a8754131af889,d2525e6047e15a986fccf9b40f6bc8ea38a324548e40923505e6d286f903a7a0,0,0.9998486291939381,96000,24812,[REDACTED_LOCAL_PATH]\Tony Hidayat\AQ_OpenWorld_Codec_Provenance\42_bh_derivatives\encoded\20287c0b24a8e4ce7918fe9b.mp3,[REDACTED_LOCAL_PATH]\Tony Hidayat\AQ_OpenWorld_Codec_Provenance\42_bh_derivatives\decoded_raw\20287c0b24a8e4ce7918fe9b.wav,[REDACTED_LOCAL_PATH]\Tony Hidayat\AQ_OpenWorld_Codec_Provenance\42_bh_derivatives\aligned_pcm\20287c0b24a8e4ce7918fe9b.wav,AQ2D0BH_DERIV_V1|3e2e95e17ae66fe0c2a4e0fbdacefd43|MP3|96|libmp3lame|57c56e369d5b4873b4d93fc1a1d833cb7cd8bc9325c14b05c34ce60b22842d8a,0,0,0,mp3,PASS,"""[REDACTED_LOCAL_PATH]\Tony Hidayat\AQ_OpenWorld_Codec_Provenance\tools\gyan_ffmpeg_9.0_full\bin\ffmpeg.exe"" -y -hide_banner -i ""[REDACTED_LOCAL_PATH]\Tony Hidayat\AQ_OpenWorld_Codec_Provenance\39_bh_speech\canonical_selected\8230-279154-0042.wav"" -map_metadata -1 -vn -sn -dn -c:a libmp3lame -b:a 96k ""[REDACTED_LOCAL_PATH]\Tony Hidayat\AQ_OpenWorld_Codec_Provenance\42_bh_derivatives\encoded\20287c0b24a8e4ce7918fe9b.mp3""","""[REDACTED_LOCAL_PATH]\Tony Hidayat\AQ_OpenWorld_Codec_Provenance\tools\gyan_ffmpeg_9.0_full\bin\ffprobe.exe"" -v error -show_entries stream=codec_name,sample_rate,channels,duration,bit_rate:format=format_name,duration,bit_rate -of json ""[REDACTED_LOCAL_PATH]\Tony Hidayat\AQ_OpenWorld_Codec_Provenance\42_bh_derivatives\encoded\20287c0b24a8e4ce7918fe9b.mp3""","[REDACTED_LOCAL_PATH]\AppData\Local\CapCut\Apps\7.7.0.3143\ffmpeg.exe -y -hide_banner -i ""[REDACTED_LOCAL_PATH]\Tony Hidayat\AQ_OpenWorld_Codec_Provenance\42_bh_derivatives\encoded\20287c0b24a8e4ce7918fe9b.mp3"" -map_metadata -1 -vn -sn -dn -ac 1 -ar 48000 -sample_fmt s16 ""[REDACTED_LOCAL_PATH]\Tony Hidayat\AQ_OpenWorld_Codec_Provenance\42_bh_derivatives\decoded_raw\20287c0b24a8e4ce7918fe9b.wav"""
40568e6c64d19ee1deabef37,3e2e95e17ae66fe0c2a4e0fbdacefd43,8230,MP3,libmp3lame,libmp3lame,128,132.272,70544838769d41515b749641088c200dcbeeab96b15e19a90236bf54c685b90d,a7ec60f74dbdbb188af2aac40d980ab5412f59fca0d374f07678f6d941a1ce42,0,0.9999948814851749,96000,33068,[REDACTED_LOCAL_PATH]\Tony Hidayat\AQ_OpenWorld_Codec_Provenance\42_bh_derivatives\encoded\40568e6c64d19ee1deabef37.mp3,[REDACTED_LOCAL_PATH]\Tony Hidayat\AQ_OpenWorld_Codec_Provenance\42_bh_derivatives\decoded_raw\40568e6c64d19ee1deabef37.wav,[REDACTED_LOCAL_PATH]\Tony Hidayat\AQ_OpenWorld_Codec_Provenance\42_bh_derivatives\aligned_pcm\40568e6c64d19ee1deabef37.wav,AQ2D0BH_DERIV_V1|3e2e95e17ae66fe0c2a4e0fbdacefd43|MP3|128|libmp3lame|57c56e369d5b4873b4d93fc1a1d833cb7cd8bc9325c14b05c34ce60b22842d8a,0,0,0,mp3,PASS,"""[REDACTED_LOCAL_PATH]\Tony Hidayat\AQ_OpenWorld_Codec_Provenance\tools\gyan_ffmpeg_9.0_full\bin\ffmpeg.exe"" -y -hide_banner -i ""[REDACTED_LOCAL_PATH]\Tony Hidayat\AQ_OpenWorld_Codec_Provenance\39_bh_speech\canonical_selected\8230-279154-0042.wav"" -map_metadata -1 -vn -sn -dn -c:a libmp3lame -b:a 128k ""[REDACTED_LOCAL_PATH]\Tony Hidayat\AQ_OpenWorld_Codec_Provenance\42_bh_derivatives\encoded\40568e6c64d19ee1deabef37.mp3""","""[REDACTED_LOCAL_PATH]\Tony Hidayat\AQ_OpenWorld_Codec_Provenance\tools\gyan_ffmpeg_9.0_full\bin\ffprobe.exe"" -v error -show_entries stream=codec_name,sample_rate,channels,duration,bit_rate:format=format_name,duration,bit_rate -of json ""[REDACTED_LOCAL_PATH]\Tony Hidayat\AQ_OpenWorld_Codec_Provenance\42_bh_derivatives\encoded\40568e6c64d19ee1deabef37.mp3""","[REDACTED_LOCAL_PATH]\AppData\Local\CapCut\Apps\7.7.0.3143\ffmpeg.exe -y -hide_banner -i ""[REDACTED_LOCAL_PATH]\Tony Hidayat\AQ_OpenWorld_Codec_Provenance\42_bh_derivatives\encoded\40568e6c64d19ee1deabef37.mp3"" -map_metadata -1 -vn -sn -dn -ac 1 -ar 48000 -sample_fmt s16 ""[REDACTED_LOCAL_PATH]\Tony Hidayat\AQ_OpenWorld_Codec_Provenance\42_bh_derivatives\decoded_raw\40568e6c64d19ee1deabef37.wav"""
d3c637921254fafccd63e4ad,3e2e95e17ae66fe0c2a4e0fbdacefd43,8230,Opus,libopus,libopus,32,33.588,41600bc9ef818b67dd570271b3909739ba1f2a853360577dd71deef367c26892,201ec7ed121e49ad8adf77da01d19106d76f88fe63d58c1071257e263ecf1c81,0,0.9938272497907005,96000,8397,[REDACTED_LOCAL_PATH]\Tony Hidayat\AQ_OpenWorld_Codec_Provenance\42_bh_derivatives\encoded\d3c637921254fafccd63e4ad.opus,[REDACTED_LOCAL_PATH]\Tony Hidayat\AQ_OpenWorld_Codec_Provenance\42_bh_derivatives\decoded_raw\d3c637921254fafccd63e4ad.wav,[REDACTED_LOCAL_PATH]\Tony Hidayat\AQ_OpenWorld_Codec_Provenance\42_bh_derivatives\aligned_pcm\d3c637921254fafccd63e4ad.wav,AQ2D0BH_DERIV_V1|3e2e95e17ae66fe0c2a4e0fbdacefd43|Opus|32|libopus|57c56e369d5b4873b4d93fc1a1d833cb7cd8bc9325c14b05c34ce60b22842d8a,0,0,0,opus,PASS,"""[REDACTED_LOCAL_PATH]\Tony Hidayat\AQ_OpenWorld_Codec_Provenance\tools\gyan_ffmpeg_9.0_full\bin\ffmpeg.exe"" -y -hide_banner -i ""[REDACTED_LOCAL_PATH]\Tony Hidayat\AQ_OpenWorld_Codec_Provenance\39_bh_speech\canonical_selected\8230-279154-0042.wav"" -map_metadata -1 -vn -sn -dn -c:a libopus -b:a 32k -vbr off ""[REDACTED_LOCAL_PATH]\Tony Hidayat\AQ_OpenWorld_Codec_Provenance\42_bh_derivatives\encoded\d3c637921254fafccd63e4ad.opus""","""[REDACTED_LOCAL_PATH]\Tony Hidayat\AQ_OpenWorld_Codec_Provenance\tools\gyan_ffmpeg_9.0_full\bin\ffprobe.exe"" -v error -show_entries stream=codec_name,sample_rate,channels,duration,bit_rate:format=format_name,duration,bit_rate -of json ""[REDACTED_LOCAL_PATH]\Tony Hidayat\AQ_OpenWorld_Codec_Provenance\42_bh_derivatives\encoded\d3c637921254fafccd63e4ad.opus""","[REDACTED_LOCAL_PATH]\AppData\Local\CapCut\Apps\7.7.0.3143\ffmpeg.exe -y -hide_banner -i ""[REDACTED_LOCAL_PATH]\Tony Hidayat\AQ_OpenWorld_Codec_Provenance\42_bh_derivatives\encoded\d3c637921254fafccd63e4ad.opus"" -map_metadata -1 -vn -sn -dn -ac 1 -ar 48000 -sample_fmt s16 ""[REDACTED_LOCAL_PATH]\Tony Hidayat\AQ_OpenWorld_Codec_Provenance\42_bh_derivatives\decoded_raw\d3c637921254fafccd63e4ad.wav"""
4df4a60665903f82f2ab0e3d,3e2e95e17ae66fe0c2a4e0fbdacefd43,8230,Opus,libopus,libopus,80,82.068,93db38273e9a694c51eed0ad078257b1b3ce395cb0512cda3069fa21f1805f19,85a22fa1dabb8591ade314f1ea84b0ce16e37ef89d9f91eb7c6ee78cdf08b2af,0,0.9987164083635263,96000,20517,[REDACTED_LOCAL_PATH]\Tony Hidayat\AQ_OpenWorld_Codec_Provenance\42_bh_derivatives\encoded\4df4a60665903f82f2ab0e3d.opus,[REDACTED_LOCAL_PATH]\Tony Hidayat\AQ_OpenWorld_Codec_Provenance\42_bh_derivatives\decoded_raw\4df4a60665903f82f2ab0e3d.wav,[REDACTED_LOCAL_PATH]\Tony Hidayat\AQ_OpenWorld_Codec_Provenance\42_bh_derivatives\aligned_pcm\4df4a60665903f82f2ab0e3d.wav,AQ2D0BH_DERIV_V1|3e2e95e17ae66fe0c2a4e0fbdacefd43|Opus|80|libopus|57c56e369d5b4873b4d93fc1a1d833cb7cd8bc9325c14b05c34ce60b22842d8a,0,0,0,opus,PASS,"""[REDACTED_LOCAL_PATH]\Tony Hidayat\AQ_OpenWorld_Codec_Provenance\tools\gyan_ffmpeg_9.0_full\bin\ffmpeg.exe"" -y -hide_banner -i ""[REDACTED_LOCAL_PATH]\Tony Hidayat\AQ_OpenWorld_Codec_Provenance\39_bh_speech\canonical_selected\8230-279154-0042.wav"" -map_metadata -1 -vn -sn -dn -c:a libopus -b:a 80k -vbr off ""[REDACTED_LOCAL_PATH]\Tony Hidayat\AQ_OpenWorld_Codec_Provenance\42_bh_derivatives\encoded\4df4a60665903f82f2ab0e3d.opus""","""[REDACTED_LOCAL_PATH]\Tony Hidayat\AQ_OpenWorld_Codec_Provenance\tools\gyan_ffmpeg_9.0_full\bin\ffprobe.exe"" -v error -show_entries stream=codec_name,sample_rate,channels,duration,bit_rate:format=format_name,duration,bit_rate -of json ""[REDACTED_LOCAL_PATH]\Tony Hidayat\AQ_OpenWorld_Codec_Provenance\42_bh_derivatives\encoded\4df4a60665903f82f2ab0e3d.opus""","[REDACTED_LOCAL_PATH]\AppData\Local\CapCut\Apps\7.7.0.3143\ffmpeg.exe -y -hide_banner -i ""[REDACTED_LOCAL_PATH]\Tony Hidayat\AQ_OpenWorld_Codec_Provenance\42_bh_derivatives\encoded\4df4a60665903f82f2ab0e3d.opus"" -map_metadata -1 -vn -sn -dn -ac 1 -ar 48000 -sample_fmt s16 ""[REDACTED_LOCAL_PATH]\Tony Hidayat\AQ_OpenWorld_Codec_Provenance\42_bh_derivatives\decoded_raw\4df4a60665903f82f2ab0e3d.wav"""
83b4a1e776d0f3abe72d9880,3e2e95e17ae66fe0c2a4e0fbdacefd43,8230,Opus,libopus,libopus,96,98.228,f95015565409a24ce3616ac03966d7e852bfa22a8a3d1a9fbd419e8b71eccda1,6b8ce8879effc8f328779d4fce9713b9524c6697792928cdd3a3eb373b7b776f,0,0.9989474514269037,96000,24557,[REDACTED_LOCAL_PATH]\Tony Hidayat\AQ_OpenWorld_Codec_Provenance\42_bh_derivatives\encoded\83b4a1e776d0f3abe72d9880.opus,[REDACTED_LOCAL_PATH]\Tony Hidayat\AQ_OpenWorld_Codec_Provenance\42_bh_derivatives\decoded_raw\83b4a1e776d0f3abe72d9880.wav,[REDACTED_LOCAL_PATH]\Tony Hidayat\AQ_OpenWorld_Codec_Provenance\42_bh_derivatives\aligned_pcm\83b4a1e776d0f3abe72d9880.wav,AQ2D0BH_DERIV_V1|3e2e95e17ae66fe0c2a4e0fbdacefd43|Opus|96|libopus|57c56e369d5b4873b4d93fc1a1d833cb7cd8bc9325c14b05c34ce60b22842d8a,0,0,0,opus,PASS,"""[REDACTED_LOCAL_PATH]\Tony Hidayat\AQ_OpenWorld_Codec_Provenance\tools\gyan_ffmpeg_9.0_full\bin\ffmpeg.exe"" -y -hide_banner -i ""[REDACTED_LOCAL_PATH]\Tony Hidayat\AQ_OpenWorld_Codec_Provenance\39_bh_speech\canonical_selected\8230-279154-0042.wav"" -map_metadata -1 -vn -sn -dn -c:a libopus -b:a 96k -vbr off ""[REDACTED_LOCAL_PATH]\Tony Hidayat\AQ_OpenWorld_Codec_Provenance\42_bh_derivatives\encoded\83b4a1e776d0f3abe72d9880.opus""","""[REDACTED_LOCAL_PATH]\Tony Hidayat\AQ_OpenWorld_Codec_Provenance\tools\gyan_ffmpeg_9.0_full\bin\ffprobe.exe"" -v error -show_entries stream=codec_name,sample_rate,channels,duration,bit_rate:format=format_name,duration,bit_rate -of json ""[REDACTED_LOCAL_PATH]\Tony Hidayat\AQ_OpenWorld_Codec_Provenance\42_bh_derivatives\encoded\83b4a1e776d0f3abe72d9880.opus""","[REDACTED_LOCAL_PATH]\AppData\Local\CapCut\Apps\7.7.0.3143\ffmpeg.exe -y -hide_banner -i ""[REDACTED_LOCAL_PATH]\Tony Hidayat\AQ_OpenWorld_Codec_Provenance\42_bh_derivatives\encoded\83b4a1e776d0f3abe72d9880.opus"" -map_metadata -1 -vn -sn -dn -ac 1 -ar 48000 -sample_fmt s16 ""[REDACTED_LOCAL_PATH]\Tony Hidayat\AQ_OpenWorld_Codec_Provenance\42_bh_derivatives\decoded_raw\83b4a1e776d0f3abe72d9880.wav"""
c6c517696091f92aed2de7d7,3e2e95e17ae66fe0c2a4e0fbdacefd43,8230,Opus,libopus,libopus,128,130.952,12418674eda415fbbae1545860cf5593722207ad6c2e58f7b92a12857f69e976,b3b8f68c24efb729d9266022915cb2804e2c3650e549395d77ef9b23769bf8cd,0,0.999341838059053,96000,32738,[REDACTED_LOCAL_PATH]\Tony Hidayat\AQ_OpenWorld_Codec_Provenance\42_bh_derivatives\encoded\c6c517696091f92aed2de7d7.opus,[REDACTED_LOCAL_PATH]\Tony Hidayat\AQ_OpenWorld_Codec_Provenance\42_bh_derivatives\decoded_raw\c6c517696091f92aed2de7d7.wav,[REDACTED_LOCAL_PATH]\Tony Hidayat\AQ_OpenWorld_Codec_Provenance\42_bh_derivatives\aligned_pcm\c6c517696091f92aed2de7d7.wav,AQ2D0BH_DERIV_V1|3e2e95e17ae66fe0c2a4e0fbdacefd43|Opus|128|libopus|57c56e369d5b4873b4d93fc1a1d833cb7cd8bc9325c14b05c34ce60b22842d8a,0,0,0,opus,PASS,"""[REDACTED_LOCAL_PATH]\Tony Hidayat\AQ_OpenWorld_Codec_Provenance\tools\gyan_ffmpeg_9.0_full\bin\ffmpeg.exe"" -y -hide_banner -i ""[REDACTED_LOCAL_PATH]\Tony Hidayat\AQ_OpenWorld_Codec_Provenance\39_bh_speech\canonical_selected\8230-279154-0042.wav"" -map_metadata -1 -vn -sn -dn -c:a libopus -b:a 128k -vbr off ""[REDACTED_LOCAL_PATH]\Tony Hidayat\AQ_OpenWorld_Codec_Provenance\42_bh_derivatives\encoded\c6c517696091f92aed2de7d7.opus""","""[REDACTED_LOCAL_PATH]\Tony Hidayat\AQ_OpenWorld_Codec_Provenance\tools\gyan_ffmpeg_9.0_full\bin\ffprobe.exe"" -v error -show_entries stream=codec_name,sample_rate,channels,duration,bit_rate:format=format_name,duration,bit_rate -of json ""[REDACTED_LOCAL_PATH]\Tony Hidayat\AQ_OpenWorld_Codec_Provenance\42_bh_derivatives\encoded\c6c517696091f92aed2de7d7.opus""","[REDACTED_LOCAL_PATH]\AppData\Local\CapCut\Apps\7.7.0.3143\ffmpeg.exe -y -hide_banner -i ""[REDACTED_LOCAL_PATH]\Tony Hidayat\AQ_OpenWorld_Codec_Provenance\42_bh_derivatives\encoded\c6c517696091f92aed2de7d7.opus"" -map_metadata -1 -vn -sn -dn -ac 1 -ar 48000 -sample_fmt s16 ""[REDACTED_LOCAL_PATH]\Tony Hidayat\AQ_OpenWorld_Codec_Provenance\42_bh_derivatives\decoded_raw\c6c517696091f92aed2de7d7.wav"""
203a27ee14a1a4471943e032,4ed0c27787fec9d787a2f6cd33444fbb,7021,AAC,aac,FFmpeg-native AAC,32,37.148,41575efd37c9e7e6e27712cc3e8fa0ac51344d7c53b3c2eb6962c9cadd75ddda,6c7755623cc2d0464d947ae90adcd5ca4da3dab10d1db1af5a7723cabdae1a9c,0,0.9541001882291812,96000,9287,[REDACTED_LOCAL_PATH]\Tony Hidayat\AQ_OpenWorld_Codec_Provenance\42_bh_derivatives\encoded\203a27ee14a1a4471943e032.m4a,[REDACTED_LOCAL_PATH]\Tony Hidayat\AQ_OpenWorld_Codec_Provenance\42_bh_derivatives\decoded_raw\203a27ee14a1a4471943e032.wav,[REDACTED_LOCAL_PATH]\Tony Hidayat\AQ_OpenWorld_Codec_Provenance\42_bh_derivatives\aligned_pcm\203a27ee14a1a4471943e032.wav,AQ2D0BH_DERIV_V1|4ed0c27787fec9d787a2f6cd33444fbb|AAC|32|FFmpeg-native AAC|57c56e369d5b4873b4d93fc1a1d833cb7cd8bc9325c14b05c34ce60b22842d8a,0,0,0,aac,PASS,"""[REDACTED_LOCAL_PATH]\Tony Hidayat\AQ_OpenWorld_Codec_Provenance\tools\gyan_ffmpeg_9.0_full\bin\ffmpeg.exe"" -y -hide_banner -i ""[REDACTED_LOCAL_PATH]\Tony Hidayat\AQ_OpenWorld_Codec_Provenance\39_bh_speech\canonical_selected\7021-85628-0022.wav"" -map_metadata -1 -vn -sn -dn -c:a aac -b:a 32k ""[REDACTED_LOCAL_PATH]\Tony Hidayat\AQ_OpenWorld_Codec_Provenance\42_bh_derivatives\encoded\203a27ee14a1a4471943e032.m4a""","""[REDACTED_LOCAL_PATH]\Tony Hidayat\AQ_OpenWorld_Codec_Provenance\tools\gyan_ffmpeg_9.0_full\bin\ffprobe.exe"" -v error -show_entries stream=codec_name,sample_rate,channels,duration,bit_rate:format=format_name,duration,bit_rate -of json ""[REDACTED_LOCAL_PATH]\Tony Hidayat\AQ_OpenWorld_Codec_Provenance\42_bh_derivatives\encoded\203a27ee14a1a4471943e032.m4a""","[REDACTED_LOCAL_PATH]\AppData\Local\CapCut\Apps\7.7.0.3143\ffmpeg.exe -y -hide_banner -i ""[REDACTED_LOCAL_PATH]\Tony Hidayat\AQ_OpenWorld_Codec_Provenance\42_bh_derivatives\encoded\203a27ee14a1a4471943e032.m4a"" -map_metadata -1 -vn -sn -dn -ac 1 -ar 48000 -sample_fmt s16 ""[REDACTED_LOCAL_PATH]\Tony Hidayat\AQ_OpenWorld_Codec_Provenance\42_bh_derivatives\decoded_raw\203a27ee14a1a4471943e032.wav"""
312a02c2821fffd526c53d42,4ed0c27787fec9d787a2f6cd33444fbb,7021,AAC,aac,FFmpeg-native AAC,80,86.2,161ed4c50b8c669078a5cd7450d511448c7fa38d83d34f5d86fc7ac9dde235ce,ebde96f6f9c8153e9d19ad4971b0dc8c72a9423ed9d8c317ed31c63fe58ad7d0,0,0.9990329302941668,96000,21550,[REDACTED_LOCAL_PATH]\Tony Hidayat\AQ_OpenWorld_Codec_Provenance\42_bh_derivatives\encoded\312a02c2821fffd526c53d42.m4a,[REDACTED_LOCAL_PATH]\Tony Hidayat\AQ_OpenWorld_Codec_Provenance\42_bh_derivatives\decoded_raw\312a02c2821fffd526c53d42.wav,[REDACTED_LOCAL_PATH]\Tony Hidayat\AQ_OpenWorld_Codec_Provenance\42_bh_derivatives\aligned_pcm\312a02c2821fffd526c53d42.wav,AQ2D0BH_DERIV_V1|4ed0c27787fec9d787a2f6cd33444fbb|AAC|80|FFmpeg-native AAC|57c56e369d5b4873b4d93fc1a1d833cb7cd8bc9325c14b05c34ce60b22842d8a,0,0,0,aac,PASS,"""[REDACTED_LOCAL_PATH]\Tony Hidayat\AQ_OpenWorld_Codec_Provenance\tools\gyan_ffmpeg_9.0_full\bin\ffmpeg.exe"" -y -hide_banner -i ""[REDACTED_LOCAL_PATH]\Tony Hidayat\AQ_OpenWorld_Codec_Provenance\39_bh_speech\canonical_selected\7021-85628-0022.wav"" -map_metadata -1 -vn -sn -dn -c:a aac -b:a 80k ""[REDACTED_LOCAL_PATH]\Tony Hidayat\AQ_OpenWorld_Codec_Provenance\42_bh_derivatives\encoded\312a02c2821fffd526c53d42.m4a""","""[REDACTED_LOCAL_PATH]\Tony Hidayat\AQ_OpenWorld_Codec_Provenance\tools\gyan_ffmpeg_9.0_full\bin\ffprobe.exe"" -v error -show_entries stream=codec_name,sample_rate,channels,duration,bit_rate:format=format_name,duration,bit_rate -of json ""[REDACTED_LOCAL_PATH]\Tony Hidayat\AQ_OpenWorld_Codec_Provenance\42_bh_derivatives\encoded\312a02c2821fffd526c53d42.m4a""","[REDACTED_LOCAL_PATH]\AppData\Local\CapCut\Apps\7.7.0.3143\ffmpeg.exe -y -hide_banner -i ""[REDACTED_LOCAL_PATH]\Tony Hidayat\AQ_OpenWorld_Codec_Provenance\42_bh_derivatives\encoded\312a02c2821fffd526c53d42.m4a"" -map_metadata -1 -vn -sn -dn -ac 1 -ar 48000 -sample_fmt s16 ""[REDACTED_LOCAL_PATH]\Tony Hidayat\AQ_OpenWorld_Codec_Provenance\42_bh_derivatives\decoded_raw\312a02c2821fffd526c53d42.wav"""
a47b397fd091cb08fecbc131,4ed0c27787fec9d787a2f6cd33444fbb,7021,AAC,aac,FFmpeg-native AAC,96,102.392,80e0126d9583f63bd1e514dfbc215bbf4822d03e1b2529017848a707b07e75d3,b4b4fb7ea540dccbbfa9927a2dbabc9891567edc20c6f1d8bc35daf1e14cf9d1,0,0.9993623203073726,96000,25598,[REDACTED_LOCAL_PATH]\Tony Hidayat\AQ_OpenWorld_Codec_Provenance\42_bh_derivatives\encoded\a47b397fd091cb08fecbc131.m4a,[REDACTED_LOCAL_PATH]\Tony Hidayat\AQ_OpenWorld_Codec_Provenance\42_bh_derivatives\decoded_raw\a47b397fd091cb08fecbc131.wav,[REDACTED_LOCAL_PATH]\Tony Hidayat\AQ_OpenWorld_Codec_Provenance\42_bh_derivatives\aligned_pcm\a47b397fd091cb08fecbc131.wav,AQ2D0BH_DERIV_V1|4ed0c27787fec9d787a2f6cd33444fbb|AAC|96|FFmpeg-native AAC|57c56e369d5b4873b4d93fc1a1d833cb7cd8bc9325c14b05c34ce60b22842d8a,0,0,0,aac,PASS,"""[REDACTED_LOCAL_PATH]\Tony Hidayat\AQ_OpenWorld_Codec_Provenance\tools\gyan_ffmpeg_9.0_full\bin\ffmpeg.exe"" -y -hide_banner -i ""[REDACTED_LOCAL_PATH]\Tony Hidayat\AQ_OpenWorld_Codec_Provenance\39_bh_speech\canonical_selected\7021-85628-0022.wav"" -map_metadata -1 -vn -sn -dn -c:a aac -b:a 96k ""[REDACTED_LOCAL_PATH]\Tony Hidayat\AQ_OpenWorld_Codec_Provenance\42_bh_derivatives\encoded\a47b397fd091cb08fecbc131.m4a""","""[REDACTED_LOCAL_PATH]\Tony Hidayat\AQ_OpenWorld_Codec_Provenance\tools\gyan_ffmpeg_9.0_full\bin\ffprobe.exe"" -v error -show_entries stream=codec_name,sample_rate,channels,duration,bit_rate:format=format_name,duration,bit_rate -of json ""[REDACTED_LOCAL_PATH]\Tony Hidayat\AQ_OpenWorld_Codec_Provenance\42_bh_derivatives\encoded\a47b397fd091cb08fecbc131.m4a""","[REDACTED_LOCAL_PATH]\AppData\Local\CapCut\Apps\7.7.0.3143\ffmpeg.exe -y -hide_banner -i ""[REDACTED_LOCAL_PATH]\Tony Hidayat\AQ_OpenWorld_Codec_Provenance\42_bh_derivatives\encoded\a47b397fd091cb08fecbc131.m4a"" -map_metadata -1 -vn -sn -dn -ac 1 -ar 48000 -sample_fmt s16 ""[REDACTED_LOCAL_PATH]\Tony Hidayat\AQ_OpenWorld_Codec_Provenance\42_bh_derivatives\decoded_raw\a47b397fd091cb08fecbc131.wav"""
03fc7b55e23cf9c249831db8,4ed0c27787fec9d787a2f6cd33444fbb,7021,AAC,aac,FFmpeg-native AAC,128,133.18,48aa875946e7ac1ef60a9db93f140050b1b573c03dd5f7f3989b3c86fefae7ca,b75843af59bd22d8edfdcfc3ae5c534f8e63c9478546259877f62908e8e5fc31,0,0.9995821103304673,96000,33295,[REDACTED_LOCAL_PATH]\Tony Hidayat\AQ_OpenWorld_Codec_Provenance\42_bh_derivatives\encoded\03fc7b55e23cf9c249831db8.m4a,[REDACTED_LOCAL_PATH]\Tony Hidayat\AQ_OpenWorld_Codec_Provenance\42_bh_derivatives\decoded_raw\03fc7b55e23cf9c249831db8.wav,[REDACTED_LOCAL_PATH]\Tony Hidayat\AQ_OpenWorld_Codec_Provenance\42_bh_derivatives\aligned_pcm\03fc7b55e23cf9c249831db8.wav,AQ2D0BH_DERIV_V1|4ed0c27787fec9d787a2f6cd33444fbb|AAC|128|FFmpeg-native AAC|57c56e369d5b4873b4d93fc1a1d833cb7cd8bc9325c14b05c34ce60b22842d8a,0,0,0,aac,PASS,"""[REDACTED_LOCAL_PATH]\Tony Hidayat\AQ_OpenWorld_Codec_Provenance\tools\gyan_ffmpeg_9.0_full\bin\ffmpeg.exe"" -y -hide_banner -i ""[REDACTED_LOCAL_PATH]\Tony Hidayat\AQ_OpenWorld_Codec_Provenance\39_bh_speech\canonical_selected\7021-85628-0022.wav"" -map_metadata -1 -vn -sn -dn -c:a aac -b:a 128k ""[REDACTED_LOCAL_PATH]\Tony Hidayat\AQ_OpenWorld_Codec_Provenance\42_bh_derivatives\encoded\03fc7b55e23cf9c249831db8.m4a""","""[REDACTED_LOCAL_PATH]\Tony Hidayat\AQ_OpenWorld_Codec_Provenance\tools\gyan_ffmpeg_9.0_full\bin\ffprobe.exe"" -v error -show_entries stream=codec_name,sample_rate,channels,duration,bit_rate:format=format_name,duration,bit_rate -of json ""[REDACTED_LOCAL_PATH]\Tony Hidayat\AQ_OpenWorld_Codec_Provenance\42_bh_derivatives\encoded\03fc7b55e23cf9c249831db8.m4a""","[REDACTED_LOCAL_PATH]\AppData\Local\CapCut\Apps\7.7.0.3143\ffmpeg.exe -y -hide_banner -i ""[REDACTED_LOCAL_PATH]\Tony Hidayat\AQ_OpenWorld_Codec_Provenance\42_bh_derivatives\encoded\03fc7b55e23cf9c249831db8.m4a"" -map_metadata -1 -vn -sn -dn -ac 1 -ar 48000 -sample_fmt s16 ""[REDACTED_LOCAL_PATH]\Tony Hidayat\AQ_OpenWorld_Codec_Provenance\42_bh_derivatives\decoded_raw\03fc7b55e23cf9c249831db8.wav"""
012fbccb78fb9e837eb0ab21,4ed0c27787fec9d787a2f6cd33444fbb,7021,MP3,libmp3lame,libmp3lame,32,33.584,41487fabeaf8902872df30b4ecc892d6ca7d5c9d951a28d074cf2043af3c54c7,6944273369ba2ad60bb38e8b1e449df3a788ae25dc318d1a2034046e34a5f3dd,0,0.9910350066195038,96000,8396,[REDACTED_LOCAL_PATH]\Tony Hidayat\AQ_OpenWorld_Codec_Provenance\42_bh_derivatives\encoded\012fbccb78fb9e837eb0ab21.mp3,[REDACTED_LOCAL_PATH]\Tony Hidayat\AQ_OpenWorld_Codec_Provenance\42_bh_derivatives\decoded_raw\012fbccb78fb9e837eb0ab21.wav,[REDACTED_LOCAL_PATH]\Tony Hidayat\AQ_OpenWorld_Codec_Provenance\42_bh_derivatives\aligned_pcm\012fbccb78fb9e837eb0ab21.wav,AQ2D0BH_DERIV_V1|4ed0c27787fec9d787a2f6cd33444fbb|MP3|32|libmp3lame|57c56e369d5b4873b4d93fc1a1d833cb7cd8bc9325c14b05c34ce60b22842d8a,0,0,0,mp3,PASS,"""[REDACTED_LOCAL_PATH]\Tony Hidayat\AQ_OpenWorld_Codec_Provenance\tools\gyan_ffmpeg_9.0_full\bin\ffmpeg.exe"" -y -hide_banner -i ""[REDACTED_LOCAL_PATH]\Tony Hidayat\AQ_OpenWorld_Codec_Provenance\39_bh_speech\canonical_selected\7021-85628-0022.wav"" -map_metadata -1 -vn -sn -dn -c:a libmp3lame -b:a 32k ""[REDACTED_LOCAL_PATH]\Tony Hidayat\AQ_OpenWorld_Codec_Provenance\42_bh_derivatives\encoded\012fbccb78fb9e837eb0ab21.mp3""","""[REDACTED_LOCAL_PATH]\Tony Hidayat\AQ_OpenWorld_Codec_Provenance\tools\gyan_ffmpeg_9.0_full\bin\ffprobe.exe"" -v error -show_entries stream=codec_name,sample_rate,channels,duration,bit_rate:format=format_name,duration,bit_rate -of json ""[REDACTED_LOCAL_PATH]\Tony Hidayat\AQ_OpenWorld_Codec_Provenance\42_bh_derivatives\encoded\012fbccb78fb9e837eb0ab21.mp3""","[REDACTED_LOCAL_PATH]\AppData\Local\CapCut\Apps\7.7.0.3143\ffmpeg.exe -y -hide_banner -i ""[REDACTED_LOCAL_PATH]\Tony Hidayat\AQ_OpenWorld_Codec_Provenance\42_bh_derivatives\encoded\012fbccb78fb9e837eb0ab21.mp3"" -map_metadata -1 -vn -sn -dn -ac 1 -ar 48000 -sample_fmt s16 ""[REDACTED_LOCAL_PATH]\Tony Hidayat\AQ_OpenWorld_Codec_Provenance\42_bh_derivatives\decoded_raw\012fbccb78fb9e837eb0ab21.wav"""
4ec50ecd9fe82f315c870107,4ed0c27787fec9d787a2f6cd33444fbb,7021,MP3,libmp3lame,libmp3lame,80,82.736,2fcb94f4ce1c2d124ef72a6247cefc480791326e83578b2e9e6b89658c198b23,f6e692d024a36df20f0276c236e0f40519011028da8d05996031d16f75ad49d8,0,0.9998178123689565,96000,20684,[REDACTED_LOCAL_PATH]\Tony Hidayat\AQ_OpenWorld_Codec_Provenance\42_bh_derivatives\encoded\4ec50ecd9fe82f315c870107.mp3,[REDACTED_LOCAL_PATH]\Tony Hidayat\AQ_OpenWorld_Codec_Provenance\42_bh_derivatives\decoded_raw\4ec50ecd9fe82f315c870107.wav,[REDACTED_LOCAL_PATH]\Tony Hidayat\AQ_OpenWorld_Codec_Provenance\42_bh_derivatives\aligned_pcm\4ec50ecd9fe82f315c870107.wav,AQ2D0BH_DERIV_V1|4ed0c27787fec9d787a2f6cd33444fbb|MP3|80|libmp3lame|57c56e369d5b4873b4d93fc1a1d833cb7cd8bc9325c14b05c34ce60b22842d8a,0,0,0,mp3,PASS,"""[REDACTED_LOCAL_PATH]\Tony Hidayat\AQ_OpenWorld_Codec_Provenance\tools\gyan_ffmpeg_9.0_full\bin\ffmpeg.exe"" -y -hide_banner -i ""[REDACTED_LOCAL_PATH]\Tony Hidayat\AQ_OpenWorld_Codec_Provenance\39_bh_speech\canonical_selected\7021-85628-0022.wav"" -map_metadata -1 -vn -sn -dn -c:a libmp3lame -b:a 80k ""[REDACTED_LOCAL_PATH]\Tony Hidayat\AQ_OpenWorld_Codec_Provenance\42_bh_derivatives\encoded\4ec50ecd9fe82f315c870107.mp3""","""[REDACTED_LOCAL_PATH]\Tony Hidayat\AQ_OpenWorld_Codec_Provenance\tools\gyan_ffmpeg_9.0_full\bin\ffprobe.exe"" -v error -show_entries stream=codec_name,sample_rate,channels,duration,bit_rate:format=format_name,duration,bit_rate -of json ""[REDACTED_LOCAL_PATH]\Tony Hidayat\AQ_OpenWorld_Codec_Provenance\42_bh_derivatives\encoded\4ec50ecd9fe82f315c870107.mp3""","[REDACTED_LOCAL_PATH]\AppData\Local\CapCut\Apps\7.7.0.3143\ffmpeg.exe -y -hide_banner -i ""[REDACTED_LOCAL_PATH]\Tony Hidayat\AQ_OpenWorld_Codec_Provenance\42_bh_derivatives\encoded\4ec50ecd9fe82f315c870107.mp3"" -map_metadata -1 -vn -sn -dn -ac 1 -ar 48000 -sample_fmt s16 ""[REDACTED_LOCAL_PATH]\Tony Hidayat\AQ_OpenWorld_Codec_Provenance\42_bh_derivatives\decoded_raw\4ec50ecd9fe82f315c870107.wav"""
e58998708039877fdfde5d2c,4ed0c27787fec9d787a2f6cd33444fbb,7021,MP3,libmp3lame,libmp3lame,96,99.248,71ccbe113ffd04b8bbdebde447f86bd16c031d88d4aa8ecf93998c9da4bb8b3f,f903dac53ee9fc74d74b74807105479d4b799c35ea0868c91d0cc0ee0aaf13da,0,0.9999434796738363,96000,24812,[REDACTED_LOCAL_PATH]\Tony Hidayat\AQ_OpenWorld_Codec_Provenance\42_bh_derivatives\encoded\e58998708039877fdfde5d2c.mp3,[REDACTED_LOCAL_PATH]\Tony Hidayat\AQ_OpenWorld_Codec_Provenance\42_bh_derivatives\decoded_raw\e58998708039877fdfde5d2c.wav,[REDACTED_LOCAL_PATH]\Tony Hidayat\AQ_OpenWorld_Codec_Provenance\42_bh_derivatives\aligned_pcm\e58998708039877fdfde5d2c.wav,AQ2D0BH_DERIV_V1|4ed0c27787fec9d787a2f6cd33444fbb|MP3|96|libmp3lame|57c56e369d5b4873b4d93fc1a1d833cb7cd8bc9325c14b05c34ce60b22842d8a,0,0,0,mp3,PASS,"""[REDACTED_LOCAL_PATH]\Tony Hidayat\AQ_OpenWorld_Codec_Provenance\tools\gyan_ffmpeg_9.0_full\bin\ffmpeg.exe"" -y -hide_banner -i ""[REDACTED_LOCAL_PATH]\Tony Hidayat\AQ_OpenWorld_Codec_Provenance\39_bh_speech\canonical_selected\7021-85628-0022.wav"" -map_metadata -1 -vn -sn -dn -c:a libmp3lame -b:a 96k ""[REDACTED_LOCAL_PATH]\Tony Hidayat\AQ_OpenWorld_Codec_Provenance\42_bh_derivatives\encoded\e58998708039877fdfde5d2c.mp3""","""[REDACTED_LOCAL_PATH]\Tony Hidayat\AQ_OpenWorld_Codec_Provenance\tools\gyan_ffmpeg_9.0_full\bin\ffprobe.exe"" -v error -show_entries stream=codec_name,sample_rate,channels,duration,bit_rate:format=format_name,duration,bit_rate -of json ""[REDACTED_LOCAL_PATH]\Tony Hidayat\AQ_OpenWorld_Codec_Provenance\42_bh_derivatives\encoded\e58998708039877fdfde5d2c.mp3""","[REDACTED_LOCAL_PATH]\AppData\Local\CapCut\Apps\7.7.0.3143\ffmpeg.exe -y -hide_banner -i ""[REDACTED_LOCAL_PATH]\Tony Hidayat\AQ_OpenWorld_Codec_Provenance\42_bh_derivatives\encoded\e58998708039877fdfde5d2c.mp3"" -map_metadata -1 -vn -sn -dn -ac 1 -ar 48000 -sample_fmt s16 ""[REDACTED_LOCAL_PATH]\Tony Hidayat\AQ_OpenWorld_Codec_Provenance\42_bh_derivatives\decoded_raw\e58998708039877fdfde5d2c.wav"""
a014ff1fbd8a1c74dde0dea9,4ed0c27787fec9d787a2f6cd33444fbb,7021,MP3,libmp3lame,libmp3lame,128,132.272,b4f0a1b0255b9cc3447718f5bc23fbd27eec2e99f131c6a954dd59507f8bd0f2,cdd321553e63301c5a5fdac1fba132d0e91fc0657cbd5c54764e9028d87fda58,0,0.9999920881350369,96000,33068,[REDACTED_LOCAL_PATH]\Tony Hidayat\AQ_OpenWorld_Codec_Provenance\42_bh_derivatives\encoded\a014ff1fbd8a1c74dde0dea9.mp3,[REDACTED_LOCAL_PATH]\Tony Hidayat\AQ_OpenWorld_Codec_Provenance\42_bh_derivatives\decoded_raw\a014ff1fbd8a1c74dde0dea9.wav,[REDACTED_LOCAL_PATH]\Tony Hidayat\AQ_OpenWorld_Codec_Provenance\42_bh_derivatives\aligned_pcm\a014ff1fbd8a1c74dde0dea9.wav,AQ2D0BH_DERIV_V1|4ed0c27787fec9d787a2f6cd33444fbb|MP3|128|libmp3lame|57c56e369d5b4873b4d93fc1a1d833cb7cd8bc9325c14b05c34ce60b22842d8a,0,0,0,mp3,PASS,"""[REDACTED_LOCAL_PATH]\Tony Hidayat\AQ_OpenWorld_Codec_Provenance\tools\gyan_ffmpeg_9.0_full\bin\ffmpeg.exe"" -y -hide_banner -i ""[REDACTED_LOCAL_PATH]\Tony Hidayat\AQ_OpenWorld_Codec_Provenance\39_bh_speech\canonical_selected\7021-85628-0022.wav"" -map_metadata -1 -vn -sn -dn -c:a libmp3lame -b:a 128k ""[REDACTED_LOCAL_PATH]\Tony Hidayat\AQ_OpenWorld_Codec_Provenance\42_bh_derivatives\encoded\a014ff1fbd8a1c74dde0dea9.mp3""","""[REDACTED_LOCAL_PATH]\Tony Hidayat\AQ_OpenWorld_Codec_Provenance\tools\gyan_ffmpeg_9.0_full\bin\ffprobe.exe"" -v error -show_entries stream=codec_name,sample_rate,channels,duration,bit_rate:format=format_name,duration,bit_rate -of json ""[REDACTED_LOCAL_PATH]\Tony Hidayat\AQ_OpenWorld_Codec_Provenance\42_bh_derivatives\encoded\a014ff1fbd8a1c74dde0dea9.mp3""","[REDACTED_LOCAL_PATH]\AppData\Local\CapCut\Apps\7.7.0.3143\ffmpeg.exe -y -hide_banner -i ""[REDACTED_LOCAL_PATH]\Tony Hidayat\AQ_OpenWorld_Codec_Provenance\42_bh_derivatives\encoded\a014ff1fbd8a1c74dde0dea9.mp3"" -map_metadata -1 -vn -sn -dn -ac 1 -ar 48000 -sample_fmt s16 ""[REDACTED_LOCAL_PATH]\Tony Hidayat\AQ_OpenWorld_Codec_Provenance\42_bh_derivatives\decoded_raw\a014ff1fbd8a1c74dde0dea9.wav"""
ece1a5ef2323e1aaed0e8c67,4ed0c27787fec9d787a2f6cd33444fbb,7021,Opus,libopus,libopus,32,33.588,4b52dca243dc4ff23a5d2cf43442b2732a7bb37f287a6639932a51c86dbfb0b2,31a9cd9433aeabd3a8ee56395ada658a04d6b5a6f0fbde6f924a301a7b04c051,0,0.9908613826082955,96000,8397,[REDACTED_LOCAL_PATH]\Tony Hidayat\AQ_OpenWorld_Codec_Provenance\42_bh_derivatives\encoded\ece1a5ef2323e1aaed0e8c67.opus,[REDACTED_LOCAL_PATH]\Tony Hidayat\AQ_OpenWorld_Codec_Provenance\42_bh_derivatives\decoded_raw\ece1a5ef2323e1aaed0e8c67.wav,[REDACTED_LOCAL_PATH]\Tony Hidayat\AQ_OpenWorld_Codec_Provenance\42_bh_derivatives\aligned_pcm\ece1a5ef2323e1aaed0e8c67.wav,AQ2D0BH_DERIV_V1|4ed0c27787fec9d787a2f6cd33444fbb|Opus|32|libopus|57c56e369d5b4873b4d93fc1a1d833cb7cd8bc9325c14b05c34ce60b22842d8a,0,0,0,opus,PASS,"""[REDACTED_LOCAL_PATH]\Tony Hidayat\AQ_OpenWorld_Codec_Provenance\tools\gyan_ffmpeg_9.0_full\bin\ffmpeg.exe"" -y -hide_banner -i ""[REDACTED_LOCAL_PATH]\Tony Hidayat\AQ_OpenWorld_Codec_Provenance\39_bh_speech\canonical_selected\7021-85628-0022.wav"" -map_metadata -1 -vn -sn -dn -c:a libopus -b:a 32k -vbr off ""[REDACTED_LOCAL_PATH]\Tony Hidayat\AQ_OpenWorld_Codec_Provenance\42_bh_derivatives\encoded\ece1a5ef2323e1aaed0e8c67.opus""","""[REDACTED_LOCAL_PATH]\Tony Hidayat\AQ_OpenWorld_Codec_Provenance\tools\gyan_ffmpeg_9.0_full\bin\ffprobe.exe"" -v error -show_entries stream=codec_name,sample_rate,channels,duration,bit_rate:format=format_name,duration,bit_rate -of json ""[REDACTED_LOCAL_PATH]\Tony Hidayat\AQ_OpenWorld_Codec_Provenance\42_bh_derivatives\encoded\ece1a5ef2323e1aaed0e8c67.opus""","[REDACTED_LOCAL_PATH]\AppData\Local\CapCut\Apps\7.7.0.3143\ffmpeg.exe -y -hide_banner -i ""[REDACTED_LOCAL_PATH]\Tony Hidayat\AQ_OpenWorld_Codec_Provenance\42_bh_derivatives\encoded\ece1a5ef2323e1aaed0e8c67.opus"" -map_metadata -1 -vn -sn -dn -ac 1 -ar 48000 -sample_fmt s16 ""[REDACTED_LOCAL_PATH]\Tony Hidayat\AQ_OpenWorld_Codec_Provenance\42_bh_derivatives\decoded_raw\ece1a5ef2323e1aaed0e8c67.wav"""
688f98e41a38d6cfd0393c62,4ed0c27787fec9d787a2f6cd33444fbb,7021,Opus,libopus,libopus,80,82.068,58f004047cdbd93d0b333bf70732d1ccf19b8417bc69f280a0f3b465e28791e4,5ff5ab09c0f1fb9722126d80eb1c6391678f71afcead2874f9473a5b207b1121,0,0.9982880671516842,96000,20517,[REDACTED_LOCAL_PATH]\Tony Hidayat\AQ_OpenWorld_Codec_Provenance\42_bh_derivatives\encoded\688f98e41a38d6cfd0393c62.opus,[REDACTED_LOCAL_PATH]\Tony Hidayat\AQ_OpenWorld_Codec_Provenance\42_bh_derivatives\decoded_raw\688f98e41a38d6cfd0393c62.wav,[REDACTED_LOCAL_PATH]\Tony Hidayat\AQ_OpenWorld_Codec_Provenance\42_bh_derivatives\aligned_pcm\688f98e41a38d6cfd0393c62.wav,AQ2D0BH_DERIV_V1|4ed0c27787fec9d787a2f6cd33444fbb|Opus|80|libopus|57c56e369d5b4873b4d93fc1a1d833cb7cd8bc9325c14b05c34ce60b22842d8a,0,0,0,opus,PASS,"""[REDACTED_LOCAL_PATH]\Tony Hidayat\AQ_OpenWorld_Codec_Provenance\tools\gyan_ffmpeg_9.0_full\bin\ffmpeg.exe"" -y -hide_banner -i ""[REDACTED_LOCAL_PATH]\Tony Hidayat\AQ_OpenWorld_Codec_Provenance\39_bh_speech\canonical_selected\7021-85628-0022.wav"" -map_metadata -1 -vn -sn -dn -c:a libopus -b:a 80k -vbr off ""[REDACTED_LOCAL_PATH]\Tony Hidayat\AQ_OpenWorld_Codec_Provenance\42_bh_derivatives\encoded\688f98e41a38d6cfd0393c62.opus""","""[REDACTED_LOCAL_PATH]\Tony Hidayat\AQ_OpenWorld_Codec_Provenance\tools\gyan_ffmpeg_9.0_full\bin\ffprobe.exe"" -v error -show_entries stream=codec_name,sample_rate,channels,duration,bit_rate:format=format_name,duration,bit_rate -of json ""[REDACTED_LOCAL_PATH]\Tony Hidayat\AQ_OpenWorld_Codec_Provenance\42_bh_derivatives\encoded\688f98e41a38d6cfd0393c62.opus""","[REDACTED_LOCAL_PATH]\AppData\Local\CapCut\Apps\7.7.0.3143\ffmpeg.exe -y -hide_banner -i ""[REDACTED_LOCAL_PATH]\Tony Hidayat\AQ_OpenWorld_Codec_Provenance\42_bh_derivatives\encoded\688f98e41a38d6cfd0393c62.opus"" -map_metadata -1 -vn -sn -dn -ac 1 -ar 48000 -sample_fmt s16 ""[REDACTED_LOCAL_PATH]\Tony Hidayat\AQ_OpenWorld_Codec_Provenance\42_bh_derivatives\decoded_raw\688f98e41a38d6cfd0393c62.wav"""
7b256303a517764e19c24b02,4ed0c27787fec9d787a2f6cd33444fbb,7021,Opus,libopus,libopus,96,98.228,a5a76b5d76b86e95300499d6d3d11947b5352538b184d7ea5cecb4a6805af990,d628e643e71ac2f61ea270795a7d80b3ded21aa7d1e9f06707b1b126445e75c3,0,0.9986452257101559,96000,24557,[REDACTED_LOCAL_PATH]\Tony Hidayat\AQ_OpenWorld_Codec_Provenance\42_bh_derivatives\encoded\7b256303a517764e19c24b02.opus,[REDACTED_LOCAL_PATH]\Tony Hidayat\AQ_OpenWorld_Codec_Provenance\42_bh_derivatives\decoded_raw\7b256303a517764e19c24b02.wav,[REDACTED_LOCAL_PATH]\Tony Hidayat\AQ_OpenWorld_Codec_Provenance\42_bh_derivatives\aligned_pcm\7b256303a517764e19c24b02.wav,AQ2D0BH_DERIV_V1|4ed0c27787fec9d787a2f6cd33444fbb|Opus|96|libopus|57c56e369d5b4873b4d93fc1a1d833cb7cd8bc9325c14b05c34ce60b22842d8a,0,0,0,opus,PASS,"""[REDACTED_LOCAL_PATH]\Tony Hidayat\AQ_OpenWorld_Codec_Provenance\tools\gyan_ffmpeg_9.0_full\bin\ffmpeg.exe"" -y -hide_banner -i ""[REDACTED_LOCAL_PATH]\Tony Hidayat\AQ_OpenWorld_Codec_Provenance\39_bh_speech\canonical_selected\7021-85628-0022.wav"" -map_metadata -1 -vn -sn -dn -c:a libopus -b:a 96k -vbr off ""[REDACTED_LOCAL_PATH]\Tony Hidayat\AQ_OpenWorld_Codec_Provenance\42_bh_derivatives\encoded\7b256303a517764e19c24b02.opus""","""[REDACTED_LOCAL_PATH]\Tony Hidayat\AQ_OpenWorld_Codec_Provenance\tools\gyan_ffmpeg_9.0_full\bin\ffprobe.exe"" -v error -show_entries stream=codec_name,sample_rate,channels,duration,bit_rate:format=format_name,duration,bit_rate -of json ""[REDACTED_LOCAL_PATH]\Tony Hidayat\AQ_OpenWorld_Codec_Provenance\42_bh_derivatives\encoded\7b256303a517764e19c24b02.opus""","[REDACTED_LOCAL_PATH]\AppData\Local\CapCut\Apps\7.7.0.3143\ffmpeg.exe -y -hide_banner -i ""[REDACTED_LOCAL_PATH]\Tony Hidayat\AQ_OpenWorld_Codec_Provenance\42_bh_derivatives\encoded\7b256303a517764e19c24b02.opus"" -map_metadata -1 -vn -sn -dn -ac 1 -ar 48000 -sample_fmt s16 ""[REDACTED_LOCAL_PATH]\Tony Hidayat\AQ_OpenWorld_Codec_Provenance\42_bh_derivatives\decoded_raw\7b256303a517764e19c24b02.wav"""
bc1757cdfd678fc4be1bcde9,4ed0c27787fec9d787a2f6cd33444fbb,7021,Opus,libopus,libopus,128,130.952,0971ed30b65105e132619f8349a2ac95137b1be52d20e2ce57230c8fbbab2a3c,a3e1fe6f721f4f5fb54163ba8980d08fae64fce895c35ac09c7a4df1d57b1805,0,0.9992111980890352,96000,32738,[REDACTED_LOCAL_PATH]\Tony Hidayat\AQ_OpenWorld_Codec_Provenance\42_bh_derivatives\encoded\bc1757cdfd678fc4be1bcde9.opus,[REDACTED_LOCAL_PATH]\Tony Hidayat\AQ_OpenWorld_Codec_Provenance\42_bh_derivatives\decoded_raw\bc1757cdfd678fc4be1bcde9.wav,[REDACTED_LOCAL_PATH]\Tony Hidayat\AQ_OpenWorld_Codec_Provenance\42_bh_derivatives\aligned_pcm\bc1757cdfd678fc4be1bcde9.wav,AQ2D0BH_DERIV_V1|4ed0c27787fec9d787a2f6cd33444fbb|Opus|128|libopus|57c56e369d5b4873b4d93fc1a1d833cb7cd8bc9325c14b05c34ce60b22842d8a,0,0,0,opus,PASS,"""[REDACTED_LOCAL_PATH]\Tony Hidayat\AQ_OpenWorld_Codec_Provenance\tools\gyan_ffmpeg_9.0_full\bin\ffmpeg.exe"" -y -hide_banner -i ""[REDACTED_LOCAL_PATH]\Tony Hidayat\AQ_OpenWorld_Codec_Provenance\39_bh_speech\canonical_selected\7021-85628-0022.wav"" -map_metadata -1 -vn -sn -dn -c:a libopus -b:a 128k -vbr off ""[REDACTED_LOCAL_PATH]\Tony Hidayat\AQ_OpenWorld_Codec_Provenance\42_bh_derivatives\encoded\bc1757cdfd678fc4be1bcde9.opus""","""[REDACTED_LOCAL_PATH]\Tony Hidayat\AQ_OpenWorld_Codec_Provenance\tools\gyan_ffmpeg_9.0_full\bin\ffprobe.exe"" -v error -show_entries stream=codec_name,sample_rate,channels,duration,bit_rate:format=format_name,duration,bit_rate -of json ""[REDACTED_LOCAL_PATH]\Tony Hidayat\AQ_OpenWorld_Codec_Provenance\42_bh_derivatives\encoded\bc1757cdfd678fc4be1bcde9.opus""","[REDACTED_LOCAL_PATH]\AppData\Local\CapCut\Apps\7.7.0.3143\ffmpeg.exe -y -hide_banner -i ""[REDACTED_LOCAL_PATH]\Tony Hidayat\AQ_OpenWorld_Codec_Provenance\42_bh_derivatives\encoded\bc1757cdfd678fc4be1bcde9.opus"" -map_metadata -1 -vn -sn -dn -ac 1 -ar 48000 -sample_fmt s16 ""[REDACTED_LOCAL_PATH]\Tony Hidayat\AQ_OpenWorld_Codec_Provenance\42_bh_derivatives\decoded_raw\bc1757cdfd678fc4be1bcde9.wav"""
a4ac7e87c275910d07df0a0f,4fc6068dce6a538727c9e375bba724a4,4446,AAC,aac,FFmpeg-native AAC,32,37.536,e552f2b00cd8af2f14133201b920250a6e938f73e74faf6bdb6b0548072f1c3b,e126d631d42405f6290dd0e2f92e8f9031adffbdad1d89cd7d771bebe60ab2e9,0,0.8637694990188118,96000,9384,[REDACTED_LOCAL_PATH]\Tony Hidayat\AQ_OpenWorld_Codec_Provenance\42_bh_derivatives\encoded\a4ac7e87c275910d07df0a0f.m4a,[REDACTED_LOCAL_PATH]\Tony Hidayat\AQ_OpenWorld_Codec_Provenance\42_bh_derivatives\decoded_raw\a4ac7e87c275910d07df0a0f.wav,[REDACTED_LOCAL_PATH]\Tony Hidayat\AQ_OpenWorld_Codec_Provenance\42_bh_derivatives\aligned_pcm\a4ac7e87c275910d07df0a0f.wav,AQ2D0BH_DERIV_V1|4fc6068dce6a538727c9e375bba724a4|AAC|32|FFmpeg-native AAC|57c56e369d5b4873b4d93fc1a1d833cb7cd8bc9325c14b05c34ce60b22842d8a,0,0,0,aac,PASS,"""[REDACTED_LOCAL_PATH]\Tony Hidayat\AQ_OpenWorld_Codec_Provenance\tools\gyan_ffmpeg_9.0_full\bin\ffmpeg.exe"" -y -hide_banner -i ""[REDACTED_LOCAL_PATH]\Tony Hidayat\AQ_OpenWorld_Codec_Provenance\39_bh_speech\canonical_selected\4446-2273-0028.wav"" -map_metadata -1 -vn -sn -dn -c:a aac -b:a 32k ""[REDACTED_LOCAL_PATH]\Tony Hidayat\AQ_OpenWorld_Codec_Provenance\42_bh_derivatives\encoded\a4ac7e87c275910d07df0a0f.m4a""","""[REDACTED_LOCAL_PATH]\Tony Hidayat\AQ_OpenWorld_Codec_Provenance\tools\gyan_ffmpeg_9.0_full\bin\ffprobe.exe"" -v error -show_entries stream=codec_name,sample_rate,channels,duration,bit_rate:format=format_name,duration,bit_rate -of json ""[REDACTED_LOCAL_PATH]\Tony Hidayat\AQ_OpenWorld_Codec_Provenance\42_bh_derivatives\encoded\a4ac7e87c275910d07df0a0f.m4a""","[REDACTED_LOCAL_PATH]\AppData\Local\CapCut\Apps\7.7.0.3143\ffmpeg.exe -y -hide_banner -i ""[REDACTED_LOCAL_PATH]\Tony Hidayat\AQ_OpenWorld_Codec_Provenance\42_bh_derivatives\encoded\a4ac7e87c275910d07df0a0f.m4a"" -map_metadata -1 -vn -sn -dn -ac 1 -ar 48000 -sample_fmt s16 ""[REDACTED_LOCAL_PATH]\Tony Hidayat\AQ_OpenWorld_Codec_Provenance\42_bh_derivatives\decoded_raw\a4ac7e87c275910d07df0a0f.wav"""
8f967ef4ba99a61e54f9f258,4fc6068dce6a538727c9e375bba724a4,4446,AAC,aac,FFmpeg-native AAC,80,87.988,b975c42fddba4b7c351796891ffe68875f8ed2decec09ba5cace53f6480b438e,11d1f35b31362218418cdddaff7fa4609122759d6d1c7355cd9f3fda7e3ee2c4,0,0.9971137146141678,96000,21997,[REDACTED_LOCAL_PATH]\Tony Hidayat\AQ_OpenWorld_Codec_Provenance\42_bh_derivatives\encoded\8f967ef4ba99a61e54f9f258.m4a,[REDACTED_LOCAL_PATH]\Tony Hidayat\AQ_OpenWorld_Codec_Provenance\42_bh_derivatives\decoded_raw\8f967ef4ba99a61e54f9f258.wav,[REDACTED_LOCAL_PATH]\Tony Hidayat\AQ_OpenWorld_Codec_Provenance\42_bh_derivatives\aligned_pcm\8f967ef4ba99a61e54f9f258.wav,AQ2D0BH_DERIV_V1|4fc6068dce6a538727c9e375bba724a4|AAC|80|FFmpeg-native AAC|57c56e369d5b4873b4d93fc1a1d833cb7cd8bc9325c14b05c34ce60b22842d8a,0,0,0,aac,PASS,"""[REDACTED_LOCAL_PATH]\Tony Hidayat\AQ_OpenWorld_Codec_Provenance\tools\gyan_ffmpeg_9.0_full\bin\ffmpeg.exe"" -y -hide_banner -i ""[REDACTED_LOCAL_PATH]\Tony Hidayat\AQ_OpenWorld_Codec_Provenance\39_bh_speech\canonical_selected\4446-2273-0028.wav"" -map_metadata -1 -vn -sn -dn -c:a aac -b:a 80k ""[REDACTED_LOCAL_PATH]\Tony Hidayat\AQ_OpenWorld_Codec_Provenance\42_bh_derivatives\encoded\8f967ef4ba99a61e54f9f258.m4a""","""[REDACTED_LOCAL_PATH]\Tony Hidayat\AQ_OpenWorld_Codec_Provenance\tools\gyan_ffmpeg_9.0_full\bin\ffprobe.exe"" -v error -show_entries stream=codec_name,sample_rate,channels,duration,bit_rate:format=format_name,duration,bit_rate -of json ""[REDACTED_LOCAL_PATH]\Tony Hidayat\AQ_OpenWorld_Codec_Provenance\42_bh_derivatives\encoded\8f967ef4ba99a61e54f9f258.m4a""","[REDACTED_LOCAL_PATH]\AppData\Local\CapCut\Apps\7.7.0.3143\ffmpeg.exe -y -hide_banner -i ""[REDACTED_LOCAL_PATH]\Tony Hidayat\AQ_OpenWorld_Codec_Provenance\42_bh_derivatives\encoded\8f967ef4ba99a61e54f9f258.m4a"" -map_metadata -1 -vn -sn -dn -ac 1 -ar 48000 -sample_fmt s16 ""[REDACTED_LOCAL_PATH]\Tony Hidayat\AQ_OpenWorld_Codec_Provenance\42_bh_derivatives\decoded_raw\8f967ef4ba99a61e54f9f258.wav"""
d2a8478e0fe45d6671073c92,4fc6068dce6a538727c9e375bba724a4,4446,AAC,aac,FFmpeg-native AAC,96,104.244,6dafeab32df749b036eef97cffbe36b0b429235ec29f275e5bbd0cd0299434a5,66a5fc51efe47358a85627c98692f2209ce9621d1ba70ed81120f946e09f8b73,0,0.9971499601372452,96000,26061,[REDACTED_LOCAL_PATH]\Tony Hidayat\AQ_OpenWorld_Codec_Provenance\42_bh_derivatives\encoded\d2a8478e0fe45d6671073c92.m4a,[REDACTED_LOCAL_PATH]\Tony Hidayat\AQ_OpenWorld_Codec_Provenance\42_bh_derivatives\decoded_raw\d2a8478e0fe45d6671073c92.wav,[REDACTED_LOCAL_PATH]\Tony Hidayat\AQ_OpenWorld_Codec_Provenance\42_bh_derivatives\aligned_pcm\d2a8478e0fe45d6671073c92.wav,AQ2D0BH_DERIV_V1|4fc6068dce6a538727c9e375bba724a4|AAC|96|FFmpeg-native AAC|57c56e369d5b4873b4d93fc1a1d833cb7cd8bc9325c14b05c34ce60b22842d8a,0,0,0,aac,PASS,"""[REDACTED_LOCAL_PATH]\Tony Hidayat\AQ_OpenWorld_Codec_Provenance\tools\gyan_ffmpeg_9.0_full\bin\ffmpeg.exe"" -y -hide_banner -i ""[REDACTED_LOCAL_PATH]\Tony Hidayat\AQ_OpenWorld_Codec_Provenance\39_bh_speech\canonical_selected\4446-2273-0028.wav"" -map_metadata -1 -vn -sn -dn -c:a aac -b:a 96k ""[REDACTED_LOCAL_PATH]\Tony Hidayat\AQ_OpenWorld_Codec_Provenance\42_bh_derivatives\encoded\d2a8478e0fe45d6671073c92.m4a""","""[REDACTED_LOCAL_PATH]\Tony Hidayat\AQ_OpenWorld_Codec_Provenance\tools\gyan_ffmpeg_9.0_full\bin\ffprobe.exe"" -v error -show_entries stream=codec_name,sample_rate,channels,duration,bit_rate:format=format_name,duration,bit_rate -of json ""[REDACTED_LOCAL_PATH]\Tony Hidayat\AQ_OpenWorld_Codec_Provenance\42_bh_derivatives\encoded\d2a8478e0fe45d6671073c92.m4a""","[REDACTED_LOCAL_PATH]\AppData\Local\CapCut\Apps\7.7.0.3143\ffmpeg.exe -y -hide_banner -i ""[REDACTED_LOCAL_PATH]\Tony Hidayat\AQ_OpenWorld_Codec_Provenance\42_bh_derivatives\encoded\d2a8478e0fe45d6671073c92.m4a"" -map_metadata -1 -vn -sn -dn -ac 1 -ar 48000 -sample_fmt s16 ""[REDACTED_LOCAL_PATH]\Tony Hidayat\AQ_OpenWorld_Codec_Provenance\42_bh_derivatives\decoded_raw\d2a8478e0fe45d6671073c92.wav"""
1e314a6f75dfbb23020be312,4fc6068dce6a538727c9e375bba724a4,4446,AAC,aac,FFmpeg-native AAC,128,139.86,b8eef6e1fcd0c1b20719544ba07434ed1588736043ac1e29984d024cf611fcd4,a0c052023359a7b5914e34145975cd47da4098130ad06ae60f63e5e589595a3f,0,0.9984103158232401,96000,34965,[REDACTED_LOCAL_PATH]\Tony Hidayat\AQ_OpenWorld_Codec_Provenance\42_bh_derivatives\encoded\1e314a6f75dfbb23020be312.m4a,[REDACTED_LOCAL_PATH]\Tony Hidayat\AQ_OpenWorld_Codec_Provenance\42_bh_derivatives\decoded_raw\1e314a6f75dfbb23020be312.wav,[REDACTED_LOCAL_PATH]\Tony Hidayat\AQ_OpenWorld_Codec_Provenance\42_bh_derivatives\aligned_pcm\1e314a6f75dfbb23020be312.wav,AQ2D0BH_DERIV_V1|4fc6068dce6a538727c9e375bba724a4|AAC|128|FFmpeg-native AAC|57c56e369d5b4873b4d93fc1a1d833cb7cd8bc9325c14b05c34ce60b22842d8a,0,0,0,aac,PASS,"""[REDACTED_LOCAL_PATH]\Tony Hidayat\AQ_OpenWorld_Codec_Provenance\tools\gyan_ffmpeg_9.0_full\bin\ffmpeg.exe"" -y -hide_banner -i ""[REDACTED_LOCAL_PATH]\Tony Hidayat\AQ_OpenWorld_Codec_Provenance\39_bh_speech\canonical_selected\4446-2273-0028.wav"" -map_metadata -1 -vn -sn -dn -c:a aac -b:a 128k ""[REDACTED_LOCAL_PATH]\Tony Hidayat\AQ_OpenWorld_Codec_Provenance\42_bh_derivatives\encoded\1e314a6f75dfbb23020be312.m4a""","""[REDACTED_LOCAL_PATH]\Tony Hidayat\AQ_OpenWorld_Codec_Provenance\tools\gyan_ffmpeg_9.0_full\bin\ffprobe.exe"" -v error -show_entries stream=codec_name,sample_rate,channels,duration,bit_rate:format=format_name,duration,bit_rate -of json ""[REDACTED_LOCAL_PATH]\Tony Hidayat\AQ_OpenWorld_Codec_Provenance\42_bh_derivatives\encoded\1e314a6f75dfbb23020be312.m4a""","[REDACTED_LOCAL_PATH]\AppData\Local\CapCut\Apps\7.7.0.3143\ffmpeg.exe -y -hide_banner -i ""[REDACTED_LOCAL_PATH]\Tony Hidayat\AQ_OpenWorld_Codec_Provenance\42_bh_derivatives\encoded\1e314a6f75dfbb23020be312.m4a"" -map_metadata -1 -vn -sn -dn -ac 1 -ar 48000 -sample_fmt s16 ""[REDACTED_LOCAL_PATH]\Tony Hidayat\AQ_OpenWorld_Codec_Provenance\42_bh_derivatives\decoded_raw\1e314a6f75dfbb23020be312.wav"""
361da521b09741305a897da2,4fc6068dce6a538727c9e375bba724a4,4446,MP3,libmp3lame,libmp3lame,32,33.584,60b361d29706d6d5fcec85c9185aa0c2c65bbea6aa2d5e0c9be8cb6ae2628dfc,458c1004057f9460b16fcdf89a80a50f7e8ffece6eaa45972d175c2229a0186a,0,0.9291395824023964,96000,8396,[REDACTED_LOCAL_PATH]\Tony Hidayat\AQ_OpenWorld_Codec_Provenance\42_bh_derivatives\encoded\361da521b09741305a897da2.mp3,[REDACTED_LOCAL_PATH]\Tony Hidayat\AQ_OpenWorld_Codec_Provenance\42_bh_derivatives\decoded_raw\361da521b09741305a897da2.wav,[REDACTED_LOCAL_PATH]\Tony Hidayat\AQ_OpenWorld_Codec_Provenance\42_bh_derivatives\aligned_pcm\361da521b09741305a897da2.wav,AQ2D0BH_DERIV_V1|4fc6068dce6a538727c9e375bba724a4|MP3|32|libmp3lame|57c56e369d5b4873b4d93fc1a1d833cb7cd8bc9325c14b05c34ce60b22842d8a,0,0,0,mp3,PASS,"""[REDACTED_LOCAL_PATH]\Tony Hidayat\AQ_OpenWorld_Codec_Provenance\tools\gyan_ffmpeg_9.0_full\bin\ffmpeg.exe"" -y -hide_banner -i ""[REDACTED_LOCAL_PATH]\Tony Hidayat\AQ_OpenWorld_Codec_Provenance\39_bh_speech\canonical_selected\4446-2273-0028.wav"" -map_metadata -1 -vn -sn -dn -c:a libmp3lame -b:a 32k ""[REDACTED_LOCAL_PATH]\Tony Hidayat\AQ_OpenWorld_Codec_Provenance\42_bh_derivatives\encoded\361da521b09741305a897da2.mp3""","""[REDACTED_LOCAL_PATH]\Tony Hidayat\AQ_OpenWorld_Codec_Provenance\tools\gyan_ffmpeg_9.0_full\bin\ffprobe.exe"" -v error -show_entries stream=codec_name,sample_rate,channels,duration,bit_rate:format=format_name,duration,bit_rate -of json ""[REDACTED_LOCAL_PATH]\Tony Hidayat\AQ_OpenWorld_Codec_Provenance\42_bh_derivatives\encoded\361da521b09741305a897da2.mp3""","[REDACTED_LOCAL_PATH]\AppData\Local\CapCut\Apps\7.7.0.3143\ffmpeg.exe -y -hide_banner -i ""[REDACTED_LOCAL_PATH]\Tony Hidayat\AQ_OpenWorld_Codec_Provenance\42_bh_derivatives\encoded\361da521b09741305a897da2.mp3"" -map_metadata -1 -vn -sn -dn -ac 1 -ar 48000 -sample_fmt s16 ""[REDACTED_LOCAL_PATH]\Tony Hidayat\AQ_OpenWorld_Codec_Provenance\42_bh_derivatives\decoded_raw\361da521b09741305a897da2.wav"""
f6929918b196f7a66f3392f0,4fc6068dce6a538727c9e375bba724a4,4446,MP3,libmp3lame,libmp3lame,80,82.736,e366a46fe435a4774c672f8bd80dda964bbc3383a368d1a7229ffaf8be4ea868,658c17639977778c8093bc7977c89f744265a427aa08513da2dc600c5c47d41f,0,0.9984084914895126,96000,20684,[REDACTED_LOCAL_PATH]\Tony Hidayat\AQ_OpenWorld_Codec_Provenance\42_bh_derivatives\encoded\f6929918b196f7a66f3392f0.mp3,[REDACTED_LOCAL_PATH]\Tony Hidayat\AQ_OpenWorld_Codec_Provenance\42_bh_derivatives\decoded_raw\f6929918b196f7a66f3392f0.wav,[REDACTED_LOCAL_PATH]\Tony Hidayat\AQ_OpenWorld_Codec_Provenance\42_bh_derivatives\aligned_pcm\f6929918b196f7a66f3392f0.wav,AQ2D0BH_DERIV_V1|4fc6068dce6a538727c9e375bba724a4|MP3|80|libmp3lame|57c56e369d5b4873b4d93fc1a1d833cb7cd8bc9325c14b05c34ce60b22842d8a,0,0,0,mp3,PASS,"""[REDACTED_LOCAL_PATH]\Tony Hidayat\AQ_OpenWorld_Codec_Provenance\tools\gyan_ffmpeg_9.0_full\bin\ffmpeg.exe"" -y -hide_banner -i ""[REDACTED_LOCAL_PATH]\Tony Hidayat\AQ_OpenWorld_Codec_Provenance\39_bh_speech\canonical_selected\4446-2273-0028.wav"" -map_metadata -1 -vn -sn -dn -c:a libmp3lame -b:a 80k ""[REDACTED_LOCAL_PATH]\Tony Hidayat\AQ_OpenWorld_Codec_Provenance\42_bh_derivatives\encoded\f6929918b196f7a66f3392f0.mp3""","""[REDACTED_LOCAL_PATH]\Tony Hidayat\AQ_OpenWorld_Codec_Provenance\tools\gyan_ffmpeg_9.0_full\bin\ffprobe.exe"" -v error -show_entries stream=codec_name,sample_rate,channels,duration,bit_rate:format=format_name,duration,bit_rate -of json ""[REDACTED_LOCAL_PATH]\Tony Hidayat\AQ_OpenWorld_Codec_Provenance\42_bh_derivatives\encoded\f6929918b196f7a66f3392f0.mp3""","[REDACTED_LOCAL_PATH]\AppData\Local\CapCut\Apps\7.7.0.3143\ffmpeg.exe -y -hide_banner -i ""[REDACTED_LOCAL_PATH]\Tony Hidayat\AQ_OpenWorld_Codec_Provenance\42_bh_derivatives\encoded\f6929918b196f7a66f3392f0.mp3"" -map_metadata -1 -vn -sn -dn -ac 1 -ar 48000 -sample_fmt s16 ""[REDACTED_LOCAL_PATH]\Tony Hidayat\AQ_OpenWorld_Codec_Provenance\42_bh_derivatives\decoded_raw\f6929918b196f7a66f3392f0.wav"""
c71342eb73f50e5000983bc9,4fc6068dce6a538727c9e375bba724a4,4446,MP3,libmp3lame,libmp3lame,96,99.248,03102adca15d9da802ccb2b3cc6416f83153b1bb45d6a9d135b898fce2b262b7,098fbd6f3b0c7f8d32475c41100b28e3edc80c4da718c5e67542ecc229acac8f,0,0.9995360481146655,96000,24812,[REDACTED_LOCAL_PATH]\Tony Hidayat\AQ_OpenWorld_Codec_Provenance\42_bh_derivatives\encoded\c71342eb73f50e5000983bc9.mp3,[REDACTED_LOCAL_PATH]\Tony Hidayat\AQ_OpenWorld_Codec_Provenance\42_bh_derivatives\decoded_raw\c71342eb73f50e5000983bc9.wav,[REDACTED_LOCAL_PATH]\Tony Hidayat\AQ_OpenWorld_Codec_Provenance\42_bh_derivatives\aligned_pcm\c71342eb73f50e5000983bc9.wav,AQ2D0BH_DERIV_V1|4fc6068dce6a538727c9e375bba724a4|MP3|96|libmp3lame|57c56e369d5b4873b4d93fc1a1d833cb7cd8bc9325c14b05c34ce60b22842d8a,0,0,0,mp3,PASS,"""[REDACTED_LOCAL_PATH]\Tony Hidayat\AQ_OpenWorld_Codec_Provenance\tools\gyan_ffmpeg_9.0_full\bin\ffmpeg.exe"" -y -hide_banner -i ""[REDACTED_LOCAL_PATH]\Tony Hidayat\AQ_OpenWorld_Codec_Provenance\39_bh_speech\canonical_selected\4446-2273-0028.wav"" -map_metadata -1 -vn -sn -dn -c:a libmp3lame -b:a 96k ""[REDACTED_LOCAL_PATH]\Tony Hidayat\AQ_OpenWorld_Codec_Provenance\42_bh_derivatives\encoded\c71342eb73f50e5000983bc9.mp3""","""[REDACTED_LOCAL_PATH]\Tony Hidayat\AQ_OpenWorld_Codec_Provenance\tools\gyan_ffmpeg_9.0_full\bin\ffprobe.exe"" -v error -show_entries stream=codec_name,sample_rate,channels,duration,bit_rate:format=format_name,duration,bit_rate -of json ""[REDACTED_LOCAL_PATH]\Tony Hidayat\AQ_OpenWorld_Codec_Provenance\42_bh_derivatives\encoded\c71342eb73f50e5000983bc9.mp3""","[REDACTED_LOCAL_PATH]\AppData\Local\CapCut\Apps\7.7.0.3143\ffmpeg.exe -y -hide_banner -i ""[REDACTED_LOCAL_PATH]\Tony Hidayat\AQ_OpenWorld_Codec_Provenance\42_bh_derivatives\encoded\c71342eb73f50e5000983bc9.mp3"" -map_metadata -1 -vn -sn -dn -ac 1 -ar 48000 -sample_fmt s16 ""[REDACTED_LOCAL_PATH]\Tony Hidayat\AQ_OpenWorld_Codec_Provenance\42_bh_derivatives\decoded_raw\c71342eb73f50e5000983bc9.wav"""
354edb813df2fd2fdf3c01c7,4fc6068dce6a538727c9e375bba724a4,4446,MP3,libmp3lame,libmp3lame,128,132.272,cf1b42a5e90369f82bd560e5079e1a37e7baaddc78be128c9525813800fd17e4,fb7249d7ad100bfb1667400be2104d81c39c2f959728feacaa2a73e36ce43bfc,0,0.9999571355703275,96000,33068,[REDACTED_LOCAL_PATH]\Tony Hidayat\AQ_OpenWorld_Codec_Provenance\42_bh_derivatives\encoded\354edb813df2fd2fdf3c01c7.mp3,[REDACTED_LOCAL_PATH]\Tony Hidayat\AQ_OpenWorld_Codec_Provenance\42_bh_derivatives\decoded_raw\354edb813df2fd2fdf3c01c7.wav,[REDACTED_LOCAL_PATH]\Tony Hidayat\AQ_OpenWorld_Codec_Provenance\42_bh_derivatives\aligned_pcm\354edb813df2fd2fdf3c01c7.wav,AQ2D0BH_DERIV_V1|4fc6068dce6a538727c9e375bba724a4|MP3|128|libmp3lame|57c56e369d5b4873b4d93fc1a1d833cb7cd8bc9325c14b05c34ce60b22842d8a,0,0,0,mp3,PASS,"""[REDACTED_LOCAL_PATH]\Tony Hidayat\AQ_OpenWorld_Codec_Provenance\tools\gyan_ffmpeg_9.0_full\bin\ffmpeg.exe"" -y -hide_banner -i ""[REDACTED_LOCAL_PATH]\Tony Hidayat\AQ_OpenWorld_Codec_Provenance\39_bh_speech\canonical_selected\4446-2273-0028.wav"" -map_metadata -1 -vn -sn -dn -c:a libmp3lame -b:a 128k ""[REDACTED_LOCAL_PATH]\Tony Hidayat\AQ_OpenWorld_Codec_Provenance\42_bh_derivatives\encoded\354edb813df2fd2fdf3c01c7.mp3""","""[REDACTED_LOCAL_PATH]\Tony Hidayat\AQ_OpenWorld_Codec_Provenance\tools\gyan_ffmpeg_9.0_full\bin\ffprobe.exe"" -v error -show_entries stream=codec_name,sample_rate,channels,duration,bit_rate:format=format_name,duration,bit_rate -of json ""[REDACTED_LOCAL_PATH]\Tony Hidayat\AQ_OpenWorld_Codec_Provenance\42_bh_derivatives\encoded\354edb813df2fd2fdf3c01c7.mp3""","[REDACTED_LOCAL_PATH]\AppData\Local\CapCut\Apps\7.7.0.3143\ffmpeg.exe -y -hide_banner -i ""[REDACTED_LOCAL_PATH]\Tony Hidayat\AQ_OpenWorld_Codec_Provenance\42_bh_derivatives\encoded\354edb813df2fd2fdf3c01c7.mp3"" -map_metadata -1 -vn -sn -dn -ac 1 -ar 48000 -sample_fmt s16 ""[REDACTED_LOCAL_PATH]\Tony Hidayat\AQ_OpenWorld_Codec_Provenance\42_bh_derivatives\decoded_raw\354edb813df2fd2fdf3c01c7.wav"""
cc888be171b0b270b4611363,4fc6068dce6a538727c9e375bba724a4,4446,Opus,libopus,libopus,32,33.588,828d486d48acac5532a0a3bd36f829ab28189ad96d9d7bb991f7bc09f884f014,aeeb0e8d3af7c8cb6fa6eef94eafeda5fc7e3db7ae9e2cd88952f4eca512f5fa,0,0.9505445864475637,96000,8397,[REDACTED_LOCAL_PATH]\Tony Hidayat\AQ_OpenWorld_Codec_Provenance\42_bh_derivatives\encoded\cc888be171b0b270b4611363.opus,[REDACTED_LOCAL_PATH]\Tony Hidayat\AQ_OpenWorld_Codec_Provenance\42_bh_derivatives\decoded_raw\cc888be171b0b270b4611363.wav,[REDACTED_LOCAL_PATH]\Tony Hidayat\AQ_OpenWorld_Codec_Provenance\42_bh_derivatives\aligned_pcm\cc888be171b0b270b4611363.wav,AQ2D0BH_DERIV_V1|4fc6068dce6a538727c9e375bba724a4|Opus|32|libopus|57c56e369d5b4873b4d93fc1a1d833cb7cd8bc9325c14b05c34ce60b22842d8a,0,0,0,opus,PASS,"""[REDACTED_LOCAL_PATH]\Tony Hidayat\AQ_OpenWorld_Codec_Provenance\tools\gyan_ffmpeg_9.0_full\bin\ffmpeg.exe"" -y -hide_banner -i ""[REDACTED_LOCAL_PATH]\Tony Hidayat\AQ_OpenWorld_Codec_Provenance\39_bh_speech\canonical_selected\4446-2273-0028.wav"" -map_metadata -1 -vn -sn -dn -c:a libopus -b:a 32k -vbr off ""[REDACTED_LOCAL_PATH]\Tony Hidayat\AQ_OpenWorld_Codec_Provenance\42_bh_derivatives\encoded\cc888be171b0b270b4611363.opus""","""[REDACTED_LOCAL_PATH]\Tony Hidayat\AQ_OpenWorld_Codec_Provenance\tools\gyan_ffmpeg_9.0_full\bin\ffprobe.exe"" -v error -show_entries stream=codec_name,sample_rate,channels,duration,bit_rate:format=format_name,duration,bit_rate -of json ""[REDACTED_LOCAL_PATH]\Tony Hidayat\AQ_OpenWorld_Codec_Provenance\42_bh_derivatives\encoded\cc888be171b0b270b4611363.opus""","[REDACTED_LOCAL_PATH]\AppData\Local\CapCut\Apps\7.7.0.3143\ffmpeg.exe -y -hide_banner -i ""[REDACTED_LOCAL_PATH]\Tony Hidayat\AQ_OpenWorld_Codec_Provenance\42_bh_derivatives\encoded\cc888be171b0b270b4611363.opus"" -map_metadata -1 -vn -sn -dn -ac 1 -ar 48000 -sample_fmt s16 ""[REDACTED_LOCAL_PATH]\Tony Hidayat\AQ_OpenWorld_Codec_Provenance\42_bh_derivatives\decoded_raw\cc888be171b0b270b4611363.wav"""
4b0bccfca7943784a3e90ebf,4fc6068dce6a538727c9e375bba724a4,4446,Opus,libopus,libopus,80,82.068,983c7eb199d680ed322434e264319a37cbe60727c896214d7c9f1e17c9c86695,0abb9d2510618eaa46b2352d9a1652aa31298a3d795366a47e105ed97c39e076,0,0.9943138848003418,96000,20517,[REDACTED_LOCAL_PATH]\Tony Hidayat\AQ_OpenWorld_Codec_Provenance\42_bh_derivatives\encoded\4b0bccfca7943784a3e90ebf.opus,[REDACTED_LOCAL_PATH]\Tony Hidayat\AQ_OpenWorld_Codec_Provenance\42_bh_derivatives\decoded_raw\4b0bccfca7943784a3e90ebf.wav,[REDACTED_LOCAL_PATH]\Tony Hidayat\AQ_OpenWorld_Codec_Provenance\42_bh_derivatives\aligned_pcm\4b0bccfca7943784a3e90ebf.wav,AQ2D0BH_DERIV_V1|4fc6068dce6a538727c9e375bba724a4|Opus|80|libopus|57c56e369d5b4873b4d93fc1a1d833cb7cd8bc9325c14b05c34ce60b22842d8a,0,0,0,opus,PASS,"""[REDACTED_LOCAL_PATH]\Tony Hidayat\AQ_OpenWorld_Codec_Provenance\tools\gyan_ffmpeg_9.0_full\bin\ffmpeg.exe"" -y -hide_banner -i ""[REDACTED_LOCAL_PATH]\Tony Hidayat\AQ_OpenWorld_Codec_Provenance\39_bh_speech\canonical_selected\4446-2273-0028.wav"" -map_metadata -1 -vn -sn -dn -c:a libopus -b:a 80k -vbr off ""[REDACTED_LOCAL_PATH]\Tony Hidayat\AQ_OpenWorld_Codec_Provenance\42_bh_derivatives\encoded\4b0bccfca7943784a3e90ebf.opus""","""[REDACTED_LOCAL_PATH]\Tony Hidayat\AQ_OpenWorld_Codec_Provenance\tools\gyan_ffmpeg_9.0_full\bin\ffprobe.exe"" -v error -show_entries stream=codec_name,sample_rate,channels,duration,bit_rate:format=format_name,duration,bit_rate -of json ""[REDACTED_LOCAL_PATH]\Tony Hidayat\AQ_OpenWorld_Codec_Provenance\42_bh_derivatives\encoded\4b0bccfca7943784a3e90ebf.opus""","[REDACTED_LOCAL_PATH]\AppData\Local\CapCut\Apps\7.7.0.3143\ffmpeg.exe -y -hide_banner -i ""[REDACTED_LOCAL_PATH]\Tony Hidayat\AQ_OpenWorld_Codec_Provenance\42_bh_derivatives\encoded\4b0bccfca7943784a3e90ebf.opus"" -map_metadata -1 -vn -sn -dn -ac 1 -ar 48000 -sample_fmt s16 ""[REDACTED_LOCAL_PATH]\Tony Hidayat\AQ_OpenWorld_Codec_Provenance\42_bh_derivatives\decoded_raw\4b0bccfca7943784a3e90ebf.wav"""
2bb321a9923f46524b7de446,4fc6068dce6a538727c9e375bba724a4,4446,Opus,libopus,libopus,96,98.228,617a341243ec1f1a329b14b47ea19564f1540e24de12d1b038a37316d4a4da79,faf185d6434c69e86186af1808e87fd04b01b04718c3fbba9978b0d8f6b0f26d,0,0.9959239669276884,96000,24557,[REDACTED_LOCAL_PATH]\Tony Hidayat\AQ_OpenWorld_Codec_Provenance\42_bh_derivatives\encoded\2bb321a9923f46524b7de446.opus,[REDACTED_LOCAL_PATH]\Tony Hidayat\AQ_OpenWorld_Codec_Provenance\42_bh_derivatives\decoded_raw\2bb321a9923f46524b7de446.wav,[REDACTED_LOCAL_PATH]\Tony Hidayat\AQ_OpenWorld_Codec_Provenance\42_bh_derivatives\aligned_pcm\2bb321a9923f46524b7de446.wav,AQ2D0BH_DERIV_V1|4fc6068dce6a538727c9e375bba724a4|Opus|96|libopus|57c56e369d5b4873b4d93fc1a1d833cb7cd8bc9325c14b05c34ce60b22842d8a,0,0,0,opus,PASS,"""[REDACTED_LOCAL_PATH]\Tony Hidayat\AQ_OpenWorld_Codec_Provenance\tools\gyan_ffmpeg_9.0_full\bin\ffmpeg.exe"" -y -hide_banner -i ""[REDACTED_LOCAL_PATH]\Tony Hidayat\AQ_OpenWorld_Codec_Provenance\39_bh_speech\canonical_selected\4446-2273-0028.wav"" -map_metadata -1 -vn -sn -dn -c:a libopus -b:a 96k -vbr off ""[REDACTED_LOCAL_PATH]\Tony Hidayat\AQ_OpenWorld_Codec_Provenance\42_bh_derivatives\encoded\2bb321a9923f46524b7de446.opus""","""[REDACTED_LOCAL_PATH]\Tony Hidayat\AQ_OpenWorld_Codec_Provenance\tools\gyan_ffmpeg_9.0_full\bin\ffprobe.exe"" -v error -show_entries stream=codec_name,sample_rate,channels,duration,bit_rate:format=format_name,duration,bit_rate -of json ""[REDACTED_LOCAL_PATH]\Tony Hidayat\AQ_OpenWorld_Codec_Provenance\42_bh_derivatives\encoded\2bb321a9923f46524b7de446.opus""","[REDACTED_LOCAL_PATH]\AppData\Local\CapCut\Apps\7.7.0.3143\ffmpeg.exe -y -hide_banner -i ""[REDACTED_LOCAL_PATH]\Tony Hidayat\AQ_OpenWorld_Codec_Provenance\42_bh_derivatives\encoded\2bb321a9923f46524b7de446.opus"" -map_metadata -1 -vn -sn -dn -ac 1 -ar 48000 -sample_fmt s16 ""[REDACTED_LOCAL_PATH]\Tony Hidayat\AQ_OpenWorld_Codec_Provenance\42_bh_derivatives\decoded_raw\2bb321a9923f46524b7de446.wav"""
ad1b2ad25da7f6f4ed10171e,4fc6068dce6a538727c9e375bba724a4,4446,Opus,libopus,libopus,128,130.952,ecf9651878e6400140b0ef49a9f9296dc4995f63dab7cf7d7c6422974721ecca,08ed60b156df6491bcdebbfcedf4bed13bba6885720405134db7cda9495aada0,0,0.9984638237729876,96000,32738,[REDACTED_LOCAL_PATH]\Tony Hidayat\AQ_OpenWorld_Codec_Provenance\42_bh_derivatives\encoded\ad1b2ad25da7f6f4ed10171e.opus,[REDACTED_LOCAL_PATH]\Tony Hidayat\AQ_OpenWorld_Codec_Provenance\42_bh_derivatives\decoded_raw\ad1b2ad25da7f6f4ed10171e.wav,[REDACTED_LOCAL_PATH]\Tony Hidayat\AQ_OpenWorld_Codec_Provenance\42_bh_derivatives\aligned_pcm\ad1b2ad25da7f6f4ed10171e.wav,AQ2D0BH_DERIV_V1|4fc6068dce6a538727c9e375bba724a4|Opus|128|libopus|57c56e369d5b4873b4d93fc1a1d833cb7cd8bc9325c14b05c34ce60b22842d8a,0,0,0,opus,PASS,"""[REDACTED_LOCAL_PATH]\Tony Hidayat\AQ_OpenWorld_Codec_Provenance\tools\gyan_ffmpeg_9.0_full\bin\ffmpeg.exe"" -y -hide_banner -i ""[REDACTED_LOCAL_PATH]\Tony Hidayat\AQ_OpenWorld_Codec_Provenance\39_bh_speech\canonical_selected\4446-2273-0028.wav"" -map_metadata -1 -vn -sn -dn -c:a libopus -b:a 128k -vbr off ""[REDACTED_LOCAL_PATH]\Tony Hidayat\AQ_OpenWorld_Codec_Provenance\42_bh_derivatives\encoded\ad1b2ad25da7f6f4ed10171e.opus""","""[REDACTED_LOCAL_PATH]\Tony Hidayat\AQ_OpenWorld_Codec_Provenance\tools\gyan_ffmpeg_9.0_full\bin\ffprobe.exe"" -v error -show_entries stream=codec_name,sample_rate,channels,duration,bit_rate:format=format_name,duration,bit_rate -of json ""[REDACTED_LOCAL_PATH]\Tony Hidayat\AQ_OpenWorld_Codec_Provenance\42_bh_derivatives\encoded\ad1b2ad25da7f6f4ed10171e.opus""","[REDACTED_LOCAL_PATH]\AppData\Local\CapCut\Apps\7.7.0.3143\ffmpeg.exe -y -hide_banner -i ""[REDACTED_LOCAL_PATH]\Tony Hidayat\AQ_OpenWorld_Codec_Provenance\42_bh_derivatives\encoded\ad1b2ad25da7f6f4ed10171e.opus"" -map_metadata -1 -vn -sn -dn -ac 1 -ar 48000 -sample_fmt s16 ""[REDACTED_LOCAL_PATH]\Tony Hidayat\AQ_OpenWorld_Codec_Provenance\42_bh_derivatives\decoded_raw\ad1b2ad25da7f6f4ed10171e.wav"""
4eee3b205b46524b06f34692,5b93a9b1094c05bbdedbfa753cc42f7f,8463,AAC,aac,FFmpeg-native AAC,32,36.504,b2391c1c567adc976766358821a2ddee878fdcf1ffe59ce9150a8430a0461eb4,1f32944bc7c4b0260f279be9545daa15bb228f9fd976c5ea8c8dea9d0cee770b,0,0.9510747717802641,96000,9126,[REDACTED_LOCAL_PATH]\Tony Hidayat\AQ_OpenWorld_Codec_Provenance\42_bh_derivatives\encoded\4eee3b205b46524b06f34692.m4a,[REDACTED_LOCAL_PATH]\Tony Hidayat\AQ_OpenWorld_Codec_Provenance\42_bh_derivatives\decoded_raw\4eee3b205b46524b06f34692.wav,[REDACTED_LOCAL_PATH]\Tony Hidayat\AQ_OpenWorld_Codec_Provenance\42_bh_derivatives\aligned_pcm\4eee3b205b46524b06f34692.wav,AQ2D0BH_DERIV_V1|5b93a9b1094c05bbdedbfa753cc42f7f|AAC|32|FFmpeg-native AAC|57c56e369d5b4873b4d93fc1a1d833cb7cd8bc9325c14b05c34ce60b22842d8a,0,0,0,aac,PASS,"""[REDACTED_LOCAL_PATH]\Tony Hidayat\AQ_OpenWorld_Codec_Provenance\tools\gyan_ffmpeg_9.0_full\bin\ffmpeg.exe"" -y -hide_banner -i ""[REDACTED_LOCAL_PATH]\Tony Hidayat\AQ_OpenWorld_Codec_Provenance\39_bh_speech\canonical_selected\8463-287645-0007.wav"" -map_metadata -1 -vn -sn -dn -c:a aac -b:a 32k ""[REDACTED_LOCAL_PATH]\Tony Hidayat\AQ_OpenWorld_Codec_Provenance\42_bh_derivatives\encoded\4eee3b205b46524b06f34692.m4a""","""[REDACTED_LOCAL_PATH]\Tony Hidayat\AQ_OpenWorld_Codec_Provenance\tools\gyan_ffmpeg_9.0_full\bin\ffprobe.exe"" -v error -show_entries stream=codec_name,sample_rate,channels,duration,bit_rate:format=format_name,duration,bit_rate -of json ""[REDACTED_LOCAL_PATH]\Tony Hidayat\AQ_OpenWorld_Codec_Provenance\42_bh_derivatives\encoded\4eee3b205b46524b06f34692.m4a""","[REDACTED_LOCAL_PATH]\AppData\Local\CapCut\Apps\7.7.0.3143\ffmpeg.exe -y -hide_banner -i ""[REDACTED_LOCAL_PATH]\Tony Hidayat\AQ_OpenWorld_Codec_Provenance\42_bh_derivatives\encoded\4eee3b205b46524b06f34692.m4a"" -map_metadata -1 -vn -sn -dn -ac 1 -ar 48000 -sample_fmt s16 ""[REDACTED_LOCAL_PATH]\Tony Hidayat\AQ_OpenWorld_Codec_Provenance\42_bh_derivatives\decoded_raw\4eee3b205b46524b06f34692.wav"""
37b2dab0447f7e4d9dbc51ce,5b93a9b1094c05bbdedbfa753cc42f7f,8463,AAC,aac,FFmpeg-native AAC,80,86.396,7e00e62b29c6e15a8402b69698f578a873c51025c7df4ac17b0ee4cc2cd4fa7f,08b3bb3468273b0768f8640e11d88e287a035045d3418927d50bb8ee625fc559,0,0.9976488095220604,96000,21599,[REDACTED_LOCAL_PATH]\Tony Hidayat\AQ_OpenWorld_Codec_Provenance\42_bh_derivatives\encoded\37b2dab0447f7e4d9dbc51ce.m4a,[REDACTED_LOCAL_PATH]\Tony Hidayat\AQ_OpenWorld_Codec_Provenance\42_bh_derivatives\decoded_raw\37b2dab0447f7e4d9dbc51ce.wav,[REDACTED_LOCAL_PATH]\Tony Hidayat\AQ_OpenWorld_Codec_Provenance\42_bh_derivatives\aligned_pcm\37b2dab0447f7e4d9dbc51ce.wav,AQ2D0BH_DERIV_V1|5b93a9b1094c05bbdedbfa753cc42f7f|AAC|80|FFmpeg-native AAC|57c56e369d5b4873b4d93fc1a1d833cb7cd8bc9325c14b05c34ce60b22842d8a,0,0,0,aac,PASS,"""[REDACTED_LOCAL_PATH]\Tony Hidayat\AQ_OpenWorld_Codec_Provenance\tools\gyan_ffmpeg_9.0_full\bin\ffmpeg.exe"" -y -hide_banner -i ""[REDACTED_LOCAL_PATH]\Tony Hidayat\AQ_OpenWorld_Codec_Provenance\39_bh_speech\canonical_selected\8463-287645-0007.wav"" -map_metadata -1 -vn -sn -dn -c:a aac -b:a 80k ""[REDACTED_LOCAL_PATH]\Tony Hidayat\AQ_OpenWorld_Codec_Provenance\42_bh_derivatives\encoded\37b2dab0447f7e4d9dbc51ce.m4a""","""[REDACTED_LOCAL_PATH]\Tony Hidayat\AQ_OpenWorld_Codec_Provenance\tools\gyan_ffmpeg_9.0_full\bin\ffprobe.exe"" -v error -show_entries stream=codec_name,sample_rate,channels,duration,bit_rate:format=format_name,duration,bit_rate -of json ""[REDACTED_LOCAL_PATH]\Tony Hidayat\AQ_OpenWorld_Codec_Provenance\42_bh_derivatives\encoded\37b2dab0447f7e4d9dbc51ce.m4a""","[REDACTED_LOCAL_PATH]\AppData\Local\CapCut\Apps\7.7.0.3143\ffmpeg.exe -y -hide_banner -i ""[REDACTED_LOCAL_PATH]\Tony Hidayat\AQ_OpenWorld_Codec_Provenance\42_bh_derivatives\encoded\37b2dab0447f7e4d9dbc51ce.m4a"" -map_metadata -1 -vn -sn -dn -ac 1 -ar 48000 -sample_fmt s16 ""[REDACTED_LOCAL_PATH]\Tony Hidayat\AQ_OpenWorld_Codec_Provenance\42_bh_derivatives\decoded_raw\37b2dab0447f7e4d9dbc51ce.wav"""
067837831c364afca66c9ecf,5b93a9b1094c05bbdedbfa753cc42f7f,8463,AAC,aac,FFmpeg-native AAC,96,102.532,531dc2ace2177d630f1001e57cf7e4e5dc9536946002e601f768bdcc8ac420df,3101169fd55070e45d35b4ae3757fb0d348d08c44504aac766a1350b8201a587,0,0.997797655277387,96000,25633,[REDACTED_LOCAL_PATH]\Tony Hidayat\AQ_OpenWorld_Codec_Provenance\42_bh_derivatives\encoded\067837831c364afca66c9ecf.m4a,[REDACTED_LOCAL_PATH]\Tony Hidayat\AQ_OpenWorld_Codec_Provenance\42_bh_derivatives\decoded_raw\067837831c364afca66c9ecf.wav,[REDACTED_LOCAL_PATH]\Tony Hidayat\AQ_OpenWorld_Codec_Provenance\42_bh_derivatives\aligned_pcm\067837831c364afca66c9ecf.wav,AQ2D0BH_DERIV_V1|5b93a9b1094c05bbdedbfa753cc42f7f|AAC|96|FFmpeg-native AAC|57c56e369d5b4873b4d93fc1a1d833cb7cd8bc9325c14b05c34ce60b22842d8a,0,0,0,aac,PASS,"""[REDACTED_LOCAL_PATH]\Tony Hidayat\AQ_OpenWorld_Codec_Provenance\tools\gyan_ffmpeg_9.0_full\bin\ffmpeg.exe"" -y -hide_banner -i ""[REDACTED_LOCAL_PATH]\Tony Hidayat\AQ_OpenWorld_Codec_Provenance\39_bh_speech\canonical_selected\8463-287645-0007.wav"" -map_metadata -1 -vn -sn -dn -c:a aac -b:a 96k ""[REDACTED_LOCAL_PATH]\Tony Hidayat\AQ_OpenWorld_Codec_Provenance\42_bh_derivatives\encoded\067837831c364afca66c9ecf.m4a""","""[REDACTED_LOCAL_PATH]\Tony Hidayat\AQ_OpenWorld_Codec_Provenance\tools\gyan_ffmpeg_9.0_full\bin\ffprobe.exe"" -v error -show_entries stream=codec_name,sample_rate,channels,duration,bit_rate:format=format_name,duration,bit_rate -of json ""[REDACTED_LOCAL_PATH]\Tony Hidayat\AQ_OpenWorld_Codec_Provenance\42_bh_derivatives\encoded\067837831c364afca66c9ecf.m4a""","[REDACTED_LOCAL_PATH]\AppData\Local\CapCut\Apps\7.7.0.3143\ffmpeg.exe -y -hide_banner -i ""[REDACTED_LOCAL_PATH]\Tony Hidayat\AQ_OpenWorld_Codec_Provenance\42_bh_derivatives\encoded\067837831c364afca66c9ecf.m4a"" -map_metadata -1 -vn -sn -dn -ac 1 -ar 48000 -sample_fmt s16 ""[REDACTED_LOCAL_PATH]\Tony Hidayat\AQ_OpenWorld_Codec_Provenance\42_bh_derivatives\decoded_raw\067837831c364afca66c9ecf.wav"""
0183b64ddb6408161ce7690b,5b93a9b1094c05bbdedbfa753cc42f7f,8463,AAC,aac,FFmpeg-native AAC,128,134.324,c8aa5bc67c88b2f0d65667dd16a00315108afb3cbdbaeba7be0c9fac1110a017,909898c8aed50872490a0284ffaf627d651c78fcf840077c9ad605991643cce8,0,0.9902695577250991,96000,33581,[REDACTED_LOCAL_PATH]\Tony Hidayat\AQ_OpenWorld_Codec_Provenance\42_bh_derivatives\encoded\0183b64ddb6408161ce7690b.m4a,[REDACTED_LOCAL_PATH]\Tony Hidayat\AQ_OpenWorld_Codec_Provenance\42_bh_derivatives\decoded_raw\0183b64ddb6408161ce7690b.wav,[REDACTED_LOCAL_PATH]\Tony Hidayat\AQ_OpenWorld_Codec_Provenance\42_bh_derivatives\aligned_pcm\0183b64ddb6408161ce7690b.wav,AQ2D0BH_DERIV_V1|5b93a9b1094c05bbdedbfa753cc42f7f|AAC|128|FFmpeg-native AAC|57c56e369d5b4873b4d93fc1a1d833cb7cd8bc9325c14b05c34ce60b22842d8a,0,0,0,aac,PASS,"""[REDACTED_LOCAL_PATH]\Tony Hidayat\AQ_OpenWorld_Codec_Provenance\tools\gyan_ffmpeg_9.0_full\bin\ffmpeg.exe"" -y -hide_banner -i ""[REDACTED_LOCAL_PATH]\Tony Hidayat\AQ_OpenWorld_Codec_Provenance\39_bh_speech\canonical_selected\8463-287645-0007.wav"" -map_metadata -1 -vn -sn -dn -c:a aac -b:a 128k ""[REDACTED_LOCAL_PATH]\Tony Hidayat\AQ_OpenWorld_Codec_Provenance\42_bh_derivatives\encoded\0183b64ddb6408161ce7690b.m4a""","""[REDACTED_LOCAL_PATH]\Tony Hidayat\AQ_OpenWorld_Codec_Provenance\tools\gyan_ffmpeg_9.0_full\bin\ffprobe.exe"" -v error -show_entries stream=codec_name,sample_rate,channels,duration,bit_rate:format=format_name,duration,bit_rate -of json ""[REDACTED_LOCAL_PATH]\Tony Hidayat\AQ_OpenWorld_Codec_Provenance\42_bh_derivatives\encoded\0183b64ddb6408161ce7690b.m4a""","[REDACTED_LOCAL_PATH]\AppData\Local\CapCut\Apps\7.7.0.3143\ffmpeg.exe -y -hide_banner -i ""[REDACTED_LOCAL_PATH]\Tony Hidayat\AQ_OpenWorld_Codec_Provenance\42_bh_derivatives\encoded\0183b64ddb6408161ce7690b.m4a"" -map_metadata -1 -vn -sn -dn -ac 1 -ar 48000 -sample_fmt s16 ""[REDACTED_LOCAL_PATH]\Tony Hidayat\AQ_OpenWorld_Codec_Provenance\42_bh_derivatives\decoded_raw\0183b64ddb6408161ce7690b.wav"""
57b81d89813469f37099f42c,5b93a9b1094c05bbdedbfa753cc42f7f,8463,MP3,libmp3lame,libmp3lame,32,33.584,28f1f4b1c459315ad3a0c0c1aa02b500cfbf8c83bc38c5f8483d84dd4f3a0b78,137ce9482827a53fd32abea1fe1af489223d5988ee96f043f923ffa0fa75284e,0,0.9821657947459835,96000,8396,[REDACTED_LOCAL_PATH]\Tony Hidayat\AQ_OpenWorld_Codec_Provenance\42_bh_derivatives\encoded\57b81d89813469f37099f42c.mp3,[REDACTED_LOCAL_PATH]\Tony Hidayat\AQ_OpenWorld_Codec_Provenance\42_bh_derivatives\decoded_raw\57b81d89813469f37099f42c.wav,[REDACTED_LOCAL_PATH]\Tony Hidayat\AQ_OpenWorld_Codec_Provenance\42_bh_derivatives\aligned_pcm\57b81d89813469f37099f42c.wav,AQ2D0BH_DERIV_V1|5b93a9b1094c05bbdedbfa753cc42f7f|MP3|32|libmp3lame|57c56e369d5b4873b4d93fc1a1d833cb7cd8bc9325c14b05c34ce60b22842d8a,0,0,0,mp3,PASS,"""[REDACTED_LOCAL_PATH]\Tony Hidayat\AQ_OpenWorld_Codec_Provenance\tools\gyan_ffmpeg_9.0_full\bin\ffmpeg.exe"" -y -hide_banner -i ""[REDACTED_LOCAL_PATH]\Tony Hidayat\AQ_OpenWorld_Codec_Provenance\39_bh_speech\canonical_selected\8463-287645-0007.wav"" -map_metadata -1 -vn -sn -dn -c:a libmp3lame -b:a 32k ""[REDACTED_LOCAL_PATH]\Tony Hidayat\AQ_OpenWorld_Codec_Provenance\42_bh_derivatives\encoded\57b81d89813469f37099f42c.mp3""","""[REDACTED_LOCAL_PATH]\Tony Hidayat\AQ_OpenWorld_Codec_Provenance\tools\gyan_ffmpeg_9.0_full\bin\ffprobe.exe"" -v error -show_entries stream=codec_name,sample_rate,channels,duration,bit_rate:format=format_name,duration,bit_rate -of json ""[REDACTED_LOCAL_PATH]\Tony Hidayat\AQ_OpenWorld_Codec_Provenance\42_bh_derivatives\encoded\57b81d89813469f37099f42c.mp3""","[REDACTED_LOCAL_PATH]\AppData\Local\CapCut\Apps\7.7.0.3143\ffmpeg.exe -y -hide_banner -i ""[REDACTED_LOCAL_PATH]\Tony Hidayat\AQ_OpenWorld_Codec_Provenance\42_bh_derivatives\encoded\57b81d89813469f37099f42c.mp3"" -map_metadata -1 -vn -sn -dn -ac 1 -ar 48000 -sample_fmt s16 ""[REDACTED_LOCAL_PATH]\Tony Hidayat\AQ_OpenWorld_Codec_Provenance\42_bh_derivatives\decoded_raw\57b81d89813469f37099f42c.wav"""
452d978fff9f71eb0cb27227,5b93a9b1094c05bbdedbfa753cc42f7f,8463,MP3,libmp3lame,libmp3lame,80,82.736,96563b8c1da31410d07132737d762c85603dcaa0036531e85d8556dd45f8d044,f8e04c48863d355bb9e6adf565f76051558f68ada1358f40ed3edb47a7f7ac9a,0,0.999650352957884,96000,20684,[REDACTED_LOCAL_PATH]\Tony Hidayat\AQ_OpenWorld_Codec_Provenance\42_bh_derivatives\encoded\452d978fff9f71eb0cb27227.mp3,[REDACTED_LOCAL_PATH]\Tony Hidayat\AQ_OpenWorld_Codec_Provenance\42_bh_derivatives\decoded_raw\452d978fff9f71eb0cb27227.wav,[REDACTED_LOCAL_PATH]\Tony Hidayat\AQ_OpenWorld_Codec_Provenance\42_bh_derivatives\aligned_pcm\452d978fff9f71eb0cb27227.wav,AQ2D0BH_DERIV_V1|5b93a9b1094c05bbdedbfa753cc42f7f|MP3|80|libmp3lame|57c56e369d5b4873b4d93fc1a1d833cb7cd8bc9325c14b05c34ce60b22842d8a,0,0,0,mp3,PASS,"""[REDACTED_LOCAL_PATH]\Tony Hidayat\AQ_OpenWorld_Codec_Provenance\tools\gyan_ffmpeg_9.0_full\bin\ffmpeg.exe"" -y -hide_banner -i ""[REDACTED_LOCAL_PATH]\Tony Hidayat\AQ_OpenWorld_Codec_Provenance\39_bh_speech\canonical_selected\8463-287645-0007.wav"" -map_metadata -1 -vn -sn -dn -c:a libmp3lame -b:a 80k ""[REDACTED_LOCAL_PATH]\Tony Hidayat\AQ_OpenWorld_Codec_Provenance\42_bh_derivatives\encoded\452d978fff9f71eb0cb27227.mp3""","""[REDACTED_LOCAL_PATH]\Tony Hidayat\AQ_OpenWorld_Codec_Provenance\tools\gyan_ffmpeg_9.0_full\bin\ffprobe.exe"" -v error -show_entries stream=codec_name,sample_rate,channels,duration,bit_rate:format=format_name,duration,bit_rate -of json ""[REDACTED_LOCAL_PATH]\Tony Hidayat\AQ_OpenWorld_Codec_Provenance\42_bh_derivatives\encoded\452d978fff9f71eb0cb27227.mp3""","[REDACTED_LOCAL_PATH]\AppData\Local\CapCut\Apps\7.7.0.3143\ffmpeg.exe -y -hide_banner -i ""[REDACTED_LOCAL_PATH]\Tony Hidayat\AQ_OpenWorld_Codec_Provenance\42_bh_derivatives\encoded\452d978fff9f71eb0cb27227.mp3"" -map_metadata -1 -vn -sn -dn -ac 1 -ar 48000 -sample_fmt s16 ""[REDACTED_LOCAL_PATH]\Tony Hidayat\AQ_OpenWorld_Codec_Provenance\42_bh_derivatives\decoded_raw\452d978fff9f71eb0cb27227.wav"""
4724e6aed988951d81483f87,5b93a9b1094c05bbdedbfa753cc42f7f,8463,MP3,libmp3lame,libmp3lame,96,99.248,1ca274a4bd8cc815ddcf1b32b0b305b849af6b4bdceb2ceff28def7de8d16d3a,26e0d33901152ef0f3b90708789648b58e4324e25eae4d66fde729c9a262ce7c,0,0.9999098294806729,96000,24812,[REDACTED_LOCAL_PATH]\Tony Hidayat\AQ_OpenWorld_Codec_Provenance\42_bh_derivatives\encoded\4724e6aed988951d81483f87.mp3,[REDACTED_LOCAL_PATH]\Tony Hidayat\AQ_OpenWorld_Codec_Provenance\42_bh_derivatives\decoded_raw\4724e6aed988951d81483f87.wav,[REDACTED_LOCAL_PATH]\Tony Hidayat\AQ_OpenWorld_Codec_Provenance\42_bh_derivatives\aligned_pcm\4724e6aed988951d81483f87.wav,AQ2D0BH_DERIV_V1|5b93a9b1094c05bbdedbfa753cc42f7f|MP3|96|libmp3lame|57c56e369d5b4873b4d93fc1a1d833cb7cd8bc9325c14b05c34ce60b22842d8a,0,0,0,mp3,PASS,"""[REDACTED_LOCAL_PATH]\Tony Hidayat\AQ_OpenWorld_Codec_Provenance\tools\gyan_ffmpeg_9.0_full\bin\ffmpeg.exe"" -y -hide_banner -i ""[REDACTED_LOCAL_PATH]\Tony Hidayat\AQ_OpenWorld_Codec_Provenance\39_bh_speech\canonical_selected\8463-287645-0007.wav"" -map_metadata -1 -vn -sn -dn -c:a libmp3lame -b:a 96k ""[REDACTED_LOCAL_PATH]\Tony Hidayat\AQ_OpenWorld_Codec_Provenance\42_bh_derivatives\encoded\4724e6aed988951d81483f87.mp3""","""[REDACTED_LOCAL_PATH]\Tony Hidayat\AQ_OpenWorld_Codec_Provenance\tools\gyan_ffmpeg_9.0_full\bin\ffprobe.exe"" -v error -show_entries stream=codec_name,sample_rate,channels,duration,bit_rate:format=format_name,duration,bit_rate -of json ""[REDACTED_LOCAL_PATH]\Tony Hidayat\AQ_OpenWorld_Codec_Provenance\42_bh_derivatives\encoded\4724e6aed988951d81483f87.mp3""","[REDACTED_LOCAL_PATH]\AppData\Local\CapCut\Apps\7.7.0.3143\ffmpeg.exe -y -hide_banner -i ""[REDACTED_LOCAL_PATH]\Tony Hidayat\AQ_OpenWorld_Codec_Provenance\42_bh_derivatives\encoded\4724e6aed988951d81483f87.mp3"" -map_metadata -1 -vn -sn -dn -ac 1 -ar 48000 -sample_fmt s16 ""[REDACTED_LOCAL_PATH]\Tony Hidayat\AQ_OpenWorld_Codec_Provenance\42_bh_derivatives\decoded_raw\4724e6aed988951d81483f87.wav"""
aa14ee2c7a2c034cbb719085,5b93a9b1094c05bbdedbfa753cc42f7f,8463,MP3,libmp3lame,libmp3lame,128,132.272,586c8b2845eec8521bbb37ae132d2037d9be95aeb57147cb768b737ea8afdd00,9d487e8d1ec56d24cf82abdcfa749601e040ee226716d72a7d5cfe91e786730d,0,0.9999874235191105,96000,33068,[REDACTED_LOCAL_PATH]\Tony Hidayat\AQ_OpenWorld_Codec_Provenance\42_bh_derivatives\encoded\aa14ee2c7a2c034cbb719085.mp3,[REDACTED_LOCAL_PATH]\Tony Hidayat\AQ_OpenWorld_Codec_Provenance\42_bh_derivatives\decoded_raw\aa14ee2c7a2c034cbb719085.wav,[REDACTED_LOCAL_PATH]\Tony Hidayat\AQ_OpenWorld_Codec_Provenance\42_bh_derivatives\aligned_pcm\aa14ee2c7a2c034cbb719085.wav,AQ2D0BH_DERIV_V1|5b93a9b1094c05bbdedbfa753cc42f7f|MP3|128|libmp3lame|57c56e369d5b4873b4d93fc1a1d833cb7cd8bc9325c14b05c34ce60b22842d8a,0,0,0,mp3,PASS,"""[REDACTED_LOCAL_PATH]\Tony Hidayat\AQ_OpenWorld_Codec_Provenance\tools\gyan_ffmpeg_9.0_full\bin\ffmpeg.exe"" -y -hide_banner -i ""[REDACTED_LOCAL_PATH]\Tony Hidayat\AQ_OpenWorld_Codec_Provenance\39_bh_speech\canonical_selected\8463-287645-0007.wav"" -map_metadata -1 -vn -sn -dn -c:a libmp3lame -b:a 128k ""[REDACTED_LOCAL_PATH]\Tony Hidayat\AQ_OpenWorld_Codec_Provenance\42_bh_derivatives\encoded\aa14ee2c7a2c034cbb719085.mp3""","""[REDACTED_LOCAL_PATH]\Tony Hidayat\AQ_OpenWorld_Codec_Provenance\tools\gyan_ffmpeg_9.0_full\bin\ffprobe.exe"" -v error -show_entries stream=codec_name,sample_rate,channels,duration,bit_rate:format=format_name,duration,bit_rate -of json ""[REDACTED_LOCAL_PATH]\Tony Hidayat\AQ_OpenWorld_Codec_Provenance\42_bh_derivatives\encoded\aa14ee2c7a2c034cbb719085.mp3""","[REDACTED_LOCAL_PATH]\AppData\Local\CapCut\Apps\7.7.0.3143\ffmpeg.exe -y -hide_banner -i ""[REDACTED_LOCAL_PATH]\Tony Hidayat\AQ_OpenWorld_Codec_Provenance\42_bh_derivatives\encoded\aa14ee2c7a2c034cbb719085.mp3"" -map_metadata -1 -vn -sn -dn -ac 1 -ar 48000 -sample_fmt s16 ""[REDACTED_LOCAL_PATH]\Tony Hidayat\AQ_OpenWorld_Codec_Provenance\42_bh_derivatives\decoded_raw\aa14ee2c7a2c034cbb719085.wav"""
d229a5c009333f60572d7740,5b93a9b1094c05bbdedbfa753cc42f7f,8463,Opus,libopus,libopus,32,33.588,8df0779af5b7b2c0880922d40e5f940cb108053817a984dc9656eb16115abb35,8aedd0bdd01ffc90bb0a4438881d8fed6d39f80588bf1b0e883163257b9d8cd3,0,0.9883241212921701,96000,8397,[REDACTED_LOCAL_PATH]\Tony Hidayat\AQ_OpenWorld_Codec_Provenance\42_bh_derivatives\encoded\d229a5c009333f60572d7740.opus,[REDACTED_LOCAL_PATH]\Tony Hidayat\AQ_OpenWorld_Codec_Provenance\42_bh_derivatives\decoded_raw\d229a5c009333f60572d7740.wav,[REDACTED_LOCAL_PATH]\Tony Hidayat\AQ_OpenWorld_Codec_Provenance\42_bh_derivatives\aligned_pcm\d229a5c009333f60572d7740.wav,AQ2D0BH_DERIV_V1|5b93a9b1094c05bbdedbfa753cc42f7f|Opus|32|libopus|57c56e369d5b4873b4d93fc1a1d833cb7cd8bc9325c14b05c34ce60b22842d8a,0,0,0,opus,PASS,"""[REDACTED_LOCAL_PATH]\Tony Hidayat\AQ_OpenWorld_Codec_Provenance\tools\gyan_ffmpeg_9.0_full\bin\ffmpeg.exe"" -y -hide_banner -i ""[REDACTED_LOCAL_PATH]\Tony Hidayat\AQ_OpenWorld_Codec_Provenance\39_bh_speech\canonical_selected\8463-287645-0007.wav"" -map_metadata -1 -vn -sn -dn -c:a libopus -b:a 32k -vbr off ""[REDACTED_LOCAL_PATH]\Tony Hidayat\AQ_OpenWorld_Codec_Provenance\42_bh_derivatives\encoded\d229a5c009333f60572d7740.opus""","""[REDACTED_LOCAL_PATH]\Tony Hidayat\AQ_OpenWorld_Codec_Provenance\tools\gyan_ffmpeg_9.0_full\bin\ffprobe.exe"" -v error -show_entries stream=codec_name,sample_rate,channels,duration,bit_rate:format=format_name,duration,bit_rate -of json ""[REDACTED_LOCAL_PATH]\Tony Hidayat\AQ_OpenWorld_Codec_Provenance\42_bh_derivatives\encoded\d229a5c009333f60572d7740.opus""","[REDACTED_LOCAL_PATH]\AppData\Local\CapCut\Apps\7.7.0.3143\ffmpeg.exe -y -hide_banner -i ""[REDACTED_LOCAL_PATH]\Tony Hidayat\AQ_OpenWorld_Codec_Provenance\42_bh_derivatives\encoded\d229a5c009333f60572d7740.opus"" -map_metadata -1 -vn -sn -dn -ac 1 -ar 48000 -sample_fmt s16 ""[REDACTED_LOCAL_PATH]\Tony Hidayat\AQ_OpenWorld_Codec_Provenance\42_bh_derivatives\decoded_raw\d229a5c009333f60572d7740.wav"""
fcc25f6bea824283f33203b0,5b93a9b1094c05bbdedbfa753cc42f7f,8463,Opus,libopus,libopus,80,82.068,6a8725efbb83b57063f6d57ecae9808d76c03c394929aa0fb36ee29599b258f5,edafb8b08fafe994c4ba6a6a32e63b9f122d8b8a314abb720a2c5bdb05260d9c,0,0.997943746995129,96000,20517,[REDACTED_LOCAL_PATH]\Tony Hidayat\AQ_OpenWorld_Codec_Provenance\42_bh_derivatives\encoded\fcc25f6bea824283f33203b0.opus,[REDACTED_LOCAL_PATH]\Tony Hidayat\AQ_OpenWorld_Codec_Provenance\42_bh_derivatives\decoded_raw\fcc25f6bea824283f33203b0.wav,[REDACTED_LOCAL_PATH]\Tony Hidayat\AQ_OpenWorld_Codec_Provenance\42_bh_derivatives\aligned_pcm\fcc25f6bea824283f33203b0.wav,AQ2D0BH_DERIV_V1|5b93a9b1094c05bbdedbfa753cc42f7f|Opus|80|libopus|57c56e369d5b4873b4d93fc1a1d833cb7cd8bc9325c14b05c34ce60b22842d8a,0,0,0,opus,PASS,"""[REDACTED_LOCAL_PATH]\Tony Hidayat\AQ_OpenWorld_Codec_Provenance\tools\gyan_ffmpeg_9.0_full\bin\ffmpeg.exe"" -y -hide_banner -i ""[REDACTED_LOCAL_PATH]\Tony Hidayat\AQ_OpenWorld_Codec_Provenance\39_bh_speech\canonical_selected\8463-287645-0007.wav"" -map_metadata -1 -vn -sn -dn -c:a libopus -b:a 80k -vbr off ""[REDACTED_LOCAL_PATH]\Tony Hidayat\AQ_OpenWorld_Codec_Provenance\42_bh_derivatives\encoded\fcc25f6bea824283f33203b0.opus""","""[REDACTED_LOCAL_PATH]\Tony Hidayat\AQ_OpenWorld_Codec_Provenance\tools\gyan_ffmpeg_9.0_full\bin\ffprobe.exe"" -v error -show_entries stream=codec_name,sample_rate,channels,duration,bit_rate:format=format_name,duration,bit_rate -of json ""[REDACTED_LOCAL_PATH]\Tony Hidayat\AQ_OpenWorld_Codec_Provenance\42_bh_derivatives\encoded\fcc25f6bea824283f33203b0.opus""","[REDACTED_LOCAL_PATH]\AppData\Local\CapCut\Apps\7.7.0.3143\ffmpeg.exe -y -hide_banner -i ""[REDACTED_LOCAL_PATH]\Tony Hidayat\AQ_OpenWorld_Codec_Provenance\42_bh_derivatives\encoded\fcc25f6bea824283f33203b0.opus"" -map_metadata -1 -vn -sn -dn -ac 1 -ar 48000 -sample_fmt s16 ""[REDACTED_LOCAL_PATH]\Tony Hidayat\AQ_OpenWorld_Codec_Provenance\42_bh_derivatives\decoded_raw\fcc25f6bea824283f33203b0.wav"""
2f799239b941bf6f496d1d39,5b93a9b1094c05bbdedbfa753cc42f7f,8463,Opus,libopus,libopus,96,98.228,07fbfa529e2a8df3c7e56179c05b75c7c62db8b68f080392e56079fd8c3868c3,93800091debda6959f3459fe31c319ada8cd8d904a22953593edf83b1e23f864,0,0.9984670816713567,96000,24557,[REDACTED_LOCAL_PATH]\Tony Hidayat\AQ_OpenWorld_Codec_Provenance\42_bh_derivatives\encoded\2f799239b941bf6f496d1d39.opus,[REDACTED_LOCAL_PATH]\Tony Hidayat\AQ_OpenWorld_Codec_Provenance\42_bh_derivatives\decoded_raw\2f799239b941bf6f496d1d39.wav,[REDACTED_LOCAL_PATH]\Tony Hidayat\AQ_OpenWorld_Codec_Provenance\42_bh_derivatives\aligned_pcm\2f799239b941bf6f496d1d39.wav,AQ2D0BH_DERIV_V1|5b93a9b1094c05bbdedbfa753cc42f7f|Opus|96|libopus|57c56e369d5b4873b4d93fc1a1d833cb7cd8bc9325c14b05c34ce60b22842d8a,0,0,0,opus,PASS,"""[REDACTED_LOCAL_PATH]\Tony Hidayat\AQ_OpenWorld_Codec_Provenance\tools\gyan_ffmpeg_9.0_full\bin\ffmpeg.exe"" -y -hide_banner -i ""[REDACTED_LOCAL_PATH]\Tony Hidayat\AQ_OpenWorld_Codec_Provenance\39_bh_speech\canonical_selected\8463-287645-0007.wav"" -map_metadata -1 -vn -sn -dn -c:a libopus -b:a 96k -vbr off ""[REDACTED_LOCAL_PATH]\Tony Hidayat\AQ_OpenWorld_Codec_Provenance\42_bh_derivatives\encoded\2f799239b941bf6f496d1d39.opus""","""[REDACTED_LOCAL_PATH]\Tony Hidayat\AQ_OpenWorld_Codec_Provenance\tools\gyan_ffmpeg_9.0_full\bin\ffprobe.exe"" -v error -show_entries stream=codec_name,sample_rate,channels,duration,bit_rate:format=format_name,duration,bit_rate -of json ""[REDACTED_LOCAL_PATH]\Tony Hidayat\AQ_OpenWorld_Codec_Provenance\42_bh_derivatives\encoded\2f799239b941bf6f496d1d39.opus""","[REDACTED_LOCAL_PATH]\AppData\Local\CapCut\Apps\7.7.0.3143\ffmpeg.exe -y -hide_banner -i ""[REDACTED_LOCAL_PATH]\Tony Hidayat\AQ_OpenWorld_Codec_Provenance\42_bh_derivatives\encoded\2f799239b941bf6f496d1d39.opus"" -map_metadata -1 -vn -sn -dn -ac 1 -ar 48000 -sample_fmt s16 ""[REDACTED_LOCAL_PATH]\Tony Hidayat\AQ_OpenWorld_Codec_Provenance\42_bh_derivatives\decoded_raw\2f799239b941bf6f496d1d39.wav"""
cf9ef7aaa0acfab2a3bd3bc9,5b93a9b1094c05bbdedbfa753cc42f7f,8463,Opus,libopus,libopus,128,130.952,17a2b11798e368b6e9164f23cfbf9ac329fd132abf0e97d4d554de5c4b0a7964,b220c217dd482a46f07ca9debc796401c1f3674514708616baadfed736fd59ee,0,0.9993645953289254,96000,32738,[REDACTED_LOCAL_PATH]\Tony Hidayat\AQ_OpenWorld_Codec_Provenance\42_bh_derivatives\encoded\cf9ef7aaa0acfab2a3bd3bc9.opus,[REDACTED_LOCAL_PATH]\Tony Hidayat\AQ_OpenWorld_Codec_Provenance\42_bh_derivatives\decoded_raw\cf9ef7aaa0acfab2a3bd3bc9.wav,[REDACTED_LOCAL_PATH]\Tony Hidayat\AQ_OpenWorld_Codec_Provenance\42_bh_derivatives\aligned_pcm\cf9ef7aaa0acfab2a3bd3bc9.wav,AQ2D0BH_DERIV_V1|5b93a9b1094c05bbdedbfa753cc42f7f|Opus|128|libopus|57c56e369d5b4873b4d93fc1a1d833cb7cd8bc9325c14b05c34ce60b22842d8a,0,0,0,opus,PASS,"""[REDACTED_LOCAL_PATH]\Tony Hidayat\AQ_OpenWorld_Codec_Provenance\tools\gyan_ffmpeg_9.0_full\bin\ffmpeg.exe"" -y -hide_banner -i ""[REDACTED_LOCAL_PATH]\Tony Hidayat\AQ_OpenWorld_Codec_Provenance\39_bh_speech\canonical_selected\8463-287645-0007.wav"" -map_metadata -1 -vn -sn -dn -c:a libopus -b:a 128k -vbr off ""[REDACTED_LOCAL_PATH]\Tony Hidayat\AQ_OpenWorld_Codec_Provenance\42_bh_derivatives\encoded\cf9ef7aaa0acfab2a3bd3bc9.opus""","""[REDACTED_LOCAL_PATH]\Tony Hidayat\AQ_OpenWorld_Codec_Provenance\tools\gyan_ffmpeg_9.0_full\bin\ffprobe.exe"" -v error -show_entries stream=codec_name,sample_rate,channels,duration,bit_rate:format=format_name,duration,bit_rate -of json ""[REDACTED_LOCAL_PATH]\Tony Hidayat\AQ_OpenWorld_Codec_Provenance\42_bh_derivatives\encoded\cf9ef7aaa0acfab2a3bd3bc9.opus""","[REDACTED_LOCAL_PATH]\AppData\Local\CapCut\Apps\7.7.0.3143\ffmpeg.exe -y -hide_banner -i ""[REDACTED_LOCAL_PATH]\Tony Hidayat\AQ_OpenWorld_Codec_Provenance\42_bh_derivatives\encoded\cf9ef7aaa0acfab2a3bd3bc9.opus"" -map_metadata -1 -vn -sn -dn -ac 1 -ar 48000 -sample_fmt s16 ""[REDACTED_LOCAL_PATH]\Tony Hidayat\AQ_OpenWorld_Codec_Provenance\42_bh_derivatives\decoded_raw\cf9ef7aaa0acfab2a3bd3bc9.wav"""
025d39f033c1456e7d08ab94,63f78337ba1065c532bf5afd9c7f0eec,4507,AAC,aac,FFmpeg-native AAC,32,37.12,d716bf4bb72af19c963d182089d92df3ad8b47bf49a27ed585891fc7d6960085,88619a684f0f768fa93e7e844edad901de59ff485e6f1c1ec5f433b4a6be6d0a,0,0.9773132765582645,96000,9280,[REDACTED_LOCAL_PATH]\Tony Hidayat\AQ_OpenWorld_Codec_Provenance\42_bh_derivatives\encoded\025d39f033c1456e7d08ab94.m4a,[REDACTED_LOCAL_PATH]\Tony Hidayat\AQ_OpenWorld_Codec_Provenance\42_bh_derivatives\decoded_raw\025d39f033c1456e7d08ab94.wav,[REDACTED_LOCAL_PATH]\Tony Hidayat\AQ_OpenWorld_Codec_Provenance\42_bh_derivatives\aligned_pcm\025d39f033c1456e7d08ab94.wav,AQ2D0BH_DERIV_V1|63f78337ba1065c532bf5afd9c7f0eec|AAC|32|FFmpeg-native AAC|57c56e369d5b4873b4d93fc1a1d833cb7cd8bc9325c14b05c34ce60b22842d8a,0,0,0,aac,PASS,"""[REDACTED_LOCAL_PATH]\Tony Hidayat\AQ_OpenWorld_Codec_Provenance\tools\gyan_ffmpeg_9.0_full\bin\ffmpeg.exe"" -y -hide_banner -i ""[REDACTED_LOCAL_PATH]\Tony Hidayat\AQ_OpenWorld_Codec_Provenance\39_bh_speech\canonical_selected\4507-16021-0056.wav"" -map_metadata -1 -vn -sn -dn -c:a aac -b:a 32k ""[REDACTED_LOCAL_PATH]\Tony Hidayat\AQ_OpenWorld_Codec_Provenance\42_bh_derivatives\encoded\025d39f033c1456e7d08ab94.m4a""","""[REDACTED_LOCAL_PATH]\Tony Hidayat\AQ_OpenWorld_Codec_Provenance\tools\gyan_ffmpeg_9.0_full\bin\ffprobe.exe"" -v error -show_entries stream=codec_name,sample_rate,channels,duration,bit_rate:format=format_name,duration,bit_rate -of json ""[REDACTED_LOCAL_PATH]\Tony Hidayat\AQ_OpenWorld_Codec_Provenance\42_bh_derivatives\encoded\025d39f033c1456e7d08ab94.m4a""","[REDACTED_LOCAL_PATH]\AppData\Local\CapCut\Apps\7.7.0.3143\ffmpeg.exe -y -hide_banner -i ""[REDACTED_LOCAL_PATH]\Tony Hidayat\AQ_OpenWorld_Codec_Provenance\42_bh_derivatives\encoded\025d39f033c1456e7d08ab94.m4a"" -map_metadata -1 -vn -sn -dn -ac 1 -ar 48000 -sample_fmt s16 ""[REDACTED_LOCAL_PATH]\Tony Hidayat\AQ_OpenWorld_Codec_Provenance\42_bh_derivatives\decoded_raw\025d39f033c1456e7d08ab94.wav"""
d631964f54fc7c47197ddd5c,63f78337ba1065c532bf5afd9c7f0eec,4507,AAC,aac,FFmpeg-native AAC,80,86.2,f7883e28f5d50ef90823bdaf2978bee49f58ba45e462d21e3125c70ef9349fec,de405f118cd392cc87491f0ea367dd1c503c746d5cfb28019282d6d572ad9020,0,0.9985854683086799,96000,21550,[REDACTED_LOCAL_PATH]\Tony Hidayat\AQ_OpenWorld_Codec_Provenance\42_bh_derivatives\encoded\d631964f54fc7c47197ddd5c.m4a,[REDACTED_LOCAL_PATH]\Tony Hidayat\AQ_OpenWorld_Codec_Provenance\42_bh_derivatives\decoded_raw\d631964f54fc7c47197ddd5c.wav,[REDACTED_LOCAL_PATH]\Tony Hidayat\AQ_OpenWorld_Codec_Provenance\42_bh_derivatives\aligned_pcm\d631964f54fc7c47197ddd5c.wav,AQ2D0BH_DERIV_V1|63f78337ba1065c532bf5afd9c7f0eec|AAC|80|FFmpeg-native AAC|57c56e369d5b4873b4d93fc1a1d833cb7cd8bc9325c14b05c34ce60b22842d8a,0,0,0,aac,PASS,"""[REDACTED_LOCAL_PATH]\Tony Hidayat\AQ_OpenWorld_Codec_Provenance\tools\gyan_ffmpeg_9.0_full\bin\ffmpeg.exe"" -y -hide_banner -i ""[REDACTED_LOCAL_PATH]\Tony Hidayat\AQ_OpenWorld_Codec_Provenance\39_bh_speech\canonical_selected\4507-16021-0056.wav"" -map_metadata -1 -vn -sn -dn -c:a aac -b:a 80k ""[REDACTED_LOCAL_PATH]\Tony Hidayat\AQ_OpenWorld_Codec_Provenance\42_bh_derivatives\encoded\d631964f54fc7c47197ddd5c.m4a""","""[REDACTED_LOCAL_PATH]\Tony Hidayat\AQ_OpenWorld_Codec_Provenance\tools\gyan_ffmpeg_9.0_full\bin\ffprobe.exe"" -v error -show_entries stream=codec_name,sample_rate,channels,duration,bit_rate:format=format_name,duration,bit_rate -of json ""[REDACTED_LOCAL_PATH]\Tony Hidayat\AQ_OpenWorld_Codec_Provenance\42_bh_derivatives\encoded\d631964f54fc7c47197ddd5c.m4a""","[REDACTED_LOCAL_PATH]\AppData\Local\CapCut\Apps\7.7.0.3143\ffmpeg.exe -y -hide_banner -i ""[REDACTED_LOCAL_PATH]\Tony Hidayat\AQ_OpenWorld_Codec_Provenance\42_bh_derivatives\encoded\d631964f54fc7c47197ddd5c.m4a"" -map_metadata -1 -vn -sn -dn -ac 1 -ar 48000 -sample_fmt s16 ""[REDACTED_LOCAL_PATH]\Tony Hidayat\AQ_OpenWorld_Codec_Provenance\42_bh_derivatives\decoded_raw\d631964f54fc7c47197ddd5c.wav"""
faf33c2b28bacc9ed4a3016f,63f78337ba1065c532bf5afd9c7f0eec,4507,AAC,aac,FFmpeg-native AAC,96,102.668,25cbefc01adc1e5be930932a8130010a6d35c812dfa62b9b69ceb6f03741fd0e,1d442e9c8fda714b70fb30268d278d50c7cb41a5428fbabc40b9ce77c01aa456,0,0.9977390947344023,96000,25667,[REDACTED_LOCAL_PATH]\Tony Hidayat\AQ_OpenWorld_Codec_Provenance\42_bh_derivatives\encoded\faf33c2b28bacc9ed4a3016f.m4a,[REDACTED_LOCAL_PATH]\Tony Hidayat\AQ_OpenWorld_Codec_Provenance\42_bh_derivatives\decoded_raw\faf33c2b28bacc9ed4a3016f.wav,[REDACTED_LOCAL_PATH]\Tony Hidayat\AQ_OpenWorld_Codec_Provenance\42_bh_derivatives\aligned_pcm\faf33c2b28bacc9ed4a3016f.wav,AQ2D0BH_DERIV_V1|63f78337ba1065c532bf5afd9c7f0eec|AAC|96|FFmpeg-native AAC|57c56e369d5b4873b4d93fc1a1d833cb7cd8bc9325c14b05c34ce60b22842d8a,0,0,0,aac,PASS,"""[REDACTED_LOCAL_PATH]\Tony Hidayat\AQ_OpenWorld_Codec_Provenance\tools\gyan_ffmpeg_9.0_full\bin\ffmpeg.exe"" -y -hide_banner -i ""[REDACTED_LOCAL_PATH]\Tony Hidayat\AQ_OpenWorld_Codec_Provenance\39_bh_speech\canonical_selected\4507-16021-0056.wav"" -map_metadata -1 -vn -sn -dn -c:a aac -b:a 96k ""[REDACTED_LOCAL_PATH]\Tony Hidayat\AQ_OpenWorld_Codec_Provenance\42_bh_derivatives\encoded\faf33c2b28bacc9ed4a3016f.m4a""","""[REDACTED_LOCAL_PATH]\Tony Hidayat\AQ_OpenWorld_Codec_Provenance\tools\gyan_ffmpeg_9.0_full\bin\ffprobe.exe"" -v error -show_entries stream=codec_name,sample_rate,channels,duration,bit_rate:format=format_name,duration,bit_rate -of json ""[REDACTED_LOCAL_PATH]\Tony Hidayat\AQ_OpenWorld_Codec_Provenance\42_bh_derivatives\encoded\faf33c2b28bacc9ed4a3016f.m4a""","[REDACTED_LOCAL_PATH]\AppData\Local\CapCut\Apps\7.7.0.3143\ffmpeg.exe -y -hide_banner -i ""[REDACTED_LOCAL_PATH]\Tony Hidayat\AQ_OpenWorld_Codec_Provenance\42_bh_derivatives\encoded\faf33c2b28bacc9ed4a3016f.m4a"" -map_metadata -1 -vn -sn -dn -ac 1 -ar 48000 -sample_fmt s16 ""[REDACTED_LOCAL_PATH]\Tony Hidayat\AQ_OpenWorld_Codec_Provenance\42_bh_derivatives\decoded_raw\faf33c2b28bacc9ed4a3016f.wav"""
d9a9abfd0cc2adb8f075dd16,63f78337ba1065c532bf5afd9c7f0eec,4507,AAC,aac,FFmpeg-native AAC,128,132.276,7843efc613d5a91f662416a9062f9d3ffb9401b3a67c6082c52d244f686c473c,755c32d81a16985c34506eae1395ba91edf182af3ec444e4273b821f5dd10f6b,0,0.998176375501991,96000,33069,[REDACTED_LOCAL_PATH]\Tony Hidayat\AQ_OpenWorld_Codec_Provenance\42_bh_derivatives\encoded\d9a9abfd0cc2adb8f075dd16.m4a,[REDACTED_LOCAL_PATH]\Tony Hidayat\AQ_OpenWorld_Codec_Provenance\42_bh_derivatives\decoded_raw\d9a9abfd0cc2adb8f075dd16.wav,[REDACTED_LOCAL_PATH]\Tony Hidayat\AQ_OpenWorld_Codec_Provenance\42_bh_derivatives\aligned_pcm\d9a9abfd0cc2adb8f075dd16.wav,AQ2D0BH_DERIV_V1|63f78337ba1065c532bf5afd9c7f0eec|AAC|128|FFmpeg-native AAC|57c56e369d5b4873b4d93fc1a1d833cb7cd8bc9325c14b05c34ce60b22842d8a,0,0,0,aac,PASS,"""[REDACTED_LOCAL_PATH]\Tony Hidayat\AQ_OpenWorld_Codec_Provenance\tools\gyan_ffmpeg_9.0_full\bin\ffmpeg.exe"" -y -hide_banner -i ""[REDACTED_LOCAL_PATH]\Tony Hidayat\AQ_OpenWorld_Codec_Provenance\39_bh_speech\canonical_selected\4507-16021-0056.wav"" -map_metadata -1 -vn -sn -dn -c:a aac -b:a 128k ""[REDACTED_LOCAL_PATH]\Tony Hidayat\AQ_OpenWorld_Codec_Provenance\42_bh_derivatives\encoded\d9a9abfd0cc2adb8f075dd16.m4a""","""[REDACTED_LOCAL_PATH]\Tony Hidayat\AQ_OpenWorld_Codec_Provenance\tools\gyan_ffmpeg_9.0_full\bin\ffprobe.exe"" -v error -show_entries stream=codec_name,sample_rate,channels,duration,bit_rate:format=format_name,duration,bit_rate -of json ""[REDACTED_LOCAL_PATH]\Tony Hidayat\AQ_OpenWorld_Codec_Provenance\42_bh_derivatives\encoded\d9a9abfd0cc2adb8f075dd16.m4a""","[REDACTED_LOCAL_PATH]\AppData\Local\CapCut\Apps\7.7.0.3143\ffmpeg.exe -y -hide_banner -i ""[REDACTED_LOCAL_PATH]\Tony Hidayat\AQ_OpenWorld_Codec_Provenance\42_bh_derivatives\encoded\d9a9abfd0cc2adb8f075dd16.m4a"" -map_metadata -1 -vn -sn -dn -ac 1 -ar 48000 -sample_fmt s16 ""[REDACTED_LOCAL_PATH]\Tony Hidayat\AQ_OpenWorld_Codec_Provenance\42_bh_derivatives\decoded_raw\d9a9abfd0cc2adb8f075dd16.wav"""
b38c6e571f74925e184854a1,63f78337ba1065c532bf5afd9c7f0eec,4507,MP3,libmp3lame,libmp3lame,32,33.584,1104f78ffbbbb3ba5eb49ee8b77111010476339c6e318f509b1a0cc0c3373253,db0eca1b1e39051e4b65e9e0ee9ab538ec71057f43f44e27d73ea6d3675af399,0,0.9939951906636268,96000,8396,[REDACTED_LOCAL_PATH]\Tony Hidayat\AQ_OpenWorld_Codec_Provenance\42_bh_derivatives\encoded\b38c6e571f74925e184854a1.mp3,[REDACTED_LOCAL_PATH]\Tony Hidayat\AQ_OpenWorld_Codec_Provenance\42_bh_derivatives\decoded_raw\b38c6e571f74925e184854a1.wav,[REDACTED_LOCAL_PATH]\Tony Hidayat\AQ_OpenWorld_Codec_Provenance\42_bh_derivatives\aligned_pcm\b38c6e571f74925e184854a1.wav,AQ2D0BH_DERIV_V1|63f78337ba1065c532bf5afd9c7f0eec|MP3|32|libmp3lame|57c56e369d5b4873b4d93fc1a1d833cb7cd8bc9325c14b05c34ce60b22842d8a,0,0,0,mp3,PASS,"""[REDACTED_LOCAL_PATH]\Tony Hidayat\AQ_OpenWorld_Codec_Provenance\tools\gyan_ffmpeg_9.0_full\bin\ffmpeg.exe"" -y -hide_banner -i ""[REDACTED_LOCAL_PATH]\Tony Hidayat\AQ_OpenWorld_Codec_Provenance\39_bh_speech\canonical_selected\4507-16021-0056.wav"" -map_metadata -1 -vn -sn -dn -c:a libmp3lame -b:a 32k ""[REDACTED_LOCAL_PATH]\Tony Hidayat\AQ_OpenWorld_Codec_Provenance\42_bh_derivatives\encoded\b38c6e571f74925e184854a1.mp3""","""[REDACTED_LOCAL_PATH]\Tony Hidayat\AQ_OpenWorld_Codec_Provenance\tools\gyan_ffmpeg_9.0_full\bin\ffprobe.exe"" -v error -show_entries stream=codec_name,sample_rate,channels,duration,bit_rate:format=format_name,duration,bit_rate -of json ""[REDACTED_LOCAL_PATH]\Tony Hidayat\AQ_OpenWorld_Codec_Provenance\42_bh_derivatives\encoded\b38c6e571f74925e184854a1.mp3""","[REDACTED_LOCAL_PATH]\AppData\Local\CapCut\Apps\7.7.0.3143\ffmpeg.exe -y -hide_banner -i ""[REDACTED_LOCAL_PATH]\Tony Hidayat\AQ_OpenWorld_Codec_Provenance\42_bh_derivatives\encoded\b38c6e571f74925e184854a1.mp3"" -map_metadata -1 -vn -sn -dn -ac 1 -ar 48000 -sample_fmt s16 ""[REDACTED_LOCAL_PATH]\Tony Hidayat\AQ_OpenWorld_Codec_Provenance\42_bh_derivatives\decoded_raw\b38c6e571f74925e184854a1.wav"""
3a3b8b13de1ea74662d6b895,63f78337ba1065c532bf5afd9c7f0eec,4507,MP3,libmp3lame,libmp3lame,80,82.736,c5337cf15918af44dd6c7791a3fe7e1073a777ddd73aeb0328ea9311a42e8550,dbd84156db007f23c5ff0ffebec6473c7b85ec6381de1ecbca6df3f9ce097dbf,0,0.9999157401124628,96000,20684,[REDACTED_LOCAL_PATH]\Tony Hidayat\AQ_OpenWorld_Codec_Provenance\42_bh_derivatives\encoded\3a3b8b13de1ea74662d6b895.mp3,[REDACTED_LOCAL_PATH]\Tony Hidayat\AQ_OpenWorld_Codec_Provenance\42_bh_derivatives\decoded_raw\3a3b8b13de1ea74662d6b895.wav,[REDACTED_LOCAL_PATH]\Tony Hidayat\AQ_OpenWorld_Codec_Provenance\42_bh_derivatives\aligned_pcm\3a3b8b13de1ea74662d6b895.wav,AQ2D0BH_DERIV_V1|63f78337ba1065c532bf5afd9c7f0eec|MP3|80|libmp3lame|57c56e369d5b4873b4d93fc1a1d833cb7cd8bc9325c14b05c34ce60b22842d8a,0,0,0,mp3,PASS,"""[REDACTED_LOCAL_PATH]\Tony Hidayat\AQ_OpenWorld_Codec_Provenance\tools\gyan_ffmpeg_9.0_full\bin\ffmpeg.exe"" -y -hide_banner -i ""[REDACTED_LOCAL_PATH]\Tony Hidayat\AQ_OpenWorld_Codec_Provenance\39_bh_speech\canonical_selected\4507-16021-0056.wav"" -map_metadata -1 -vn -sn -dn -c:a libmp3lame -b:a 80k ""[REDACTED_LOCAL_PATH]\Tony Hidayat\AQ_OpenWorld_Codec_Provenance\42_bh_derivatives\encoded\3a3b8b13de1ea74662d6b895.mp3""","""[REDACTED_LOCAL_PATH]\Tony Hidayat\AQ_OpenWorld_Codec_Provenance\tools\gyan_ffmpeg_9.0_full\bin\ffprobe.exe"" -v error -show_entries stream=codec_name,sample_rate,channels,duration,bit_rate:format=format_name,duration,bit_rate -of json ""[REDACTED_LOCAL_PATH]\Tony Hidayat\AQ_OpenWorld_Codec_Provenance\42_bh_derivatives\encoded\3a3b8b13de1ea74662d6b895.mp3""","[REDACTED_LOCAL_PATH]\AppData\Local\CapCut\Apps\7.7.0.3143\ffmpeg.exe -y -hide_banner -i ""[REDACTED_LOCAL_PATH]\Tony Hidayat\AQ_OpenWorld_Codec_Provenance\42_bh_derivatives\encoded\3a3b8b13de1ea74662d6b895.mp3"" -map_metadata -1 -vn -sn -dn -ac 1 -ar 48000 -sample_fmt s16 ""[REDACTED_LOCAL_PATH]\Tony Hidayat\AQ_OpenWorld_Codec_Provenance\42_bh_derivatives\decoded_raw\3a3b8b13de1ea74662d6b895.wav"""
c311cebd91044fb8f8f7cd91,63f78337ba1065c532bf5afd9c7f0eec,4507,MP3,libmp3lame,libmp3lame,96,99.248,7d475a78c7d3a868c3d8b4f01a579a55ad757595463e0bd007b8dcb521ae0b4d,6dd2bca182dee791fba3f79c00aeb1273cf5c7f01159bda72df9cc72c2e864b7,0,0.9999773037773079,96000,24812,[REDACTED_LOCAL_PATH]\Tony Hidayat\AQ_OpenWorld_Codec_Provenance\42_bh_derivatives\encoded\c311cebd91044fb8f8f7cd91.mp3,[REDACTED_LOCAL_PATH]\Tony Hidayat\AQ_OpenWorld_Codec_Provenance\42_bh_derivatives\decoded_raw\c311cebd91044fb8f8f7cd91.wav,[REDACTED_LOCAL_PATH]\Tony Hidayat\AQ_OpenWorld_Codec_Provenance\42_bh_derivatives\aligned_pcm\c311cebd91044fb8f8f7cd91.wav,AQ2D0BH_DERIV_V1|63f78337ba1065c532bf5afd9c7f0eec|MP3|96|libmp3lame|57c56e369d5b4873b4d93fc1a1d833cb7cd8bc9325c14b05c34ce60b22842d8a,0,0,0,mp3,PASS,"""[REDACTED_LOCAL_PATH]\Tony Hidayat\AQ_OpenWorld_Codec_Provenance\tools\gyan_ffmpeg_9.0_full\bin\ffmpeg.exe"" -y -hide_banner -i ""[REDACTED_LOCAL_PATH]\Tony Hidayat\AQ_OpenWorld_Codec_Provenance\39_bh_speech\canonical_selected\4507-16021-0056.wav"" -map_metadata -1 -vn -sn -dn -c:a libmp3lame -b:a 96k ""[REDACTED_LOCAL_PATH]\Tony Hidayat\AQ_OpenWorld_Codec_Provenance\42_bh_derivatives\encoded\c311cebd91044fb8f8f7cd91.mp3""","""[REDACTED_LOCAL_PATH]\Tony Hidayat\AQ_OpenWorld_Codec_Provenance\tools\gyan_ffmpeg_9.0_full\bin\ffprobe.exe"" -v error -show_entries stream=codec_name,sample_rate,channels,duration,bit_rate:format=format_name,duration,bit_rate -of json ""[REDACTED_LOCAL_PATH]\Tony Hidayat\AQ_OpenWorld_Codec_Provenance\42_bh_derivatives\encoded\c311cebd91044fb8f8f7cd91.mp3""","[REDACTED_LOCAL_PATH]\AppData\Local\CapCut\Apps\7.7.0.3143\ffmpeg.exe -y -hide_banner -i ""[REDACTED_LOCAL_PATH]\Tony Hidayat\AQ_OpenWorld_Codec_Provenance\42_bh_derivatives\encoded\c311cebd91044fb8f8f7cd91.mp3"" -map_metadata -1 -vn -sn -dn -ac 1 -ar 48000 -sample_fmt s16 ""[REDACTED_LOCAL_PATH]\Tony Hidayat\AQ_OpenWorld_Codec_Provenance\42_bh_derivatives\decoded_raw\c311cebd91044fb8f8f7cd91.wav"""
d6d30c6fbed5dfbdf821b275,63f78337ba1065c532bf5afd9c7f0eec,4507,MP3,libmp3lame,libmp3lame,128,132.272,86b510ba3c460cba38ee2d64e1c553453d56e46dc224f350ddd0a051aa5feffb,1d236cd756bc6b624b6d2bd1236293a148c31aba2c459a349cf561f0ca94bcc4,0,0.9999957583272121,96000,33068,[REDACTED_LOCAL_PATH]\Tony Hidayat\AQ_OpenWorld_Codec_Provenance\42_bh_derivatives\encoded\d6d30c6fbed5dfbdf821b275.mp3,[REDACTED_LOCAL_PATH]\Tony Hidayat\AQ_OpenWorld_Codec_Provenance\42_bh_derivatives\decoded_raw\d6d30c6fbed5dfbdf821b275.wav,[REDACTED_LOCAL_PATH]\Tony Hidayat\AQ_OpenWorld_Codec_Provenance\42_bh_derivatives\aligned_pcm\d6d30c6fbed5dfbdf821b275.wav,AQ2D0BH_DERIV_V1|63f78337ba1065c532bf5afd9c7f0eec|MP3|128|libmp3lame|57c56e369d5b4873b4d93fc1a1d833cb7cd8bc9325c14b05c34ce60b22842d8a,0,0,0,mp3,PASS,"""[REDACTED_LOCAL_PATH]\Tony Hidayat\AQ_OpenWorld_Codec_Provenance\tools\gyan_ffmpeg_9.0_full\bin\ffmpeg.exe"" -y -hide_banner -i ""[REDACTED_LOCAL_PATH]\Tony Hidayat\AQ_OpenWorld_Codec_Provenance\39_bh_speech\canonical_selected\4507-16021-0056.wav"" -map_metadata -1 -vn -sn -dn -c:a libmp3lame -b:a 128k ""[REDACTED_LOCAL_PATH]\Tony Hidayat\AQ_OpenWorld_Codec_Provenance\42_bh_derivatives\encoded\d6d30c6fbed5dfbdf821b275.mp3""","""[REDACTED_LOCAL_PATH]\Tony Hidayat\AQ_OpenWorld_Codec_Provenance\tools\gyan_ffmpeg_9.0_full\bin\ffprobe.exe"" -v error -show_entries stream=codec_name,sample_rate,channels,duration,bit_rate:format=format_name,duration,bit_rate -of json ""[REDACTED_LOCAL_PATH]\Tony Hidayat\AQ_OpenWorld_Codec_Provenance\42_bh_derivatives\encoded\d6d30c6fbed5dfbdf821b275.mp3""","[REDACTED_LOCAL_PATH]\AppData\Local\CapCut\Apps\7.7.0.3143\ffmpeg.exe -y -hide_banner -i ""[REDACTED_LOCAL_PATH]\Tony Hidayat\AQ_OpenWorld_Codec_Provenance\42_bh_derivatives\encoded\d6d30c6fbed5dfbdf821b275.mp3"" -map_metadata -1 -vn -sn -dn -ac 1 -ar 48000 -sample_fmt s16 ""[REDACTED_LOCAL_PATH]\Tony Hidayat\AQ_OpenWorld_Codec_Provenance\42_bh_derivatives\decoded_raw\d6d30c6fbed5dfbdf821b275.wav"""
cbfaf6db0de7290ed6286df8,63f78337ba1065c532bf5afd9c7f0eec,4507,Opus,libopus,libopus,32,33.588,642ab33ad0db129ba1061e0684ee532487c1598b5ebec1bb2b3200c80e0ae40a,4caa4995c93d1bbc1c51329c9bbe741fa44b254fc7d1c4acc54fe86eadb66788,0,0.992742686902488,96000,8397,[REDACTED_LOCAL_PATH]\Tony Hidayat\AQ_OpenWorld_Codec_Provenance\42_bh_derivatives\encoded\cbfaf6db0de7290ed6286df8.opus,[REDACTED_LOCAL_PATH]\Tony Hidayat\AQ_OpenWorld_Codec_Provenance\42_bh_derivatives\decoded_raw\cbfaf6db0de7290ed6286df8.wav,[REDACTED_LOCAL_PATH]\Tony Hidayat\AQ_OpenWorld_Codec_Provenance\42_bh_derivatives\aligned_pcm\cbfaf6db0de7290ed6286df8.wav,AQ2D0BH_DERIV_V1|63f78337ba1065c532bf5afd9c7f0eec|Opus|32|libopus|57c56e369d5b4873b4d93fc1a1d833cb7cd8bc9325c14b05c34ce60b22842d8a,0,0,0,opus,PASS,"""[REDACTED_LOCAL_PATH]\Tony Hidayat\AQ_OpenWorld_Codec_Provenance\tools\gyan_ffmpeg_9.0_full\bin\ffmpeg.exe"" -y -hide_banner -i ""[REDACTED_LOCAL_PATH]\Tony Hidayat\AQ_OpenWorld_Codec_Provenance\39_bh_speech\canonical_selected\4507-16021-0056.wav"" -map_metadata -1 -vn -sn -dn -c:a libopus -b:a 32k -vbr off ""[REDACTED_LOCAL_PATH]\Tony Hidayat\AQ_OpenWorld_Codec_Provenance\42_bh_derivatives\encoded\cbfaf6db0de7290ed6286df8.opus""","""[REDACTED_LOCAL_PATH]\Tony Hidayat\AQ_OpenWorld_Codec_Provenance\tools\gyan_ffmpeg_9.0_full\bin\ffprobe.exe"" -v error -show_entries stream=codec_name,sample_rate,channels,duration,bit_rate:format=format_name,duration,bit_rate -of json ""[REDACTED_LOCAL_PATH]\Tony Hidayat\AQ_OpenWorld_Codec_Provenance\42_bh_derivatives\encoded\cbfaf6db0de7290ed6286df8.opus""","[REDACTED_LOCAL_PATH]\AppData\Local\CapCut\Apps\7.7.0.3143\ffmpeg.exe -y -hide_banner -i ""[REDACTED_LOCAL_PATH]\Tony Hidayat\AQ_OpenWorld_Codec_Provenance\42_bh_derivatives\encoded\cbfaf6db0de7290ed6286df8.opus"" -map_metadata -1 -vn -sn -dn -ac 1 -ar 48000 -sample_fmt s16 ""[REDACTED_LOCAL_PATH]\Tony Hidayat\AQ_OpenWorld_Codec_Provenance\42_bh_derivatives\decoded_raw\cbfaf6db0de7290ed6286df8.wav"""
867c40722a862cfe23bf9e5e,63f78337ba1065c532bf5afd9c7f0eec,4507,Opus,libopus,libopus,80,82.068,71969197390621c69c52726e0ec4bbe77e1461abb9b24a9800f07e0721ced7df,464f9c9eb568aa14c107468610a5e852b8daefdd9aaeb05effe797c0f9945d45,0,0.9992704444142798,96000,20517,[REDACTED_LOCAL_PATH]\Tony Hidayat\AQ_OpenWorld_Codec_Provenance\42_bh_derivatives\encoded\867c40722a862cfe23bf9e5e.opus,[REDACTED_LOCAL_PATH]\Tony Hidayat\AQ_OpenWorld_Codec_Provenance\42_bh_derivatives\decoded_raw\867c40722a862cfe23bf9e5e.wav,[REDACTED_LOCAL_PATH]\Tony Hidayat\AQ_OpenWorld_Codec_Provenance\42_bh_derivatives\aligned_pcm\867c40722a862cfe23bf9e5e.wav,AQ2D0BH_DERIV_V1|63f78337ba1065c532bf5afd9c7f0eec|Opus|80|libopus|57c56e369d5b4873b4d93fc1a1d833cb7cd8bc9325c14b05c34ce60b22842d8a,0,0,0,opus,PASS,"""[REDACTED_LOCAL_PATH]\Tony Hidayat\AQ_OpenWorld_Codec_Provenance\tools\gyan_ffmpeg_9.0_full\bin\ffmpeg.exe"" -y -hide_banner -i ""[REDACTED_LOCAL_PATH]\Tony Hidayat\AQ_OpenWorld_Codec_Provenance\39_bh_speech\canonical_selected\4507-16021-0056.wav"" -map_metadata -1 -vn -sn -dn -c:a libopus -b:a 80k -vbr off ""[REDACTED_LOCAL_PATH]\Tony Hidayat\AQ_OpenWorld_Codec_Provenance\42_bh_derivatives\encoded\867c40722a862cfe23bf9e5e.opus""","""[REDACTED_LOCAL_PATH]\Tony Hidayat\AQ_OpenWorld_Codec_Provenance\tools\gyan_ffmpeg_9.0_full\bin\ffprobe.exe"" -v error -show_entries stream=codec_name,sample_rate,channels,duration,bit_rate:format=format_name,duration,bit_rate -of json ""[REDACTED_LOCAL_PATH]\Tony Hidayat\AQ_OpenWorld_Codec_Provenance\42_bh_derivatives\encoded\867c40722a862cfe23bf9e5e.opus""","[REDACTED_LOCAL_PATH]\AppData\Local\CapCut\Apps\7.7.0.3143\ffmpeg.exe -y -hide_banner -i ""[REDACTED_LOCAL_PATH]\Tony Hidayat\AQ_OpenWorld_Codec_Provenance\42_bh_derivatives\encoded\867c40722a862cfe23bf9e5e.opus"" -map_metadata -1 -vn -sn -dn -ac 1 -ar 48000 -sample_fmt s16 ""[REDACTED_LOCAL_PATH]\Tony Hidayat\AQ_OpenWorld_Codec_Provenance\42_bh_derivatives\decoded_raw\867c40722a862cfe23bf9e5e.wav"""
d5bb9629f13cc9aeaacda6af,63f78337ba1065c532bf5afd9c7f0eec,4507,Opus,libopus,libopus,96,98.228,1ab9d13a12c0099419945d7f561e4684e8fadebf7155080b4a57541e29b9a594,feb21b8bb9dab6f3a5fc8f4b32bedaf17c7b16fff7dd12a112cc03a5a4610f1c,0,0.9994158154745317,96000,24557,[REDACTED_LOCAL_PATH]\Tony Hidayat\AQ_OpenWorld_Codec_Provenance\42_bh_derivatives\encoded\d5bb9629f13cc9aeaacda6af.opus,[REDACTED_LOCAL_PATH]\Tony Hidayat\AQ_OpenWorld_Codec_Provenance\42_bh_derivatives\decoded_raw\d5bb9629f13cc9aeaacda6af.wav,[REDACTED_LOCAL_PATH]\Tony Hidayat\AQ_OpenWorld_Codec_Provenance\42_bh_derivatives\aligned_pcm\d5bb9629f13cc9aeaacda6af.wav,AQ2D0BH_DERIV_V1|63f78337ba1065c532bf5afd9c7f0eec|Opus|96|libopus|57c56e369d5b4873b4d93fc1a1d833cb7cd8bc9325c14b05c34ce60b22842d8a,0,0,0,opus,PASS,"""[REDACTED_LOCAL_PATH]\Tony Hidayat\AQ_OpenWorld_Codec_Provenance\tools\gyan_ffmpeg_9.0_full\bin\ffmpeg.exe"" -y -hide_banner -i ""[REDACTED_LOCAL_PATH]\Tony Hidayat\AQ_OpenWorld_Codec_Provenance\39_bh_speech\canonical_selected\4507-16021-0056.wav"" -map_metadata -1 -vn -sn -dn -c:a libopus -b:a 96k -vbr off ""[REDACTED_LOCAL_PATH]\Tony Hidayat\AQ_OpenWorld_Codec_Provenance\42_bh_derivatives\encoded\d5bb9629f13cc9aeaacda6af.opus""","""[REDACTED_LOCAL_PATH]\Tony Hidayat\AQ_OpenWorld_Codec_Provenance\tools\gyan_ffmpeg_9.0_full\bin\ffprobe.exe"" -v error -show_entries stream=codec_name,sample_rate,channels,duration,bit_rate:format=format_name,duration,bit_rate -of json ""[REDACTED_LOCAL_PATH]\Tony Hidayat\AQ_OpenWorld_Codec_Provenance\42_bh_derivatives\encoded\d5bb9629f13cc9aeaacda6af.opus""","[REDACTED_LOCAL_PATH]\AppData\Local\CapCut\Apps\7.7.0.3143\ffmpeg.exe -y -hide_banner -i ""[REDACTED_LOCAL_PATH]\Tony Hidayat\AQ_OpenWorld_Codec_Provenance\42_bh_derivatives\encoded\d5bb9629f13cc9aeaacda6af.opus"" -map_metadata -1 -vn -sn -dn -ac 1 -ar 48000 -sample_fmt s16 ""[REDACTED_LOCAL_PATH]\Tony Hidayat\AQ_OpenWorld_Codec_Provenance\42_bh_derivatives\decoded_raw\d5bb9629f13cc9aeaacda6af.wav"""
a41d278ec333a6cca913ca28,63f78337ba1065c532bf5afd9c7f0eec,4507,Opus,libopus,libopus,128,130.952,b5b8a0c818b7b27bcc5f80a8ed2b416c2f39f1f1775a8eb48ed4d278871f4a5c,2db3899193587055a26ce3067c47de0dbd241ea675c5801712f416b499ccb8df,0,0.9997084152887339,96000,32738,[REDACTED_LOCAL_PATH]\Tony Hidayat\AQ_OpenWorld_Codec_Provenance\42_bh_derivatives\encoded\a41d278ec333a6cca913ca28.opus,[REDACTED_LOCAL_PATH]\Tony Hidayat\AQ_OpenWorld_Codec_Provenance\42_bh_derivatives\decoded_raw\a41d278ec333a6cca913ca28.wav,[REDACTED_LOCAL_PATH]\Tony Hidayat\AQ_OpenWorld_Codec_Provenance\42_bh_derivatives\aligned_pcm\a41d278ec333a6cca913ca28.wav,AQ2D0BH_DERIV_V1|63f78337ba1065c532bf5afd9c7f0eec|Opus|128|libopus|57c56e369d5b4873b4d93fc1a1d833cb7cd8bc9325c14b05c34ce60b22842d8a,0,0,0,opus,PASS,"""[REDACTED_LOCAL_PATH]\Tony Hidayat\AQ_OpenWorld_Codec_Provenance\tools\gyan_ffmpeg_9.0_full\bin\ffmpeg.exe"" -y -hide_banner -i ""[REDACTED_LOCAL_PATH]\Tony Hidayat\AQ_OpenWorld_Codec_Provenance\39_bh_speech\canonical_selected\4507-16021-0056.wav"" -map_metadata -1 -vn -sn -dn -c:a libopus -b:a 128k -vbr off ""[REDACTED_LOCAL_PATH]\Tony Hidayat\AQ_OpenWorld_Codec_Provenance\42_bh_derivatives\encoded\a41d278ec333a6cca913ca28.opus""","""[REDACTED_LOCAL_PATH]\Tony Hidayat\AQ_OpenWorld_Codec_Provenance\tools\gyan_ffmpeg_9.0_full\bin\ffprobe.exe"" -v error -show_entries stream=codec_name,sample_rate,channels,duration,bit_rate:format=format_name,duration,bit_rate -of json ""[REDACTED_LOCAL_PATH]\Tony Hidayat\AQ_OpenWorld_Codec_Provenance\42_bh_derivatives\encoded\a41d278ec333a6cca913ca28.opus""","[REDACTED_LOCAL_PATH]\AppData\Local\CapCut\Apps\7.7.0.3143\ffmpeg.exe -y -hide_banner -i ""[REDACTED_LOCAL_PATH]\Tony Hidayat\AQ_OpenWorld_Codec_Provenance\42_bh_derivatives\encoded\a41d278ec333a6cca913ca28.opus"" -map_metadata -1 -vn -sn -dn -ac 1 -ar 48000 -sample_fmt s16 ""[REDACTED_LOCAL_PATH]\Tony Hidayat\AQ_OpenWorld_Codec_Provenance\42_bh_derivatives\decoded_raw\a41d278ec333a6cca913ca28.wav"""
16bcfad8e28c8b0e39653a72,6a6f61fdbc25ae8dcc9d5152755c7e39,8555,AAC,aac,FFmpeg-native AAC,32,37.52,5fce872f0369b1a749e5f4c17b13dabe2457154fd78e727fea94addad541cb30,dbf95684b5184df2fd6bfae1099fc7e0b0e3a55b7d3fbaf8a725e547526b17e9,0,0.978191797430321,96000,9380,[REDACTED_LOCAL_PATH]\Tony Hidayat\AQ_OpenWorld_Codec_Provenance\42_bh_derivatives\encoded\16bcfad8e28c8b0e39653a72.m4a,[REDACTED_LOCAL_PATH]\Tony Hidayat\AQ_OpenWorld_Codec_Provenance\42_bh_derivatives\decoded_raw\16bcfad8e28c8b0e39653a72.wav,[REDACTED_LOCAL_PATH]\Tony Hidayat\AQ_OpenWorld_Codec_Provenance\42_bh_derivatives\aligned_pcm\16bcfad8e28c8b0e39653a72.wav,AQ2D0BH_DERIV_V1|6a6f61fdbc25ae8dcc9d5152755c7e39|AAC|32|FFmpeg-native AAC|57c56e369d5b4873b4d93fc1a1d833cb7cd8bc9325c14b05c34ce60b22842d8a,0,0,0,aac,PASS,"""[REDACTED_LOCAL_PATH]\Tony Hidayat\AQ_OpenWorld_Codec_Provenance\tools\gyan_ffmpeg_9.0_full\bin\ffmpeg.exe"" -y -hide_banner -i ""[REDACTED_LOCAL_PATH]\Tony Hidayat\AQ_OpenWorld_Codec_Provenance\39_bh_speech\canonical_selected\8555-284447-0020.wav"" -map_metadata -1 -vn -sn -dn -c:a aac -b:a 32k ""[REDACTED_LOCAL_PATH]\Tony Hidayat\AQ_OpenWorld_Codec_Provenance\42_bh_derivatives\encoded\16bcfad8e28c8b0e39653a72.m4a""","""[REDACTED_LOCAL_PATH]\Tony Hidayat\AQ_OpenWorld_Codec_Provenance\tools\gyan_ffmpeg_9.0_full\bin\ffprobe.exe"" -v error -show_entries stream=codec_name,sample_rate,channels,duration,bit_rate:format=format_name,duration,bit_rate -of json ""[REDACTED_LOCAL_PATH]\Tony Hidayat\AQ_OpenWorld_Codec_Provenance\42_bh_derivatives\encoded\16bcfad8e28c8b0e39653a72.m4a""","[REDACTED_LOCAL_PATH]\AppData\Local\CapCut\Apps\7.7.0.3143\ffmpeg.exe -y -hide_banner -i ""[REDACTED_LOCAL_PATH]\Tony Hidayat\AQ_OpenWorld_Codec_Provenance\42_bh_derivatives\encoded\16bcfad8e28c8b0e39653a72.m4a"" -map_metadata -1 -vn -sn -dn -ac 1 -ar 48000 -sample_fmt s16 ""[REDACTED_LOCAL_PATH]\Tony Hidayat\AQ_OpenWorld_Codec_Provenance\42_bh_derivatives\decoded_raw\16bcfad8e28c8b0e39653a72.wav"""
b615ede30c69c4cb6589bfe2,6a6f61fdbc25ae8dcc9d5152755c7e39,8555,AAC,aac,FFmpeg-native AAC,80,86.672,9e4ce9a267b48f4daeb52c47e5bfbed3037450b9857648c900112803502bcf18,8c82320a1d2d7ebddd05c0c758416e768ebf38e37dd9fa6a1f0d92f51ebccb7d,0,0.9989218802689185,96000,21668,[REDACTED_LOCAL_PATH]\Tony Hidayat\AQ_OpenWorld_Codec_Provenance\42_bh_derivatives\encoded\b615ede30c69c4cb6589bfe2.m4a,[REDACTED_LOCAL_PATH]\Tony Hidayat\AQ_OpenWorld_Codec_Provenance\42_bh_derivatives\decoded_raw\b615ede30c69c4cb6589bfe2.wav,[REDACTED_LOCAL_PATH]\Tony Hidayat\AQ_OpenWorld_Codec_Provenance\42_bh_derivatives\aligned_pcm\b615ede30c69c4cb6589bfe2.wav,AQ2D0BH_DERIV_V1|6a6f61fdbc25ae8dcc9d5152755c7e39|AAC|80|FFmpeg-native AAC|57c56e369d5b4873b4d93fc1a1d833cb7cd8bc9325c14b05c34ce60b22842d8a,0,0,0,aac,PASS,"""[REDACTED_LOCAL_PATH]\Tony Hidayat\AQ_OpenWorld_Codec_Provenance\tools\gyan_ffmpeg_9.0_full\bin\ffmpeg.exe"" -y -hide_banner -i ""[REDACTED_LOCAL_PATH]\Tony Hidayat\AQ_OpenWorld_Codec_Provenance\39_bh_speech\canonical_selected\8555-284447-0020.wav"" -map_metadata -1 -vn -sn -dn -c:a aac -b:a 80k ""[REDACTED_LOCAL_PATH]\Tony Hidayat\AQ_OpenWorld_Codec_Provenance\42_bh_derivatives\encoded\b615ede30c69c4cb6589bfe2.m4a""","""[REDACTED_LOCAL_PATH]\Tony Hidayat\AQ_OpenWorld_Codec_Provenance\tools\gyan_ffmpeg_9.0_full\bin\ffprobe.exe"" -v error -show_entries stream=codec_name,sample_rate,channels,duration,bit_rate:format=format_name,duration,bit_rate -of json ""[REDACTED_LOCAL_PATH]\Tony Hidayat\AQ_OpenWorld_Codec_Provenance\42_bh_derivatives\encoded\b615ede30c69c4cb6589bfe2.m4a""","[REDACTED_LOCAL_PATH]\AppData\Local\CapCut\Apps\7.7.0.3143\ffmpeg.exe -y -hide_banner -i ""[REDACTED_LOCAL_PATH]\Tony Hidayat\AQ_OpenWorld_Codec_Provenance\42_bh_derivatives\encoded\b615ede30c69c4cb6589bfe2.m4a"" -map_metadata -1 -vn -sn -dn -ac 1 -ar 48000 -sample_fmt s16 ""[REDACTED_LOCAL_PATH]\Tony Hidayat\AQ_OpenWorld_Codec_Provenance\42_bh_derivatives\decoded_raw\b615ede30c69c4cb6589bfe2.wav"""
cb12a501c4846d9a7e934274,6a6f61fdbc25ae8dcc9d5152755c7e39,8555,AAC,aac,FFmpeg-native AAC,96,103.136,7b9016c8e5125ac68e84d4dd83d6f75ca60e4cd4d2a56bff57ac6a4433047c54,6024ba32c1b8b7f9af7dba8a1fd2768bc0885979198dec13e0ab305683731b5e,0,0.9989918777980786,96000,25784,[REDACTED_LOCAL_PATH]\Tony Hidayat\AQ_OpenWorld_Codec_Provenance\42_bh_derivatives\encoded\cb12a501c4846d9a7e934274.m4a,[REDACTED_LOCAL_PATH]\Tony Hidayat\AQ_OpenWorld_Codec_Provenance\42_bh_derivatives\decoded_raw\cb12a501c4846d9a7e934274.wav,[REDACTED_LOCAL_PATH]\Tony Hidayat\AQ_OpenWorld_Codec_Provenance\42_bh_derivatives\aligned_pcm\cb12a501c4846d9a7e934274.wav,AQ2D0BH_DERIV_V1|6a6f61fdbc25ae8dcc9d5152755c7e39|AAC|96|FFmpeg-native AAC|57c56e369d5b4873b4d93fc1a1d833cb7cd8bc9325c14b05c34ce60b22842d8a,0,0,0,aac,PASS,"""[REDACTED_LOCAL_PATH]\Tony Hidayat\AQ_OpenWorld_Codec_Provenance\tools\gyan_ffmpeg_9.0_full\bin\ffmpeg.exe"" -y -hide_banner -i ""[REDACTED_LOCAL_PATH]\Tony Hidayat\AQ_OpenWorld_Codec_Provenance\39_bh_speech\canonical_selected\8555-284447-0020.wav"" -map_metadata -1 -vn -sn -dn -c:a aac -b:a 96k ""[REDACTED_LOCAL_PATH]\Tony Hidayat\AQ_OpenWorld_Codec_Provenance\42_bh_derivatives\encoded\cb12a501c4846d9a7e934274.m4a""","""[REDACTED_LOCAL_PATH]\Tony Hidayat\AQ_OpenWorld_Codec_Provenance\tools\gyan_ffmpeg_9.0_full\bin\ffprobe.exe"" -v error -show_entries stream=codec_name,sample_rate,channels,duration,bit_rate:format=format_name,duration,bit_rate -of json ""[REDACTED_LOCAL_PATH]\Tony Hidayat\AQ_OpenWorld_Codec_Provenance\42_bh_derivatives\encoded\cb12a501c4846d9a7e934274.m4a""","[REDACTED_LOCAL_PATH]\AppData\Local\CapCut\Apps\7.7.0.3143\ffmpeg.exe -y -hide_banner -i ""[REDACTED_LOCAL_PATH]\Tony Hidayat\AQ_OpenWorld_Codec_Provenance\42_bh_derivatives\encoded\cb12a501c4846d9a7e934274.m4a"" -map_metadata -1 -vn -sn -dn -ac 1 -ar 48000 -sample_fmt s16 ""[REDACTED_LOCAL_PATH]\Tony Hidayat\AQ_OpenWorld_Codec_Provenance\42_bh_derivatives\decoded_raw\cb12a501c4846d9a7e934274.wav"""
88f608847b8eec9962d7f57b,6a6f61fdbc25ae8dcc9d5152755c7e39,8555,AAC,aac,FFmpeg-native AAC,128,131.864,8cf7aa60f3006ae4ba805c7ec1269eb466a23eebb6db8a5afbc47df2b84f6d35,19f6b029f3cad3d5432064f07ea7a87f05fdf54f020a8fece100dd9a3c9096a6,0,0.999109944147137,96000,32966,[REDACTED_LOCAL_PATH]\Tony Hidayat\AQ_OpenWorld_Codec_Provenance\42_bh_derivatives\encoded\88f608847b8eec9962d7f57b.m4a,[REDACTED_LOCAL_PATH]\Tony Hidayat\AQ_OpenWorld_Codec_Provenance\42_bh_derivatives\decoded_raw\88f608847b8eec9962d7f57b.wav,[REDACTED_LOCAL_PATH]\Tony Hidayat\AQ_OpenWorld_Codec_Provenance\42_bh_derivatives\aligned_pcm\88f608847b8eec9962d7f57b.wav,AQ2D0BH_DERIV_V1|6a6f61fdbc25ae8dcc9d5152755c7e39|AAC|128|FFmpeg-native AAC|57c56e369d5b4873b4d93fc1a1d833cb7cd8bc9325c14b05c34ce60b22842d8a,0,0,0,aac,PASS,"""[REDACTED_LOCAL_PATH]\Tony Hidayat\AQ_OpenWorld_Codec_Provenance\tools\gyan_ffmpeg_9.0_full\bin\ffmpeg.exe"" -y -hide_banner -i ""[REDACTED_LOCAL_PATH]\Tony Hidayat\AQ_OpenWorld_Codec_Provenance\39_bh_speech\canonical_selected\8555-284447-0020.wav"" -map_metadata -1 -vn -sn -dn -c:a aac -b:a 128k ""[REDACTED_LOCAL_PATH]\Tony Hidayat\AQ_OpenWorld_Codec_Provenance\42_bh_derivatives\encoded\88f608847b8eec9962d7f57b.m4a""","""[REDACTED_LOCAL_PATH]\Tony Hidayat\AQ_OpenWorld_Codec_Provenance\tools\gyan_ffmpeg_9.0_full\bin\ffprobe.exe"" -v error -show_entries stream=codec_name,sample_rate,channels,duration,bit_rate:format=format_name,duration,bit_rate -of json ""[REDACTED_LOCAL_PATH]\Tony Hidayat\AQ_OpenWorld_Codec_Provenance\42_bh_derivatives\encoded\88f608847b8eec9962d7f57b.m4a""","[REDACTED_LOCAL_PATH]\AppData\Local\CapCut\Apps\7.7.0.3143\ffmpeg.exe -y -hide_banner -i ""[REDACTED_LOCAL_PATH]\Tony Hidayat\AQ_OpenWorld_Codec_Provenance\42_bh_derivatives\encoded\88f608847b8eec9962d7f57b.m4a"" -map_metadata -1 -vn -sn -dn -ac 1 -ar 48000 -sample_fmt s16 ""[REDACTED_LOCAL_PATH]\Tony Hidayat\AQ_OpenWorld_Codec_Provenance\42_bh_derivatives\decoded_raw\88f608847b8eec9962d7f57b.wav"""
765f48a7614ae4bb66b6ea98,6a6f61fdbc25ae8dcc9d5152755c7e39,8555,MP3,libmp3lame,libmp3lame,32,33.584,6e6bc0377fdc10e0641a4a58401d04a33710408f5f1a2d03175f0f309c28c64e,4da738de8ced600cbbdfc248fc7da5eac56ca9d1eb010b882238139fbee18e95,0,0.9964924805987277,96000,8396,[REDACTED_LOCAL_PATH]\Tony Hidayat\AQ_OpenWorld_Codec_Provenance\42_bh_derivatives\encoded\765f48a7614ae4bb66b6ea98.mp3,[REDACTED_LOCAL_PATH]\Tony Hidayat\AQ_OpenWorld_Codec_Provenance\42_bh_derivatives\decoded_raw\765f48a7614ae4bb66b6ea98.wav,[REDACTED_LOCAL_PATH]\Tony Hidayat\AQ_OpenWorld_Codec_Provenance\42_bh_derivatives\aligned_pcm\765f48a7614ae4bb66b6ea98.wav,AQ2D0BH_DERIV_V1|6a6f61fdbc25ae8dcc9d5152755c7e39|MP3|32|libmp3lame|57c56e369d5b4873b4d93fc1a1d833cb7cd8bc9325c14b05c34ce60b22842d8a,0,0,0,mp3,PASS,"""[REDACTED_LOCAL_PATH]\Tony Hidayat\AQ_OpenWorld_Codec_Provenance\tools\gyan_ffmpeg_9.0_full\bin\ffmpeg.exe"" -y -hide_banner -i ""[REDACTED_LOCAL_PATH]\Tony Hidayat\AQ_OpenWorld_Codec_Provenance\39_bh_speech\canonical_selected\8555-284447-0020.wav"" -map_metadata -1 -vn -sn -dn -c:a libmp3lame -b:a 32k ""[REDACTED_LOCAL_PATH]\Tony Hidayat\AQ_OpenWorld_Codec_Provenance\42_bh_derivatives\encoded\765f48a7614ae4bb66b6ea98.mp3""","""[REDACTED_LOCAL_PATH]\Tony Hidayat\AQ_OpenWorld_Codec_Provenance\tools\gyan_ffmpeg_9.0_full\bin\ffprobe.exe"" -v error -show_entries stream=codec_name,sample_rate,channels,duration,bit_rate:format=format_name,duration,bit_rate -of json ""[REDACTED_LOCAL_PATH]\Tony Hidayat\AQ_OpenWorld_Codec_Provenance\42_bh_derivatives\encoded\765f48a7614ae4bb66b6ea98.mp3""","[REDACTED_LOCAL_PATH]\AppData\Local\CapCut\Apps\7.7.0.3143\ffmpeg.exe -y -hide_banner -i ""[REDACTED_LOCAL_PATH]\Tony Hidayat\AQ_OpenWorld_Codec_Provenance\42_bh_derivatives\encoded\765f48a7614ae4bb66b6ea98.mp3"" -map_metadata -1 -vn -sn -dn -ac 1 -ar 48000 -sample_fmt s16 ""[REDACTED_LOCAL_PATH]\Tony Hidayat\AQ_OpenWorld_Codec_Provenance\42_bh_derivatives\decoded_raw\765f48a7614ae4bb66b6ea98.wav"""
d142decc0dc75810fbf94baa,6a6f61fdbc25ae8dcc9d5152755c7e39,8555,MP3,libmp3lame,libmp3lame,80,82.736,336cfabbebe47b06cda7adde93693bb186f5a4bd9ceab34f40abfe301a91fcd7,2fad62665b00f6547d5a51f7d4882f23c9aa2f266f46319a3fb7622373dd4ca2,0,0.9999561244649617,96000,20684,[REDACTED_LOCAL_PATH]\Tony Hidayat\AQ_OpenWorld_Codec_Provenance\42_bh_derivatives\encoded\d142decc0dc75810fbf94baa.mp3,[REDACTED_LOCAL_PATH]\Tony Hidayat\AQ_OpenWorld_Codec_Provenance\42_bh_derivatives\decoded_raw\d142decc0dc75810fbf94baa.wav,[REDACTED_LOCAL_PATH]\Tony Hidayat\AQ_OpenWorld_Codec_Provenance\42_bh_derivatives\aligned_pcm\d142decc0dc75810fbf94baa.wav,AQ2D0BH_DERIV_V1|6a6f61fdbc25ae8dcc9d5152755c7e39|MP3|80|libmp3lame|57c56e369d5b4873b4d93fc1a1d833cb7cd8bc9325c14b05c34ce60b22842d8a,0,0,0,mp3,PASS,"""[REDACTED_LOCAL_PATH]\Tony Hidayat\AQ_OpenWorld_Codec_Provenance\tools\gyan_ffmpeg_9.0_full\bin\ffmpeg.exe"" -y -hide_banner -i ""[REDACTED_LOCAL_PATH]\Tony Hidayat\AQ_OpenWorld_Codec_Provenance\39_bh_speech\canonical_selected\8555-284447-0020.wav"" -map_metadata -1 -vn -sn -dn -c:a libmp3lame -b:a 80k ""[REDACTED_LOCAL_PATH]\Tony Hidayat\AQ_OpenWorld_Codec_Provenance\42_bh_derivatives\encoded\d142decc0dc75810fbf94baa.mp3""","""[REDACTED_LOCAL_PATH]\Tony Hidayat\AQ_OpenWorld_Codec_Provenance\tools\gyan_ffmpeg_9.0_full\bin\ffprobe.exe"" -v error -show_entries stream=codec_name,sample_rate,channels,duration,bit_rate:format=format_name,duration,bit_rate -of json ""[REDACTED_LOCAL_PATH]\Tony Hidayat\AQ_OpenWorld_Codec_Provenance\42_bh_derivatives\encoded\d142decc0dc75810fbf94baa.mp3""","[REDACTED_LOCAL_PATH]\AppData\Local\CapCut\Apps\7.7.0.3143\ffmpeg.exe -y -hide_banner -i ""[REDACTED_LOCAL_PATH]\Tony Hidayat\AQ_OpenWorld_Codec_Provenance\42_bh_derivatives\encoded\d142decc0dc75810fbf94baa.mp3"" -map_metadata -1 -vn -sn -dn -ac 1 -ar 48000 -sample_fmt s16 ""[REDACTED_LOCAL_PATH]\Tony Hidayat\AQ_OpenWorld_Codec_Provenance\42_bh_derivatives\decoded_raw\d142decc0dc75810fbf94baa.wav"""
6c3bbbf9083d14b832e852b6,6a6f61fdbc25ae8dcc9d5152755c7e39,8555,MP3,libmp3lame,libmp3lame,96,99.248,dcc6a5589be4b456b5e8175f1a822fd492559d97697240c3e17c976e8b20bcd9,21717b1a07915443d755bdeb38378f6a3e69d68a49f48d68432d899af21d3532,0,0.9999909890519124,96000,24812,[REDACTED_LOCAL_PATH]\Tony Hidayat\AQ_OpenWorld_Codec_Provenance\42_bh_derivatives\encoded\6c3bbbf9083d14b832e852b6.mp3,[REDACTED_LOCAL_PATH]\Tony Hidayat\AQ_OpenWorld_Codec_Provenance\42_bh_derivatives\decoded_raw\6c3bbbf9083d14b832e852b6.wav,[REDACTED_LOCAL_PATH]\Tony Hidayat\AQ_OpenWorld_Codec_Provenance\42_bh_derivatives\aligned_pcm\6c3bbbf9083d14b832e852b6.wav,AQ2D0BH_DERIV_V1|6a6f61fdbc25ae8dcc9d5152755c7e39|MP3|96|libmp3lame|57c56e369d5b4873b4d93fc1a1d833cb7cd8bc9325c14b05c34ce60b22842d8a,0,0,0,mp3,PASS,"""[REDACTED_LOCAL_PATH]\Tony Hidayat\AQ_OpenWorld_Codec_Provenance\tools\gyan_ffmpeg_9.0_full\bin\ffmpeg.exe"" -y -hide_banner -i ""[REDACTED_LOCAL_PATH]\Tony Hidayat\AQ_OpenWorld_Codec_Provenance\39_bh_speech\canonical_selected\8555-284447-0020.wav"" -map_metadata -1 -vn -sn -dn -c:a libmp3lame -b:a 96k ""[REDACTED_LOCAL_PATH]\Tony Hidayat\AQ_OpenWorld_Codec_Provenance\42_bh_derivatives\encoded\6c3bbbf9083d14b832e852b6.mp3""","""[REDACTED_LOCAL_PATH]\Tony Hidayat\AQ_OpenWorld_Codec_Provenance\tools\gyan_ffmpeg_9.0_full\bin\ffprobe.exe"" -v error -show_entries stream=codec_name,sample_rate,channels,duration,bit_rate:format=format_name,duration,bit_rate -of json ""[REDACTED_LOCAL_PATH]\Tony Hidayat\AQ_OpenWorld_Codec_Provenance\42_bh_derivatives\encoded\6c3bbbf9083d14b832e852b6.mp3""","[REDACTED_LOCAL_PATH]\AppData\Local\CapCut\Apps\7.7.0.3143\ffmpeg.exe -y -hide_banner -i ""[REDACTED_LOCAL_PATH]\Tony Hidayat\AQ_OpenWorld_Codec_Provenance\42_bh_derivatives\encoded\6c3bbbf9083d14b832e852b6.mp3"" -map_metadata -1 -vn -sn -dn -ac 1 -ar 48000 -sample_fmt s16 ""[REDACTED_LOCAL_PATH]\Tony Hidayat\AQ_OpenWorld_Codec_Provenance\42_bh_derivatives\decoded_raw\6c3bbbf9083d14b832e852b6.wav"""
5211c7646adad25bc64214e3,6a6f61fdbc25ae8dcc9d5152755c7e39,8555,MP3,libmp3lame,libmp3lame,128,132.272,e02be63cd0bf8737f3507d8831ebc71c3c13d214a0121771f11aed8bd15df72f,55b7f99e4326e92e9fadbdad8457214b8a558c3b19387a9139c09619d67e9120,0,0.9999980950475813,96000,33068,[REDACTED_LOCAL_PATH]\Tony Hidayat\AQ_OpenWorld_Codec_Provenance\42_bh_derivatives\encoded\5211c7646adad25bc64214e3.mp3,[REDACTED_LOCAL_PATH]\Tony Hidayat\AQ_OpenWorld_Codec_Provenance\42_bh_derivatives\decoded_raw\5211c7646adad25bc64214e3.wav,[REDACTED_LOCAL_PATH]\Tony Hidayat\AQ_OpenWorld_Codec_Provenance\42_bh_derivatives\aligned_pcm\5211c7646adad25bc64214e3.wav,AQ2D0BH_DERIV_V1|6a6f61fdbc25ae8dcc9d5152755c7e39|MP3|128|libmp3lame|57c56e369d5b4873b4d93fc1a1d833cb7cd8bc9325c14b05c34ce60b22842d8a,0,0,0,mp3,PASS,"""[REDACTED_LOCAL_PATH]\Tony Hidayat\AQ_OpenWorld_Codec_Provenance\tools\gyan_ffmpeg_9.0_full\bin\ffmpeg.exe"" -y -hide_banner -i ""[REDACTED_LOCAL_PATH]\Tony Hidayat\AQ_OpenWorld_Codec_Provenance\39_bh_speech\canonical_selected\8555-284447-0020.wav"" -map_metadata -1 -vn -sn -dn -c:a libmp3lame -b:a 128k ""[REDACTED_LOCAL_PATH]\Tony Hidayat\AQ_OpenWorld_Codec_Provenance\42_bh_derivatives\encoded\5211c7646adad25bc64214e3.mp3""","""[REDACTED_LOCAL_PATH]\Tony Hidayat\AQ_OpenWorld_Codec_Provenance\tools\gyan_ffmpeg_9.0_full\bin\ffprobe.exe"" -v error -show_entries stream=codec_name,sample_rate,channels,duration,bit_rate:format=format_name,duration,bit_rate -of json ""[REDACTED_LOCAL_PATH]\Tony Hidayat\AQ_OpenWorld_Codec_Provenance\42_bh_derivatives\encoded\5211c7646adad25bc64214e3.mp3""","[REDACTED_LOCAL_PATH]\AppData\Local\CapCut\Apps\7.7.0.3143\ffmpeg.exe -y -hide_banner -i ""[REDACTED_LOCAL_PATH]\Tony Hidayat\AQ_OpenWorld_Codec_Provenance\42_bh_derivatives\encoded\5211c7646adad25bc64214e3.mp3"" -map_metadata -1 -vn -sn -dn -ac 1 -ar 48000 -sample_fmt s16 ""[REDACTED_LOCAL_PATH]\Tony Hidayat\AQ_OpenWorld_Codec_Provenance\42_bh_derivatives\decoded_raw\5211c7646adad25bc64214e3.wav"""
637dc9870e01a979f971c3f1,6a6f61fdbc25ae8dcc9d5152755c7e39,8555,Opus,libopus,libopus,32,33.588,7e55bf736dac929bd20650088f117e708a47ffdfffdc4c94c795faeb960205d9,86a8cf1c8ce0c3399a368f3b31fc02270a84248b80aed88ceb68f39a4ad9f9f0,0,0.995295352059359,96000,8397,[REDACTED_LOCAL_PATH]\Tony Hidayat\AQ_OpenWorld_Codec_Provenance\42_bh_derivatives\encoded\637dc9870e01a979f971c3f1.opus,[REDACTED_LOCAL_PATH]\Tony Hidayat\AQ_OpenWorld_Codec_Provenance\42_bh_derivatives\decoded_raw\637dc9870e01a979f971c3f1.wav,[REDACTED_LOCAL_PATH]\Tony Hidayat\AQ_OpenWorld_Codec_Provenance\42_bh_derivatives\aligned_pcm\637dc9870e01a979f971c3f1.wav,AQ2D0BH_DERIV_V1|6a6f61fdbc25ae8dcc9d5152755c7e39|Opus|32|libopus|57c56e369d5b4873b4d93fc1a1d833cb7cd8bc9325c14b05c34ce60b22842d8a,0,0,0,opus,PASS,"""[REDACTED_LOCAL_PATH]\Tony Hidayat\AQ_OpenWorld_Codec_Provenance\tools\gyan_ffmpeg_9.0_full\bin\ffmpeg.exe"" -y -hide_banner -i ""[REDACTED_LOCAL_PATH]\Tony Hidayat\AQ_OpenWorld_Codec_Provenance\39_bh_speech\canonical_selected\8555-284447-0020.wav"" -map_metadata -1 -vn -sn -dn -c:a libopus -b:a 32k -vbr off ""[REDACTED_LOCAL_PATH]\Tony Hidayat\AQ_OpenWorld_Codec_Provenance\42_bh_derivatives\encoded\637dc9870e01a979f971c3f1.opus""","""[REDACTED_LOCAL_PATH]\Tony Hidayat\AQ_OpenWorld_Codec_Provenance\tools\gyan_ffmpeg_9.0_full\bin\ffprobe.exe"" -v error -show_entries stream=codec_name,sample_rate,channels,duration,bit_rate:format=format_name,duration,bit_rate -of json ""[REDACTED_LOCAL_PATH]\Tony Hidayat\AQ_OpenWorld_Codec_Provenance\42_bh_derivatives\encoded\637dc9870e01a979f971c3f1.opus""","[REDACTED_LOCAL_PATH]\AppData\Local\CapCut\Apps\7.7.0.3143\ffmpeg.exe -y -hide_banner -i ""[REDACTED_LOCAL_PATH]\Tony Hidayat\AQ_OpenWorld_Codec_Provenance\42_bh_derivatives\encoded\637dc9870e01a979f971c3f1.opus"" -map_metadata -1 -vn -sn -dn -ac 1 -ar 48000 -sample_fmt s16 ""[REDACTED_LOCAL_PATH]\Tony Hidayat\AQ_OpenWorld_Codec_Provenance\42_bh_derivatives\decoded_raw\637dc9870e01a979f971c3f1.wav"""
08fec2d153b9b3423672c2b5,6a6f61fdbc25ae8dcc9d5152755c7e39,8555,Opus,libopus,libopus,80,82.068,4bc2cf560a30645078bc18a40e189769cd4772a54aab45a9c4d0890fe0945a0b,3a97702c58e7742e1e0fc5f91c29593a731e1c27aefdb150f2f1c1222f1ede48,0,0.999500247088095,96000,20517,[REDACTED_LOCAL_PATH]\Tony Hidayat\AQ_OpenWorld_Codec_Provenance\42_bh_derivatives\encoded\08fec2d153b9b3423672c2b5.opus,[REDACTED_LOCAL_PATH]\Tony Hidayat\AQ_OpenWorld_Codec_Provenance\42_bh_derivatives\decoded_raw\08fec2d153b9b3423672c2b5.wav,[REDACTED_LOCAL_PATH]\Tony Hidayat\AQ_OpenWorld_Codec_Provenance\42_bh_derivatives\aligned_pcm\08fec2d153b9b3423672c2b5.wav,AQ2D0BH_DERIV_V1|6a6f61fdbc25ae8dcc9d5152755c7e39|Opus|80|libopus|57c56e369d5b4873b4d93fc1a1d833cb7cd8bc9325c14b05c34ce60b22842d8a,0,0,0,opus,PASS,"""[REDACTED_LOCAL_PATH]\Tony Hidayat\AQ_OpenWorld_Codec_Provenance\tools\gyan_ffmpeg_9.0_full\bin\ffmpeg.exe"" -y -hide_banner -i ""[REDACTED_LOCAL_PATH]\Tony Hidayat\AQ_OpenWorld_Codec_Provenance\39_bh_speech\canonical_selected\8555-284447-0020.wav"" -map_metadata -1 -vn -sn -dn -c:a libopus -b:a 80k -vbr off ""[REDACTED_LOCAL_PATH]\Tony Hidayat\AQ_OpenWorld_Codec_Provenance\42_bh_derivatives\encoded\08fec2d153b9b3423672c2b5.opus""","""[REDACTED_LOCAL_PATH]\Tony Hidayat\AQ_OpenWorld_Codec_Provenance\tools\gyan_ffmpeg_9.0_full\bin\ffprobe.exe"" -v error -show_entries stream=codec_name,sample_rate,channels,duration,bit_rate:format=format_name,duration,bit_rate -of json ""[REDACTED_LOCAL_PATH]\Tony Hidayat\AQ_OpenWorld_Codec_Provenance\42_bh_derivatives\encoded\08fec2d153b9b3423672c2b5.opus""","[REDACTED_LOCAL_PATH]\AppData\Local\CapCut\Apps\7.7.0.3143\ffmpeg.exe -y -hide_banner -i ""[REDACTED_LOCAL_PATH]\Tony Hidayat\AQ_OpenWorld_Codec_Provenance\42_bh_derivatives\encoded\08fec2d153b9b3423672c2b5.opus"" -map_metadata -1 -vn -sn -dn -ac 1 -ar 48000 -sample_fmt s16 ""[REDACTED_LOCAL_PATH]\Tony Hidayat\AQ_OpenWorld_Codec_Provenance\42_bh_derivatives\decoded_raw\08fec2d153b9b3423672c2b5.wav"""
532401023fc232049e31dd1f,6a6f61fdbc25ae8dcc9d5152755c7e39,8555,Opus,libopus,libopus,96,98.228,d03c4e2aaecf12d43f7fb3fe44f0a25ab43e43c95a602fbbdb464f33124af7a1,7fb8a8f734f73ae7fe7bb8a4d5149f76dd0c512aef440ae4675bc572fd5ac55e,0,0.999589909289729,96000,24557,[REDACTED_LOCAL_PATH]\Tony Hidayat\AQ_OpenWorld_Codec_Provenance\42_bh_derivatives\encoded\532401023fc232049e31dd1f.opus,[REDACTED_LOCAL_PATH]\Tony Hidayat\AQ_OpenWorld_Codec_Provenance\42_bh_derivatives\decoded_raw\532401023fc232049e31dd1f.wav,[REDACTED_LOCAL_PATH]\Tony Hidayat\AQ_OpenWorld_Codec_Provenance\42_bh_derivatives\aligned_pcm\532401023fc232049e31dd1f.wav,AQ2D0BH_DERIV_V1|6a6f61fdbc25ae8dcc9d5152755c7e39|Opus|96|libopus|57c56e369d5b4873b4d93fc1a1d833cb7cd8bc9325c14b05c34ce60b22842d8a,0,0,0,opus,PASS,"""[REDACTED_LOCAL_PATH]\Tony Hidayat\AQ_OpenWorld_Codec_Provenance\tools\gyan_ffmpeg_9.0_full\bin\ffmpeg.exe"" -y -hide_banner -i ""[REDACTED_LOCAL_PATH]\Tony Hidayat\AQ_OpenWorld_Codec_Provenance\39_bh_speech\canonical_selected\8555-284447-0020.wav"" -map_metadata -1 -vn -sn -dn -c:a libopus -b:a 96k -vbr off ""[REDACTED_LOCAL_PATH]\Tony Hidayat\AQ_OpenWorld_Codec_Provenance\42_bh_derivatives\encoded\532401023fc232049e31dd1f.opus""","""[REDACTED_LOCAL_PATH]\Tony Hidayat\AQ_OpenWorld_Codec_Provenance\tools\gyan_ffmpeg_9.0_full\bin\ffprobe.exe"" -v error -show_entries stream=codec_name,sample_rate,channels,duration,bit_rate:format=format_name,duration,bit_rate -of json ""[REDACTED_LOCAL_PATH]\Tony Hidayat\AQ_OpenWorld_Codec_Provenance\42_bh_derivatives\encoded\532401023fc232049e31dd1f.opus""","[REDACTED_LOCAL_PATH]\AppData\Local\CapCut\Apps\7.7.0.3143\ffmpeg.exe -y -hide_banner -i ""[REDACTED_LOCAL_PATH]\Tony Hidayat\AQ_OpenWorld_Codec_Provenance\42_bh_derivatives\encoded\532401023fc232049e31dd1f.opus"" -map_metadata -1 -vn -sn -dn -ac 1 -ar 48000 -sample_fmt s16 ""[REDACTED_LOCAL_PATH]\Tony Hidayat\AQ_OpenWorld_Codec_Provenance\42_bh_derivatives\decoded_raw\532401023fc232049e31dd1f.wav"""
635e4ccedc1fbd6d64a18a42,6a6f61fdbc25ae8dcc9d5152755c7e39,8555,Opus,libopus,libopus,128,130.952,f6caad2d99715369f8436bf2cc514a588b46b7eced96d61ff4860e5bd9c2616b,d9413a766b86fdf59816e9b552ee0d7c739721a2ebb45f1445b026153658b7ec,0,0.9998035866318572,96000,32738,[REDACTED_LOCAL_PATH]\Tony Hidayat\AQ_OpenWorld_Codec_Provenance\42_bh_derivatives\encoded\635e4ccedc1fbd6d64a18a42.opus,[REDACTED_LOCAL_PATH]\Tony Hidayat\AQ_OpenWorld_Codec_Provenance\42_bh_derivatives\decoded_raw\635e4ccedc1fbd6d64a18a42.wav,[REDACTED_LOCAL_PATH]\Tony Hidayat\AQ_OpenWorld_Codec_Provenance\42_bh_derivatives\aligned_pcm\635e4ccedc1fbd6d64a18a42.wav,AQ2D0BH_DERIV_V1|6a6f61fdbc25ae8dcc9d5152755c7e39|Opus|128|libopus|57c56e369d5b4873b4d93fc1a1d833cb7cd8bc9325c14b05c34ce60b22842d8a,0,0,0,opus,PASS,"""[REDACTED_LOCAL_PATH]\Tony Hidayat\AQ_OpenWorld_Codec_Provenance\tools\gyan_ffmpeg_9.0_full\bin\ffmpeg.exe"" -y -hide_banner -i ""[REDACTED_LOCAL_PATH]\Tony Hidayat\AQ_OpenWorld_Codec_Provenance\39_bh_speech\canonical_selected\8555-284447-0020.wav"" -map_metadata -1 -vn -sn -dn -c:a libopus -b:a 128k -vbr off ""[REDACTED_LOCAL_PATH]\Tony Hidayat\AQ_OpenWorld_Codec_Provenance\42_bh_derivatives\encoded\635e4ccedc1fbd6d64a18a42.opus""","""[REDACTED_LOCAL_PATH]\Tony Hidayat\AQ_OpenWorld_Codec_Provenance\tools\gyan_ffmpeg_9.0_full\bin\ffprobe.exe"" -v error -show_entries stream=codec_name,sample_rate,channels,duration,bit_rate:format=format_name,duration,bit_rate -of json ""[REDACTED_LOCAL_PATH]\Tony Hidayat\AQ_OpenWorld_Codec_Provenance\42_bh_derivatives\encoded\635e4ccedc1fbd6d64a18a42.opus""","[REDACTED_LOCAL_PATH]\AppData\Local\CapCut\Apps\7.7.0.3143\ffmpeg.exe -y -hide_banner -i ""[REDACTED_LOCAL_PATH]\Tony Hidayat\AQ_OpenWorld_Codec_Provenance\42_bh_derivatives\encoded\635e4ccedc1fbd6d64a18a42.opus"" -map_metadata -1 -vn -sn -dn -ac 1 -ar 48000 -sample_fmt s16 ""[REDACTED_LOCAL_PATH]\Tony Hidayat\AQ_OpenWorld_Codec_Provenance\42_bh_derivatives\decoded_raw\635e4ccedc1fbd6d64a18a42.wav"""
bdcf49b07fd7dbad9979e596,72a189c4da8bc00ae9255d4b2e60d882,4970,AAC,aac,FFmpeg-native AAC,32,37.272,61aa077f0e160ec95ad510c2dfe8ab0c0651a77432f301c7478673c710a07313,aa4c9ff7220f65d12e23b0d44890dc816bb7684f2a5c25626357a710c50e0d80,0,0.9247247920869995,96000,9318,[REDACTED_LOCAL_PATH]\Tony Hidayat\AQ_OpenWorld_Codec_Provenance\42_bh_derivatives\encoded\bdcf49b07fd7dbad9979e596.m4a,[REDACTED_LOCAL_PATH]\Tony Hidayat\AQ_OpenWorld_Codec_Provenance\42_bh_derivatives\decoded_raw\bdcf49b07fd7dbad9979e596.wav,[REDACTED_LOCAL_PATH]\Tony Hidayat\AQ_OpenWorld_Codec_Provenance\42_bh_derivatives\aligned_pcm\bdcf49b07fd7dbad9979e596.wav,AQ2D0BH_DERIV_V1|72a189c4da8bc00ae9255d4b2e60d882|AAC|32|FFmpeg-native AAC|57c56e369d5b4873b4d93fc1a1d833cb7cd8bc9325c14b05c34ce60b22842d8a,0,0,0,aac,PASS,"""[REDACTED_LOCAL_PATH]\Tony Hidayat\AQ_OpenWorld_Codec_Provenance\tools\gyan_ffmpeg_9.0_full\bin\ffmpeg.exe"" -y -hide_banner -i ""[REDACTED_LOCAL_PATH]\Tony Hidayat\AQ_OpenWorld_Codec_Provenance\39_bh_speech\canonical_selected\4970-29093-0019.wav"" -map_metadata -1 -vn -sn -dn -c:a aac -b:a 32k ""[REDACTED_LOCAL_PATH]\Tony Hidayat\AQ_OpenWorld_Codec_Provenance\42_bh_derivatives\encoded\bdcf49b07fd7dbad9979e596.m4a""","""[REDACTED_LOCAL_PATH]\Tony Hidayat\AQ_OpenWorld_Codec_Provenance\tools\gyan_ffmpeg_9.0_full\bin\ffprobe.exe"" -v error -show_entries stream=codec_name,sample_rate,channels,duration,bit_rate:format=format_name,duration,bit_rate -of json ""[REDACTED_LOCAL_PATH]\Tony Hidayat\AQ_OpenWorld_Codec_Provenance\42_bh_derivatives\encoded\bdcf49b07fd7dbad9979e596.m4a""","[REDACTED_LOCAL_PATH]\AppData\Local\CapCut\Apps\7.7.0.3143\ffmpeg.exe -y -hide_banner -i ""[REDACTED_LOCAL_PATH]\Tony Hidayat\AQ_OpenWorld_Codec_Provenance\42_bh_derivatives\encoded\bdcf49b07fd7dbad9979e596.m4a"" -map_metadata -1 -vn -sn -dn -ac 1 -ar 48000 -sample_fmt s16 ""[REDACTED_LOCAL_PATH]\Tony Hidayat\AQ_OpenWorld_Codec_Provenance\42_bh_derivatives\decoded_raw\bdcf49b07fd7dbad9979e596.wav"""
bffd5f9645726977a0bd4ed3,72a189c4da8bc00ae9255d4b2e60d882,4970,AAC,aac,FFmpeg-native AAC,80,87.54,bf4c2f6ced278193e2aa5d471d52683c4d941495e0dc4a75c83c7122ca94f307,c84f0333523e30e01d54e797668eb1946351091fa591037f751de5452debd4a6,0,0.9865679827951179,96000,21885,[REDACTED_LOCAL_PATH]\Tony Hidayat\AQ_OpenWorld_Codec_Provenance\42_bh_derivatives\encoded\bffd5f9645726977a0bd4ed3.m4a,[REDACTED_LOCAL_PATH]\Tony Hidayat\AQ_OpenWorld_Codec_Provenance\42_bh_derivatives\decoded_raw\bffd5f9645726977a0bd4ed3.wav,[REDACTED_LOCAL_PATH]\Tony Hidayat\AQ_OpenWorld_Codec_Provenance\42_bh_derivatives\aligned_pcm\bffd5f9645726977a0bd4ed3.wav,AQ2D0BH_DERIV_V1|72a189c4da8bc00ae9255d4b2e60d882|AAC|80|FFmpeg-native AAC|57c56e369d5b4873b4d93fc1a1d833cb7cd8bc9325c14b05c34ce60b22842d8a,0,0,0,aac,PASS,"""[REDACTED_LOCAL_PATH]\Tony Hidayat\AQ_OpenWorld_Codec_Provenance\tools\gyan_ffmpeg_9.0_full\bin\ffmpeg.exe"" -y -hide_banner -i ""[REDACTED_LOCAL_PATH]\Tony Hidayat\AQ_OpenWorld_Codec_Provenance\39_bh_speech\canonical_selected\4970-29093-0019.wav"" -map_metadata -1 -vn -sn -dn -c:a aac -b:a 80k ""[REDACTED_LOCAL_PATH]\Tony Hidayat\AQ_OpenWorld_Codec_Provenance\42_bh_derivatives\encoded\bffd5f9645726977a0bd4ed3.m4a""","""[REDACTED_LOCAL_PATH]\Tony Hidayat\AQ_OpenWorld_Codec_Provenance\tools\gyan_ffmpeg_9.0_full\bin\ffprobe.exe"" -v error -show_entries stream=codec_name,sample_rate,channels,duration,bit_rate:format=format_name,duration,bit_rate -of json ""[REDACTED_LOCAL_PATH]\Tony Hidayat\AQ_OpenWorld_Codec_Provenance\42_bh_derivatives\encoded\bffd5f9645726977a0bd4ed3.m4a""","[REDACTED_LOCAL_PATH]\AppData\Local\CapCut\Apps\7.7.0.3143\ffmpeg.exe -y -hide_banner -i ""[REDACTED_LOCAL_PATH]\Tony Hidayat\AQ_OpenWorld_Codec_Provenance\42_bh_derivatives\encoded\bffd5f9645726977a0bd4ed3.m4a"" -map_metadata -1 -vn -sn -dn -ac 1 -ar 48000 -sample_fmt s16 ""[REDACTED_LOCAL_PATH]\Tony Hidayat\AQ_OpenWorld_Codec_Provenance\42_bh_derivatives\decoded_raw\bffd5f9645726977a0bd4ed3.wav"""
c9adab6a7f0c08c68294dc4d,72a189c4da8bc00ae9255d4b2e60d882,4970,AAC,aac,FFmpeg-native AAC,96,104.132,4db9050615941f93f2c9a5cd19183fa2b7ecc44929fb1322f0f0a02b70755cea,5eccde1012c06d3c1152fa270ba0cc28966cd48b01060306edebecf8efe84e6d,0,0.9780358492773877,96000,26033,[REDACTED_LOCAL_PATH]\Tony Hidayat\AQ_OpenWorld_Codec_Provenance\42_bh_derivatives\encoded\c9adab6a7f0c08c68294dc4d.m4a,[REDACTED_LOCAL_PATH]\Tony Hidayat\AQ_OpenWorld_Codec_Provenance\42_bh_derivatives\decoded_raw\c9adab6a7f0c08c68294dc4d.wav,[REDACTED_LOCAL_PATH]\Tony Hidayat\AQ_OpenWorld_Codec_Provenance\42_bh_derivatives\aligned_pcm\c9adab6a7f0c08c68294dc4d.wav,AQ2D0BH_DERIV_V1|72a189c4da8bc00ae9255d4b2e60d882|AAC|96|FFmpeg-native AAC|57c56e369d5b4873b4d93fc1a1d833cb7cd8bc9325c14b05c34ce60b22842d8a,0,0,0,aac,PASS,"""[REDACTED_LOCAL_PATH]\Tony Hidayat\AQ_OpenWorld_Codec_Provenance\tools\gyan_ffmpeg_9.0_full\bin\ffmpeg.exe"" -y -hide_banner -i ""[REDACTED_LOCAL_PATH]\Tony Hidayat\AQ_OpenWorld_Codec_Provenance\39_bh_speech\canonical_selected\4970-29093-0019.wav"" -map_metadata -1 -vn -sn -dn -c:a aac -b:a 96k ""[REDACTED_LOCAL_PATH]\Tony Hidayat\AQ_OpenWorld_Codec_Provenance\42_bh_derivatives\encoded\c9adab6a7f0c08c68294dc4d.m4a""","""[REDACTED_LOCAL_PATH]\Tony Hidayat\AQ_OpenWorld_Codec_Provenance\tools\gyan_ffmpeg_9.0_full\bin\ffprobe.exe"" -v error -show_entries stream=codec_name,sample_rate,channels,duration,bit_rate:format=format_name,duration,bit_rate -of json ""[REDACTED_LOCAL_PATH]\Tony Hidayat\AQ_OpenWorld_Codec_Provenance\42_bh_derivatives\encoded\c9adab6a7f0c08c68294dc4d.m4a""","[REDACTED_LOCAL_PATH]\AppData\Local\CapCut\Apps\7.7.0.3143\ffmpeg.exe -y -hide_banner -i ""[REDACTED_LOCAL_PATH]\Tony Hidayat\AQ_OpenWorld_Codec_Provenance\42_bh_derivatives\encoded\c9adab6a7f0c08c68294dc4d.m4a"" -map_metadata -1 -vn -sn -dn -ac 1 -ar 48000 -sample_fmt s16 ""[REDACTED_LOCAL_PATH]\Tony Hidayat\AQ_OpenWorld_Codec_Provenance\42_bh_derivatives\decoded_raw\c9adab6a7f0c08c68294dc4d.wav"""
d39caaa0b63a6b811ea78519,72a189c4da8bc00ae9255d4b2e60d882,4970,AAC,aac,FFmpeg-native AAC,128,136.336,e52901a4eede4c36a780fa8621eb70fdd0ae82e108a9ab4d495d766f2aca0c26,3b234a8ce45753ba7790ed7cda8f43363a4edc095b6562593debe717ce867c3c,0,0.9993945601851021,96000,34084,[REDACTED_LOCAL_PATH]\Tony Hidayat\AQ_OpenWorld_Codec_Provenance\42_bh_derivatives\encoded\d39caaa0b63a6b811ea78519.m4a,[REDACTED_LOCAL_PATH]\Tony Hidayat\AQ_OpenWorld_Codec_Provenance\42_bh_derivatives\decoded_raw\d39caaa0b63a6b811ea78519.wav,[REDACTED_LOCAL_PATH]\Tony Hidayat\AQ_OpenWorld_Codec_Provenance\42_bh_derivatives\aligned_pcm\d39caaa0b63a6b811ea78519.wav,AQ2D0BH_DERIV_V1|72a189c4da8bc00ae9255d4b2e60d882|AAC|128|FFmpeg-native AAC|57c56e369d5b4873b4d93fc1a1d833cb7cd8bc9325c14b05c34ce60b22842d8a,0,0,0,aac,PASS,"""[REDACTED_LOCAL_PATH]\Tony Hidayat\AQ_OpenWorld_Codec_Provenance\tools\gyan_ffmpeg_9.0_full\bin\ffmpeg.exe"" -y -hide_banner -i ""[REDACTED_LOCAL_PATH]\Tony Hidayat\AQ_OpenWorld_Codec_Provenance\39_bh_speech\canonical_selected\4970-29093-0019.wav"" -map_metadata -1 -vn -sn -dn -c:a aac -b:a 128k ""[REDACTED_LOCAL_PATH]\Tony Hidayat\AQ_OpenWorld_Codec_Provenance\42_bh_derivatives\encoded\d39caaa0b63a6b811ea78519.m4a""","""[REDACTED_LOCAL_PATH]\Tony Hidayat\AQ_OpenWorld_Codec_Provenance\tools\gyan_ffmpeg_9.0_full\bin\ffprobe.exe"" -v error -show_entries stream=codec_name,sample_rate,channels,duration,bit_rate:format=format_name,duration,bit_rate -of json ""[REDACTED_LOCAL_PATH]\Tony Hidayat\AQ_OpenWorld_Codec_Provenance\42_bh_derivatives\encoded\d39caaa0b63a6b811ea78519.m4a""","[REDACTED_LOCAL_PATH]\AppData\Local\CapCut\Apps\7.7.0.3143\ffmpeg.exe -y -hide_banner -i ""[REDACTED_LOCAL_PATH]\Tony Hidayat\AQ_OpenWorld_Codec_Provenance\42_bh_derivatives\encoded\d39caaa0b63a6b811ea78519.m4a"" -map_metadata -1 -vn -sn -dn -ac 1 -ar 48000 -sample_fmt s16 ""[REDACTED_LOCAL_PATH]\Tony Hidayat\AQ_OpenWorld_Codec_Provenance\42_bh_derivatives\decoded_raw\d39caaa0b63a6b811ea78519.wav"""
270c6b238eaba7616b6dbdf0,72a189c4da8bc00ae9255d4b2e60d882,4970,MP3,libmp3lame,libmp3lame,32,33.584,92e5448058b25d4ef6027f4ecbc018048ed3c0dd55f259fe23e9c1adc2dbdd6c,7e4128daab33331df1892f0e9a4b825580d309c9350e1609879c45b99b04ccac,0,0.9610196423945288,96000,8396,[REDACTED_LOCAL_PATH]\Tony Hidayat\AQ_OpenWorld_Codec_Provenance\42_bh_derivatives\encoded\270c6b238eaba7616b6dbdf0.mp3,[REDACTED_LOCAL_PATH]\Tony Hidayat\AQ_OpenWorld_Codec_Provenance\42_bh_derivatives\decoded_raw\270c6b238eaba7616b6dbdf0.wav,[REDACTED_LOCAL_PATH]\Tony Hidayat\AQ_OpenWorld_Codec_Provenance\42_bh_derivatives\aligned_pcm\270c6b238eaba7616b6dbdf0.wav,AQ2D0BH_DERIV_V1|72a189c4da8bc00ae9255d4b2e60d882|MP3|32|libmp3lame|57c56e369d5b4873b4d93fc1a1d833cb7cd8bc9325c14b05c34ce60b22842d8a,0,0,0,mp3,PASS,"""[REDACTED_LOCAL_PATH]\Tony Hidayat\AQ_OpenWorld_Codec_Provenance\tools\gyan_ffmpeg_9.0_full\bin\ffmpeg.exe"" -y -hide_banner -i ""[REDACTED_LOCAL_PATH]\Tony Hidayat\AQ_OpenWorld_Codec_Provenance\39_bh_speech\canonical_selected\4970-29093-0019.wav"" -map_metadata -1 -vn -sn -dn -c:a libmp3lame -b:a 32k ""[REDACTED_LOCAL_PATH]\Tony Hidayat\AQ_OpenWorld_Codec_Provenance\42_bh_derivatives\encoded\270c6b238eaba7616b6dbdf0.mp3""","""[REDACTED_LOCAL_PATH]\Tony Hidayat\AQ_OpenWorld_Codec_Provenance\tools\gyan_ffmpeg_9.0_full\bin\ffprobe.exe"" -v error -show_entries stream=codec_name,sample_rate,channels,duration,bit_rate:format=format_name,duration,bit_rate -of json ""[REDACTED_LOCAL_PATH]\Tony Hidayat\AQ_OpenWorld_Codec_Provenance\42_bh_derivatives\encoded\270c6b238eaba7616b6dbdf0.mp3""","[REDACTED_LOCAL_PATH]\AppData\Local\CapCut\Apps\7.7.0.3143\ffmpeg.exe -y -hide_banner -i ""[REDACTED_LOCAL_PATH]\Tony Hidayat\AQ_OpenWorld_Codec_Provenance\42_bh_derivatives\encoded\270c6b238eaba7616b6dbdf0.mp3"" -map_metadata -1 -vn -sn -dn -ac 1 -ar 48000 -sample_fmt s16 ""[REDACTED_LOCAL_PATH]\Tony Hidayat\AQ_OpenWorld_Codec_Provenance\42_bh_derivatives\decoded_raw\270c6b238eaba7616b6dbdf0.wav"""
5860c989101a671cb53b0360,72a189c4da8bc00ae9255d4b2e60d882,4970,MP3,libmp3lame,libmp3lame,80,82.736,39943c05c176c1cd6c0a582261ff88ce09f04665c5df683c53b596ed90e58b46,548d0e5e6389bbc4028703ef75f80b137eee0432575736d600ff635b0c0c5a43,0,0.9994146158023318,96000,20684,[REDACTED_LOCAL_PATH]\Tony Hidayat\AQ_OpenWorld_Codec_Provenance\42_bh_derivatives\encoded\5860c989101a671cb53b0360.mp3,[REDACTED_LOCAL_PATH]\Tony Hidayat\AQ_OpenWorld_Codec_Provenance\42_bh_derivatives\decoded_raw\5860c989101a671cb53b0360.wav,[REDACTED_LOCAL_PATH]\Tony Hidayat\AQ_OpenWorld_Codec_Provenance\42_bh_derivatives\aligned_pcm\5860c989101a671cb53b0360.wav,AQ2D0BH_DERIV_V1|72a189c4da8bc00ae9255d4b2e60d882|MP3|80|libmp3lame|57c56e369d5b4873b4d93fc1a1d833cb7cd8bc9325c14b05c34ce60b22842d8a,0,0,0,mp3,PASS,"""[REDACTED_LOCAL_PATH]\Tony Hidayat\AQ_OpenWorld_Codec_Provenance\tools\gyan_ffmpeg_9.0_full\bin\ffmpeg.exe"" -y -hide_banner -i ""[REDACTED_LOCAL_PATH]\Tony Hidayat\AQ_OpenWorld_Codec_Provenance\39_bh_speech\canonical_selected\4970-29093-0019.wav"" -map_metadata -1 -vn -sn -dn -c:a libmp3lame -b:a 80k ""[REDACTED_LOCAL_PATH]\Tony Hidayat\AQ_OpenWorld_Codec_Provenance\42_bh_derivatives\encoded\5860c989101a671cb53b0360.mp3""","""[REDACTED_LOCAL_PATH]\Tony Hidayat\AQ_OpenWorld_Codec_Provenance\tools\gyan_ffmpeg_9.0_full\bin\ffprobe.exe"" -v error -show_entries stream=codec_name,sample_rate,channels,duration,bit_rate:format=format_name,duration,bit_rate -of json ""[REDACTED_LOCAL_PATH]\Tony Hidayat\AQ_OpenWorld_Codec_Provenance\42_bh_derivatives\encoded\5860c989101a671cb53b0360.mp3""","[REDACTED_LOCAL_PATH]\AppData\Local\CapCut\Apps\7.7.0.3143\ffmpeg.exe -y -hide_banner -i ""[REDACTED_LOCAL_PATH]\Tony Hidayat\AQ_OpenWorld_Codec_Provenance\42_bh_derivatives\encoded\5860c989101a671cb53b0360.mp3"" -map_metadata -1 -vn -sn -dn -ac 1 -ar 48000 -sample_fmt s16 ""[REDACTED_LOCAL_PATH]\Tony Hidayat\AQ_OpenWorld_Codec_Provenance\42_bh_derivatives\decoded_raw\5860c989101a671cb53b0360.wav"""
61b0fe9609c8fad33e04cd4c,72a189c4da8bc00ae9255d4b2e60d882,4970,MP3,libmp3lame,libmp3lame,96,99.248,841af976eb14c24c200eb866b6938ea015ca6c831392f93387fc8f489eadd841,2d2ba47e0c8e3d3f94c1a085d1b16ca1c17f24ebf4bd007ba4b253ca608b83aa,0,0.9998562519733077,96000,24812,[REDACTED_LOCAL_PATH]\Tony Hidayat\AQ_OpenWorld_Codec_Provenance\42_bh_derivatives\encoded\61b0fe9609c8fad33e04cd4c.mp3,[REDACTED_LOCAL_PATH]\Tony Hidayat\AQ_OpenWorld_Codec_Provenance\42_bh_derivatives\decoded_raw\61b0fe9609c8fad33e04cd4c.wav,[REDACTED_LOCAL_PATH]\Tony Hidayat\AQ_OpenWorld_Codec_Provenance\42_bh_derivatives\aligned_pcm\61b0fe9609c8fad33e04cd4c.wav,AQ2D0BH_DERIV_V1|72a189c4da8bc00ae9255d4b2e60d882|MP3|96|libmp3lame|57c56e369d5b4873b4d93fc1a1d833cb7cd8bc9325c14b05c34ce60b22842d8a,0,0,0,mp3,PASS,"""[REDACTED_LOCAL_PATH]\Tony Hidayat\AQ_OpenWorld_Codec_Provenance\tools\gyan_ffmpeg_9.0_full\bin\ffmpeg.exe"" -y -hide_banner -i ""[REDACTED_LOCAL_PATH]\Tony Hidayat\AQ_OpenWorld_Codec_Provenance\39_bh_speech\canonical_selected\4970-29093-0019.wav"" -map_metadata -1 -vn -sn -dn -c:a libmp3lame -b:a 96k ""[REDACTED_LOCAL_PATH]\Tony Hidayat\AQ_OpenWorld_Codec_Provenance\42_bh_derivatives\encoded\61b0fe9609c8fad33e04cd4c.mp3""","""[REDACTED_LOCAL_PATH]\Tony Hidayat\AQ_OpenWorld_Codec_Provenance\tools\gyan_ffmpeg_9.0_full\bin\ffprobe.exe"" -v error -show_entries stream=codec_name,sample_rate,channels,duration,bit_rate:format=format_name,duration,bit_rate -of json ""[REDACTED_LOCAL_PATH]\Tony Hidayat\AQ_OpenWorld_Codec_Provenance\42_bh_derivatives\encoded\61b0fe9609c8fad33e04cd4c.mp3""","[REDACTED_LOCAL_PATH]\AppData\Local\CapCut\Apps\7.7.0.3143\ffmpeg.exe -y -hide_banner -i ""[REDACTED_LOCAL_PATH]\Tony Hidayat\AQ_OpenWorld_Codec_Provenance\42_bh_derivatives\encoded\61b0fe9609c8fad33e04cd4c.mp3"" -map_metadata -1 -vn -sn -dn -ac 1 -ar 48000 -sample_fmt s16 ""[REDACTED_LOCAL_PATH]\Tony Hidayat\AQ_OpenWorld_Codec_Provenance\42_bh_derivatives\decoded_raw\61b0fe9609c8fad33e04cd4c.wav"""
6bb7b08403b3fe946fa9b8dc,72a189c4da8bc00ae9255d4b2e60d882,4970,MP3,libmp3lame,libmp3lame,128,132.272,8a4f93ab135cbe567d5f61242e5a3d8df4f28e9ab891bcddc61aec6cb2f19863,e9c7225c51099f5d187994999c8c881e2bf3aeb224858b66a76a16c32caf73d6,0,0.9999793661613844,96000,33068,[REDACTED_LOCAL_PATH]\Tony Hidayat\AQ_OpenWorld_Codec_Provenance\42_bh_derivatives\encoded\6bb7b08403b3fe946fa9b8dc.mp3,[REDACTED_LOCAL_PATH]\Tony Hidayat\AQ_OpenWorld_Codec_Provenance\42_bh_derivatives\decoded_raw\6bb7b08403b3fe946fa9b8dc.wav,[REDACTED_LOCAL_PATH]\Tony Hidayat\AQ_OpenWorld_Codec_Provenance\42_bh_derivatives\aligned_pcm\6bb7b08403b3fe946fa9b8dc.wav,AQ2D0BH_DERIV_V1|72a189c4da8bc00ae9255d4b2e60d882|MP3|128|libmp3lame|57c56e369d5b4873b4d93fc1a1d833cb7cd8bc9325c14b05c34ce60b22842d8a,0,0,0,mp3,PASS,"""[REDACTED_LOCAL_PATH]\Tony Hidayat\AQ_OpenWorld_Codec_Provenance\tools\gyan_ffmpeg_9.0_full\bin\ffmpeg.exe"" -y -hide_banner -i ""[REDACTED_LOCAL_PATH]\Tony Hidayat\AQ_OpenWorld_Codec_Provenance\39_bh_speech\canonical_selected\4970-29093-0019.wav"" -map_metadata -1 -vn -sn -dn -c:a libmp3lame -b:a 128k ""[REDACTED_LOCAL_PATH]\Tony Hidayat\AQ_OpenWorld_Codec_Provenance\42_bh_derivatives\encoded\6bb7b08403b3fe946fa9b8dc.mp3""","""[REDACTED_LOCAL_PATH]\Tony Hidayat\AQ_OpenWorld_Codec_Provenance\tools\gyan_ffmpeg_9.0_full\bin\ffprobe.exe"" -v error -show_entries stream=codec_name,sample_rate,channels,duration,bit_rate:format=format_name,duration,bit_rate -of json ""[REDACTED_LOCAL_PATH]\Tony Hidayat\AQ_OpenWorld_Codec_Provenance\42_bh_derivatives\encoded\6bb7b08403b3fe946fa9b8dc.mp3""","[REDACTED_LOCAL_PATH]\AppData\Local\CapCut\Apps\7.7.0.3143\ffmpeg.exe -y -hide_banner -i ""[REDACTED_LOCAL_PATH]\Tony Hidayat\AQ_OpenWorld_Codec_Provenance\42_bh_derivatives\encoded\6bb7b08403b3fe946fa9b8dc.mp3"" -map_metadata -1 -vn -sn -dn -ac 1 -ar 48000 -sample_fmt s16 ""[REDACTED_LOCAL_PATH]\Tony Hidayat\AQ_OpenWorld_Codec_Provenance\42_bh_derivatives\decoded_raw\6bb7b08403b3fe946fa9b8dc.wav"""
f73fad501875b3a79fdc5b47,72a189c4da8bc00ae9255d4b2e60d882,4970,Opus,libopus,libopus,32,33.588,920ae82bb73d4ac881d65d9fde9ab7219a24673bf515db10607c361f58de7784,f371f40948c1aa2a756ad5afd52f29f16a6c5cc4c7a2647284690f81bebe14b2,0,0.9840016899620452,96000,8397,[REDACTED_LOCAL_PATH]\Tony Hidayat\AQ_OpenWorld_Codec_Provenance\42_bh_derivatives\encoded\f73fad501875b3a79fdc5b47.opus,[REDACTED_LOCAL_PATH]\Tony Hidayat\AQ_OpenWorld_Codec_Provenance\42_bh_derivatives\decoded_raw\f73fad501875b3a79fdc5b47.wav,[REDACTED_LOCAL_PATH]\Tony Hidayat\AQ_OpenWorld_Codec_Provenance\42_bh_derivatives\aligned_pcm\f73fad501875b3a79fdc5b47.wav,AQ2D0BH_DERIV_V1|72a189c4da8bc00ae9255d4b2e60d882|Opus|32|libopus|57c56e369d5b4873b4d93fc1a1d833cb7cd8bc9325c14b05c34ce60b22842d8a,0,0,0,opus,PASS,"""[REDACTED_LOCAL_PATH]\Tony Hidayat\AQ_OpenWorld_Codec_Provenance\tools\gyan_ffmpeg_9.0_full\bin\ffmpeg.exe"" -y -hide_banner -i ""[REDACTED_LOCAL_PATH]\Tony Hidayat\AQ_OpenWorld_Codec_Provenance\39_bh_speech\canonical_selected\4970-29093-0019.wav"" -map_metadata -1 -vn -sn -dn -c:a libopus -b:a 32k -vbr off ""[REDACTED_LOCAL_PATH]\Tony Hidayat\AQ_OpenWorld_Codec_Provenance\42_bh_derivatives\encoded\f73fad501875b3a79fdc5b47.opus""","""[REDACTED_LOCAL_PATH]\Tony Hidayat\AQ_OpenWorld_Codec_Provenance\tools\gyan_ffmpeg_9.0_full\bin\ffprobe.exe"" -v error -show_entries stream=codec_name,sample_rate,channels,duration,bit_rate:format=format_name,duration,bit_rate -of json ""[REDACTED_LOCAL_PATH]\Tony Hidayat\AQ_OpenWorld_Codec_Provenance\42_bh_derivatives\encoded\f73fad501875b3a79fdc5b47.opus""","[REDACTED_LOCAL_PATH]\AppData\Local\CapCut\Apps\7.7.0.3143\ffmpeg.exe -y -hide_banner -i ""[REDACTED_LOCAL_PATH]\Tony Hidayat\AQ_OpenWorld_Codec_Provenance\42_bh_derivatives\encoded\f73fad501875b3a79fdc5b47.opus"" -map_metadata -1 -vn -sn -dn -ac 1 -ar 48000 -sample_fmt s16 ""[REDACTED_LOCAL_PATH]\Tony Hidayat\AQ_OpenWorld_Codec_Provenance\42_bh_derivatives\decoded_raw\f73fad501875b3a79fdc5b47.wav"""
ef802c08bcd63dd6f5d3c746,72a189c4da8bc00ae9255d4b2e60d882,4970,Opus,libopus,libopus,80,82.068,e7c7065baf609ee56e50f670c04326d5ab1eb160e4e38a20a4a0928f1376584b,f7b21ae5947e3d01db72664bb7c8f16691cb545c965c016583b5429188959b2c,0,0.9973427724115618,96000,20517,[REDACTED_LOCAL_PATH]\Tony Hidayat\AQ_OpenWorld_Codec_Provenance\42_bh_derivatives\encoded\ef802c08bcd63dd6f5d3c746.opus,[REDACTED_LOCAL_PATH]\Tony Hidayat\AQ_OpenWorld_Codec_Provenance\42_bh_derivatives\decoded_raw\ef802c08bcd63dd6f5d3c746.wav,[REDACTED_LOCAL_PATH]\Tony Hidayat\AQ_OpenWorld_Codec_Provenance\42_bh_derivatives\aligned_pcm\ef802c08bcd63dd6f5d3c746.wav,AQ2D0BH_DERIV_V1|72a189c4da8bc00ae9255d4b2e60d882|Opus|80|libopus|57c56e369d5b4873b4d93fc1a1d833cb7cd8bc9325c14b05c34ce60b22842d8a,0,0,0,opus,PASS,"""[REDACTED_LOCAL_PATH]\Tony Hidayat\AQ_OpenWorld_Codec_Provenance\tools\gyan_ffmpeg_9.0_full\bin\ffmpeg.exe"" -y -hide_banner -i ""[REDACTED_LOCAL_PATH]\Tony Hidayat\AQ_OpenWorld_Codec_Provenance\39_bh_speech\canonical_selected\4970-29093-0019.wav"" -map_metadata -1 -vn -sn -dn -c:a libopus -b:a 80k -vbr off ""[REDACTED_LOCAL_PATH]\Tony Hidayat\AQ_OpenWorld_Codec_Provenance\42_bh_derivatives\encoded\ef802c08bcd63dd6f5d3c746.opus""","""[REDACTED_LOCAL_PATH]\Tony Hidayat\AQ_OpenWorld_Codec_Provenance\tools\gyan_ffmpeg_9.0_full\bin\ffprobe.exe"" -v error -show_entries stream=codec_name,sample_rate,channels,duration,bit_rate:format=format_name,duration,bit_rate -of json ""[REDACTED_LOCAL_PATH]\Tony Hidayat\AQ_OpenWorld_Codec_Provenance\42_bh_derivatives\encoded\ef802c08bcd63dd6f5d3c746.opus""","[REDACTED_LOCAL_PATH]\AppData\Local\CapCut\Apps\7.7.0.3143\ffmpeg.exe -y -hide_banner -i ""[REDACTED_LOCAL_PATH]\Tony Hidayat\AQ_OpenWorld_Codec_Provenance\42_bh_derivatives\encoded\ef802c08bcd63dd6f5d3c746.opus"" -map_metadata -1 -vn -sn -dn -ac 1 -ar 48000 -sample_fmt s16 ""[REDACTED_LOCAL_PATH]\Tony Hidayat\AQ_OpenWorld_Codec_Provenance\42_bh_derivatives\decoded_raw\ef802c08bcd63dd6f5d3c746.wav"""
0cbbfce832c0c003c61eb35d,72a189c4da8bc00ae9255d4b2e60d882,4970,Opus,libopus,libopus,96,98.228,84ea1e78bc255fce7c156d8b2b5c9106a5a6a2fd75e466245445dd4f66c6db30,2dfbccbc78c66e69a7f6c1b511bd8817508403b24b8214f8e10fea4315899f7c,0,0.998084117562491,96000,24557,[REDACTED_LOCAL_PATH]\Tony Hidayat\AQ_OpenWorld_Codec_Provenance\42_bh_derivatives\encoded\0cbbfce832c0c003c61eb35d.opus,[REDACTED_LOCAL_PATH]\Tony Hidayat\AQ_OpenWorld_Codec_Provenance\42_bh_derivatives\decoded_raw\0cbbfce832c0c003c61eb35d.wav,[REDACTED_LOCAL_PATH]\Tony Hidayat\AQ_OpenWorld_Codec_Provenance\42_bh_derivatives\aligned_pcm\0cbbfce832c0c003c61eb35d.wav,AQ2D0BH_DERIV_V1|72a189c4da8bc00ae9255d4b2e60d882|Opus|96|libopus|57c56e369d5b4873b4d93fc1a1d833cb7cd8bc9325c14b05c34ce60b22842d8a,0,0,0,opus,PASS,"""[REDACTED_LOCAL_PATH]\Tony Hidayat\AQ_OpenWorld_Codec_Provenance\tools\gyan_ffmpeg_9.0_full\bin\ffmpeg.exe"" -y -hide_banner -i ""[REDACTED_LOCAL_PATH]\Tony Hidayat\AQ_OpenWorld_Codec_Provenance\39_bh_speech\canonical_selected\4970-29093-0019.wav"" -map_metadata -1 -vn -sn -dn -c:a libopus -b:a 96k -vbr off ""[REDACTED_LOCAL_PATH]\Tony Hidayat\AQ_OpenWorld_Codec_Provenance\42_bh_derivatives\encoded\0cbbfce832c0c003c61eb35d.opus""","""[REDACTED_LOCAL_PATH]\Tony Hidayat\AQ_OpenWorld_Codec_Provenance\tools\gyan_ffmpeg_9.0_full\bin\ffprobe.exe"" -v error -show_entries stream=codec_name,sample_rate,channels,duration,bit_rate:format=format_name,duration,bit_rate -of json ""[REDACTED_LOCAL_PATH]\Tony Hidayat\AQ_OpenWorld_Codec_Provenance\42_bh_derivatives\encoded\0cbbfce832c0c003c61eb35d.opus""","[REDACTED_LOCAL_PATH]\AppData\Local\CapCut\Apps\7.7.0.3143\ffmpeg.exe -y -hide_banner -i ""[REDACTED_LOCAL_PATH]\Tony Hidayat\AQ_OpenWorld_Codec_Provenance\42_bh_derivatives\encoded\0cbbfce832c0c003c61eb35d.opus"" -map_metadata -1 -vn -sn -dn -ac 1 -ar 48000 -sample_fmt s16 ""[REDACTED_LOCAL_PATH]\Tony Hidayat\AQ_OpenWorld_Codec_Provenance\42_bh_derivatives\decoded_raw\0cbbfce832c0c003c61eb35d.wav"""
28ccca300a7c93cad576f5cd,72a189c4da8bc00ae9255d4b2e60d882,4970,Opus,libopus,libopus,128,130.952,59d811717cb8f7f8f74cec9960520f75172bdf525f09563f5674b4881f858369,d4d44820c995b1db0c7fab039a658b095935a41933468045f07ad83d8ab0c83a,0,0.9992577176261255,96000,32738,[REDACTED_LOCAL_PATH]\Tony Hidayat\AQ_OpenWorld_Codec_Provenance\42_bh_derivatives\encoded\28ccca300a7c93cad576f5cd.opus,[REDACTED_LOCAL_PATH]\Tony Hidayat\AQ_OpenWorld_Codec_Provenance\42_bh_derivatives\decoded_raw\28ccca300a7c93cad576f5cd.wav,[REDACTED_LOCAL_PATH]\Tony Hidayat\AQ_OpenWorld_Codec_Provenance\42_bh_derivatives\aligned_pcm\28ccca300a7c93cad576f5cd.wav,AQ2D0BH_DERIV_V1|72a189c4da8bc00ae9255d4b2e60d882|Opus|128|libopus|57c56e369d5b4873b4d93fc1a1d833cb7cd8bc9325c14b05c34ce60b22842d8a,0,0,0,opus,PASS,"""[REDACTED_LOCAL_PATH]\Tony Hidayat\AQ_OpenWorld_Codec_Provenance\tools\gyan_ffmpeg_9.0_full\bin\ffmpeg.exe"" -y -hide_banner -i ""[REDACTED_LOCAL_PATH]\Tony Hidayat\AQ_OpenWorld_Codec_Provenance\39_bh_speech\canonical_selected\4970-29093-0019.wav"" -map_metadata -1 -vn -sn -dn -c:a libopus -b:a 128k -vbr off ""[REDACTED_LOCAL_PATH]\Tony Hidayat\AQ_OpenWorld_Codec_Provenance\42_bh_derivatives\encoded\28ccca300a7c93cad576f5cd.opus""","""[REDACTED_LOCAL_PATH]\Tony Hidayat\AQ_OpenWorld_Codec_Provenance\tools\gyan_ffmpeg_9.0_full\bin\ffprobe.exe"" -v error -show_entries stream=codec_name,sample_rate,channels,duration,bit_rate:format=format_name,duration,bit_rate -of json ""[REDACTED_LOCAL_PATH]\Tony Hidayat\AQ_OpenWorld_Codec_Provenance\42_bh_derivatives\encoded\28ccca300a7c93cad576f5cd.opus""","[REDACTED_LOCAL_PATH]\AppData\Local\CapCut\Apps\7.7.0.3143\ffmpeg.exe -y -hide_banner -i ""[REDACTED_LOCAL_PATH]\Tony Hidayat\AQ_OpenWorld_Codec_Provenance\42_bh_derivatives\encoded\28ccca300a7c93cad576f5cd.opus"" -map_metadata -1 -vn -sn -dn -ac 1 -ar 48000 -sample_fmt s16 ""[REDACTED_LOCAL_PATH]\Tony Hidayat\AQ_OpenWorld_Codec_Provenance\42_bh_derivatives\decoded_raw\28ccca300a7c93cad576f5cd.wav"""
3782cf026c40624b09e65ff8,79b3bc44c1e48fc8811b35a0ca271778,2961,AAC,aac,FFmpeg-native AAC,32,37.804,773e3beb712bdfc56c7fdaab71a4c2a9d1f44133bab7c5dd4f9552bf32b31d6e,162ab4df762f5758380fec1b6fe2485129d17ea0517fe43621f460c570506b72,0,0.9493670403581062,96000,9451,[REDACTED_LOCAL_PATH]\Tony Hidayat\AQ_OpenWorld_Codec_Provenance\42_bh_derivatives\encoded\3782cf026c40624b09e65ff8.m4a,[REDACTED_LOCAL_PATH]\Tony Hidayat\AQ_OpenWorld_Codec_Provenance\42_bh_derivatives\decoded_raw\3782cf026c40624b09e65ff8.wav,[REDACTED_LOCAL_PATH]\Tony Hidayat\AQ_OpenWorld_Codec_Provenance\42_bh_derivatives\aligned_pcm\3782cf026c40624b09e65ff8.wav,AQ2D0BH_DERIV_V1|79b3bc44c1e48fc8811b35a0ca271778|AAC|32|FFmpeg-native AAC|57c56e369d5b4873b4d93fc1a1d833cb7cd8bc9325c14b05c34ce60b22842d8a,0,0,0,aac,PASS,"""[REDACTED_LOCAL_PATH]\Tony Hidayat\AQ_OpenWorld_Codec_Provenance\tools\gyan_ffmpeg_9.0_full\bin\ffmpeg.exe"" -y -hide_banner -i ""[REDACTED_LOCAL_PATH]\Tony Hidayat\AQ_OpenWorld_Codec_Provenance\39_bh_speech\canonical_selected\2961-960-0013.wav"" -map_metadata -1 -vn -sn -dn -c:a aac -b:a 32k ""[REDACTED_LOCAL_PATH]\Tony Hidayat\AQ_OpenWorld_Codec_Provenance\42_bh_derivatives\encoded\3782cf026c40624b09e65ff8.m4a""","""[REDACTED_LOCAL_PATH]\Tony Hidayat\AQ_OpenWorld_Codec_Provenance\tools\gyan_ffmpeg_9.0_full\bin\ffprobe.exe"" -v error -show_entries stream=codec_name,sample_rate,channels,duration,bit_rate:format=format_name,duration,bit_rate -of json ""[REDACTED_LOCAL_PATH]\Tony Hidayat\AQ_OpenWorld_Codec_Provenance\42_bh_derivatives\encoded\3782cf026c40624b09e65ff8.m4a""","[REDACTED_LOCAL_PATH]\AppData\Local\CapCut\Apps\7.7.0.3143\ffmpeg.exe -y -hide_banner -i ""[REDACTED_LOCAL_PATH]\Tony Hidayat\AQ_OpenWorld_Codec_Provenance\42_bh_derivatives\encoded\3782cf026c40624b09e65ff8.m4a"" -map_metadata -1 -vn -sn -dn -ac 1 -ar 48000 -sample_fmt s16 ""[REDACTED_LOCAL_PATH]\Tony Hidayat\AQ_OpenWorld_Codec_Provenance\42_bh_derivatives\decoded_raw\3782cf026c40624b09e65ff8.wav"""
88e6c92115f68e610823b1ac,79b3bc44c1e48fc8811b35a0ca271778,2961,AAC,aac,FFmpeg-native AAC,80,86.44,301eb717e20f367b5d1e0b58f2e183dcb583f48b57b0c0843dbe1a1ce5c054f2,2f0157c83f6174a06b7212ad756cd5aaf81d612e84b3f91c470773116275c13f,0,0.9993038560316623,96000,21610,[REDACTED_LOCAL_PATH]\Tony Hidayat\AQ_OpenWorld_Codec_Provenance\42_bh_derivatives\encoded\88e6c92115f68e610823b1ac.m4a,[REDACTED_LOCAL_PATH]\Tony Hidayat\AQ_OpenWorld_Codec_Provenance\42_bh_derivatives\decoded_raw\88e6c92115f68e610823b1ac.wav,[REDACTED_LOCAL_PATH]\Tony Hidayat\AQ_OpenWorld_Codec_Provenance\42_bh_derivatives\aligned_pcm\88e6c92115f68e610823b1ac.wav,AQ2D0BH_DERIV_V1|79b3bc44c1e48fc8811b35a0ca271778|AAC|80|FFmpeg-native AAC|57c56e369d5b4873b4d93fc1a1d833cb7cd8bc9325c14b05c34ce60b22842d8a,0,0,0,aac,PASS,"""[REDACTED_LOCAL_PATH]\Tony Hidayat\AQ_OpenWorld_Codec_Provenance\tools\gyan_ffmpeg_9.0_full\bin\ffmpeg.exe"" -y -hide_banner -i ""[REDACTED_LOCAL_PATH]\Tony Hidayat\AQ_OpenWorld_Codec_Provenance\39_bh_speech\canonical_selected\2961-960-0013.wav"" -map_metadata -1 -vn -sn -dn -c:a aac -b:a 80k ""[REDACTED_LOCAL_PATH]\Tony Hidayat\AQ_OpenWorld_Codec_Provenance\42_bh_derivatives\encoded\88e6c92115f68e610823b1ac.m4a""","""[REDACTED_LOCAL_PATH]\Tony Hidayat\AQ_OpenWorld_Codec_Provenance\tools\gyan_ffmpeg_9.0_full\bin\ffprobe.exe"" -v error -show_entries stream=codec_name,sample_rate,channels,duration,bit_rate:format=format_name,duration,bit_rate -of json ""[REDACTED_LOCAL_PATH]\Tony Hidayat\AQ_OpenWorld_Codec_Provenance\42_bh_derivatives\encoded\88e6c92115f68e610823b1ac.m4a""","[REDACTED_LOCAL_PATH]\AppData\Local\CapCut\Apps\7.7.0.3143\ffmpeg.exe -y -hide_banner -i ""[REDACTED_LOCAL_PATH]\Tony Hidayat\AQ_OpenWorld_Codec_Provenance\42_bh_derivatives\encoded\88e6c92115f68e610823b1ac.m4a"" -map_metadata -1 -vn -sn -dn -ac 1 -ar 48000 -sample_fmt s16 ""[REDACTED_LOCAL_PATH]\Tony Hidayat\AQ_OpenWorld_Codec_Provenance\42_bh_derivatives\decoded_raw\88e6c92115f68e610823b1ac.wav"""
d079454a1a81cb755e2fbd88,79b3bc44c1e48fc8811b35a0ca271778,2961,AAC,aac,FFmpeg-native AAC,96,102.624,ee51e604e243b0f4de90cb6317f0a5dd9be746da11165f340d1f6a696d266270,9b0946c1f0047642648b3679c8f963f066786c063748fc921e9f7cd95933adc6,0,0.9877421031047078,96000,25656,[REDACTED_LOCAL_PATH]\Tony Hidayat\AQ_OpenWorld_Codec_Provenance\42_bh_derivatives\encoded\d079454a1a81cb755e2fbd88.m4a,[REDACTED_LOCAL_PATH]\Tony Hidayat\AQ_OpenWorld_Codec_Provenance\42_bh_derivatives\decoded_raw\d079454a1a81cb755e2fbd88.wav,[REDACTED_LOCAL_PATH]\Tony Hidayat\AQ_OpenWorld_Codec_Provenance\42_bh_derivatives\aligned_pcm\d079454a1a81cb755e2fbd88.wav,AQ2D0BH_DERIV_V1|79b3bc44c1e48fc8811b35a0ca271778|AAC|96|FFmpeg-native AAC|57c56e369d5b4873b4d93fc1a1d833cb7cd8bc9325c14b05c34ce60b22842d8a,0,0,0,aac,PASS,"""[REDACTED_LOCAL_PATH]\Tony Hidayat\AQ_OpenWorld_Codec_Provenance\tools\gyan_ffmpeg_9.0_full\bin\ffmpeg.exe"" -y -hide_banner -i ""[REDACTED_LOCAL_PATH]\Tony Hidayat\AQ_OpenWorld_Codec_Provenance\39_bh_speech\canonical_selected\2961-960-0013.wav"" -map_metadata -1 -vn -sn -dn -c:a aac -b:a 96k ""[REDACTED_LOCAL_PATH]\Tony Hidayat\AQ_OpenWorld_Codec_Provenance\42_bh_derivatives\encoded\d079454a1a81cb755e2fbd88.m4a""","""[REDACTED_LOCAL_PATH]\Tony Hidayat\AQ_OpenWorld_Codec_Provenance\tools\gyan_ffmpeg_9.0_full\bin\ffprobe.exe"" -v error -show_entries stream=codec_name,sample_rate,channels,duration,bit_rate:format=format_name,duration,bit_rate -of json ""[REDACTED_LOCAL_PATH]\Tony Hidayat\AQ_OpenWorld_Codec_Provenance\42_bh_derivatives\encoded\d079454a1a81cb755e2fbd88.m4a""","[REDACTED_LOCAL_PATH]\AppData\Local\CapCut\Apps\7.7.0.3143\ffmpeg.exe -y -hide_banner -i ""[REDACTED_LOCAL_PATH]\Tony Hidayat\AQ_OpenWorld_Codec_Provenance\42_bh_derivatives\encoded\d079454a1a81cb755e2fbd88.m4a"" -map_metadata -1 -vn -sn -dn -ac 1 -ar 48000 -sample_fmt s16 ""[REDACTED_LOCAL_PATH]\Tony Hidayat\AQ_OpenWorld_Codec_Provenance\42_bh_derivatives\decoded_raw\d079454a1a81cb755e2fbd88.wav"""
bfceebadd55b0e1103eebe8c,79b3bc44c1e48fc8811b35a0ca271778,2961,AAC,aac,FFmpeg-native AAC,128,130.092,41becb6a15b2d72a1e23766cd8990621f87cfc95af7fa73e7cc999897aefb5ca,3621c98020cd82cddd6d4723d57cd2db092ddd723968d8d5f325373e4707ebec,0,0.9967479865538282,96000,32523,[REDACTED_LOCAL_PATH]\Tony Hidayat\AQ_OpenWorld_Codec_Provenance\42_bh_derivatives\encoded\bfceebadd55b0e1103eebe8c.m4a,[REDACTED_LOCAL_PATH]\Tony Hidayat\AQ_OpenWorld_Codec_Provenance\42_bh_derivatives\decoded_raw\bfceebadd55b0e1103eebe8c.wav,[REDACTED_LOCAL_PATH]\Tony Hidayat\AQ_OpenWorld_Codec_Provenance\42_bh_derivatives\aligned_pcm\bfceebadd55b0e1103eebe8c.wav,AQ2D0BH_DERIV_V1|79b3bc44c1e48fc8811b35a0ca271778|AAC|128|FFmpeg-native AAC|57c56e369d5b4873b4d93fc1a1d833cb7cd8bc9325c14b05c34ce60b22842d8a,0,0,0,aac,PASS,"""[REDACTED_LOCAL_PATH]\Tony Hidayat\AQ_OpenWorld_Codec_Provenance\tools\gyan_ffmpeg_9.0_full\bin\ffmpeg.exe"" -y -hide_banner -i ""[REDACTED_LOCAL_PATH]\Tony Hidayat\AQ_OpenWorld_Codec_Provenance\39_bh_speech\canonical_selected\2961-960-0013.wav"" -map_metadata -1 -vn -sn -dn -c:a aac -b:a 128k ""[REDACTED_LOCAL_PATH]\Tony Hidayat\AQ_OpenWorld_Codec_Provenance\42_bh_derivatives\encoded\bfceebadd55b0e1103eebe8c.m4a""","""[REDACTED_LOCAL_PATH]\Tony Hidayat\AQ_OpenWorld_Codec_Provenance\tools\gyan_ffmpeg_9.0_full\bin\ffprobe.exe"" -v error -show_entries stream=codec_name,sample_rate,channels,duration,bit_rate:format=format_name,duration,bit_rate -of json ""[REDACTED_LOCAL_PATH]\Tony Hidayat\AQ_OpenWorld_Codec_Provenance\42_bh_derivatives\encoded\bfceebadd55b0e1103eebe8c.m4a""","[REDACTED_LOCAL_PATH]\AppData\Local\CapCut\Apps\7.7.0.3143\ffmpeg.exe -y -hide_banner -i ""[REDACTED_LOCAL_PATH]\Tony Hidayat\AQ_OpenWorld_Codec_Provenance\42_bh_derivatives\encoded\bfceebadd55b0e1103eebe8c.m4a"" -map_metadata -1 -vn -sn -dn -ac 1 -ar 48000 -sample_fmt s16 ""[REDACTED_LOCAL_PATH]\Tony Hidayat\AQ_OpenWorld_Codec_Provenance\42_bh_derivatives\decoded_raw\bfceebadd55b0e1103eebe8c.wav"""
6297f665f4cea32928ce51cb,79b3bc44c1e48fc8811b35a0ca271778,2961,MP3,libmp3lame,libmp3lame,32,33.584,438325f89d740c909607da5e21722294bfce33051e057f1a23fea418a1aa18a9,f2e454d189599d187711f7213d724574b10d05996f7ca1bb0d91a089c48f910b,0,0.9959695270891588,96000,8396,[REDACTED_LOCAL_PATH]\Tony Hidayat\AQ_OpenWorld_Codec_Provenance\42_bh_derivatives\encoded\6297f665f4cea32928ce51cb.mp3,[REDACTED_LOCAL_PATH]\Tony Hidayat\AQ_OpenWorld_Codec_Provenance\42_bh_derivatives\decoded_raw\6297f665f4cea32928ce51cb.wav,[REDACTED_LOCAL_PATH]\Tony Hidayat\AQ_OpenWorld_Codec_Provenance\42_bh_derivatives\aligned_pcm\6297f665f4cea32928ce51cb.wav,AQ2D0BH_DERIV_V1|79b3bc44c1e48fc8811b35a0ca271778|MP3|32|libmp3lame|57c56e369d5b4873b4d93fc1a1d833cb7cd8bc9325c14b05c34ce60b22842d8a,0,0,0,mp3,PASS,"""[REDACTED_LOCAL_PATH]\Tony Hidayat\AQ_OpenWorld_Codec_Provenance\tools\gyan_ffmpeg_9.0_full\bin\ffmpeg.exe"" -y -hide_banner -i ""[REDACTED_LOCAL_PATH]\Tony Hidayat\AQ_OpenWorld_Codec_Provenance\39_bh_speech\canonical_selected\2961-960-0013.wav"" -map_metadata -1 -vn -sn -dn -c:a libmp3lame -b:a 32k ""[REDACTED_LOCAL_PATH]\Tony Hidayat\AQ_OpenWorld_Codec_Provenance\42_bh_derivatives\encoded\6297f665f4cea32928ce51cb.mp3""","""[REDACTED_LOCAL_PATH]\Tony Hidayat\AQ_OpenWorld_Codec_Provenance\tools\gyan_ffmpeg_9.0_full\bin\ffprobe.exe"" -v error -show_entries stream=codec_name,sample_rate,channels,duration,bit_rate:format=format_name,duration,bit_rate -of json ""[REDACTED_LOCAL_PATH]\Tony Hidayat\AQ_OpenWorld_Codec_Provenance\42_bh_derivatives\encoded\6297f665f4cea32928ce51cb.mp3""","[REDACTED_LOCAL_PATH]\AppData\Local\CapCut\Apps\7.7.0.3143\ffmpeg.exe -y -hide_banner -i ""[REDACTED_LOCAL_PATH]\Tony Hidayat\AQ_OpenWorld_Codec_Provenance\42_bh_derivatives\encoded\6297f665f4cea32928ce51cb.mp3"" -map_metadata -1 -vn -sn -dn -ac 1 -ar 48000 -sample_fmt s16 ""[REDACTED_LOCAL_PATH]\Tony Hidayat\AQ_OpenWorld_Codec_Provenance\42_bh_derivatives\decoded_raw\6297f665f4cea32928ce51cb.wav"""
1aea926971cb3c08d267de75,79b3bc44c1e48fc8811b35a0ca271778,2961,MP3,libmp3lame,libmp3lame,80,82.736,1bd285ef7d1f9b41c63a6dbe1424a7c680aff68dcdfdbd1574676313b92445eb,afbe6f88c6aebc759e620e5586ee0d07a0b12a0ae91b1b47581ca8d17adfbca0,0,0.9999436650841247,96000,20684,[REDACTED_LOCAL_PATH]\Tony Hidayat\AQ_OpenWorld_Codec_Provenance\42_bh_derivatives\encoded\1aea926971cb3c08d267de75.mp3,[REDACTED_LOCAL_PATH]\Tony Hidayat\AQ_OpenWorld_Codec_Provenance\42_bh_derivatives\decoded_raw\1aea926971cb3c08d267de75.wav,[REDACTED_LOCAL_PATH]\Tony Hidayat\AQ_OpenWorld_Codec_Provenance\42_bh_derivatives\aligned_pcm\1aea926971cb3c08d267de75.wav,AQ2D0BH_DERIV_V1|79b3bc44c1e48fc8811b35a0ca271778|MP3|80|libmp3lame|57c56e369d5b4873b4d93fc1a1d833cb7cd8bc9325c14b05c34ce60b22842d8a,0,0,0,mp3,PASS,"""[REDACTED_LOCAL_PATH]\Tony Hidayat\AQ_OpenWorld_Codec_Provenance\tools\gyan_ffmpeg_9.0_full\bin\ffmpeg.exe"" -y -hide_banner -i ""[REDACTED_LOCAL_PATH]\Tony Hidayat\AQ_OpenWorld_Codec_Provenance\39_bh_speech\canonical_selected\2961-960-0013.wav"" -map_metadata -1 -vn -sn -dn -c:a libmp3lame -b:a 80k ""[REDACTED_LOCAL_PATH]\Tony Hidayat\AQ_OpenWorld_Codec_Provenance\42_bh_derivatives\encoded\1aea926971cb3c08d267de75.mp3""","""[REDACTED_LOCAL_PATH]\Tony Hidayat\AQ_OpenWorld_Codec_Provenance\tools\gyan_ffmpeg_9.0_full\bin\ffprobe.exe"" -v error -show_entries stream=codec_name,sample_rate,channels,duration,bit_rate:format=format_name,duration,bit_rate -of json ""[REDACTED_LOCAL_PATH]\Tony Hidayat\AQ_OpenWorld_Codec_Provenance\42_bh_derivatives\encoded\1aea926971cb3c08d267de75.mp3""","[REDACTED_LOCAL_PATH]\AppData\Local\CapCut\Apps\7.7.0.3143\ffmpeg.exe -y -hide_banner -i ""[REDACTED_LOCAL_PATH]\Tony Hidayat\AQ_OpenWorld_Codec_Provenance\42_bh_derivatives\encoded\1aea926971cb3c08d267de75.mp3"" -map_metadata -1 -vn -sn -dn -ac 1 -ar 48000 -sample_fmt s16 ""[REDACTED_LOCAL_PATH]\Tony Hidayat\AQ_OpenWorld_Codec_Provenance\42_bh_derivatives\decoded_raw\1aea926971cb3c08d267de75.wav"""
290812d6f9ce55ecec744b42,79b3bc44c1e48fc8811b35a0ca271778,2961,MP3,libmp3lame,libmp3lame,96,99.248,e61334c6e8fb97c139bb7a7e91543ae151be65d981a35a1a0da9dc5be93b6278,712f5d5d9c0a2f0bcfe1b20af091b024d9b8cd992fb3df2c8e81e4738675c7d5,0,0.9999885122387299,96000,24812,[REDACTED_LOCAL_PATH]\Tony Hidayat\AQ_OpenWorld_Codec_Provenance\42_bh_derivatives\encoded\290812d6f9ce55ecec744b42.mp3,[REDACTED_LOCAL_PATH]\Tony Hidayat\AQ_OpenWorld_Codec_Provenance\42_bh_derivatives\decoded_raw\290812d6f9ce55ecec744b42.wav,[REDACTED_LOCAL_PATH]\Tony Hidayat\AQ_OpenWorld_Codec_Provenance\42_bh_derivatives\aligned_pcm\290812d6f9ce55ecec744b42.wav,AQ2D0BH_DERIV_V1|79b3bc44c1e48fc8811b35a0ca271778|MP3|96|libmp3lame|57c56e369d5b4873b4d93fc1a1d833cb7cd8bc9325c14b05c34ce60b22842d8a,0,0,0,mp3,PASS,"""[REDACTED_LOCAL_PATH]\Tony Hidayat\AQ_OpenWorld_Codec_Provenance\tools\gyan_ffmpeg_9.0_full\bin\ffmpeg.exe"" -y -hide_banner -i ""[REDACTED_LOCAL_PATH]\Tony Hidayat\AQ_OpenWorld_Codec_Provenance\39_bh_speech\canonical_selected\2961-960-0013.wav"" -map_metadata -1 -vn -sn -dn -c:a libmp3lame -b:a 96k ""[REDACTED_LOCAL_PATH]\Tony Hidayat\AQ_OpenWorld_Codec_Provenance\42_bh_derivatives\encoded\290812d6f9ce55ecec744b42.mp3""","""[REDACTED_LOCAL_PATH]\Tony Hidayat\AQ_OpenWorld_Codec_Provenance\tools\gyan_ffmpeg_9.0_full\bin\ffprobe.exe"" -v error -show_entries stream=codec_name,sample_rate,channels,duration,bit_rate:format=format_name,duration,bit_rate -of json ""[REDACTED_LOCAL_PATH]\Tony Hidayat\AQ_OpenWorld_Codec_Provenance\42_bh_derivatives\encoded\290812d6f9ce55ecec744b42.mp3""","[REDACTED_LOCAL_PATH]\AppData\Local\CapCut\Apps\7.7.0.3143\ffmpeg.exe -y -hide_banner -i ""[REDACTED_LOCAL_PATH]\Tony Hidayat\AQ_OpenWorld_Codec_Provenance\42_bh_derivatives\encoded\290812d6f9ce55ecec744b42.mp3"" -map_metadata -1 -vn -sn -dn -ac 1 -ar 48000 -sample_fmt s16 ""[REDACTED_LOCAL_PATH]\Tony Hidayat\AQ_OpenWorld_Codec_Provenance\42_bh_derivatives\decoded_raw\290812d6f9ce55ecec744b42.wav"""
079f0baedb8202a0012e9c3e,79b3bc44c1e48fc8811b35a0ca271778,2961,MP3,libmp3lame,libmp3lame,128,132.272,afc4e5c3aa2c107f9668818e9c9cd67afb2a9539a65d93f10a5e1dfd41dc60d1,936a3021d7a143bb885a51aba5245b910f8fd529699ce55e117cbedd13926092,0,0.9999975064652947,96000,33068,[REDACTED_LOCAL_PATH]\Tony Hidayat\AQ_OpenWorld_Codec_Provenance\42_bh_derivatives\encoded\079f0baedb8202a0012e9c3e.mp3,[REDACTED_LOCAL_PATH]\Tony Hidayat\AQ_OpenWorld_Codec_Provenance\42_bh_derivatives\decoded_raw\079f0baedb8202a0012e9c3e.wav,[REDACTED_LOCAL_PATH]\Tony Hidayat\AQ_OpenWorld_Codec_Provenance\42_bh_derivatives\aligned_pcm\079f0baedb8202a0012e9c3e.wav,AQ2D0BH_DERIV_V1|79b3bc44c1e48fc8811b35a0ca271778|MP3|128|libmp3lame|57c56e369d5b4873b4d93fc1a1d833cb7cd8bc9325c14b05c34ce60b22842d8a,0,0,0,mp3,PASS,"""[REDACTED_LOCAL_PATH]\Tony Hidayat\AQ_OpenWorld_Codec_Provenance\tools\gyan_ffmpeg_9.0_full\bin\ffmpeg.exe"" -y -hide_banner -i ""[REDACTED_LOCAL_PATH]\Tony Hidayat\AQ_OpenWorld_Codec_Provenance\39_bh_speech\canonical_selected\2961-960-0013.wav"" -map_metadata -1 -vn -sn -dn -c:a libmp3lame -b:a 128k ""[REDACTED_LOCAL_PATH]\Tony Hidayat\AQ_OpenWorld_Codec_Provenance\42_bh_derivatives\encoded\079f0baedb8202a0012e9c3e.mp3""","""[REDACTED_LOCAL_PATH]\Tony Hidayat\AQ_OpenWorld_Codec_Provenance\tools\gyan_ffmpeg_9.0_full\bin\ffprobe.exe"" -v error -show_entries stream=codec_name,sample_rate,channels,duration,bit_rate:format=format_name,duration,bit_rate -of json ""[REDACTED_LOCAL_PATH]\Tony Hidayat\AQ_OpenWorld_Codec_Provenance\42_bh_derivatives\encoded\079f0baedb8202a0012e9c3e.mp3""","[REDACTED_LOCAL_PATH]\AppData\Local\CapCut\Apps\7.7.0.3143\ffmpeg.exe -y -hide_banner -i ""[REDACTED_LOCAL_PATH]\Tony Hidayat\AQ_OpenWorld_Codec_Provenance\42_bh_derivatives\encoded\079f0baedb8202a0012e9c3e.mp3"" -map_metadata -1 -vn -sn -dn -ac 1 -ar 48000 -sample_fmt s16 ""[REDACTED_LOCAL_PATH]\Tony Hidayat\AQ_OpenWorld_Codec_Provenance\42_bh_derivatives\decoded_raw\079f0baedb8202a0012e9c3e.wav"""
e9c9f940567068c26f79c03e,79b3bc44c1e48fc8811b35a0ca271778,2961,Opus,libopus,libopus,32,33.588,d6d80a56a588ba0619ce824910f960604db29a083fd2855eb562a6b98ed7896f,3cbe306de601d848ba6ef32fc5e00c28e92ab310fd26c03a6699fd949dbcc70c,0,0.9963513435141413,96000,8397,[REDACTED_LOCAL_PATH]\Tony Hidayat\AQ_OpenWorld_Codec_Provenance\42_bh_derivatives\encoded\e9c9f940567068c26f79c03e.opus,[REDACTED_LOCAL_PATH]\Tony Hidayat\AQ_OpenWorld_Codec_Provenance\42_bh_derivatives\decoded_raw\e9c9f940567068c26f79c03e.wav,[REDACTED_LOCAL_PATH]\Tony Hidayat\AQ_OpenWorld_Codec_Provenance\42_bh_derivatives\aligned_pcm\e9c9f940567068c26f79c03e.wav,AQ2D0BH_DERIV_V1|79b3bc44c1e48fc8811b35a0ca271778|Opus|32|libopus|57c56e369d5b4873b4d93fc1a1d833cb7cd8bc9325c14b05c34ce60b22842d8a,0,0,0,opus,PASS,"""[REDACTED_LOCAL_PATH]\Tony Hidayat\AQ_OpenWorld_Codec_Provenance\tools\gyan_ffmpeg_9.0_full\bin\ffmpeg.exe"" -y -hide_banner -i ""[REDACTED_LOCAL_PATH]\Tony Hidayat\AQ_OpenWorld_Codec_Provenance\39_bh_speech\canonical_selected\2961-960-0013.wav"" -map_metadata -1 -vn -sn -dn -c:a libopus -b:a 32k -vbr off ""[REDACTED_LOCAL_PATH]\Tony Hidayat\AQ_OpenWorld_Codec_Provenance\42_bh_derivatives\encoded\e9c9f940567068c26f79c03e.opus""","""[REDACTED_LOCAL_PATH]\Tony Hidayat\AQ_OpenWorld_Codec_Provenance\tools\gyan_ffmpeg_9.0_full\bin\ffprobe.exe"" -v error -show_entries stream=codec_name,sample_rate,channels,duration,bit_rate:format=format_name,duration,bit_rate -of json ""[REDACTED_LOCAL_PATH]\Tony Hidayat\AQ_OpenWorld_Codec_Provenance\42_bh_derivatives\encoded\e9c9f940567068c26f79c03e.opus""","[REDACTED_LOCAL_PATH]\AppData\Local\CapCut\Apps\7.7.0.3143\ffmpeg.exe -y -hide_banner -i ""[REDACTED_LOCAL_PATH]\Tony Hidayat\AQ_OpenWorld_Codec_Provenance\42_bh_derivatives\encoded\e9c9f940567068c26f79c03e.opus"" -map_metadata -1 -vn -sn -dn -ac 1 -ar 48000 -sample_fmt s16 ""[REDACTED_LOCAL_PATH]\Tony Hidayat\AQ_OpenWorld_Codec_Provenance\42_bh_derivatives\decoded_raw\e9c9f940567068c26f79c03e.wav"""
514652b2d56b3c49a1b9b31c,79b3bc44c1e48fc8811b35a0ca271778,2961,Opus,libopus,libopus,80,82.068,b04f2b9b08c28a7bdb1c113d93c075901083d3889dd50b00ee56b8fa47bc3d8c,a02fa315ed6603f9973dc446cb11c66db0eeac79d0e9a49303d140db24782956,0,0.9993682122438529,96000,20517,[REDACTED_LOCAL_PATH]\Tony Hidayat\AQ_OpenWorld_Codec_Provenance\42_bh_derivatives\encoded\514652b2d56b3c49a1b9b31c.opus,[REDACTED_LOCAL_PATH]\Tony Hidayat\AQ_OpenWorld_Codec_Provenance\42_bh_derivatives\decoded_raw\514652b2d56b3c49a1b9b31c.wav,[REDACTED_LOCAL_PATH]\Tony Hidayat\AQ_OpenWorld_Codec_Provenance\42_bh_derivatives\aligned_pcm\514652b2d56b3c49a1b9b31c.wav,AQ2D0BH_DERIV_V1|79b3bc44c1e48fc8811b35a0ca271778|Opus|80|libopus|57c56e369d5b4873b4d93fc1a1d833cb7cd8bc9325c14b05c34ce60b22842d8a,0,0,0,opus,PASS,"""[REDACTED_LOCAL_PATH]\Tony Hidayat\AQ_OpenWorld_Codec_Provenance\tools\gyan_ffmpeg_9.0_full\bin\ffmpeg.exe"" -y -hide_banner -i ""[REDACTED_LOCAL_PATH]\Tony Hidayat\AQ_OpenWorld_Codec_Provenance\39_bh_speech\canonical_selected\2961-960-0013.wav"" -map_metadata -1 -vn -sn -dn -c:a libopus -b:a 80k -vbr off ""[REDACTED_LOCAL_PATH]\Tony Hidayat\AQ_OpenWorld_Codec_Provenance\42_bh_derivatives\encoded\514652b2d56b3c49a1b9b31c.opus""","""[REDACTED_LOCAL_PATH]\Tony Hidayat\AQ_OpenWorld_Codec_Provenance\tools\gyan_ffmpeg_9.0_full\bin\ffprobe.exe"" -v error -show_entries stream=codec_name,sample_rate,channels,duration,bit_rate:format=format_name,duration,bit_rate -of json ""[REDACTED_LOCAL_PATH]\Tony Hidayat\AQ_OpenWorld_Codec_Provenance\42_bh_derivatives\encoded\514652b2d56b3c49a1b9b31c.opus""","[REDACTED_LOCAL_PATH]\AppData\Local\CapCut\Apps\7.7.0.3143\ffmpeg.exe -y -hide_banner -i ""[REDACTED_LOCAL_PATH]\Tony Hidayat\AQ_OpenWorld_Codec_Provenance\42_bh_derivatives\encoded\514652b2d56b3c49a1b9b31c.opus"" -map_metadata -1 -vn -sn -dn -ac 1 -ar 48000 -sample_fmt s16 ""[REDACTED_LOCAL_PATH]\Tony Hidayat\AQ_OpenWorld_Codec_Provenance\42_bh_derivatives\decoded_raw\514652b2d56b3c49a1b9b31c.wav"""
6117c33ddd7505a6d5381df8,79b3bc44c1e48fc8811b35a0ca271778,2961,Opus,libopus,libopus,96,98.228,a186ce6d7d90cc4147b65d2476ea69c77b69b32ac9cc48fcf1978eb441f24e97,da61a803047be1c848d48410dea144ce50040bef5bbe5bb962e9ad2cc3e08c83,0,0.9994708324592232,96000,24557,[REDACTED_LOCAL_PATH]\Tony Hidayat\AQ_OpenWorld_Codec_Provenance\42_bh_derivatives\encoded\6117c33ddd7505a6d5381df8.opus,[REDACTED_LOCAL_PATH]\Tony Hidayat\AQ_OpenWorld_Codec_Provenance\42_bh_derivatives\decoded_raw\6117c33ddd7505a6d5381df8.wav,[REDACTED_LOCAL_PATH]\Tony Hidayat\AQ_OpenWorld_Codec_Provenance\42_bh_derivatives\aligned_pcm\6117c33ddd7505a6d5381df8.wav,AQ2D0BH_DERIV_V1|79b3bc44c1e48fc8811b35a0ca271778|Opus|96|libopus|57c56e369d5b4873b4d93fc1a1d833cb7cd8bc9325c14b05c34ce60b22842d8a,0,0,0,opus,PASS,"""[REDACTED_LOCAL_PATH]\Tony Hidayat\AQ_OpenWorld_Codec_Provenance\tools\gyan_ffmpeg_9.0_full\bin\ffmpeg.exe"" -y -hide_banner -i ""[REDACTED_LOCAL_PATH]\Tony Hidayat\AQ_OpenWorld_Codec_Provenance\39_bh_speech\canonical_selected\2961-960-0013.wav"" -map_metadata -1 -vn -sn -dn -c:a libopus -b:a 96k -vbr off ""[REDACTED_LOCAL_PATH]\Tony Hidayat\AQ_OpenWorld_Codec_Provenance\42_bh_derivatives\encoded\6117c33ddd7505a6d5381df8.opus""","""[REDACTED_LOCAL_PATH]\Tony Hidayat\AQ_OpenWorld_Codec_Provenance\tools\gyan_ffmpeg_9.0_full\bin\ffprobe.exe"" -v error -show_entries stream=codec_name,sample_rate,channels,duration,bit_rate:format=format_name,duration,bit_rate -of json ""[REDACTED_LOCAL_PATH]\Tony Hidayat\AQ_OpenWorld_Codec_Provenance\42_bh_derivatives\encoded\6117c33ddd7505a6d5381df8.opus""","[REDACTED_LOCAL_PATH]\AppData\Local\CapCut\Apps\7.7.0.3143\ffmpeg.exe -y -hide_banner -i ""[REDACTED_LOCAL_PATH]\Tony Hidayat\AQ_OpenWorld_Codec_Provenance\42_bh_derivatives\encoded\6117c33ddd7505a6d5381df8.opus"" -map_metadata -1 -vn -sn -dn -ac 1 -ar 48000 -sample_fmt s16 ""[REDACTED_LOCAL_PATH]\Tony Hidayat\AQ_OpenWorld_Codec_Provenance\42_bh_derivatives\decoded_raw\6117c33ddd7505a6d5381df8.wav"""
337405020d96cf41cd89cc12,79b3bc44c1e48fc8811b35a0ca271778,2961,Opus,libopus,libopus,128,130.952,246e02521b4fe5138ec5fb1d49cb683537166cc46f956e00834c1678b2aea982,8bcbd552ac93f58d4ee455305f7001b7a26b78207c487ac7c0532b2e198a850f,0,0.999745070666194,96000,32738,[REDACTED_LOCAL_PATH]\Tony Hidayat\AQ_OpenWorld_Codec_Provenance\42_bh_derivatives\encoded\337405020d96cf41cd89cc12.opus,[REDACTED_LOCAL_PATH]\Tony Hidayat\AQ_OpenWorld_Codec_Provenance\42_bh_derivatives\decoded_raw\337405020d96cf41cd89cc12.wav,[REDACTED_LOCAL_PATH]\Tony Hidayat\AQ_OpenWorld_Codec_Provenance\42_bh_derivatives\aligned_pcm\337405020d96cf41cd89cc12.wav,AQ2D0BH_DERIV_V1|79b3bc44c1e48fc8811b35a0ca271778|Opus|128|libopus|57c56e369d5b4873b4d93fc1a1d833cb7cd8bc9325c14b05c34ce60b22842d8a,0,0,0,opus,PASS,"""[REDACTED_LOCAL_PATH]\Tony Hidayat\AQ_OpenWorld_Codec_Provenance\tools\gyan_ffmpeg_9.0_full\bin\ffmpeg.exe"" -y -hide_banner -i ""[REDACTED_LOCAL_PATH]\Tony Hidayat\AQ_OpenWorld_Codec_Provenance\39_bh_speech\canonical_selected\2961-960-0013.wav"" -map_metadata -1 -vn -sn -dn -c:a libopus -b:a 128k -vbr off ""[REDACTED_LOCAL_PATH]\Tony Hidayat\AQ_OpenWorld_Codec_Provenance\42_bh_derivatives\encoded\337405020d96cf41cd89cc12.opus""","""[REDACTED_LOCAL_PATH]\Tony Hidayat\AQ_OpenWorld_Codec_Provenance\tools\gyan_ffmpeg_9.0_full\bin\ffprobe.exe"" -v error -show_entries stream=codec_name,sample_rate,channels,duration,bit_rate:format=format_name,duration,bit_rate -of json ""[REDACTED_LOCAL_PATH]\Tony Hidayat\AQ_OpenWorld_Codec_Provenance\42_bh_derivatives\encoded\337405020d96cf41cd89cc12.opus""","[REDACTED_LOCAL_PATH]\AppData\Local\CapCut\Apps\7.7.0.3143\ffmpeg.exe -y -hide_banner -i ""[REDACTED_LOCAL_PATH]\Tony Hidayat\AQ_OpenWorld_Codec_Provenance\42_bh_derivatives\encoded\337405020d96cf41cd89cc12.opus"" -map_metadata -1 -vn -sn -dn -ac 1 -ar 48000 -sample_fmt s16 ""[REDACTED_LOCAL_PATH]\Tony Hidayat\AQ_OpenWorld_Codec_Provenance\42_bh_derivatives\decoded_raw\337405020d96cf41cd89cc12.wav"""
e4f87a3acba2e5f7fed47ab0,7fc0a51c88bb104ddafd499bb0565ce1,4077,AAC,aac,FFmpeg-native AAC,32,37.112,6db2cf814feb877778b7954698e0c370abac7cb7eeb2d1e2229d9a79800d01ed,ba3ce59f192fd5938c1c5fa6b8596cffc069a330e25df2d786d897d1ad94cfd5,0,0.8923252470304303,96000,9278,[REDACTED_LOCAL_PATH]\Tony Hidayat\AQ_OpenWorld_Codec_Provenance\42_bh_derivatives\encoded\e4f87a3acba2e5f7fed47ab0.m4a,[REDACTED_LOCAL_PATH]\Tony Hidayat\AQ_OpenWorld_Codec_Provenance\42_bh_derivatives\decoded_raw\e4f87a3acba2e5f7fed47ab0.wav,[REDACTED_LOCAL_PATH]\Tony Hidayat\AQ_OpenWorld_Codec_Provenance\42_bh_derivatives\aligned_pcm\e4f87a3acba2e5f7fed47ab0.wav,AQ2D0BH_DERIV_V1|7fc0a51c88bb104ddafd499bb0565ce1|AAC|32|FFmpeg-native AAC|57c56e369d5b4873b4d93fc1a1d833cb7cd8bc9325c14b05c34ce60b22842d8a,0,0,0,aac,PASS,"""[REDACTED_LOCAL_PATH]\Tony Hidayat\AQ_OpenWorld_Codec_Provenance\tools\gyan_ffmpeg_9.0_full\bin\ffmpeg.exe"" -y -hide_banner -i ""[REDACTED_LOCAL_PATH]\Tony Hidayat\AQ_OpenWorld_Codec_Provenance\39_bh_speech\canonical_selected\4077-13751-0012.wav"" -map_metadata -1 -vn -sn -dn -c:a aac -b:a 32k ""[REDACTED_LOCAL_PATH]\Tony Hidayat\AQ_OpenWorld_Codec_Provenance\42_bh_derivatives\encoded\e4f87a3acba2e5f7fed47ab0.m4a""","""[REDACTED_LOCAL_PATH]\Tony Hidayat\AQ_OpenWorld_Codec_Provenance\tools\gyan_ffmpeg_9.0_full\bin\ffprobe.exe"" -v error -show_entries stream=codec_name,sample_rate,channels,duration,bit_rate:format=format_name,duration,bit_rate -of json ""[REDACTED_LOCAL_PATH]\Tony Hidayat\AQ_OpenWorld_Codec_Provenance\42_bh_derivatives\encoded\e4f87a3acba2e5f7fed47ab0.m4a""","[REDACTED_LOCAL_PATH]\AppData\Local\CapCut\Apps\7.7.0.3143\ffmpeg.exe -y -hide_banner -i ""[REDACTED_LOCAL_PATH]\Tony Hidayat\AQ_OpenWorld_Codec_Provenance\42_bh_derivatives\encoded\e4f87a3acba2e5f7fed47ab0.m4a"" -map_metadata -1 -vn -sn -dn -ac 1 -ar 48000 -sample_fmt s16 ""[REDACTED_LOCAL_PATH]\Tony Hidayat\AQ_OpenWorld_Codec_Provenance\42_bh_derivatives\decoded_raw\e4f87a3acba2e5f7fed47ab0.wav"""
655560d1beab4c23649bb136,7fc0a51c88bb104ddafd499bb0565ce1,4077,AAC,aac,FFmpeg-native AAC,80,86.74,66ec153ec7ca89c965ac44724b4215ae1a53fdc43b5a9afefc9ee4500bec16aa,8b433f04848ed475479ba4e093184d90679668b79011099436f235114a603407,0,0.9970295478971728,96000,21685,[REDACTED_LOCAL_PATH]\Tony Hidayat\AQ_OpenWorld_Codec_Provenance\42_bh_derivatives\encoded\655560d1beab4c23649bb136.m4a,[REDACTED_LOCAL_PATH]\Tony Hidayat\AQ_OpenWorld_Codec_Provenance\42_bh_derivatives\decoded_raw\655560d1beab4c23649bb136.wav,[REDACTED_LOCAL_PATH]\Tony Hidayat\AQ_OpenWorld_Codec_Provenance\42_bh_derivatives\aligned_pcm\655560d1beab4c23649bb136.wav,AQ2D0BH_DERIV_V1|7fc0a51c88bb104ddafd499bb0565ce1|AAC|80|FFmpeg-native AAC|57c56e369d5b4873b4d93fc1a1d833cb7cd8bc9325c14b05c34ce60b22842d8a,0,0,0,aac,PASS,"""[REDACTED_LOCAL_PATH]\Tony Hidayat\AQ_OpenWorld_Codec_Provenance\tools\gyan_ffmpeg_9.0_full\bin\ffmpeg.exe"" -y -hide_banner -i ""[REDACTED_LOCAL_PATH]\Tony Hidayat\AQ_OpenWorld_Codec_Provenance\39_bh_speech\canonical_selected\4077-13751-0012.wav"" -map_metadata -1 -vn -sn -dn -c:a aac -b:a 80k ""[REDACTED_LOCAL_PATH]\Tony Hidayat\AQ_OpenWorld_Codec_Provenance\42_bh_derivatives\encoded\655560d1beab4c23649bb136.m4a""","""[REDACTED_LOCAL_PATH]\Tony Hidayat\AQ_OpenWorld_Codec_Provenance\tools\gyan_ffmpeg_9.0_full\bin\ffprobe.exe"" -v error -show_entries stream=codec_name,sample_rate,channels,duration,bit_rate:format=format_name,duration,bit_rate -of json ""[REDACTED_LOCAL_PATH]\Tony Hidayat\AQ_OpenWorld_Codec_Provenance\42_bh_derivatives\encoded\655560d1beab4c23649bb136.m4a""","[REDACTED_LOCAL_PATH]\AppData\Local\CapCut\Apps\7.7.0.3143\ffmpeg.exe -y -hide_banner -i ""[REDACTED_LOCAL_PATH]\Tony Hidayat\AQ_OpenWorld_Codec_Provenance\42_bh_derivatives\encoded\655560d1beab4c23649bb136.m4a"" -map_metadata -1 -vn -sn -dn -ac 1 -ar 48000 -sample_fmt s16 ""[REDACTED_LOCAL_PATH]\Tony Hidayat\AQ_OpenWorld_Codec_Provenance\42_bh_derivatives\decoded_raw\655560d1beab4c23649bb136.wav"""
3d591032bd84b40cf4666553,7fc0a51c88bb104ddafd499bb0565ce1,4077,AAC,aac,FFmpeg-native AAC,96,102.712,073de57f4987c3779c48bbd3ce75e9e27ee592a692c587fab042ccb4c336061a,567af773a4520303aeef7d46503e10c2f3fbabba2bfbc2fc60d553141917dde1,0,0.9985110659836858,96000,25678,[REDACTED_LOCAL_PATH]\Tony Hidayat\AQ_OpenWorld_Codec_Provenance\42_bh_derivatives\encoded\3d591032bd84b40cf4666553.m4a,[REDACTED_LOCAL_PATH]\Tony Hidayat\AQ_OpenWorld_Codec_Provenance\42_bh_derivatives\decoded_raw\3d591032bd84b40cf4666553.wav,[REDACTED_LOCAL_PATH]\Tony Hidayat\AQ_OpenWorld_Codec_Provenance\42_bh_derivatives\aligned_pcm\3d591032bd84b40cf4666553.wav,AQ2D0BH_DERIV_V1|7fc0a51c88bb104ddafd499bb0565ce1|AAC|96|FFmpeg-native AAC|57c56e369d5b4873b4d93fc1a1d833cb7cd8bc9325c14b05c34ce60b22842d8a,0,0,0,aac,PASS,"""[REDACTED_LOCAL_PATH]\Tony Hidayat\AQ_OpenWorld_Codec_Provenance\tools\gyan_ffmpeg_9.0_full\bin\ffmpeg.exe"" -y -hide_banner -i ""[REDACTED_LOCAL_PATH]\Tony Hidayat\AQ_OpenWorld_Codec_Provenance\39_bh_speech\canonical_selected\4077-13751-0012.wav"" -map_metadata -1 -vn -sn -dn -c:a aac -b:a 96k ""[REDACTED_LOCAL_PATH]\Tony Hidayat\AQ_OpenWorld_Codec_Provenance\42_bh_derivatives\encoded\3d591032bd84b40cf4666553.m4a""","""[REDACTED_LOCAL_PATH]\Tony Hidayat\AQ_OpenWorld_Codec_Provenance\tools\gyan_ffmpeg_9.0_full\bin\ffprobe.exe"" -v error -show_entries stream=codec_name,sample_rate,channels,duration,bit_rate:format=format_name,duration,bit_rate -of json ""[REDACTED_LOCAL_PATH]\Tony Hidayat\AQ_OpenWorld_Codec_Provenance\42_bh_derivatives\encoded\3d591032bd84b40cf4666553.m4a""","[REDACTED_LOCAL_PATH]\AppData\Local\CapCut\Apps\7.7.0.3143\ffmpeg.exe -y -hide_banner -i ""[REDACTED_LOCAL_PATH]\Tony Hidayat\AQ_OpenWorld_Codec_Provenance\42_bh_derivatives\encoded\3d591032bd84b40cf4666553.m4a"" -map_metadata -1 -vn -sn -dn -ac 1 -ar 48000 -sample_fmt s16 ""[REDACTED_LOCAL_PATH]\Tony Hidayat\AQ_OpenWorld_Codec_Provenance\42_bh_derivatives\decoded_raw\3d591032bd84b40cf4666553.wav"""
42f7dca069e204397b3e1ef8,7fc0a51c88bb104ddafd499bb0565ce1,4077,AAC,aac,FFmpeg-native AAC,128,134.696,9823d1154b9c1d0f7c450775c56d5dd3e6d7bebf9213ec715e108c0d26e0d34c,f06f81784fbe6dfcdb93daf36d9304b4307f2109ba76645ca1bcfd359c67d150,0,0.9977554533930606,96000,33674,[REDACTED_LOCAL_PATH]\Tony Hidayat\AQ_OpenWorld_Codec_Provenance\42_bh_derivatives\encoded\42f7dca069e204397b3e1ef8.m4a,[REDACTED_LOCAL_PATH]\Tony Hidayat\AQ_OpenWorld_Codec_Provenance\42_bh_derivatives\decoded_raw\42f7dca069e204397b3e1ef8.wav,[REDACTED_LOCAL_PATH]\Tony Hidayat\AQ_OpenWorld_Codec_Provenance\42_bh_derivatives\aligned_pcm\42f7dca069e204397b3e1ef8.wav,AQ2D0BH_DERIV_V1|7fc0a51c88bb104ddafd499bb0565ce1|AAC|128|FFmpeg-native AAC|57c56e369d5b4873b4d93fc1a1d833cb7cd8bc9325c14b05c34ce60b22842d8a,0,0,0,aac,PASS,"""[REDACTED_LOCAL_PATH]\Tony Hidayat\AQ_OpenWorld_Codec_Provenance\tools\gyan_ffmpeg_9.0_full\bin\ffmpeg.exe"" -y -hide_banner -i ""[REDACTED_LOCAL_PATH]\Tony Hidayat\AQ_OpenWorld_Codec_Provenance\39_bh_speech\canonical_selected\4077-13751-0012.wav"" -map_metadata -1 -vn -sn -dn -c:a aac -b:a 128k ""[REDACTED_LOCAL_PATH]\Tony Hidayat\AQ_OpenWorld_Codec_Provenance\42_bh_derivatives\encoded\42f7dca069e204397b3e1ef8.m4a""","""[REDACTED_LOCAL_PATH]\Tony Hidayat\AQ_OpenWorld_Codec_Provenance\tools\gyan_ffmpeg_9.0_full\bin\ffprobe.exe"" -v error -show_entries stream=codec_name,sample_rate,channels,duration,bit_rate:format=format_name,duration,bit_rate -of json ""[REDACTED_LOCAL_PATH]\Tony Hidayat\AQ_OpenWorld_Codec_Provenance\42_bh_derivatives\encoded\42f7dca069e204397b3e1ef8.m4a""","[REDACTED_LOCAL_PATH]\AppData\Local\CapCut\Apps\7.7.0.3143\ffmpeg.exe -y -hide_banner -i ""[REDACTED_LOCAL_PATH]\Tony Hidayat\AQ_OpenWorld_Codec_Provenance\42_bh_derivatives\encoded\42f7dca069e204397b3e1ef8.m4a"" -map_metadata -1 -vn -sn -dn -ac 1 -ar 48000 -sample_fmt s16 ""[REDACTED_LOCAL_PATH]\Tony Hidayat\AQ_OpenWorld_Codec_Provenance\42_bh_derivatives\decoded_raw\42f7dca069e204397b3e1ef8.wav"""
68964d5c1172845d3a4ddc1c,7fc0a51c88bb104ddafd499bb0565ce1,4077,MP3,libmp3lame,libmp3lame,32,33.584,019da91e73a6f5f457c2a54ffa8252b6877fe1ea467244da9fd3aec4e419b4d5,ed87a65c525bf3d87ae14dd7646d472ac77f790f3bba2b9af1f77b446be6de96,0,0.9590212725307047,96000,8396,[REDACTED_LOCAL_PATH]\Tony Hidayat\AQ_OpenWorld_Codec_Provenance\42_bh_derivatives\encoded\68964d5c1172845d3a4ddc1c.mp3,[REDACTED_LOCAL_PATH]\Tony Hidayat\AQ_OpenWorld_Codec_Provenance\42_bh_derivatives\decoded_raw\68964d5c1172845d3a4ddc1c.wav,[REDACTED_LOCAL_PATH]\Tony Hidayat\AQ_OpenWorld_Codec_Provenance\42_bh_derivatives\aligned_pcm\68964d5c1172845d3a4ddc1c.wav,AQ2D0BH_DERIV_V1|7fc0a51c88bb104ddafd499bb0565ce1|MP3|32|libmp3lame|57c56e369d5b4873b4d93fc1a1d833cb7cd8bc9325c14b05c34ce60b22842d8a,0,0,0,mp3,PASS,"""[REDACTED_LOCAL_PATH]\Tony Hidayat\AQ_OpenWorld_Codec_Provenance\tools\gyan_ffmpeg_9.0_full\bin\ffmpeg.exe"" -y -hide_banner -i ""[REDACTED_LOCAL_PATH]\Tony Hidayat\AQ_OpenWorld_Codec_Provenance\39_bh_speech\canonical_selected\4077-13751-0012.wav"" -map_metadata -1 -vn -sn -dn -c:a libmp3lame -b:a 32k ""[REDACTED_LOCAL_PATH]\Tony Hidayat\AQ_OpenWorld_Codec_Provenance\42_bh_derivatives\encoded\68964d5c1172845d3a4ddc1c.mp3""","""[REDACTED_LOCAL_PATH]\Tony Hidayat\AQ_OpenWorld_Codec_Provenance\tools\gyan_ffmpeg_9.0_full\bin\ffprobe.exe"" -v error -show_entries stream=codec_name,sample_rate,channels,duration,bit_rate:format=format_name,duration,bit_rate -of json ""[REDACTED_LOCAL_PATH]\Tony Hidayat\AQ_OpenWorld_Codec_Provenance\42_bh_derivatives\encoded\68964d5c1172845d3a4ddc1c.mp3""","[REDACTED_LOCAL_PATH]\AppData\Local\CapCut\Apps\7.7.0.3143\ffmpeg.exe -y -hide_banner -i ""[REDACTED_LOCAL_PATH]\Tony Hidayat\AQ_OpenWorld_Codec_Provenance\42_bh_derivatives\encoded\68964d5c1172845d3a4ddc1c.mp3"" -map_metadata -1 -vn -sn -dn -ac 1 -ar 48000 -sample_fmt s16 ""[REDACTED_LOCAL_PATH]\Tony Hidayat\AQ_OpenWorld_Codec_Provenance\42_bh_derivatives\decoded_raw\68964d5c1172845d3a4ddc1c.wav"""
71db2c2107d503d36afb81a4,7fc0a51c88bb104ddafd499bb0565ce1,4077,MP3,libmp3lame,libmp3lame,80,82.736,45ff24f58ea4f1e3094b63e8d9f15e0dbe34a883a97ec4fe1ac12ced714a8e07,203fa84cb3e2f61fff3656c32f773a5098d7962b410ef9dfd439f66248ae201c,0,0.9991364783619322,96000,20684,[REDACTED_LOCAL_PATH]\Tony Hidayat\AQ_OpenWorld_Codec_Provenance\42_bh_derivatives\encoded\71db2c2107d503d36afb81a4.mp3,[REDACTED_LOCAL_PATH]\Tony Hidayat\AQ_OpenWorld_Codec_Provenance\42_bh_derivatives\decoded_raw\71db2c2107d503d36afb81a4.wav,[REDACTED_LOCAL_PATH]\Tony Hidayat\AQ_OpenWorld_Codec_Provenance\42_bh_derivatives\aligned_pcm\71db2c2107d503d36afb81a4.wav,AQ2D0BH_DERIV_V1|7fc0a51c88bb104ddafd499bb0565ce1|MP3|80|libmp3lame|57c56e369d5b4873b4d93fc1a1d833cb7cd8bc9325c14b05c34ce60b22842d8a,0,0,0,mp3,PASS,"""[REDACTED_LOCAL_PATH]\Tony Hidayat\AQ_OpenWorld_Codec_Provenance\tools\gyan_ffmpeg_9.0_full\bin\ffmpeg.exe"" -y -hide_banner -i ""[REDACTED_LOCAL_PATH]\Tony Hidayat\AQ_OpenWorld_Codec_Provenance\39_bh_speech\canonical_selected\4077-13751-0012.wav"" -map_metadata -1 -vn -sn -dn -c:a libmp3lame -b:a 80k ""[REDACTED_LOCAL_PATH]\Tony Hidayat\AQ_OpenWorld_Codec_Provenance\42_bh_derivatives\encoded\71db2c2107d503d36afb81a4.mp3""","""[REDACTED_LOCAL_PATH]\Tony Hidayat\AQ_OpenWorld_Codec_Provenance\tools\gyan_ffmpeg_9.0_full\bin\ffprobe.exe"" -v error -show_entries stream=codec_name,sample_rate,channels,duration,bit_rate:format=format_name,duration,bit_rate -of json ""[REDACTED_LOCAL_PATH]\Tony Hidayat\AQ_OpenWorld_Codec_Provenance\42_bh_derivatives\encoded\71db2c2107d503d36afb81a4.mp3""","[REDACTED_LOCAL_PATH]\AppData\Local\CapCut\Apps\7.7.0.3143\ffmpeg.exe -y -hide_banner -i ""[REDACTED_LOCAL_PATH]\Tony Hidayat\AQ_OpenWorld_Codec_Provenance\42_bh_derivatives\encoded\71db2c2107d503d36afb81a4.mp3"" -map_metadata -1 -vn -sn -dn -ac 1 -ar 48000 -sample_fmt s16 ""[REDACTED_LOCAL_PATH]\Tony Hidayat\AQ_OpenWorld_Codec_Provenance\42_bh_derivatives\decoded_raw\71db2c2107d503d36afb81a4.wav"""
c2608ef50f248b5482df888d,7fc0a51c88bb104ddafd499bb0565ce1,4077,MP3,libmp3lame,libmp3lame,96,99.248,96e0c3eb9c55d3756531892e412df9c9086c5acd4da6c8128e2e7cca260e5cf5,df0c0c9390aa7511a30075b680619a16a9b155425764179c6d4fb2955091c04b,0,0.9996690276895089,96000,24812,[REDACTED_LOCAL_PATH]\Tony Hidayat\AQ_OpenWorld_Codec_Provenance\42_bh_derivatives\encoded\c2608ef50f248b5482df888d.mp3,[REDACTED_LOCAL_PATH]\Tony Hidayat\AQ_OpenWorld_Codec_Provenance\42_bh_derivatives\decoded_raw\c2608ef50f248b5482df888d.wav,[REDACTED_LOCAL_PATH]\Tony Hidayat\AQ_OpenWorld_Codec_Provenance\42_bh_derivatives\aligned_pcm\c2608ef50f248b5482df888d.wav,AQ2D0BH_DERIV_V1|7fc0a51c88bb104ddafd499bb0565ce1|MP3|96|libmp3lame|57c56e369d5b4873b4d93fc1a1d833cb7cd8bc9325c14b05c34ce60b22842d8a,0,0,0,mp3,PASS,"""[REDACTED_LOCAL_PATH]\Tony Hidayat\AQ_OpenWorld_Codec_Provenance\tools\gyan_ffmpeg_9.0_full\bin\ffmpeg.exe"" -y -hide_banner -i ""[REDACTED_LOCAL_PATH]\Tony Hidayat\AQ_OpenWorld_Codec_Provenance\39_bh_speech\canonical_selected\4077-13751-0012.wav"" -map_metadata -1 -vn -sn -dn -c:a libmp3lame -b:a 96k ""[REDACTED_LOCAL_PATH]\Tony Hidayat\AQ_OpenWorld_Codec_Provenance\42_bh_derivatives\encoded\c2608ef50f248b5482df888d.mp3""","""[REDACTED_LOCAL_PATH]\Tony Hidayat\AQ_OpenWorld_Codec_Provenance\tools\gyan_ffmpeg_9.0_full\bin\ffprobe.exe"" -v error -show_entries stream=codec_name,sample_rate,channels,duration,bit_rate:format=format_name,duration,bit_rate -of json ""[REDACTED_LOCAL_PATH]\Tony Hidayat\AQ_OpenWorld_Codec_Provenance\42_bh_derivatives\encoded\c2608ef50f248b5482df888d.mp3""","[REDACTED_LOCAL_PATH]\AppData\Local\CapCut\Apps\7.7.0.3143\ffmpeg.exe -y -hide_banner -i ""[REDACTED_LOCAL_PATH]\Tony Hidayat\AQ_OpenWorld_Codec_Provenance\42_bh_derivatives\encoded\c2608ef50f248b5482df888d.mp3"" -map_metadata -1 -vn -sn -dn -ac 1 -ar 48000 -sample_fmt s16 ""[REDACTED_LOCAL_PATH]\Tony Hidayat\AQ_OpenWorld_Codec_Provenance\42_bh_derivatives\decoded_raw\c2608ef50f248b5482df888d.wav"""
209c718e370ffbdfae986bd5,7fc0a51c88bb104ddafd499bb0565ce1,4077,MP3,libmp3lame,libmp3lame,128,132.272,23719e98c89b8e4e5b582f16227cbf3b6d46da8d84dd4661ab55855e18bb6e5b,b292d8249ca62099282bb15cd04c4d9da1ec73fc2e3595caf9410f80a91163b9,0,0.9999740064243584,96000,33068,[REDACTED_LOCAL_PATH]\Tony Hidayat\AQ_OpenWorld_Codec_Provenance\42_bh_derivatives\encoded\209c718e370ffbdfae986bd5.mp3,[REDACTED_LOCAL_PATH]\Tony Hidayat\AQ_OpenWorld_Codec_Provenance\42_bh_derivatives\decoded_raw\209c718e370ffbdfae986bd5.wav,[REDACTED_LOCAL_PATH]\Tony Hidayat\AQ_OpenWorld_Codec_Provenance\42_bh_derivatives\aligned_pcm\209c718e370ffbdfae986bd5.wav,AQ2D0BH_DERIV_V1|7fc0a51c88bb104ddafd499bb0565ce1|MP3|128|libmp3lame|57c56e369d5b4873b4d93fc1a1d833cb7cd8bc9325c14b05c34ce60b22842d8a,0,0,0,mp3,PASS,"""[REDACTED_LOCAL_PATH]\Tony Hidayat\AQ_OpenWorld_Codec_Provenance\tools\gyan_ffmpeg_9.0_full\bin\ffmpeg.exe"" -y -hide_banner -i ""[REDACTED_LOCAL_PATH]\Tony Hidayat\AQ_OpenWorld_Codec_Provenance\39_bh_speech\canonical_selected\4077-13751-0012.wav"" -map_metadata -1 -vn -sn -dn -c:a libmp3lame -b:a 128k ""[REDACTED_LOCAL_PATH]\Tony Hidayat\AQ_OpenWorld_Codec_Provenance\42_bh_derivatives\encoded\209c718e370ffbdfae986bd5.mp3""","""[REDACTED_LOCAL_PATH]\Tony Hidayat\AQ_OpenWorld_Codec_Provenance\tools\gyan_ffmpeg_9.0_full\bin\ffprobe.exe"" -v error -show_entries stream=codec_name,sample_rate,channels,duration,bit_rate:format=format_name,duration,bit_rate -of json ""[REDACTED_LOCAL_PATH]\Tony Hidayat\AQ_OpenWorld_Codec_Provenance\42_bh_derivatives\encoded\209c718e370ffbdfae986bd5.mp3""","[REDACTED_LOCAL_PATH]\AppData\Local\CapCut\Apps\7.7.0.3143\ffmpeg.exe -y -hide_banner -i ""[REDACTED_LOCAL_PATH]\Tony Hidayat\AQ_OpenWorld_Codec_Provenance\42_bh_derivatives\encoded\209c718e370ffbdfae986bd5.mp3"" -map_metadata -1 -vn -sn -dn -ac 1 -ar 48000 -sample_fmt s16 ""[REDACTED_LOCAL_PATH]\Tony Hidayat\AQ_OpenWorld_Codec_Provenance\42_bh_derivatives\decoded_raw\209c718e370ffbdfae986bd5.wav"""
55969454866c19c6c2dd6018,7fc0a51c88bb104ddafd499bb0565ce1,4077,Opus,libopus,libopus,32,33.588,d939909604be460e9aa261dfe8afffa1ed33a86361582e1abe7beb87824d7794,3316c3ad548b90486068cf1883fcc39738fcd6eb7e68e84023dc5fc35ef1313f,0,0.9627819319728903,96000,8397,[REDACTED_LOCAL_PATH]\Tony Hidayat\AQ_OpenWorld_Codec_Provenance\42_bh_derivatives\encoded\55969454866c19c6c2dd6018.opus,[REDACTED_LOCAL_PATH]\Tony Hidayat\AQ_OpenWorld_Codec_Provenance\42_bh_derivatives\decoded_raw\55969454866c19c6c2dd6018.wav,[REDACTED_LOCAL_PATH]\Tony Hidayat\AQ_OpenWorld_Codec_Provenance\42_bh_derivatives\aligned_pcm\55969454866c19c6c2dd6018.wav,AQ2D0BH_DERIV_V1|7fc0a51c88bb104ddafd499bb0565ce1|Opus|32|libopus|57c56e369d5b4873b4d93fc1a1d833cb7cd8bc9325c14b05c34ce60b22842d8a,0,0,0,opus,PASS,"""[REDACTED_LOCAL_PATH]\Tony Hidayat\AQ_OpenWorld_Codec_Provenance\tools\gyan_ffmpeg_9.0_full\bin\ffmpeg.exe"" -y -hide_banner -i ""[REDACTED_LOCAL_PATH]\Tony Hidayat\AQ_OpenWorld_Codec_Provenance\39_bh_speech\canonical_selected\4077-13751-0012.wav"" -map_metadata -1 -vn -sn -dn -c:a libopus -b:a 32k -vbr off ""[REDACTED_LOCAL_PATH]\Tony Hidayat\AQ_OpenWorld_Codec_Provenance\42_bh_derivatives\encoded\55969454866c19c6c2dd6018.opus""","""[REDACTED_LOCAL_PATH]\Tony Hidayat\AQ_OpenWorld_Codec_Provenance\tools\gyan_ffmpeg_9.0_full\bin\ffprobe.exe"" -v error -show_entries stream=codec_name,sample_rate,channels,duration,bit_rate:format=format_name,duration,bit_rate -of json ""[REDACTED_LOCAL_PATH]\Tony Hidayat\AQ_OpenWorld_Codec_Provenance\42_bh_derivatives\encoded\55969454866c19c6c2dd6018.opus""","[REDACTED_LOCAL_PATH]\AppData\Local\CapCut\Apps\7.7.0.3143\ffmpeg.exe -y -hide_banner -i ""[REDACTED_LOCAL_PATH]\Tony Hidayat\AQ_OpenWorld_Codec_Provenance\42_bh_derivatives\encoded\55969454866c19c6c2dd6018.opus"" -map_metadata -1 -vn -sn -dn -ac 1 -ar 48000 -sample_fmt s16 ""[REDACTED_LOCAL_PATH]\Tony Hidayat\AQ_OpenWorld_Codec_Provenance\42_bh_derivatives\decoded_raw\55969454866c19c6c2dd6018.wav"""
324966b53d087d65921dda0d,7fc0a51c88bb104ddafd499bb0565ce1,4077,Opus,libopus,libopus,80,82.068,48e9be04d32c26bb326d86c1da093cb7c395a8cefe59e244ad330e9c1e436a3e,f75f29c5444e2a50ddce7412dd4bd57ffbb354135775a42fa47f19c0782614bb,0,0.9945228980062529,96000,20517,[REDACTED_LOCAL_PATH]\Tony Hidayat\AQ_OpenWorld_Codec_Provenance\42_bh_derivatives\encoded\324966b53d087d65921dda0d.opus,[REDACTED_LOCAL_PATH]\Tony Hidayat\AQ_OpenWorld_Codec_Provenance\42_bh_derivatives\decoded_raw\324966b53d087d65921dda0d.wav,[REDACTED_LOCAL_PATH]\Tony Hidayat\AQ_OpenWorld_Codec_Provenance\42_bh_derivatives\aligned_pcm\324966b53d087d65921dda0d.wav,AQ2D0BH_DERIV_V1|7fc0a51c88bb104ddafd499bb0565ce1|Opus|80|libopus|57c56e369d5b4873b4d93fc1a1d833cb7cd8bc9325c14b05c34ce60b22842d8a,0,0,0,opus,PASS,"""[REDACTED_LOCAL_PATH]\Tony Hidayat\AQ_OpenWorld_Codec_Provenance\tools\gyan_ffmpeg_9.0_full\bin\ffmpeg.exe"" -y -hide_banner -i ""[REDACTED_LOCAL_PATH]\Tony Hidayat\AQ_OpenWorld_Codec_Provenance\39_bh_speech\canonical_selected\4077-13751-0012.wav"" -map_metadata -1 -vn -sn -dn -c:a libopus -b:a 80k -vbr off ""[REDACTED_LOCAL_PATH]\Tony Hidayat\AQ_OpenWorld_Codec_Provenance\42_bh_derivatives\encoded\324966b53d087d65921dda0d.opus""","""[REDACTED_LOCAL_PATH]\Tony Hidayat\AQ_OpenWorld_Codec_Provenance\tools\gyan_ffmpeg_9.0_full\bin\ffprobe.exe"" -v error -show_entries stream=codec_name,sample_rate,channels,duration,bit_rate:format=format_name,duration,bit_rate -of json ""[REDACTED_LOCAL_PATH]\Tony Hidayat\AQ_OpenWorld_Codec_Provenance\42_bh_derivatives\encoded\324966b53d087d65921dda0d.opus""","[REDACTED_LOCAL_PATH]\AppData\Local\CapCut\Apps\7.7.0.3143\ffmpeg.exe -y -hide_banner -i ""[REDACTED_LOCAL_PATH]\Tony Hidayat\AQ_OpenWorld_Codec_Provenance\42_bh_derivatives\encoded\324966b53d087d65921dda0d.opus"" -map_metadata -1 -vn -sn -dn -ac 1 -ar 48000 -sample_fmt s16 ""[REDACTED_LOCAL_PATH]\Tony Hidayat\AQ_OpenWorld_Codec_Provenance\42_bh_derivatives\decoded_raw\324966b53d087d65921dda0d.wav"""
319e5eefaa7fd8682c3fe738,7fc0a51c88bb104ddafd499bb0565ce1,4077,Opus,libopus,libopus,96,98.228,d0781729e120268e17d0f19a52a1a793913fa0aed5c315f116a30aa46731c93b,c5731ba7dca078e5a5d3a951fc10bf7d59e8d795fff622b790e9df1da25bd870,0,0.9957462473466451,96000,24557,[REDACTED_LOCAL_PATH]\Tony Hidayat\AQ_OpenWorld_Codec_Provenance\42_bh_derivatives\encoded\319e5eefaa7fd8682c3fe738.opus,[REDACTED_LOCAL_PATH]\Tony Hidayat\AQ_OpenWorld_Codec_Provenance\42_bh_derivatives\decoded_raw\319e5eefaa7fd8682c3fe738.wav,[REDACTED_LOCAL_PATH]\Tony Hidayat\AQ_OpenWorld_Codec_Provenance\42_bh_derivatives\aligned_pcm\319e5eefaa7fd8682c3fe738.wav,AQ2D0BH_DERIV_V1|7fc0a51c88bb104ddafd499bb0565ce1|Opus|96|libopus|57c56e369d5b4873b4d93fc1a1d833cb7cd8bc9325c14b05c34ce60b22842d8a,0,0,0,opus,PASS,"""[REDACTED_LOCAL_PATH]\Tony Hidayat\AQ_OpenWorld_Codec_Provenance\tools\gyan_ffmpeg_9.0_full\bin\ffmpeg.exe"" -y -hide_banner -i ""[REDACTED_LOCAL_PATH]\Tony Hidayat\AQ_OpenWorld_Codec_Provenance\39_bh_speech\canonical_selected\4077-13751-0012.wav"" -map_metadata -1 -vn -sn -dn -c:a libopus -b:a 96k -vbr off ""[REDACTED_LOCAL_PATH]\Tony Hidayat\AQ_OpenWorld_Codec_Provenance\42_bh_derivatives\encoded\319e5eefaa7fd8682c3fe738.opus""","""[REDACTED_LOCAL_PATH]\Tony Hidayat\AQ_OpenWorld_Codec_Provenance\tools\gyan_ffmpeg_9.0_full\bin\ffprobe.exe"" -v error -show_entries stream=codec_name,sample_rate,channels,duration,bit_rate:format=format_name,duration,bit_rate -of json ""[REDACTED_LOCAL_PATH]\Tony Hidayat\AQ_OpenWorld_Codec_Provenance\42_bh_derivatives\encoded\319e5eefaa7fd8682c3fe738.opus""","[REDACTED_LOCAL_PATH]\AppData\Local\CapCut\Apps\7.7.0.3143\ffmpeg.exe -y -hide_banner -i ""[REDACTED_LOCAL_PATH]\Tony Hidayat\AQ_OpenWorld_Codec_Provenance\42_bh_derivatives\encoded\319e5eefaa7fd8682c3fe738.opus"" -map_metadata -1 -vn -sn -dn -ac 1 -ar 48000 -sample_fmt s16 ""[REDACTED_LOCAL_PATH]\Tony Hidayat\AQ_OpenWorld_Codec_Provenance\42_bh_derivatives\decoded_raw\319e5eefaa7fd8682c3fe738.wav"""
76938307609dc95ad78bd65d,7fc0a51c88bb104ddafd499bb0565ce1,4077,Opus,libopus,libopus,128,130.952,49b53de0595c5fc64b9402ac06c398be145458da58cbc8fdfe8c4dc4b3b9930e,f264f8014091293e1091253989741f2a42393312f74ab392804a28ea43b9dcf8,0,0.9975386173209476,96000,32738,[REDACTED_LOCAL_PATH]\Tony Hidayat\AQ_OpenWorld_Codec_Provenance\42_bh_derivatives\encoded\76938307609dc95ad78bd65d.opus,[REDACTED_LOCAL_PATH]\Tony Hidayat\AQ_OpenWorld_Codec_Provenance\42_bh_derivatives\decoded_raw\76938307609dc95ad78bd65d.wav,[REDACTED_LOCAL_PATH]\Tony Hidayat\AQ_OpenWorld_Codec_Provenance\42_bh_derivatives\aligned_pcm\76938307609dc95ad78bd65d.wav,AQ2D0BH_DERIV_V1|7fc0a51c88bb104ddafd499bb0565ce1|Opus|128|libopus|57c56e369d5b4873b4d93fc1a1d833cb7cd8bc9325c14b05c34ce60b22842d8a,0,0,0,opus,PASS,"""[REDACTED_LOCAL_PATH]\Tony Hidayat\AQ_OpenWorld_Codec_Provenance\tools\gyan_ffmpeg_9.0_full\bin\ffmpeg.exe"" -y -hide_banner -i ""[REDACTED_LOCAL_PATH]\Tony Hidayat\AQ_OpenWorld_Codec_Provenance\39_bh_speech\canonical_selected\4077-13751-0012.wav"" -map_metadata -1 -vn -sn -dn -c:a libopus -b:a 128k -vbr off ""[REDACTED_LOCAL_PATH]\Tony Hidayat\AQ_OpenWorld_Codec_Provenance\42_bh_derivatives\encoded\76938307609dc95ad78bd65d.opus""","""[REDACTED_LOCAL_PATH]\Tony Hidayat\AQ_OpenWorld_Codec_Provenance\tools\gyan_ffmpeg_9.0_full\bin\ffprobe.exe"" -v error -show_entries stream=codec_name,sample_rate,channels,duration,bit_rate:format=format_name,duration,bit_rate -of json ""[REDACTED_LOCAL_PATH]\Tony Hidayat\AQ_OpenWorld_Codec_Provenance\42_bh_derivatives\encoded\76938307609dc95ad78bd65d.opus""","[REDACTED_LOCAL_PATH]\AppData\Local\CapCut\Apps\7.7.0.3143\ffmpeg.exe -y -hide_banner -i ""[REDACTED_LOCAL_PATH]\Tony Hidayat\AQ_OpenWorld_Codec_Provenance\42_bh_derivatives\encoded\76938307609dc95ad78bd65d.opus"" -map_metadata -1 -vn -sn -dn -ac 1 -ar 48000 -sample_fmt s16 ""[REDACTED_LOCAL_PATH]\Tony Hidayat\AQ_OpenWorld_Codec_Provenance\42_bh_derivatives\decoded_raw\76938307609dc95ad78bd65d.wav"""
bd44aa6947db17dd165df31f,87eb2db98858bc75645b5499f9c3965b,1089,AAC,aac,FFmpeg-native AAC,32,37.136,cc184378d90894db9fb7d1682064b99ecda761f15539384b8bc23cb24a5b9736,63b69096b96e18117c6741d6edc7d6f4b3cf268ce8d98d5597541d196d2be0f8,0,0.958635735685819,96000,9284,[REDACTED_LOCAL_PATH]\Tony Hidayat\AQ_OpenWorld_Codec_Provenance\42_bh_derivatives\encoded\bd44aa6947db17dd165df31f.m4a,[REDACTED_LOCAL_PATH]\Tony Hidayat\AQ_OpenWorld_Codec_Provenance\42_bh_derivatives\decoded_raw\bd44aa6947db17dd165df31f.wav,[REDACTED_LOCAL_PATH]\Tony Hidayat\AQ_OpenWorld_Codec_Provenance\42_bh_derivatives\aligned_pcm\bd44aa6947db17dd165df31f.wav,AQ2D0BH_DERIV_V1|87eb2db98858bc75645b5499f9c3965b|AAC|32|FFmpeg-native AAC|57c56e369d5b4873b4d93fc1a1d833cb7cd8bc9325c14b05c34ce60b22842d8a,0,0,0,aac,PASS,"""[REDACTED_LOCAL_PATH]\Tony Hidayat\AQ_OpenWorld_Codec_Provenance\tools\gyan_ffmpeg_9.0_full\bin\ffmpeg.exe"" -y -hide_banner -i ""[REDACTED_LOCAL_PATH]\Tony Hidayat\AQ_OpenWorld_Codec_Provenance\39_bh_speech\canonical_selected\1089-134686-0018.wav"" -map_metadata -1 -vn -sn -dn -c:a aac -b:a 32k ""[REDACTED_LOCAL_PATH]\Tony Hidayat\AQ_OpenWorld_Codec_Provenance\42_bh_derivatives\encoded\bd44aa6947db17dd165df31f.m4a""","""[REDACTED_LOCAL_PATH]\Tony Hidayat\AQ_OpenWorld_Codec_Provenance\tools\gyan_ffmpeg_9.0_full\bin\ffprobe.exe"" -v error -show_entries stream=codec_name,sample_rate,channels,duration,bit_rate:format=format_name,duration,bit_rate -of json ""[REDACTED_LOCAL_PATH]\Tony Hidayat\AQ_OpenWorld_Codec_Provenance\42_bh_derivatives\encoded\bd44aa6947db17dd165df31f.m4a""","[REDACTED_LOCAL_PATH]\AppData\Local\CapCut\Apps\7.7.0.3143\ffmpeg.exe -y -hide_banner -i ""[REDACTED_LOCAL_PATH]\Tony Hidayat\AQ_OpenWorld_Codec_Provenance\42_bh_derivatives\encoded\bd44aa6947db17dd165df31f.m4a"" -map_metadata -1 -vn -sn -dn -ac 1 -ar 48000 -sample_fmt s16 ""[REDACTED_LOCAL_PATH]\Tony Hidayat\AQ_OpenWorld_Codec_Provenance\42_bh_derivatives\decoded_raw\bd44aa6947db17dd165df31f.wav"""
baf119504688beada401ff7a,87eb2db98858bc75645b5499f9c3965b,1089,AAC,aac,FFmpeg-native AAC,80,87.632,6ff03aa4cb7cc99531e3e304171c440680b7d3601fbc06cf3a8e3dcc9db39b3c,aedf8d843fdfbcb2b717f483e74dbfae1d9cf6bc78570da05ac68027010615dc,0,0.9980797546773444,96000,21908,[REDACTED_LOCAL_PATH]\Tony Hidayat\AQ_OpenWorld_Codec_Provenance\42_bh_derivatives\encoded\baf119504688beada401ff7a.m4a,[REDACTED_LOCAL_PATH]\Tony Hidayat\AQ_OpenWorld_Codec_Provenance\42_bh_derivatives\decoded_raw\baf119504688beada401ff7a.wav,[REDACTED_LOCAL_PATH]\Tony Hidayat\AQ_OpenWorld_Codec_Provenance\42_bh_derivatives\aligned_pcm\baf119504688beada401ff7a.wav,AQ2D0BH_DERIV_V1|87eb2db98858bc75645b5499f9c3965b|AAC|80|FFmpeg-native AAC|57c56e369d5b4873b4d93fc1a1d833cb7cd8bc9325c14b05c34ce60b22842d8a,0,0,0,aac,PASS,"""[REDACTED_LOCAL_PATH]\Tony Hidayat\AQ_OpenWorld_Codec_Provenance\tools\gyan_ffmpeg_9.0_full\bin\ffmpeg.exe"" -y -hide_banner -i ""[REDACTED_LOCAL_PATH]\Tony Hidayat\AQ_OpenWorld_Codec_Provenance\39_bh_speech\canonical_selected\1089-134686-0018.wav"" -map_metadata -1 -vn -sn -dn -c:a aac -b:a 80k ""[REDACTED_LOCAL_PATH]\Tony Hidayat\AQ_OpenWorld_Codec_Provenance\42_bh_derivatives\encoded\baf119504688beada401ff7a.m4a""","""[REDACTED_LOCAL_PATH]\Tony Hidayat\AQ_OpenWorld_Codec_Provenance\tools\gyan_ffmpeg_9.0_full\bin\ffprobe.exe"" -v error -show_entries stream=codec_name,sample_rate,channels,duration,bit_rate:format=format_name,duration,bit_rate -of json ""[REDACTED_LOCAL_PATH]\Tony Hidayat\AQ_OpenWorld_Codec_Provenance\42_bh_derivatives\encoded\baf119504688beada401ff7a.m4a""","[REDACTED_LOCAL_PATH]\AppData\Local\CapCut\Apps\7.7.0.3143\ffmpeg.exe -y -hide_banner -i ""[REDACTED_LOCAL_PATH]\Tony Hidayat\AQ_OpenWorld_Codec_Provenance\42_bh_derivatives\encoded\baf119504688beada401ff7a.m4a"" -map_metadata -1 -vn -sn -dn -ac 1 -ar 48000 -sample_fmt s16 ""[REDACTED_LOCAL_PATH]\Tony Hidayat\AQ_OpenWorld_Codec_Provenance\42_bh_derivatives\decoded_raw\baf119504688beada401ff7a.wav"""
d35e333b32a5ec7a80fcb88e,87eb2db98858bc75645b5499f9c3965b,1089,AAC,aac,FFmpeg-native AAC,96,106.756,3ac8ee30512e8c013c8abb734bac04e0a9097f3fc235ba18651578abaee8ff55,f1fc6e700c30f17c88a0f36a1ad1b37fe297f47254ac0040a21d2c18693db5c5,0,0.9981908104335043,96000,26689,[REDACTED_LOCAL_PATH]\Tony Hidayat\AQ_OpenWorld_Codec_Provenance\42_bh_derivatives\encoded\d35e333b32a5ec7a80fcb88e.m4a,[REDACTED_LOCAL_PATH]\Tony Hidayat\AQ_OpenWorld_Codec_Provenance\42_bh_derivatives\decoded_raw\d35e333b32a5ec7a80fcb88e.wav,[REDACTED_LOCAL_PATH]\Tony Hidayat\AQ_OpenWorld_Codec_Provenance\42_bh_derivatives\aligned_pcm\d35e333b32a5ec7a80fcb88e.wav,AQ2D0BH_DERIV_V1|87eb2db98858bc75645b5499f9c3965b|AAC|96|FFmpeg-native AAC|57c56e369d5b4873b4d93fc1a1d833cb7cd8bc9325c14b05c34ce60b22842d8a,0,0,0,aac,PASS,"""[REDACTED_LOCAL_PATH]\Tony Hidayat\AQ_OpenWorld_Codec_Provenance\tools\gyan_ffmpeg_9.0_full\bin\ffmpeg.exe"" -y -hide_banner -i ""[REDACTED_LOCAL_PATH]\Tony Hidayat\AQ_OpenWorld_Codec_Provenance\39_bh_speech\canonical_selected\1089-134686-0018.wav"" -map_metadata -1 -vn -sn -dn -c:a aac -b:a 96k ""[REDACTED_LOCAL_PATH]\Tony Hidayat\AQ_OpenWorld_Codec_Provenance\42_bh_derivatives\encoded\d35e333b32a5ec7a80fcb88e.m4a""","""[REDACTED_LOCAL_PATH]\Tony Hidayat\AQ_OpenWorld_Codec_Provenance\tools\gyan_ffmpeg_9.0_full\bin\ffprobe.exe"" -v error -show_entries stream=codec_name,sample_rate,channels,duration,bit_rate:format=format_name,duration,bit_rate -of json ""[REDACTED_LOCAL_PATH]\Tony Hidayat\AQ_OpenWorld_Codec_Provenance\42_bh_derivatives\encoded\d35e333b32a5ec7a80fcb88e.m4a""","[REDACTED_LOCAL_PATH]\AppData\Local\CapCut\Apps\7.7.0.3143\ffmpeg.exe -y -hide_banner -i ""[REDACTED_LOCAL_PATH]\Tony Hidayat\AQ_OpenWorld_Codec_Provenance\42_bh_derivatives\encoded\d35e333b32a5ec7a80fcb88e.m4a"" -map_metadata -1 -vn -sn -dn -ac 1 -ar 48000 -sample_fmt s16 ""[REDACTED_LOCAL_PATH]\Tony Hidayat\AQ_OpenWorld_Codec_Provenance\42_bh_derivatives\decoded_raw\d35e333b32a5ec7a80fcb88e.wav"""
6623775c8942164ea777e1a3,87eb2db98858bc75645b5499f9c3965b,1089,AAC,aac,FFmpeg-native AAC,128,134.536,b4561515fc64279708e7c5c1c3a6a0477722a0ff651540e9e947f53f8b390e2a,bc8b604185dfe26a368cb6cf7c8dd828cea0d06f7ce4dc221173154d3cf2be8e,0,0.9988430825280731,96000,33634,[REDACTED_LOCAL_PATH]\Tony Hidayat\AQ_OpenWorld_Codec_Provenance\42_bh_derivatives\encoded\6623775c8942164ea777e1a3.m4a,[REDACTED_LOCAL_PATH]\Tony Hidayat\AQ_OpenWorld_Codec_Provenance\42_bh_derivatives\decoded_raw\6623775c8942164ea777e1a3.wav,[REDACTED_LOCAL_PATH]\Tony Hidayat\AQ_OpenWorld_Codec_Provenance\42_bh_derivatives\aligned_pcm\6623775c8942164ea777e1a3.wav,AQ2D0BH_DERIV_V1|87eb2db98858bc75645b5499f9c3965b|AAC|128|FFmpeg-native AAC|57c56e369d5b4873b4d93fc1a1d833cb7cd8bc9325c14b05c34ce60b22842d8a,0,0,0,aac,PASS,"""[REDACTED_LOCAL_PATH]\Tony Hidayat\AQ_OpenWorld_Codec_Provenance\tools\gyan_ffmpeg_9.0_full\bin\ffmpeg.exe"" -y -hide_banner -i ""[REDACTED_LOCAL_PATH]\Tony Hidayat\AQ_OpenWorld_Codec_Provenance\39_bh_speech\canonical_selected\1089-134686-0018.wav"" -map_metadata -1 -vn -sn -dn -c:a aac -b:a 128k ""[REDACTED_LOCAL_PATH]\Tony Hidayat\AQ_OpenWorld_Codec_Provenance\42_bh_derivatives\encoded\6623775c8942164ea777e1a3.m4a""","""[REDACTED_LOCAL_PATH]\Tony Hidayat\AQ_OpenWorld_Codec_Provenance\tools\gyan_ffmpeg_9.0_full\bin\ffprobe.exe"" -v error -show_entries stream=codec_name,sample_rate,channels,duration,bit_rate:format=format_name,duration,bit_rate -of json ""[REDACTED_LOCAL_PATH]\Tony Hidayat\AQ_OpenWorld_Codec_Provenance\42_bh_derivatives\encoded\6623775c8942164ea777e1a3.m4a""","[REDACTED_LOCAL_PATH]\AppData\Local\CapCut\Apps\7.7.0.3143\ffmpeg.exe -y -hide_banner -i ""[REDACTED_LOCAL_PATH]\Tony Hidayat\AQ_OpenWorld_Codec_Provenance\42_bh_derivatives\encoded\6623775c8942164ea777e1a3.m4a"" -map_metadata -1 -vn -sn -dn -ac 1 -ar 48000 -sample_fmt s16 ""[REDACTED_LOCAL_PATH]\Tony Hidayat\AQ_OpenWorld_Codec_Provenance\42_bh_derivatives\decoded_raw\6623775c8942164ea777e1a3.wav"""
12dde1def407d0d33b5208cb,87eb2db98858bc75645b5499f9c3965b,1089,MP3,libmp3lame,libmp3lame,32,33.584,44209c3f3ca7f59f8cdf79168dcca213128ffa553d237a7c155d4fb330135ec9,c3feebb268a9649196cf6303b7ceb1a7896f2de1c70f70f41f4bcf58ffd6bf4a,0,0.9938400927850833,96000,8396,[REDACTED_LOCAL_PATH]\Tony Hidayat\AQ_OpenWorld_Codec_Provenance\42_bh_derivatives\encoded\12dde1def407d0d33b5208cb.mp3,[REDACTED_LOCAL_PATH]\Tony Hidayat\AQ_OpenWorld_Codec_Provenance\42_bh_derivatives\decoded_raw\12dde1def407d0d33b5208cb.wav,[REDACTED_LOCAL_PATH]\Tony Hidayat\AQ_OpenWorld_Codec_Provenance\42_bh_derivatives\aligned_pcm\12dde1def407d0d33b5208cb.wav,AQ2D0BH_DERIV_V1|87eb2db98858bc75645b5499f9c3965b|MP3|32|libmp3lame|57c56e369d5b4873b4d93fc1a1d833cb7cd8bc9325c14b05c34ce60b22842d8a,0,0,0,mp3,PASS,"""[REDACTED_LOCAL_PATH]\Tony Hidayat\AQ_OpenWorld_Codec_Provenance\tools\gyan_ffmpeg_9.0_full\bin\ffmpeg.exe"" -y -hide_banner -i ""[REDACTED_LOCAL_PATH]\Tony Hidayat\AQ_OpenWorld_Codec_Provenance\39_bh_speech\canonical_selected\1089-134686-0018.wav"" -map_metadata -1 -vn -sn -dn -c:a libmp3lame -b:a 32k ""[REDACTED_LOCAL_PATH]\Tony Hidayat\AQ_OpenWorld_Codec_Provenance\42_bh_derivatives\encoded\12dde1def407d0d33b5208cb.mp3""","""[REDACTED_LOCAL_PATH]\Tony Hidayat\AQ_OpenWorld_Codec_Provenance\tools\gyan_ffmpeg_9.0_full\bin\ffprobe.exe"" -v error -show_entries stream=codec_name,sample_rate,channels,duration,bit_rate:format=format_name,duration,bit_rate -of json ""[REDACTED_LOCAL_PATH]\Tony Hidayat\AQ_OpenWorld_Codec_Provenance\42_bh_derivatives\encoded\12dde1def407d0d33b5208cb.mp3""","[REDACTED_LOCAL_PATH]\AppData\Local\CapCut\Apps\7.7.0.3143\ffmpeg.exe -y -hide_banner -i ""[REDACTED_LOCAL_PATH]\Tony Hidayat\AQ_OpenWorld_Codec_Provenance\42_bh_derivatives\encoded\12dde1def407d0d33b5208cb.mp3"" -map_metadata -1 -vn -sn -dn -ac 1 -ar 48000 -sample_fmt s16 ""[REDACTED_LOCAL_PATH]\Tony Hidayat\AQ_OpenWorld_Codec_Provenance\42_bh_derivatives\decoded_raw\12dde1def407d0d33b5208cb.wav"""
08c46bc3e9882a7dd0b450ce,87eb2db98858bc75645b5499f9c3965b,1089,MP3,libmp3lame,libmp3lame,80,82.736,353ec7e843d42a4f82dbd1606d086bdbf2d653738ab3d2fe782fba72cf563f85,a000f25627bb75b31ade88265f8a3c4105d2a8acb60a8ffbc4d533ca6f095ed9,0,0.999544528710166,96000,20684,[REDACTED_LOCAL_PATH]\Tony Hidayat\AQ_OpenWorld_Codec_Provenance\42_bh_derivatives\encoded\08c46bc3e9882a7dd0b450ce.mp3,[REDACTED_LOCAL_PATH]\Tony Hidayat\AQ_OpenWorld_Codec_Provenance\42_bh_derivatives\decoded_raw\08c46bc3e9882a7dd0b450ce.wav,[REDACTED_LOCAL_PATH]\Tony Hidayat\AQ_OpenWorld_Codec_Provenance\42_bh_derivatives\aligned_pcm\08c46bc3e9882a7dd0b450ce.wav,AQ2D0BH_DERIV_V1|87eb2db98858bc75645b5499f9c3965b|MP3|80|libmp3lame|57c56e369d5b4873b4d93fc1a1d833cb7cd8bc9325c14b05c34ce60b22842d8a,0,0,0,mp3,PASS,"""[REDACTED_LOCAL_PATH]\Tony Hidayat\AQ_OpenWorld_Codec_Provenance\tools\gyan_ffmpeg_9.0_full\bin\ffmpeg.exe"" -y -hide_banner -i ""[REDACTED_LOCAL_PATH]\Tony Hidayat\AQ_OpenWorld_Codec_Provenance\39_bh_speech\canonical_selected\1089-134686-0018.wav"" -map_metadata -1 -vn -sn -dn -c:a libmp3lame -b:a 80k ""[REDACTED_LOCAL_PATH]\Tony Hidayat\AQ_OpenWorld_Codec_Provenance\42_bh_derivatives\encoded\08c46bc3e9882a7dd0b450ce.mp3""","""[REDACTED_LOCAL_PATH]\Tony Hidayat\AQ_OpenWorld_Codec_Provenance\tools\gyan_ffmpeg_9.0_full\bin\ffprobe.exe"" -v error -show_entries stream=codec_name,sample_rate,channels,duration,bit_rate:format=format_name,duration,bit_rate -of json ""[REDACTED_LOCAL_PATH]\Tony Hidayat\AQ_OpenWorld_Codec_Provenance\42_bh_derivatives\encoded\08c46bc3e9882a7dd0b450ce.mp3""","[REDACTED_LOCAL_PATH]\AppData\Local\CapCut\Apps\7.7.0.3143\ffmpeg.exe -y -hide_banner -i ""[REDACTED_LOCAL_PATH]\Tony Hidayat\AQ_OpenWorld_Codec_Provenance\42_bh_derivatives\encoded\08c46bc3e9882a7dd0b450ce.mp3"" -map_metadata -1 -vn -sn -dn -ac 1 -ar 48000 -sample_fmt s16 ""[REDACTED_LOCAL_PATH]\Tony Hidayat\AQ_OpenWorld_Codec_Provenance\42_bh_derivatives\decoded_raw\08c46bc3e9882a7dd0b450ce.wav"""
3ab99c383e01bb5898eaafd7,87eb2db98858bc75645b5499f9c3965b,1089,MP3,libmp3lame,libmp3lame,96,99.248,fa7ffe6ce67ffccdecc672d193db806faaeb327db00085c0d2fb464ebb402f08,2d8791d1d365e7d7e14c05f686b61a9cd2eba5fadc479af949c78416402e17aa,0,0.9999063021883696,96000,24812,[REDACTED_LOCAL_PATH]\Tony Hidayat\AQ_OpenWorld_Codec_Provenance\42_bh_derivatives\encoded\3ab99c383e01bb5898eaafd7.mp3,[REDACTED_LOCAL_PATH]\Tony Hidayat\AQ_OpenWorld_Codec_Provenance\42_bh_derivatives\decoded_raw\3ab99c383e01bb5898eaafd7.wav,[REDACTED_LOCAL_PATH]\Tony Hidayat\AQ_OpenWorld_Codec_Provenance\42_bh_derivatives\aligned_pcm\3ab99c383e01bb5898eaafd7.wav,AQ2D0BH_DERIV_V1|87eb2db98858bc75645b5499f9c3965b|MP3|96|libmp3lame|57c56e369d5b4873b4d93fc1a1d833cb7cd8bc9325c14b05c34ce60b22842d8a,0,0,0,mp3,PASS,"""[REDACTED_LOCAL_PATH]\Tony Hidayat\AQ_OpenWorld_Codec_Provenance\tools\gyan_ffmpeg_9.0_full\bin\ffmpeg.exe"" -y -hide_banner -i ""[REDACTED_LOCAL_PATH]\Tony Hidayat\AQ_OpenWorld_Codec_Provenance\39_bh_speech\canonical_selected\1089-134686-0018.wav"" -map_metadata -1 -vn -sn -dn -c:a libmp3lame -b:a 96k ""[REDACTED_LOCAL_PATH]\Tony Hidayat\AQ_OpenWorld_Codec_Provenance\42_bh_derivatives\encoded\3ab99c383e01bb5898eaafd7.mp3""","""[REDACTED_LOCAL_PATH]\Tony Hidayat\AQ_OpenWorld_Codec_Provenance\tools\gyan_ffmpeg_9.0_full\bin\ffprobe.exe"" -v error -show_entries stream=codec_name,sample_rate,channels,duration,bit_rate:format=format_name,duration,bit_rate -of json ""[REDACTED_LOCAL_PATH]\Tony Hidayat\AQ_OpenWorld_Codec_Provenance\42_bh_derivatives\encoded\3ab99c383e01bb5898eaafd7.mp3""","[REDACTED_LOCAL_PATH]\AppData\Local\CapCut\Apps\7.7.0.3143\ffmpeg.exe -y -hide_banner -i ""[REDACTED_LOCAL_PATH]\Tony Hidayat\AQ_OpenWorld_Codec_Provenance\42_bh_derivatives\encoded\3ab99c383e01bb5898eaafd7.mp3"" -map_metadata -1 -vn -sn -dn -ac 1 -ar 48000 -sample_fmt s16 ""[REDACTED_LOCAL_PATH]\Tony Hidayat\AQ_OpenWorld_Codec_Provenance\42_bh_derivatives\decoded_raw\3ab99c383e01bb5898eaafd7.wav"""
e2e5d107d85036101967401e,87eb2db98858bc75645b5499f9c3965b,1089,MP3,libmp3lame,libmp3lame,128,132.272,896748f8c1255f3ab33fd82de2be962ee28dd1d37cf37315da0d44e7fc8d54f1,487cfbebb834235420fd85e000893383c48b1e111114670bc88ae76256b95e2d,0,0.9999943605984715,96000,33068,[REDACTED_LOCAL_PATH]\Tony Hidayat\AQ_OpenWorld_Codec_Provenance\42_bh_derivatives\encoded\e2e5d107d85036101967401e.mp3,[REDACTED_LOCAL_PATH]\Tony Hidayat\AQ_OpenWorld_Codec_Provenance\42_bh_derivatives\decoded_raw\e2e5d107d85036101967401e.wav,[REDACTED_LOCAL_PATH]\Tony Hidayat\AQ_OpenWorld_Codec_Provenance\42_bh_derivatives\aligned_pcm\e2e5d107d85036101967401e.wav,AQ2D0BH_DERIV_V1|87eb2db98858bc75645b5499f9c3965b|MP3|128|libmp3lame|57c56e369d5b4873b4d93fc1a1d833cb7cd8bc9325c14b05c34ce60b22842d8a,0,0,0,mp3,PASS,"""[REDACTED_LOCAL_PATH]\Tony Hidayat\AQ_OpenWorld_Codec_Provenance\tools\gyan_ffmpeg_9.0_full\bin\ffmpeg.exe"" -y -hide_banner -i ""[REDACTED_LOCAL_PATH]\Tony Hidayat\AQ_OpenWorld_Codec_Provenance\39_bh_speech\canonical_selected\1089-134686-0018.wav"" -map_metadata -1 -vn -sn -dn -c:a libmp3lame -b:a 128k ""[REDACTED_LOCAL_PATH]\Tony Hidayat\AQ_OpenWorld_Codec_Provenance\42_bh_derivatives\encoded\e2e5d107d85036101967401e.mp3""","""[REDACTED_LOCAL_PATH]\Tony Hidayat\AQ_OpenWorld_Codec_Provenance\tools\gyan_ffmpeg_9.0_full\bin\ffprobe.exe"" -v error -show_entries stream=codec_name,sample_rate,channels,duration,bit_rate:format=format_name,duration,bit_rate -of json ""[REDACTED_LOCAL_PATH]\Tony Hidayat\AQ_OpenWorld_Codec_Provenance\42_bh_derivatives\encoded\e2e5d107d85036101967401e.mp3""","[REDACTED_LOCAL_PATH]\AppData\Local\CapCut\Apps\7.7.0.3143\ffmpeg.exe -y -hide_banner -i ""[REDACTED_LOCAL_PATH]\Tony Hidayat\AQ_OpenWorld_Codec_Provenance\42_bh_derivatives\encoded\e2e5d107d85036101967401e.mp3"" -map_metadata -1 -vn -sn -dn -ac 1 -ar 48000 -sample_fmt s16 ""[REDACTED_LOCAL_PATH]\Tony Hidayat\AQ_OpenWorld_Codec_Provenance\42_bh_derivatives\decoded_raw\e2e5d107d85036101967401e.wav"""
8942d723138e975e8ab9dc8e,87eb2db98858bc75645b5499f9c3965b,1089,Opus,libopus,libopus,32,33.588,a5ce22eeb53fa070c4b2b626b796357cb87f2707cacc7db07434f45ee0399b19,7b47c6f755b02bde3a3eb3456583901f87de12171d0d4658d16f9eafa07d1772,0,0.9922144990988354,96000,8397,[REDACTED_LOCAL_PATH]\Tony Hidayat\AQ_OpenWorld_Codec_Provenance\42_bh_derivatives\encoded\8942d723138e975e8ab9dc8e.opus,[REDACTED_LOCAL_PATH]\Tony Hidayat\AQ_OpenWorld_Codec_Provenance\42_bh_derivatives\decoded_raw\8942d723138e975e8ab9dc8e.wav,[REDACTED_LOCAL_PATH]\Tony Hidayat\AQ_OpenWorld_Codec_Provenance\42_bh_derivatives\aligned_pcm\8942d723138e975e8ab9dc8e.wav,AQ2D0BH_DERIV_V1|87eb2db98858bc75645b5499f9c3965b|Opus|32|libopus|57c56e369d5b4873b4d93fc1a1d833cb7cd8bc9325c14b05c34ce60b22842d8a,0,0,0,opus,PASS,"""[REDACTED_LOCAL_PATH]\Tony Hidayat\AQ_OpenWorld_Codec_Provenance\tools\gyan_ffmpeg_9.0_full\bin\ffmpeg.exe"" -y -hide_banner -i ""[REDACTED_LOCAL_PATH]\Tony Hidayat\AQ_OpenWorld_Codec_Provenance\39_bh_speech\canonical_selected\1089-134686-0018.wav"" -map_metadata -1 -vn -sn -dn -c:a libopus -b:a 32k -vbr off ""[REDACTED_LOCAL_PATH]\Tony Hidayat\AQ_OpenWorld_Codec_Provenance\42_bh_derivatives\encoded\8942d723138e975e8ab9dc8e.opus""","""[REDACTED_LOCAL_PATH]\Tony Hidayat\AQ_OpenWorld_Codec_Provenance\tools\gyan_ffmpeg_9.0_full\bin\ffprobe.exe"" -v error -show_entries stream=codec_name,sample_rate,channels,duration,bit_rate:format=format_name,duration,bit_rate -of json ""[REDACTED_LOCAL_PATH]\Tony Hidayat\AQ_OpenWorld_Codec_Provenance\42_bh_derivatives\encoded\8942d723138e975e8ab9dc8e.opus""","[REDACTED_LOCAL_PATH]\AppData\Local\CapCut\Apps\7.7.0.3143\ffmpeg.exe -y -hide_banner -i ""[REDACTED_LOCAL_PATH]\Tony Hidayat\AQ_OpenWorld_Codec_Provenance\42_bh_derivatives\encoded\8942d723138e975e8ab9dc8e.opus"" -map_metadata -1 -vn -sn -dn -ac 1 -ar 48000 -sample_fmt s16 ""[REDACTED_LOCAL_PATH]\Tony Hidayat\AQ_OpenWorld_Codec_Provenance\42_bh_derivatives\decoded_raw\8942d723138e975e8ab9dc8e.wav"""
b9bed15586fb398affa4d8dd,87eb2db98858bc75645b5499f9c3965b,1089,Opus,libopus,libopus,80,82.068,1aa9152c578af8546e92719bc8a4724561acc01766d0920de1310fb253282a77,7baa33a8e8eb7b4ce7bfcd3f07215f59763bd9b89f85437365ba64aab3aed867,0,0.9983681561927289,96000,20517,[REDACTED_LOCAL_PATH]\Tony Hidayat\AQ_OpenWorld_Codec_Provenance\42_bh_derivatives\encoded\b9bed15586fb398affa4d8dd.opus,[REDACTED_LOCAL_PATH]\Tony Hidayat\AQ_OpenWorld_Codec_Provenance\42_bh_derivatives\decoded_raw\b9bed15586fb398affa4d8dd.wav,[REDACTED_LOCAL_PATH]\Tony Hidayat\AQ_OpenWorld_Codec_Provenance\42_bh_derivatives\aligned_pcm\b9bed15586fb398affa4d8dd.wav,AQ2D0BH_DERIV_V1|87eb2db98858bc75645b5499f9c3965b|Opus|80|libopus|57c56e369d5b4873b4d93fc1a1d833cb7cd8bc9325c14b05c34ce60b22842d8a,0,0,0,opus,PASS,"""[REDACTED_LOCAL_PATH]\Tony Hidayat\AQ_OpenWorld_Codec_Provenance\tools\gyan_ffmpeg_9.0_full\bin\ffmpeg.exe"" -y -hide_banner -i ""[REDACTED_LOCAL_PATH]\Tony Hidayat\AQ_OpenWorld_Codec_Provenance\39_bh_speech\canonical_selected\1089-134686-0018.wav"" -map_metadata -1 -vn -sn -dn -c:a libopus -b:a 80k -vbr off ""[REDACTED_LOCAL_PATH]\Tony Hidayat\AQ_OpenWorld_Codec_Provenance\42_bh_derivatives\encoded\b9bed15586fb398affa4d8dd.opus""","""[REDACTED_LOCAL_PATH]\Tony Hidayat\AQ_OpenWorld_Codec_Provenance\tools\gyan_ffmpeg_9.0_full\bin\ffprobe.exe"" -v error -show_entries stream=codec_name,sample_rate,channels,duration,bit_rate:format=format_name,duration,bit_rate -of json ""[REDACTED_LOCAL_PATH]\Tony Hidayat\AQ_OpenWorld_Codec_Provenance\42_bh_derivatives\encoded\b9bed15586fb398affa4d8dd.opus""","[REDACTED_LOCAL_PATH]\AppData\Local\CapCut\Apps\7.7.0.3143\ffmpeg.exe -y -hide_banner -i ""[REDACTED_LOCAL_PATH]\Tony Hidayat\AQ_OpenWorld_Codec_Provenance\42_bh_derivatives\encoded\b9bed15586fb398affa4d8dd.opus"" -map_metadata -1 -vn -sn -dn -ac 1 -ar 48000 -sample_fmt s16 ""[REDACTED_LOCAL_PATH]\Tony Hidayat\AQ_OpenWorld_Codec_Provenance\42_bh_derivatives\decoded_raw\b9bed15586fb398affa4d8dd.wav"""
a4e2a56f1488345d574b7943,87eb2db98858bc75645b5499f9c3965b,1089,Opus,libopus,libopus,96,98.228,03b0a87f812b60ab735390aebe4b379f04badaf0786171bc8e33f657b46a276e,ef2d1fa31767e896006b4fee66826c922d3f600166459533a8410dfe67bf5975,0,0.9986652584135278,96000,24557,[REDACTED_LOCAL_PATH]\Tony Hidayat\AQ_OpenWorld_Codec_Provenance\42_bh_derivatives\encoded\a4e2a56f1488345d574b7943.opus,[REDACTED_LOCAL_PATH]\Tony Hidayat\AQ_OpenWorld_Codec_Provenance\42_bh_derivatives\decoded_raw\a4e2a56f1488345d574b7943.wav,[REDACTED_LOCAL_PATH]\Tony Hidayat\AQ_OpenWorld_Codec_Provenance\42_bh_derivatives\aligned_pcm\a4e2a56f1488345d574b7943.wav,AQ2D0BH_DERIV_V1|87eb2db98858bc75645b5499f9c3965b|Opus|96|libopus|57c56e369d5b4873b4d93fc1a1d833cb7cd8bc9325c14b05c34ce60b22842d8a,0,0,0,opus,PASS,"""[REDACTED_LOCAL_PATH]\Tony Hidayat\AQ_OpenWorld_Codec_Provenance\tools\gyan_ffmpeg_9.0_full\bin\ffmpeg.exe"" -y -hide_banner -i ""[REDACTED_LOCAL_PATH]\Tony Hidayat\AQ_OpenWorld_Codec_Provenance\39_bh_speech\canonical_selected\1089-134686-0018.wav"" -map_metadata -1 -vn -sn -dn -c:a libopus -b:a 96k -vbr off ""[REDACTED_LOCAL_PATH]\Tony Hidayat\AQ_OpenWorld_Codec_Provenance\42_bh_derivatives\encoded\a4e2a56f1488345d574b7943.opus""","""[REDACTED_LOCAL_PATH]\Tony Hidayat\AQ_OpenWorld_Codec_Provenance\tools\gyan_ffmpeg_9.0_full\bin\ffprobe.exe"" -v error -show_entries stream=codec_name,sample_rate,channels,duration,bit_rate:format=format_name,duration,bit_rate -of json ""[REDACTED_LOCAL_PATH]\Tony Hidayat\AQ_OpenWorld_Codec_Provenance\42_bh_derivatives\encoded\a4e2a56f1488345d574b7943.opus""","[REDACTED_LOCAL_PATH]\AppData\Local\CapCut\Apps\7.7.0.3143\ffmpeg.exe -y -hide_banner -i ""[REDACTED_LOCAL_PATH]\Tony Hidayat\AQ_OpenWorld_Codec_Provenance\42_bh_derivatives\encoded\a4e2a56f1488345d574b7943.opus"" -map_metadata -1 -vn -sn -dn -ac 1 -ar 48000 -sample_fmt s16 ""[REDACTED_LOCAL_PATH]\Tony Hidayat\AQ_OpenWorld_Codec_Provenance\42_bh_derivatives\decoded_raw\a4e2a56f1488345d574b7943.wav"""
bfe0aca22a1f0ec43cced11d,87eb2db98858bc75645b5499f9c3965b,1089,Opus,libopus,libopus,128,130.952,59bbdcddbcb7f12e400728642784bc38bfe8eb02e2d81baa3c382380c13c4d74,706c5234e4af20508c6d918fbb5a31221a8c136766754ef49eeb308b18d55e9b,0,0.9991900118040067,96000,32738,[REDACTED_LOCAL_PATH]\Tony Hidayat\AQ_OpenWorld_Codec_Provenance\42_bh_derivatives\encoded\bfe0aca22a1f0ec43cced11d.opus,[REDACTED_LOCAL_PATH]\Tony Hidayat\AQ_OpenWorld_Codec_Provenance\42_bh_derivatives\decoded_raw\bfe0aca22a1f0ec43cced11d.wav,[REDACTED_LOCAL_PATH]\Tony Hidayat\AQ_OpenWorld_Codec_Provenance\42_bh_derivatives\aligned_pcm\bfe0aca22a1f0ec43cced11d.wav,AQ2D0BH_DERIV_V1|87eb2db98858bc75645b5499f9c3965b|Opus|128|libopus|57c56e369d5b4873b4d93fc1a1d833cb7cd8bc9325c14b05c34ce60b22842d8a,0,0,0,opus,PASS,"""[REDACTED_LOCAL_PATH]\Tony Hidayat\AQ_OpenWorld_Codec_Provenance\tools\gyan_ffmpeg_9.0_full\bin\ffmpeg.exe"" -y -hide_banner -i ""[REDACTED_LOCAL_PATH]\Tony Hidayat\AQ_OpenWorld_Codec_Provenance\39_bh_speech\canonical_selected\1089-134686-0018.wav"" -map_metadata -1 -vn -sn -dn -c:a libopus -b:a 128k -vbr off ""[REDACTED_LOCAL_PATH]\Tony Hidayat\AQ_OpenWorld_Codec_Provenance\42_bh_derivatives\encoded\bfe0aca22a1f0ec43cced11d.opus""","""[REDACTED_LOCAL_PATH]\Tony Hidayat\AQ_OpenWorld_Codec_Provenance\tools\gyan_ffmpeg_9.0_full\bin\ffprobe.exe"" -v error -show_entries stream=codec_name,sample_rate,channels,duration,bit_rate:format=format_name,duration,bit_rate -of json ""[REDACTED_LOCAL_PATH]\Tony Hidayat\AQ_OpenWorld_Codec_Provenance\42_bh_derivatives\encoded\bfe0aca22a1f0ec43cced11d.opus""","[REDACTED_LOCAL_PATH]\AppData\Local\CapCut\Apps\7.7.0.3143\ffmpeg.exe -y -hide_banner -i ""[REDACTED_LOCAL_PATH]\Tony Hidayat\AQ_OpenWorld_Codec_Provenance\42_bh_derivatives\encoded\bfe0aca22a1f0ec43cced11d.opus"" -map_metadata -1 -vn -sn -dn -ac 1 -ar 48000 -sample_fmt s16 ""[REDACTED_LOCAL_PATH]\Tony Hidayat\AQ_OpenWorld_Codec_Provenance\42_bh_derivatives\decoded_raw\bfe0aca22a1f0ec43cced11d.wav"""
c8e65b81de1a34f1b9b6b067,920e6e65438e5ccf09ef2802e5daadfb,2300,AAC,aac,FFmpeg-native AAC,32,36.236,8f9668cb46a01fbde20116212845330521081f91b5162d7b0b99a750a595bea6,3bc35e94f60f9a7d6556ddc9202f66f0ecf4e9890289c1d1d6ce7da0aa4e7151,0,0.9440043158738319,96000,9059,[REDACTED_LOCAL_PATH]\Tony Hidayat\AQ_OpenWorld_Codec_Provenance\42_bh_derivatives\encoded\c8e65b81de1a34f1b9b6b067.m4a,[REDACTED_LOCAL_PATH]\Tony Hidayat\AQ_OpenWorld_Codec_Provenance\42_bh_derivatives\decoded_raw\c8e65b81de1a34f1b9b6b067.wav,[REDACTED_LOCAL_PATH]\Tony Hidayat\AQ_OpenWorld_Codec_Provenance\42_bh_derivatives\aligned_pcm\c8e65b81de1a34f1b9b6b067.wav,AQ2D0BH_DERIV_V1|920e6e65438e5ccf09ef2802e5daadfb|AAC|32|FFmpeg-native AAC|57c56e369d5b4873b4d93fc1a1d833cb7cd8bc9325c14b05c34ce60b22842d8a,0,0,0,aac,PASS,"""[REDACTED_LOCAL_PATH]\Tony Hidayat\AQ_OpenWorld_Codec_Provenance\tools\gyan_ffmpeg_9.0_full\bin\ffmpeg.exe"" -y -hide_banner -i ""[REDACTED_LOCAL_PATH]\Tony Hidayat\AQ_OpenWorld_Codec_Provenance\39_bh_speech\canonical_selected\2300-131720-0003.wav"" -map_metadata -1 -vn -sn -dn -c:a aac -b:a 32k ""[REDACTED_LOCAL_PATH]\Tony Hidayat\AQ_OpenWorld_Codec_Provenance\42_bh_derivatives\encoded\c8e65b81de1a34f1b9b6b067.m4a""","""[REDACTED_LOCAL_PATH]\Tony Hidayat\AQ_OpenWorld_Codec_Provenance\tools\gyan_ffmpeg_9.0_full\bin\ffprobe.exe"" -v error -show_entries stream=codec_name,sample_rate,channels,duration,bit_rate:format=format_name,duration,bit_rate -of json ""[REDACTED_LOCAL_PATH]\Tony Hidayat\AQ_OpenWorld_Codec_Provenance\42_bh_derivatives\encoded\c8e65b81de1a34f1b9b6b067.m4a""","[REDACTED_LOCAL_PATH]\AppData\Local\CapCut\Apps\7.7.0.3143\ffmpeg.exe -y -hide_banner -i ""[REDACTED_LOCAL_PATH]\Tony Hidayat\AQ_OpenWorld_Codec_Provenance\42_bh_derivatives\encoded\c8e65b81de1a34f1b9b6b067.m4a"" -map_metadata -1 -vn -sn -dn -ac 1 -ar 48000 -sample_fmt s16 ""[REDACTED_LOCAL_PATH]\Tony Hidayat\AQ_OpenWorld_Codec_Provenance\42_bh_derivatives\decoded_raw\c8e65b81de1a34f1b9b6b067.wav"""
6a75b7fe122b7384da3fa683,920e6e65438e5ccf09ef2802e5daadfb,2300,AAC,aac,FFmpeg-native AAC,80,86.972,29e935ba882c0ea190a48465af4ec2ddbcdbbc0341e5a525e43e548490bc3b34,b2e4a794fe7d9e97fa6fbc186217213547a1fc7994d889d5c20581f33c1064b9,0,0.9986139371485728,96000,21743,[REDACTED_LOCAL_PATH]\Tony Hidayat\AQ_OpenWorld_Codec_Provenance\42_bh_derivatives\encoded\6a75b7fe122b7384da3fa683.m4a,[REDACTED_LOCAL_PATH]\Tony Hidayat\AQ_OpenWorld_Codec_Provenance\42_bh_derivatives\decoded_raw\6a75b7fe122b7384da3fa683.wav,[REDACTED_LOCAL_PATH]\Tony Hidayat\AQ_OpenWorld_Codec_Provenance\42_bh_derivatives\aligned_pcm\6a75b7fe122b7384da3fa683.wav,AQ2D0BH_DERIV_V1|920e6e65438e5ccf09ef2802e5daadfb|AAC|80|FFmpeg-native AAC|57c56e369d5b4873b4d93fc1a1d833cb7cd8bc9325c14b05c34ce60b22842d8a,0,0,0,aac,PASS,"""[REDACTED_LOCAL_PATH]\Tony Hidayat\AQ_OpenWorld_Codec_Provenance\tools\gyan_ffmpeg_9.0_full\bin\ffmpeg.exe"" -y -hide_banner -i ""[REDACTED_LOCAL_PATH]\Tony Hidayat\AQ_OpenWorld_Codec_Provenance\39_bh_speech\canonical_selected\2300-131720-0003.wav"" -map_metadata -1 -vn -sn -dn -c:a aac -b:a 80k ""[REDACTED_LOCAL_PATH]\Tony Hidayat\AQ_OpenWorld_Codec_Provenance\42_bh_derivatives\encoded\6a75b7fe122b7384da3fa683.m4a""","""[REDACTED_LOCAL_PATH]\Tony Hidayat\AQ_OpenWorld_Codec_Provenance\tools\gyan_ffmpeg_9.0_full\bin\ffprobe.exe"" -v error -show_entries stream=codec_name,sample_rate,channels,duration,bit_rate:format=format_name,duration,bit_rate -of json ""[REDACTED_LOCAL_PATH]\Tony Hidayat\AQ_OpenWorld_Codec_Provenance\42_bh_derivatives\encoded\6a75b7fe122b7384da3fa683.m4a""","[REDACTED_LOCAL_PATH]\AppData\Local\CapCut\Apps\7.7.0.3143\ffmpeg.exe -y -hide_banner -i ""[REDACTED_LOCAL_PATH]\Tony Hidayat\AQ_OpenWorld_Codec_Provenance\42_bh_derivatives\encoded\6a75b7fe122b7384da3fa683.m4a"" -map_metadata -1 -vn -sn -dn -ac 1 -ar 48000 -sample_fmt s16 ""[REDACTED_LOCAL_PATH]\Tony Hidayat\AQ_OpenWorld_Codec_Provenance\42_bh_derivatives\decoded_raw\6a75b7fe122b7384da3fa683.wav"""
6c77e57aa52712c0d2113b81,920e6e65438e5ccf09ef2802e5daadfb,2300,AAC,aac,FFmpeg-native AAC,96,102.864,66dd3eb4022565cc9fdcc47f930914e1eca05f07b4627bcacb839a4600ce64e5,7fea5fceb74799677056d8ff1d82173e195abb656bc248def6ccf307a78799ac,0,0.9907986427122834,96000,25716,[REDACTED_LOCAL_PATH]\Tony Hidayat\AQ_OpenWorld_Codec_Provenance\42_bh_derivatives\encoded\6c77e57aa52712c0d2113b81.m4a,[REDACTED_LOCAL_PATH]\Tony Hidayat\AQ_OpenWorld_Codec_Provenance\42_bh_derivatives\decoded_raw\6c77e57aa52712c0d2113b81.wav,[REDACTED_LOCAL_PATH]\Tony Hidayat\AQ_OpenWorld_Codec_Provenance\42_bh_derivatives\aligned_pcm\6c77e57aa52712c0d2113b81.wav,AQ2D0BH_DERIV_V1|920e6e65438e5ccf09ef2802e5daadfb|AAC|96|FFmpeg-native AAC|57c56e369d5b4873b4d93fc1a1d833cb7cd8bc9325c14b05c34ce60b22842d8a,0,0,0,aac,PASS,"""[REDACTED_LOCAL_PATH]\Tony Hidayat\AQ_OpenWorld_Codec_Provenance\tools\gyan_ffmpeg_9.0_full\bin\ffmpeg.exe"" -y -hide_banner -i ""[REDACTED_LOCAL_PATH]\Tony Hidayat\AQ_OpenWorld_Codec_Provenance\39_bh_speech\canonical_selected\2300-131720-0003.wav"" -map_metadata -1 -vn -sn -dn -c:a aac -b:a 96k ""[REDACTED_LOCAL_PATH]\Tony Hidayat\AQ_OpenWorld_Codec_Provenance\42_bh_derivatives\encoded\6c77e57aa52712c0d2113b81.m4a""","""[REDACTED_LOCAL_PATH]\Tony Hidayat\AQ_OpenWorld_Codec_Provenance\tools\gyan_ffmpeg_9.0_full\bin\ffprobe.exe"" -v error -show_entries stream=codec_name,sample_rate,channels,duration,bit_rate:format=format_name,duration,bit_rate -of json ""[REDACTED_LOCAL_PATH]\Tony Hidayat\AQ_OpenWorld_Codec_Provenance\42_bh_derivatives\encoded\6c77e57aa52712c0d2113b81.m4a""","[REDACTED_LOCAL_PATH]\AppData\Local\CapCut\Apps\7.7.0.3143\ffmpeg.exe -y -hide_banner -i ""[REDACTED_LOCAL_PATH]\Tony Hidayat\AQ_OpenWorld_Codec_Provenance\42_bh_derivatives\encoded\6c77e57aa52712c0d2113b81.m4a"" -map_metadata -1 -vn -sn -dn -ac 1 -ar 48000 -sample_fmt s16 ""[REDACTED_LOCAL_PATH]\Tony Hidayat\AQ_OpenWorld_Codec_Provenance\42_bh_derivatives\decoded_raw\6c77e57aa52712c0d2113b81.wav"""
709c6b8fd10ac6768d470374,920e6e65438e5ccf09ef2802e5daadfb,2300,AAC,aac,FFmpeg-native AAC,128,132.752,942ed91ff89a26b5d30f6d88a5ac33669f12bedef137549726f806178cea79e5,7f8317f06113093698529f1b51c96e33a1d2d730857bd89d847a2e029ad92e58,0,0.9935209700048319,96000,33188,[REDACTED_LOCAL_PATH]\Tony Hidayat\AQ_OpenWorld_Codec_Provenance\42_bh_derivatives\encoded\709c6b8fd10ac6768d470374.m4a,[REDACTED_LOCAL_PATH]\Tony Hidayat\AQ_OpenWorld_Codec_Provenance\42_bh_derivatives\decoded_raw\709c6b8fd10ac6768d470374.wav,[REDACTED_LOCAL_PATH]\Tony Hidayat\AQ_OpenWorld_Codec_Provenance\42_bh_derivatives\aligned_pcm\709c6b8fd10ac6768d470374.wav,AQ2D0BH_DERIV_V1|920e6e65438e5ccf09ef2802e5daadfb|AAC|128|FFmpeg-native AAC|57c56e369d5b4873b4d93fc1a1d833cb7cd8bc9325c14b05c34ce60b22842d8a,0,0,0,aac,PASS,"""[REDACTED_LOCAL_PATH]\Tony Hidayat\AQ_OpenWorld_Codec_Provenance\tools\gyan_ffmpeg_9.0_full\bin\ffmpeg.exe"" -y -hide_banner -i ""[REDACTED_LOCAL_PATH]\Tony Hidayat\AQ_OpenWorld_Codec_Provenance\39_bh_speech\canonical_selected\2300-131720-0003.wav"" -map_metadata -1 -vn -sn -dn -c:a aac -b:a 128k ""[REDACTED_LOCAL_PATH]\Tony Hidayat\AQ_OpenWorld_Codec_Provenance\42_bh_derivatives\encoded\709c6b8fd10ac6768d470374.m4a""","""[REDACTED_LOCAL_PATH]\Tony Hidayat\AQ_OpenWorld_Codec_Provenance\tools\gyan_ffmpeg_9.0_full\bin\ffprobe.exe"" -v error -show_entries stream=codec_name,sample_rate,channels,duration,bit_rate:format=format_name,duration,bit_rate -of json ""[REDACTED_LOCAL_PATH]\Tony Hidayat\AQ_OpenWorld_Codec_Provenance\42_bh_derivatives\encoded\709c6b8fd10ac6768d470374.m4a""","[REDACTED_LOCAL_PATH]\AppData\Local\CapCut\Apps\7.7.0.3143\ffmpeg.exe -y -hide_banner -i ""[REDACTED_LOCAL_PATH]\Tony Hidayat\AQ_OpenWorld_Codec_Provenance\42_bh_derivatives\encoded\709c6b8fd10ac6768d470374.m4a"" -map_metadata -1 -vn -sn -dn -ac 1 -ar 48000 -sample_fmt s16 ""[REDACTED_LOCAL_PATH]\Tony Hidayat\AQ_OpenWorld_Codec_Provenance\42_bh_derivatives\decoded_raw\709c6b8fd10ac6768d470374.wav"""
95d16dc04dfc05579b411502,920e6e65438e5ccf09ef2802e5daadfb,2300,MP3,libmp3lame,libmp3lame,32,33.584,339c2688eaefa02d2d68930401b6007312f0e6591d9d96b132db9c3bc6788bcb,112d5e7b45a5e6200e56dc624618ed92f8e9597dc98787fdd89b7817dd2b6bde,0,0.9918051513611308,96000,8396,[REDACTED_LOCAL_PATH]\Tony Hidayat\AQ_OpenWorld_Codec_Provenance\42_bh_derivatives\encoded\95d16dc04dfc05579b411502.mp3,[REDACTED_LOCAL_PATH]\Tony Hidayat\AQ_OpenWorld_Codec_Provenance\42_bh_derivatives\decoded_raw\95d16dc04dfc05579b411502.wav,[REDACTED_LOCAL_PATH]\Tony Hidayat\AQ_OpenWorld_Codec_Provenance\42_bh_derivatives\aligned_pcm\95d16dc04dfc05579b411502.wav,AQ2D0BH_DERIV_V1|920e6e65438e5ccf09ef2802e5daadfb|MP3|32|libmp3lame|57c56e369d5b4873b4d93fc1a1d833cb7cd8bc9325c14b05c34ce60b22842d8a,0,0,0,mp3,PASS,"""[REDACTED_LOCAL_PATH]\Tony Hidayat\AQ_OpenWorld_Codec_Provenance\tools\gyan_ffmpeg_9.0_full\bin\ffmpeg.exe"" -y -hide_banner -i ""[REDACTED_LOCAL_PATH]\Tony Hidayat\AQ_OpenWorld_Codec_Provenance\39_bh_speech\canonical_selected\2300-131720-0003.wav"" -map_metadata -1 -vn -sn -dn -c:a libmp3lame -b:a 32k ""[REDACTED_LOCAL_PATH]\Tony Hidayat\AQ_OpenWorld_Codec_Provenance\42_bh_derivatives\encoded\95d16dc04dfc05579b411502.mp3""","""[REDACTED_LOCAL_PATH]\Tony Hidayat\AQ_OpenWorld_Codec_Provenance\tools\gyan_ffmpeg_9.0_full\bin\ffprobe.exe"" -v error -show_entries stream=codec_name,sample_rate,channels,duration,bit_rate:format=format_name,duration,bit_rate -of json ""[REDACTED_LOCAL_PATH]\Tony Hidayat\AQ_OpenWorld_Codec_Provenance\42_bh_derivatives\encoded\95d16dc04dfc05579b411502.mp3""","[REDACTED_LOCAL_PATH]\AppData\Local\CapCut\Apps\7.7.0.3143\ffmpeg.exe -y -hide_banner -i ""[REDACTED_LOCAL_PATH]\Tony Hidayat\AQ_OpenWorld_Codec_Provenance\42_bh_derivatives\encoded\95d16dc04dfc05579b411502.mp3"" -map_metadata -1 -vn -sn -dn -ac 1 -ar 48000 -sample_fmt s16 ""[REDACTED_LOCAL_PATH]\Tony Hidayat\AQ_OpenWorld_Codec_Provenance\42_bh_derivatives\decoded_raw\95d16dc04dfc05579b411502.wav"""
cc5b0a9992dac195d8a7c70c,920e6e65438e5ccf09ef2802e5daadfb,2300,MP3,libmp3lame,libmp3lame,80,82.736,fa0e98af80447ec72799de5f910e57b4f5c297b0478b0105dcabb453b60fc43d,363271241b076277a9f9d3042b23b0c68ccd208d99e3b4f45042337ab026f915,0,0.9997942465847548,96000,20684,[REDACTED_LOCAL_PATH]\Tony Hidayat\AQ_OpenWorld_Codec_Provenance\42_bh_derivatives\encoded\cc5b0a9992dac195d8a7c70c.mp3,[REDACTED_LOCAL_PATH]\Tony Hidayat\AQ_OpenWorld_Codec_Provenance\42_bh_derivatives\decoded_raw\cc5b0a9992dac195d8a7c70c.wav,[REDACTED_LOCAL_PATH]\Tony Hidayat\AQ_OpenWorld_Codec_Provenance\42_bh_derivatives\aligned_pcm\cc5b0a9992dac195d8a7c70c.wav,AQ2D0BH_DERIV_V1|920e6e65438e5ccf09ef2802e5daadfb|MP3|80|libmp3lame|57c56e369d5b4873b4d93fc1a1d833cb7cd8bc9325c14b05c34ce60b22842d8a,0,0,0,mp3,PASS,"""[REDACTED_LOCAL_PATH]\Tony Hidayat\AQ_OpenWorld_Codec_Provenance\tools\gyan_ffmpeg_9.0_full\bin\ffmpeg.exe"" -y -hide_banner -i ""[REDACTED_LOCAL_PATH]\Tony Hidayat\AQ_OpenWorld_Codec_Provenance\39_bh_speech\canonical_selected\2300-131720-0003.wav"" -map_metadata -1 -vn -sn -dn -c:a libmp3lame -b:a 80k ""[REDACTED_LOCAL_PATH]\Tony Hidayat\AQ_OpenWorld_Codec_Provenance\42_bh_derivatives\encoded\cc5b0a9992dac195d8a7c70c.mp3""","""[REDACTED_LOCAL_PATH]\Tony Hidayat\AQ_OpenWorld_Codec_Provenance\tools\gyan_ffmpeg_9.0_full\bin\ffprobe.exe"" -v error -show_entries stream=codec_name,sample_rate,channels,duration,bit_rate:format=format_name,duration,bit_rate -of json ""[REDACTED_LOCAL_PATH]\Tony Hidayat\AQ_OpenWorld_Codec_Provenance\42_bh_derivatives\encoded\cc5b0a9992dac195d8a7c70c.mp3""","[REDACTED_LOCAL_PATH]\AppData\Local\CapCut\Apps\7.7.0.3143\ffmpeg.exe -y -hide_banner -i ""[REDACTED_LOCAL_PATH]\Tony Hidayat\AQ_OpenWorld_Codec_Provenance\42_bh_derivatives\encoded\cc5b0a9992dac195d8a7c70c.mp3"" -map_metadata -1 -vn -sn -dn -ac 1 -ar 48000 -sample_fmt s16 ""[REDACTED_LOCAL_PATH]\Tony Hidayat\AQ_OpenWorld_Codec_Provenance\42_bh_derivatives\decoded_raw\cc5b0a9992dac195d8a7c70c.wav"""
3c6dc1903a88ec933566f1b9,920e6e65438e5ccf09ef2802e5daadfb,2300,MP3,libmp3lame,libmp3lame,96,99.248,d35a45aef3ea1eb64e9a85362d80687412e1a82875f311802b74803f11b4f67f,5671cfa4cef5688f45b62092cfd4b6198173704bfb7b046ed82f067a341b5664,0,0.9999344318650931,96000,24812,[REDACTED_LOCAL_PATH]\Tony Hidayat\AQ_OpenWorld_Codec_Provenance\42_bh_derivatives\encoded\3c6dc1903a88ec933566f1b9.mp3,[REDACTED_LOCAL_PATH]\Tony Hidayat\AQ_OpenWorld_Codec_Provenance\42_bh_derivatives\decoded_raw\3c6dc1903a88ec933566f1b9.wav,[REDACTED_LOCAL_PATH]\Tony Hidayat\AQ_OpenWorld_Codec_Provenance\42_bh_derivatives\aligned_pcm\3c6dc1903a88ec933566f1b9.wav,AQ2D0BH_DERIV_V1|920e6e65438e5ccf09ef2802e5daadfb|MP3|96|libmp3lame|57c56e369d5b4873b4d93fc1a1d833cb7cd8bc9325c14b05c34ce60b22842d8a,0,0,0,mp3,PASS,"""[REDACTED_LOCAL_PATH]\Tony Hidayat\AQ_OpenWorld_Codec_Provenance\tools\gyan_ffmpeg_9.0_full\bin\ffmpeg.exe"" -y -hide_banner -i ""[REDACTED_LOCAL_PATH]\Tony Hidayat\AQ_OpenWorld_Codec_Provenance\39_bh_speech\canonical_selected\2300-131720-0003.wav"" -map_metadata -1 -vn -sn -dn -c:a libmp3lame -b:a 96k ""[REDACTED_LOCAL_PATH]\Tony Hidayat\AQ_OpenWorld_Codec_Provenance\42_bh_derivatives\encoded\3c6dc1903a88ec933566f1b9.mp3""","""[REDACTED_LOCAL_PATH]\Tony Hidayat\AQ_OpenWorld_Codec_Provenance\tools\gyan_ffmpeg_9.0_full\bin\ffprobe.exe"" -v error -show_entries stream=codec_name,sample_rate,channels,duration,bit_rate:format=format_name,duration,bit_rate -of json ""[REDACTED_LOCAL_PATH]\Tony Hidayat\AQ_OpenWorld_Codec_Provenance\42_bh_derivatives\encoded\3c6dc1903a88ec933566f1b9.mp3""","[REDACTED_LOCAL_PATH]\AppData\Local\CapCut\Apps\7.7.0.3143\ffmpeg.exe -y -hide_banner -i ""[REDACTED_LOCAL_PATH]\Tony Hidayat\AQ_OpenWorld_Codec_Provenance\42_bh_derivatives\encoded\3c6dc1903a88ec933566f1b9.mp3"" -map_metadata -1 -vn -sn -dn -ac 1 -ar 48000 -sample_fmt s16 ""[REDACTED_LOCAL_PATH]\Tony Hidayat\AQ_OpenWorld_Codec_Provenance\42_bh_derivatives\decoded_raw\3c6dc1903a88ec933566f1b9.wav"""
1d8b4842b4f3471a5f8cc657,920e6e65438e5ccf09ef2802e5daadfb,2300,MP3,libmp3lame,libmp3lame,128,132.272,6f28b11796017dd0516e224befb466ec60fcaf6a81558058264d400798cbb132,a8ad39b8a313d78fc47c776cd706ee60c2d48c976b7bd6aaed39116250d2ff45,0,0.9999948609767524,96000,33068,[REDACTED_LOCAL_PATH]\Tony Hidayat\AQ_OpenWorld_Codec_Provenance\42_bh_derivatives\encoded\1d8b4842b4f3471a5f8cc657.mp3,[REDACTED_LOCAL_PATH]\Tony Hidayat\AQ_OpenWorld_Codec_Provenance\42_bh_derivatives\decoded_raw\1d8b4842b4f3471a5f8cc657.wav,[REDACTED_LOCAL_PATH]\Tony Hidayat\AQ_OpenWorld_Codec_Provenance\42_bh_derivatives\aligned_pcm\1d8b4842b4f3471a5f8cc657.wav,AQ2D0BH_DERIV_V1|920e6e65438e5ccf09ef2802e5daadfb|MP3|128|libmp3lame|57c56e369d5b4873b4d93fc1a1d833cb7cd8bc9325c14b05c34ce60b22842d8a,0,0,0,mp3,PASS,"""[REDACTED_LOCAL_PATH]\Tony Hidayat\AQ_OpenWorld_Codec_Provenance\tools\gyan_ffmpeg_9.0_full\bin\ffmpeg.exe"" -y -hide_banner -i ""[REDACTED_LOCAL_PATH]\Tony Hidayat\AQ_OpenWorld_Codec_Provenance\39_bh_speech\canonical_selected\2300-131720-0003.wav"" -map_metadata -1 -vn -sn -dn -c:a libmp3lame -b:a 128k ""[REDACTED_LOCAL_PATH]\Tony Hidayat\AQ_OpenWorld_Codec_Provenance\42_bh_derivatives\encoded\1d8b4842b4f3471a5f8cc657.mp3""","""[REDACTED_LOCAL_PATH]\Tony Hidayat\AQ_OpenWorld_Codec_Provenance\tools\gyan_ffmpeg_9.0_full\bin\ffprobe.exe"" -v error -show_entries stream=codec_name,sample_rate,channels,duration,bit_rate:format=format_name,duration,bit_rate -of json ""[REDACTED_LOCAL_PATH]\Tony Hidayat\AQ_OpenWorld_Codec_Provenance\42_bh_derivatives\encoded\1d8b4842b4f3471a5f8cc657.mp3""","[REDACTED_LOCAL_PATH]\AppData\Local\CapCut\Apps\7.7.0.3143\ffmpeg.exe -y -hide_banner -i ""[REDACTED_LOCAL_PATH]\Tony Hidayat\AQ_OpenWorld_Codec_Provenance\42_bh_derivatives\encoded\1d8b4842b4f3471a5f8cc657.mp3"" -map_metadata -1 -vn -sn -dn -ac 1 -ar 48000 -sample_fmt s16 ""[REDACTED_LOCAL_PATH]\Tony Hidayat\AQ_OpenWorld_Codec_Provenance\42_bh_derivatives\decoded_raw\1d8b4842b4f3471a5f8cc657.wav"""
6c38b217351769a94361dc1a,920e6e65438e5ccf09ef2802e5daadfb,2300,Opus,libopus,libopus,32,33.588,1e7fbc61d07e66a92a5ec0a5dc9337d47e0614607fbe3cdef05627130d9d9225,c19712ed49971de37132d8314bb0de0c13415aaba19dbab146d63efe0117d7e0,0,0.9937669068136539,96000,8397,[REDACTED_LOCAL_PATH]\Tony Hidayat\AQ_OpenWorld_Codec_Provenance\42_bh_derivatives\encoded\6c38b217351769a94361dc1a.opus,[REDACTED_LOCAL_PATH]\Tony Hidayat\AQ_OpenWorld_Codec_Provenance\42_bh_derivatives\decoded_raw\6c38b217351769a94361dc1a.wav,[REDACTED_LOCAL_PATH]\Tony Hidayat\AQ_OpenWorld_Codec_Provenance\42_bh_derivatives\aligned_pcm\6c38b217351769a94361dc1a.wav,AQ2D0BH_DERIV_V1|920e6e65438e5ccf09ef2802e5daadfb|Opus|32|libopus|57c56e369d5b4873b4d93fc1a1d833cb7cd8bc9325c14b05c34ce60b22842d8a,0,0,0,opus,PASS,"""[REDACTED_LOCAL_PATH]\Tony Hidayat\AQ_OpenWorld_Codec_Provenance\tools\gyan_ffmpeg_9.0_full\bin\ffmpeg.exe"" -y -hide_banner -i ""[REDACTED_LOCAL_PATH]\Tony Hidayat\AQ_OpenWorld_Codec_Provenance\39_bh_speech\canonical_selected\2300-131720-0003.wav"" -map_metadata -1 -vn -sn -dn -c:a libopus -b:a 32k -vbr off ""[REDACTED_LOCAL_PATH]\Tony Hidayat\AQ_OpenWorld_Codec_Provenance\42_bh_derivatives\encoded\6c38b217351769a94361dc1a.opus""","""[REDACTED_LOCAL_PATH]\Tony Hidayat\AQ_OpenWorld_Codec_Provenance\tools\gyan_ffmpeg_9.0_full\bin\ffprobe.exe"" -v error -show_entries stream=codec_name,sample_rate,channels,duration,bit_rate:format=format_name,duration,bit_rate -of json ""[REDACTED_LOCAL_PATH]\Tony Hidayat\AQ_OpenWorld_Codec_Provenance\42_bh_derivatives\encoded\6c38b217351769a94361dc1a.opus""","[REDACTED_LOCAL_PATH]\AppData\Local\CapCut\Apps\7.7.0.3143\ffmpeg.exe -y -hide_banner -i ""[REDACTED_LOCAL_PATH]\Tony Hidayat\AQ_OpenWorld_Codec_Provenance\42_bh_derivatives\encoded\6c38b217351769a94361dc1a.opus"" -map_metadata -1 -vn -sn -dn -ac 1 -ar 48000 -sample_fmt s16 ""[REDACTED_LOCAL_PATH]\Tony Hidayat\AQ_OpenWorld_Codec_Provenance\42_bh_derivatives\decoded_raw\6c38b217351769a94361dc1a.wav"""
25ef6487f0e4971670ab0805,920e6e65438e5ccf09ef2802e5daadfb,2300,Opus,libopus,libopus,80,82.068,f108b4a8d495f28c69885fd7e0618931a162042c7b66d02524a23d70ba6cc479,9995844279829653ecec0f3a54b8e1642c674ff86468a3cfe161a145b7381e02,0,0.998338977240283,96000,20517,[REDACTED_LOCAL_PATH]\Tony Hidayat\AQ_OpenWorld_Codec_Provenance\42_bh_derivatives\encoded\25ef6487f0e4971670ab0805.opus,[REDACTED_LOCAL_PATH]\Tony Hidayat\AQ_OpenWorld_Codec_Provenance\42_bh_derivatives\decoded_raw\25ef6487f0e4971670ab0805.wav,[REDACTED_LOCAL_PATH]\Tony Hidayat\AQ_OpenWorld_Codec_Provenance\42_bh_derivatives\aligned_pcm\25ef6487f0e4971670ab0805.wav,AQ2D0BH_DERIV_V1|920e6e65438e5ccf09ef2802e5daadfb|Opus|80|libopus|57c56e369d5b4873b4d93fc1a1d833cb7cd8bc9325c14b05c34ce60b22842d8a,0,0,0,opus,PASS,"""[REDACTED_LOCAL_PATH]\Tony Hidayat\AQ_OpenWorld_Codec_Provenance\tools\gyan_ffmpeg_9.0_full\bin\ffmpeg.exe"" -y -hide_banner -i ""[REDACTED_LOCAL_PATH]\Tony Hidayat\AQ_OpenWorld_Codec_Provenance\39_bh_speech\canonical_selected\2300-131720-0003.wav"" -map_metadata -1 -vn -sn -dn -c:a libopus -b:a 80k -vbr off ""[REDACTED_LOCAL_PATH]\Tony Hidayat\AQ_OpenWorld_Codec_Provenance\42_bh_derivatives\encoded\25ef6487f0e4971670ab0805.opus""","""[REDACTED_LOCAL_PATH]\Tony Hidayat\AQ_OpenWorld_Codec_Provenance\tools\gyan_ffmpeg_9.0_full\bin\ffprobe.exe"" -v error -show_entries stream=codec_name,sample_rate,channels,duration,bit_rate:format=format_name,duration,bit_rate -of json ""[REDACTED_LOCAL_PATH]\Tony Hidayat\AQ_OpenWorld_Codec_Provenance\42_bh_derivatives\encoded\25ef6487f0e4971670ab0805.opus""","[REDACTED_LOCAL_PATH]\AppData\Local\CapCut\Apps\7.7.0.3143\ffmpeg.exe -y -hide_banner -i ""[REDACTED_LOCAL_PATH]\Tony Hidayat\AQ_OpenWorld_Codec_Provenance\42_bh_derivatives\encoded\25ef6487f0e4971670ab0805.opus"" -map_metadata -1 -vn -sn -dn -ac 1 -ar 48000 -sample_fmt s16 ""[REDACTED_LOCAL_PATH]\Tony Hidayat\AQ_OpenWorld_Codec_Provenance\42_bh_derivatives\decoded_raw\25ef6487f0e4971670ab0805.wav"""
f9b774a6a3080f747d23ac88,920e6e65438e5ccf09ef2802e5daadfb,2300,Opus,libopus,libopus,96,98.228,fe5b8d851b4ee6ac8aabfaa0c3741063d45aba6eb93f8abdbf69bed3abbd0fa1,e47fe2b68e69e6b070a727025328add31d01b413131547c2dfa5f8ef3c6e8912,0,0.9986951249565493,96000,24557,[REDACTED_LOCAL_PATH]\Tony Hidayat\AQ_OpenWorld_Codec_Provenance\42_bh_derivatives\encoded\f9b774a6a3080f747d23ac88.opus,[REDACTED_LOCAL_PATH]\Tony Hidayat\AQ_OpenWorld_Codec_Provenance\42_bh_derivatives\decoded_raw\f9b774a6a3080f747d23ac88.wav,[REDACTED_LOCAL_PATH]\Tony Hidayat\AQ_OpenWorld_Codec_Provenance\42_bh_derivatives\aligned_pcm\f9b774a6a3080f747d23ac88.wav,AQ2D0BH_DERIV_V1|920e6e65438e5ccf09ef2802e5daadfb|Opus|96|libopus|57c56e369d5b4873b4d93fc1a1d833cb7cd8bc9325c14b05c34ce60b22842d8a,0,0,0,opus,PASS,"""[REDACTED_LOCAL_PATH]\Tony Hidayat\AQ_OpenWorld_Codec_Provenance\tools\gyan_ffmpeg_9.0_full\bin\ffmpeg.exe"" -y -hide_banner -i ""[REDACTED_LOCAL_PATH]\Tony Hidayat\AQ_OpenWorld_Codec_Provenance\39_bh_speech\canonical_selected\2300-131720-0003.wav"" -map_metadata -1 -vn -sn -dn -c:a libopus -b:a 96k -vbr off ""[REDACTED_LOCAL_PATH]\Tony Hidayat\AQ_OpenWorld_Codec_Provenance\42_bh_derivatives\encoded\f9b774a6a3080f747d23ac88.opus""","""[REDACTED_LOCAL_PATH]\Tony Hidayat\AQ_OpenWorld_Codec_Provenance\tools\gyan_ffmpeg_9.0_full\bin\ffprobe.exe"" -v error -show_entries stream=codec_name,sample_rate,channels,duration,bit_rate:format=format_name,duration,bit_rate -of json ""[REDACTED_LOCAL_PATH]\Tony Hidayat\AQ_OpenWorld_Codec_Provenance\42_bh_derivatives\encoded\f9b774a6a3080f747d23ac88.opus""","[REDACTED_LOCAL_PATH]\AppData\Local\CapCut\Apps\7.7.0.3143\ffmpeg.exe -y -hide_banner -i ""[REDACTED_LOCAL_PATH]\Tony Hidayat\AQ_OpenWorld_Codec_Provenance\42_bh_derivatives\encoded\f9b774a6a3080f747d23ac88.opus"" -map_metadata -1 -vn -sn -dn -ac 1 -ar 48000 -sample_fmt s16 ""[REDACTED_LOCAL_PATH]\Tony Hidayat\AQ_OpenWorld_Codec_Provenance\42_bh_derivatives\decoded_raw\f9b774a6a3080f747d23ac88.wav"""
993067a3ca7c1b45bcfd5072,920e6e65438e5ccf09ef2802e5daadfb,2300,Opus,libopus,libopus,128,130.952,cdffbb3019ee324cbcaeba7e7992144f1821a0510b4acbd8ea61f7d4fe5453f7,772af09b4f0466a04bd32b7c671b44f053826cdeeef77de86a535ce8bb82b1da,0,0.9993351038325256,96000,32738,[REDACTED_LOCAL_PATH]\Tony Hidayat\AQ_OpenWorld_Codec_Provenance\42_bh_derivatives\encoded\993067a3ca7c1b45bcfd5072.opus,[REDACTED_LOCAL_PATH]\Tony Hidayat\AQ_OpenWorld_Codec_Provenance\42_bh_derivatives\decoded_raw\993067a3ca7c1b45bcfd5072.wav,[REDACTED_LOCAL_PATH]\Tony Hidayat\AQ_OpenWorld_Codec_Provenance\42_bh_derivatives\aligned_pcm\993067a3ca7c1b45bcfd5072.wav,AQ2D0BH_DERIV_V1|920e6e65438e5ccf09ef2802e5daadfb|Opus|128|libopus|57c56e369d5b4873b4d93fc1a1d833cb7cd8bc9325c14b05c34ce60b22842d8a,0,0,0,opus,PASS,"""[REDACTED_LOCAL_PATH]\Tony Hidayat\AQ_OpenWorld_Codec_Provenance\tools\gyan_ffmpeg_9.0_full\bin\ffmpeg.exe"" -y -hide_banner -i ""[REDACTED_LOCAL_PATH]\Tony Hidayat\AQ_OpenWorld_Codec_Provenance\39_bh_speech\canonical_selected\2300-131720-0003.wav"" -map_metadata -1 -vn -sn -dn -c:a libopus -b:a 128k -vbr off ""[REDACTED_LOCAL_PATH]\Tony Hidayat\AQ_OpenWorld_Codec_Provenance\42_bh_derivatives\encoded\993067a3ca7c1b45bcfd5072.opus""","""[REDACTED_LOCAL_PATH]\Tony Hidayat\AQ_OpenWorld_Codec_Provenance\tools\gyan_ffmpeg_9.0_full\bin\ffprobe.exe"" -v error -show_entries stream=codec_name,sample_rate,channels,duration,bit_rate:format=format_name,duration,bit_rate -of json ""[REDACTED_LOCAL_PATH]\Tony Hidayat\AQ_OpenWorld_Codec_Provenance\42_bh_derivatives\encoded\993067a3ca7c1b45bcfd5072.opus""","[REDACTED_LOCAL_PATH]\AppData\Local\CapCut\Apps\7.7.0.3143\ffmpeg.exe -y -hide_banner -i ""[REDACTED_LOCAL_PATH]\Tony Hidayat\AQ_OpenWorld_Codec_Provenance\42_bh_derivatives\encoded\993067a3ca7c1b45bcfd5072.opus"" -map_metadata -1 -vn -sn -dn -ac 1 -ar 48000 -sample_fmt s16 ""[REDACTED_LOCAL_PATH]\Tony Hidayat\AQ_OpenWorld_Codec_Provenance\42_bh_derivatives\decoded_raw\993067a3ca7c1b45bcfd5072.wav"""
1f022c0d56890d1994b04f21,98d0d0e20132d93fa15571ec4d1360df,1320,AAC,aac,FFmpeg-native AAC,32,37.284,0d6f738a7738a6a006d2ff2c74767bdfc750ed1dc2849f78a03a1a6c09ac65d0,a5d7b85963476348d60be73e45c6fa2c4236c8fbe0e9f102a829aacc56a39f11,0,0.9550342929483362,96000,9321,[REDACTED_LOCAL_PATH]\Tony Hidayat\AQ_OpenWorld_Codec_Provenance\42_bh_derivatives\encoded\1f022c0d56890d1994b04f21.m4a,[REDACTED_LOCAL_PATH]\Tony Hidayat\AQ_OpenWorld_Codec_Provenance\42_bh_derivatives\decoded_raw\1f022c0d56890d1994b04f21.wav,[REDACTED_LOCAL_PATH]\Tony Hidayat\AQ_OpenWorld_Codec_Provenance\42_bh_derivatives\aligned_pcm\1f022c0d56890d1994b04f21.wav,AQ2D0BH_DERIV_V1|98d0d0e20132d93fa15571ec4d1360df|AAC|32|FFmpeg-native AAC|57c56e369d5b4873b4d93fc1a1d833cb7cd8bc9325c14b05c34ce60b22842d8a,0,0,0,aac,PASS,"""[REDACTED_LOCAL_PATH]\Tony Hidayat\AQ_OpenWorld_Codec_Provenance\tools\gyan_ffmpeg_9.0_full\bin\ffmpeg.exe"" -y -hide_banner -i ""[REDACTED_LOCAL_PATH]\Tony Hidayat\AQ_OpenWorld_Codec_Provenance\39_bh_speech\canonical_selected\1320-122612-0007.wav"" -map_metadata -1 -vn -sn -dn -c:a aac -b:a 32k ""[REDACTED_LOCAL_PATH]\Tony Hidayat\AQ_OpenWorld_Codec_Provenance\42_bh_derivatives\encoded\1f022c0d56890d1994b04f21.m4a""","""[REDACTED_LOCAL_PATH]\Tony Hidayat\AQ_OpenWorld_Codec_Provenance\tools\gyan_ffmpeg_9.0_full\bin\ffprobe.exe"" -v error -show_entries stream=codec_name,sample_rate,channels,duration,bit_rate:format=format_name,duration,bit_rate -of json ""[REDACTED_LOCAL_PATH]\Tony Hidayat\AQ_OpenWorld_Codec_Provenance\42_bh_derivatives\encoded\1f022c0d56890d1994b04f21.m4a""","[REDACTED_LOCAL_PATH]\AppData\Local\CapCut\Apps\7.7.0.3143\ffmpeg.exe -y -hide_banner -i ""[REDACTED_LOCAL_PATH]\Tony Hidayat\AQ_OpenWorld_Codec_Provenance\42_bh_derivatives\encoded\1f022c0d56890d1994b04f21.m4a"" -map_metadata -1 -vn -sn -dn -ac 1 -ar 48000 -sample_fmt s16 ""[REDACTED_LOCAL_PATH]\Tony Hidayat\AQ_OpenWorld_Codec_Provenance\42_bh_derivatives\decoded_raw\1f022c0d56890d1994b04f21.wav"""
f6ac9c1b81a1e5fccc20915a,98d0d0e20132d93fa15571ec4d1360df,1320,AAC,aac,FFmpeg-native AAC,80,87.568,dcbfe4241109e214cb0b0d55c93529495b023cbf899f15223bb28e08dd0813cb,89fe0aa3ada30ee86abc8a16a8e515bb829513fd6915fba82cafd40c9dcbaf8c,0,0.9959811037576056,96000,21892,[REDACTED_LOCAL_PATH]\Tony Hidayat\AQ_OpenWorld_Codec_Provenance\42_bh_derivatives\encoded\f6ac9c1b81a1e5fccc20915a.m4a,[REDACTED_LOCAL_PATH]\Tony Hidayat\AQ_OpenWorld_Codec_Provenance\42_bh_derivatives\decoded_raw\f6ac9c1b81a1e5fccc20915a.wav,[REDACTED_LOCAL_PATH]\Tony Hidayat\AQ_OpenWorld_Codec_Provenance\42_bh_derivatives\aligned_pcm\f6ac9c1b81a1e5fccc20915a.wav,AQ2D0BH_DERIV_V1|98d0d0e20132d93fa15571ec4d1360df|AAC|80|FFmpeg-native AAC|57c56e369d5b4873b4d93fc1a1d833cb7cd8bc9325c14b05c34ce60b22842d8a,0,0,0,aac,PASS,"""[REDACTED_LOCAL_PATH]\Tony Hidayat\AQ_OpenWorld_Codec_Provenance\tools\gyan_ffmpeg_9.0_full\bin\ffmpeg.exe"" -y -hide_banner -i ""[REDACTED_LOCAL_PATH]\Tony Hidayat\AQ_OpenWorld_Codec_Provenance\39_bh_speech\canonical_selected\1320-122612-0007.wav"" -map_metadata -1 -vn -sn -dn -c:a aac -b:a 80k ""[REDACTED_LOCAL_PATH]\Tony Hidayat\AQ_OpenWorld_Codec_Provenance\42_bh_derivatives\encoded\f6ac9c1b81a1e5fccc20915a.m4a""","""[REDACTED_LOCAL_PATH]\Tony Hidayat\AQ_OpenWorld_Codec_Provenance\tools\gyan_ffmpeg_9.0_full\bin\ffprobe.exe"" -v error -show_entries stream=codec_name,sample_rate,channels,duration,bit_rate:format=format_name,duration,bit_rate -of json ""[REDACTED_LOCAL_PATH]\Tony Hidayat\AQ_OpenWorld_Codec_Provenance\42_bh_derivatives\encoded\f6ac9c1b81a1e5fccc20915a.m4a""","[REDACTED_LOCAL_PATH]\AppData\Local\CapCut\Apps\7.7.0.3143\ffmpeg.exe -y -hide_banner -i ""[REDACTED_LOCAL_PATH]\Tony Hidayat\AQ_OpenWorld_Codec_Provenance\42_bh_derivatives\encoded\f6ac9c1b81a1e5fccc20915a.m4a"" -map_metadata -1 -vn -sn -dn -ac 1 -ar 48000 -sample_fmt s16 ""[REDACTED_LOCAL_PATH]\Tony Hidayat\AQ_OpenWorld_Codec_Provenance\42_bh_derivatives\decoded_raw\f6ac9c1b81a1e5fccc20915a.wav"""
a6b067ed57e53e073ec55def,98d0d0e20132d93fa15571ec4d1360df,1320,AAC,aac,FFmpeg-native AAC,96,103.164,8d24f7eeaee33c92e193bb64176f8cd2f8487347cf4d8530d74bffd744abe9d8,e510ed1a7f2b039a1570f59b27e220a2cb4afaf46d4bf1aa071a9ab80f075c58,0,0.9972617556518515,96000,25791,[REDACTED_LOCAL_PATH]\Tony Hidayat\AQ_OpenWorld_Codec_Provenance\42_bh_derivatives\encoded\a6b067ed57e53e073ec55def.m4a,[REDACTED_LOCAL_PATH]\Tony Hidayat\AQ_OpenWorld_Codec_Provenance\42_bh_derivatives\decoded_raw\a6b067ed57e53e073ec55def.wav,[REDACTED_LOCAL_PATH]\Tony Hidayat\AQ_OpenWorld_Codec_Provenance\42_bh_derivatives\aligned_pcm\a6b067ed57e53e073ec55def.wav,AQ2D0BH_DERIV_V1|98d0d0e20132d93fa15571ec4d1360df|AAC|96|FFmpeg-native AAC|57c56e369d5b4873b4d93fc1a1d833cb7cd8bc9325c14b05c34ce60b22842d8a,0,0,0,aac,PASS,"""[REDACTED_LOCAL_PATH]\Tony Hidayat\AQ_OpenWorld_Codec_Provenance\tools\gyan_ffmpeg_9.0_full\bin\ffmpeg.exe"" -y -hide_banner -i ""[REDACTED_LOCAL_PATH]\Tony Hidayat\AQ_OpenWorld_Codec_Provenance\39_bh_speech\canonical_selected\1320-122612-0007.wav"" -map_metadata -1 -vn -sn -dn -c:a aac -b:a 96k ""[REDACTED_LOCAL_PATH]\Tony Hidayat\AQ_OpenWorld_Codec_Provenance\42_bh_derivatives\encoded\a6b067ed57e53e073ec55def.m4a""","""[REDACTED_LOCAL_PATH]\Tony Hidayat\AQ_OpenWorld_Codec_Provenance\tools\gyan_ffmpeg_9.0_full\bin\ffprobe.exe"" -v error -show_entries stream=codec_name,sample_rate,channels,duration,bit_rate:format=format_name,duration,bit_rate -of json ""[REDACTED_LOCAL_PATH]\Tony Hidayat\AQ_OpenWorld_Codec_Provenance\42_bh_derivatives\encoded\a6b067ed57e53e073ec55def.m4a""","[REDACTED_LOCAL_PATH]\AppData\Local\CapCut\Apps\7.7.0.3143\ffmpeg.exe -y -hide_banner -i ""[REDACTED_LOCAL_PATH]\Tony Hidayat\AQ_OpenWorld_Codec_Provenance\42_bh_derivatives\encoded\a6b067ed57e53e073ec55def.m4a"" -map_metadata -1 -vn -sn -dn -ac 1 -ar 48000 -sample_fmt s16 ""[REDACTED_LOCAL_PATH]\Tony Hidayat\AQ_OpenWorld_Codec_Provenance\42_bh_derivatives\decoded_raw\a6b067ed57e53e073ec55def.wav"""
7084bb7e883f70af8ea50851,98d0d0e20132d93fa15571ec4d1360df,1320,AAC,aac,FFmpeg-native AAC,128,135.98,e2d519b8d9374100c3479835cfe32832135b09393d241b41bd9534463a55ce3b,0a3ffb7e9356172b54d7a98f298b00f1f716f2636b6a19a5d52c5f98c5d13aac,0,0.9980696048505141,96000,33995,[REDACTED_LOCAL_PATH]\Tony Hidayat\AQ_OpenWorld_Codec_Provenance\42_bh_derivatives\encoded\7084bb7e883f70af8ea50851.m4a,[REDACTED_LOCAL_PATH]\Tony Hidayat\AQ_OpenWorld_Codec_Provenance\42_bh_derivatives\decoded_raw\7084bb7e883f70af8ea50851.wav,[REDACTED_LOCAL_PATH]\Tony Hidayat\AQ_OpenWorld_Codec_Provenance\42_bh_derivatives\aligned_pcm\7084bb7e883f70af8ea50851.wav,AQ2D0BH_DERIV_V1|98d0d0e20132d93fa15571ec4d1360df|AAC|128|FFmpeg-native AAC|57c56e369d5b4873b4d93fc1a1d833cb7cd8bc9325c14b05c34ce60b22842d8a,0,0,0,aac,PASS,"""[REDACTED_LOCAL_PATH]\Tony Hidayat\AQ_OpenWorld_Codec_Provenance\tools\gyan_ffmpeg_9.0_full\bin\ffmpeg.exe"" -y -hide_banner -i ""[REDACTED_LOCAL_PATH]\Tony Hidayat\AQ_OpenWorld_Codec_Provenance\39_bh_speech\canonical_selected\1320-122612-0007.wav"" -map_metadata -1 -vn -sn -dn -c:a aac -b:a 128k ""[REDACTED_LOCAL_PATH]\Tony Hidayat\AQ_OpenWorld_Codec_Provenance\42_bh_derivatives\encoded\7084bb7e883f70af8ea50851.m4a""","""[REDACTED_LOCAL_PATH]\Tony Hidayat\AQ_OpenWorld_Codec_Provenance\tools\gyan_ffmpeg_9.0_full\bin\ffprobe.exe"" -v error -show_entries stream=codec_name,sample_rate,channels,duration,bit_rate:format=format_name,duration,bit_rate -of json ""[REDACTED_LOCAL_PATH]\Tony Hidayat\AQ_OpenWorld_Codec_Provenance\42_bh_derivatives\encoded\7084bb7e883f70af8ea50851.m4a""","[REDACTED_LOCAL_PATH]\AppData\Local\CapCut\Apps\7.7.0.3143\ffmpeg.exe -y -hide_banner -i ""[REDACTED_LOCAL_PATH]\Tony Hidayat\AQ_OpenWorld_Codec_Provenance\42_bh_derivatives\encoded\7084bb7e883f70af8ea50851.m4a"" -map_metadata -1 -vn -sn -dn -ac 1 -ar 48000 -sample_fmt s16 ""[REDACTED_LOCAL_PATH]\Tony Hidayat\AQ_OpenWorld_Codec_Provenance\42_bh_derivatives\decoded_raw\7084bb7e883f70af8ea50851.wav"""
0889a22677831fb0a23e5278,98d0d0e20132d93fa15571ec4d1360df,1320,MP3,libmp3lame,libmp3lame,32,33.584,18db471152faf82732aa4be313abb4eae873c541f31167449f3da50b16d8927a,545a6d6e830a770a84dc79563f9b19bc1c72ca95cc70e3902d7e13c23968c2da,0,0.991185431775867,96000,8396,[REDACTED_LOCAL_PATH]\Tony Hidayat\AQ_OpenWorld_Codec_Provenance\42_bh_derivatives\encoded\0889a22677831fb0a23e5278.mp3,[REDACTED_LOCAL_PATH]\Tony Hidayat\AQ_OpenWorld_Codec_Provenance\42_bh_derivatives\decoded_raw\0889a22677831fb0a23e5278.wav,[REDACTED_LOCAL_PATH]\Tony Hidayat\AQ_OpenWorld_Codec_Provenance\42_bh_derivatives\aligned_pcm\0889a22677831fb0a23e5278.wav,AQ2D0BH_DERIV_V1|98d0d0e20132d93fa15571ec4d1360df|MP3|32|libmp3lame|57c56e369d5b4873b4d93fc1a1d833cb7cd8bc9325c14b05c34ce60b22842d8a,0,0,0,mp3,PASS,"""[REDACTED_LOCAL_PATH]\Tony Hidayat\AQ_OpenWorld_Codec_Provenance\tools\gyan_ffmpeg_9.0_full\bin\ffmpeg.exe"" -y -hide_banner -i ""[REDACTED_LOCAL_PATH]\Tony Hidayat\AQ_OpenWorld_Codec_Provenance\39_bh_speech\canonical_selected\1320-122612-0007.wav"" -map_metadata -1 -vn -sn -dn -c:a libmp3lame -b:a 32k ""[REDACTED_LOCAL_PATH]\Tony Hidayat\AQ_OpenWorld_Codec_Provenance\42_bh_derivatives\encoded\0889a22677831fb0a23e5278.mp3""","""[REDACTED_LOCAL_PATH]\Tony Hidayat\AQ_OpenWorld_Codec_Provenance\tools\gyan_ffmpeg_9.0_full\bin\ffprobe.exe"" -v error -show_entries stream=codec_name,sample_rate,channels,duration,bit_rate:format=format_name,duration,bit_rate -of json ""[REDACTED_LOCAL_PATH]\Tony Hidayat\AQ_OpenWorld_Codec_Provenance\42_bh_derivatives\encoded\0889a22677831fb0a23e5278.mp3""","[REDACTED_LOCAL_PATH]\AppData\Local\CapCut\Apps\7.7.0.3143\ffmpeg.exe -y -hide_banner -i ""[REDACTED_LOCAL_PATH]\Tony Hidayat\AQ_OpenWorld_Codec_Provenance\42_bh_derivatives\encoded\0889a22677831fb0a23e5278.mp3"" -map_metadata -1 -vn -sn -dn -ac 1 -ar 48000 -sample_fmt s16 ""[REDACTED_LOCAL_PATH]\Tony Hidayat\AQ_OpenWorld_Codec_Provenance\42_bh_derivatives\decoded_raw\0889a22677831fb0a23e5278.wav"""
e9cd559209d39893f99e12a1,98d0d0e20132d93fa15571ec4d1360df,1320,MP3,libmp3lame,libmp3lame,80,82.736,f835f66f4dc5821bc84cc6411e0e9fac7c007fee6c3ebb6e6d4e8fbaceedad9e,a84a7a7891c5ab6100ce4310d02d2bca44455021d0c0ccaefa5c1f866d290488,0,0.9998773650415046,96000,20684,[REDACTED_LOCAL_PATH]\Tony Hidayat\AQ_OpenWorld_Codec_Provenance\42_bh_derivatives\encoded\e9cd559209d39893f99e12a1.mp3,[REDACTED_LOCAL_PATH]\Tony Hidayat\AQ_OpenWorld_Codec_Provenance\42_bh_derivatives\decoded_raw\e9cd559209d39893f99e12a1.wav,[REDACTED_LOCAL_PATH]\Tony Hidayat\AQ_OpenWorld_Codec_Provenance\42_bh_derivatives\aligned_pcm\e9cd559209d39893f99e12a1.wav,AQ2D0BH_DERIV_V1|98d0d0e20132d93fa15571ec4d1360df|MP3|80|libmp3lame|57c56e369d5b4873b4d93fc1a1d833cb7cd8bc9325c14b05c34ce60b22842d8a,0,0,0,mp3,PASS,"""[REDACTED_LOCAL_PATH]\Tony Hidayat\AQ_OpenWorld_Codec_Provenance\tools\gyan_ffmpeg_9.0_full\bin\ffmpeg.exe"" -y -hide_banner -i ""[REDACTED_LOCAL_PATH]\Tony Hidayat\AQ_OpenWorld_Codec_Provenance\39_bh_speech\canonical_selected\1320-122612-0007.wav"" -map_metadata -1 -vn -sn -dn -c:a libmp3lame -b:a 80k ""[REDACTED_LOCAL_PATH]\Tony Hidayat\AQ_OpenWorld_Codec_Provenance\42_bh_derivatives\encoded\e9cd559209d39893f99e12a1.mp3""","""[REDACTED_LOCAL_PATH]\Tony Hidayat\AQ_OpenWorld_Codec_Provenance\tools\gyan_ffmpeg_9.0_full\bin\ffprobe.exe"" -v error -show_entries stream=codec_name,sample_rate,channels,duration,bit_rate:format=format_name,duration,bit_rate -of json ""[REDACTED_LOCAL_PATH]\Tony Hidayat\AQ_OpenWorld_Codec_Provenance\42_bh_derivatives\encoded\e9cd559209d39893f99e12a1.mp3""","[REDACTED_LOCAL_PATH]\AppData\Local\CapCut\Apps\7.7.0.3143\ffmpeg.exe -y -hide_banner -i ""[REDACTED_LOCAL_PATH]\Tony Hidayat\AQ_OpenWorld_Codec_Provenance\42_bh_derivatives\encoded\e9cd559209d39893f99e12a1.mp3"" -map_metadata -1 -vn -sn -dn -ac 1 -ar 48000 -sample_fmt s16 ""[REDACTED_LOCAL_PATH]\Tony Hidayat\AQ_OpenWorld_Codec_Provenance\42_bh_derivatives\decoded_raw\e9cd559209d39893f99e12a1.wav"""
2abab26c8241dc7367ea0739,98d0d0e20132d93fa15571ec4d1360df,1320,MP3,libmp3lame,libmp3lame,96,99.248,6dfe3ff97963eee4673fa92f2b2058e7ed7b70dcb70127eb752ef7aebda2bc20,32636cfc531ad67b8a45536c67d6abdc38d86177eb32a0ebd1bf91a9cdbf7e91,0,0.9999683868450222,96000,24812,[REDACTED_LOCAL_PATH]\Tony Hidayat\AQ_OpenWorld_Codec_Provenance\42_bh_derivatives\encoded\2abab26c8241dc7367ea0739.mp3,[REDACTED_LOCAL_PATH]\Tony Hidayat\AQ_OpenWorld_Codec_Provenance\42_bh_derivatives\decoded_raw\2abab26c8241dc7367ea0739.wav,[REDACTED_LOCAL_PATH]\Tony Hidayat\AQ_OpenWorld_Codec_Provenance\42_bh_derivatives\aligned_pcm\2abab26c8241dc7367ea0739.wav,AQ2D0BH_DERIV_V1|98d0d0e20132d93fa15571ec4d1360df|MP3|96|libmp3lame|57c56e369d5b4873b4d93fc1a1d833cb7cd8bc9325c14b05c34ce60b22842d8a,0,0,0,mp3,PASS,"""[REDACTED_LOCAL_PATH]\Tony Hidayat\AQ_OpenWorld_Codec_Provenance\tools\gyan_ffmpeg_9.0_full\bin\ffmpeg.exe"" -y -hide_banner -i ""[REDACTED_LOCAL_PATH]\Tony Hidayat\AQ_OpenWorld_Codec_Provenance\39_bh_speech\canonical_selected\1320-122612-0007.wav"" -map_metadata -1 -vn -sn -dn -c:a libmp3lame -b:a 96k ""[REDACTED_LOCAL_PATH]\Tony Hidayat\AQ_OpenWorld_Codec_Provenance\42_bh_derivatives\encoded\2abab26c8241dc7367ea0739.mp3""","""[REDACTED_LOCAL_PATH]\Tony Hidayat\AQ_OpenWorld_Codec_Provenance\tools\gyan_ffmpeg_9.0_full\bin\ffprobe.exe"" -v error -show_entries stream=codec_name,sample_rate,channels,duration,bit_rate:format=format_name,duration,bit_rate -of json ""[REDACTED_LOCAL_PATH]\Tony Hidayat\AQ_OpenWorld_Codec_Provenance\42_bh_derivatives\encoded\2abab26c8241dc7367ea0739.mp3""","[REDACTED_LOCAL_PATH]\AppData\Local\CapCut\Apps\7.7.0.3143\ffmpeg.exe -y -hide_banner -i ""[REDACTED_LOCAL_PATH]\Tony Hidayat\AQ_OpenWorld_Codec_Provenance\42_bh_derivatives\encoded\2abab26c8241dc7367ea0739.mp3"" -map_metadata -1 -vn -sn -dn -ac 1 -ar 48000 -sample_fmt s16 ""[REDACTED_LOCAL_PATH]\Tony Hidayat\AQ_OpenWorld_Codec_Provenance\42_bh_derivatives\decoded_raw\2abab26c8241dc7367ea0739.wav"""
eb6672caf3688d18165d0d42,98d0d0e20132d93fa15571ec4d1360df,1320,MP3,libmp3lame,libmp3lame,128,132.272,3ece1cb72d2a27d95322764e0b447b73dd26a8c4f278e2c5a8df6e97223304d6,df2be4e5f3a20f3383ff05d2c78ee2d6a86a472da67eae2de7d885b4d215a410,0,0.999996095805171,96000,33068,[REDACTED_LOCAL_PATH]\Tony Hidayat\AQ_OpenWorld_Codec_Provenance\42_bh_derivatives\encoded\eb6672caf3688d18165d0d42.mp3,[REDACTED_LOCAL_PATH]\Tony Hidayat\AQ_OpenWorld_Codec_Provenance\42_bh_derivatives\decoded_raw\eb6672caf3688d18165d0d42.wav,[REDACTED_LOCAL_PATH]\Tony Hidayat\AQ_OpenWorld_Codec_Provenance\42_bh_derivatives\aligned_pcm\eb6672caf3688d18165d0d42.wav,AQ2D0BH_DERIV_V1|98d0d0e20132d93fa15571ec4d1360df|MP3|128|libmp3lame|57c56e369d5b4873b4d93fc1a1d833cb7cd8bc9325c14b05c34ce60b22842d8a,0,0,0,mp3,PASS,"""[REDACTED_LOCAL_PATH]\Tony Hidayat\AQ_OpenWorld_Codec_Provenance\tools\gyan_ffmpeg_9.0_full\bin\ffmpeg.exe"" -y -hide_banner -i ""[REDACTED_LOCAL_PATH]\Tony Hidayat\AQ_OpenWorld_Codec_Provenance\39_bh_speech\canonical_selected\1320-122612-0007.wav"" -map_metadata -1 -vn -sn -dn -c:a libmp3lame -b:a 128k ""[REDACTED_LOCAL_PATH]\Tony Hidayat\AQ_OpenWorld_Codec_Provenance\42_bh_derivatives\encoded\eb6672caf3688d18165d0d42.mp3""","""[REDACTED_LOCAL_PATH]\Tony Hidayat\AQ_OpenWorld_Codec_Provenance\tools\gyan_ffmpeg_9.0_full\bin\ffprobe.exe"" -v error -show_entries stream=codec_name,sample_rate,channels,duration,bit_rate:format=format_name,duration,bit_rate -of json ""[REDACTED_LOCAL_PATH]\Tony Hidayat\AQ_OpenWorld_Codec_Provenance\42_bh_derivatives\encoded\eb6672caf3688d18165d0d42.mp3""","[REDACTED_LOCAL_PATH]\AppData\Local\CapCut\Apps\7.7.0.3143\ffmpeg.exe -y -hide_banner -i ""[REDACTED_LOCAL_PATH]\Tony Hidayat\AQ_OpenWorld_Codec_Provenance\42_bh_derivatives\encoded\eb6672caf3688d18165d0d42.mp3"" -map_metadata -1 -vn -sn -dn -ac 1 -ar 48000 -sample_fmt s16 ""[REDACTED_LOCAL_PATH]\Tony Hidayat\AQ_OpenWorld_Codec_Provenance\42_bh_derivatives\decoded_raw\eb6672caf3688d18165d0d42.wav"""
275a6d28b1a37d4dc0c166d6,98d0d0e20132d93fa15571ec4d1360df,1320,Opus,libopus,libopus,32,33.588,1651915bcad168212565ef90dba06a3f1a5d203fd9ffbced2cc5b941a58e96ef,bb0fad55d3d30e86db12b736b2744233294874d8766d8f403801564beec3f2d9,0,0.9924568952937368,96000,8397,[REDACTED_LOCAL_PATH]\Tony Hidayat\AQ_OpenWorld_Codec_Provenance\42_bh_derivatives\encoded\275a6d28b1a37d4dc0c166d6.opus,[REDACTED_LOCAL_PATH]\Tony Hidayat\AQ_OpenWorld_Codec_Provenance\42_bh_derivatives\decoded_raw\275a6d28b1a37d4dc0c166d6.wav,[REDACTED_LOCAL_PATH]\Tony Hidayat\AQ_OpenWorld_Codec_Provenance\42_bh_derivatives\aligned_pcm\275a6d28b1a37d4dc0c166d6.wav,AQ2D0BH_DERIV_V1|98d0d0e20132d93fa15571ec4d1360df|Opus|32|libopus|57c56e369d5b4873b4d93fc1a1d833cb7cd8bc9325c14b05c34ce60b22842d8a,0,0,0,opus,PASS,"""[REDACTED_LOCAL_PATH]\Tony Hidayat\AQ_OpenWorld_Codec_Provenance\tools\gyan_ffmpeg_9.0_full\bin\ffmpeg.exe"" -y -hide_banner -i ""[REDACTED_LOCAL_PATH]\Tony Hidayat\AQ_OpenWorld_Codec_Provenance\39_bh_speech\canonical_selected\1320-122612-0007.wav"" -map_metadata -1 -vn -sn -dn -c:a libopus -b:a 32k -vbr off ""[REDACTED_LOCAL_PATH]\Tony Hidayat\AQ_OpenWorld_Codec_Provenance\42_bh_derivatives\encoded\275a6d28b1a37d4dc0c166d6.opus""","""[REDACTED_LOCAL_PATH]\Tony Hidayat\AQ_OpenWorld_Codec_Provenance\tools\gyan_ffmpeg_9.0_full\bin\ffprobe.exe"" -v error -show_entries stream=codec_name,sample_rate,channels,duration,bit_rate:format=format_name,duration,bit_rate -of json ""[REDACTED_LOCAL_PATH]\Tony Hidayat\AQ_OpenWorld_Codec_Provenance\42_bh_derivatives\encoded\275a6d28b1a37d4dc0c166d6.opus""","[REDACTED_LOCAL_PATH]\AppData\Local\CapCut\Apps\7.7.0.3143\ffmpeg.exe -y -hide_banner -i ""[REDACTED_LOCAL_PATH]\Tony Hidayat\AQ_OpenWorld_Codec_Provenance\42_bh_derivatives\encoded\275a6d28b1a37d4dc0c166d6.opus"" -map_metadata -1 -vn -sn -dn -ac 1 -ar 48000 -sample_fmt s16 ""[REDACTED_LOCAL_PATH]\Tony Hidayat\AQ_OpenWorld_Codec_Provenance\42_bh_derivatives\decoded_raw\275a6d28b1a37d4dc0c166d6.wav"""
659ba9b5856e13eb330f29e7,98d0d0e20132d93fa15571ec4d1360df,1320,Opus,libopus,libopus,80,82.068,5d92e16bfc7d859d566268e9f7428e1c91e80c3d0f152d8486be61d491209ed5,143ca6be5af623b1e75006c5cfccce00cd419b401fe3b8926761010847ff664b,0,0.9986450750034207,96000,20517,[REDACTED_LOCAL_PATH]\Tony Hidayat\AQ_OpenWorld_Codec_Provenance\42_bh_derivatives\encoded\659ba9b5856e13eb330f29e7.opus,[REDACTED_LOCAL_PATH]\Tony Hidayat\AQ_OpenWorld_Codec_Provenance\42_bh_derivatives\decoded_raw\659ba9b5856e13eb330f29e7.wav,[REDACTED_LOCAL_PATH]\Tony Hidayat\AQ_OpenWorld_Codec_Provenance\42_bh_derivatives\aligned_pcm\659ba9b5856e13eb330f29e7.wav,AQ2D0BH_DERIV_V1|98d0d0e20132d93fa15571ec4d1360df|Opus|80|libopus|57c56e369d5b4873b4d93fc1a1d833cb7cd8bc9325c14b05c34ce60b22842d8a,0,0,0,opus,PASS,"""[REDACTED_LOCAL_PATH]\Tony Hidayat\AQ_OpenWorld_Codec_Provenance\tools\gyan_ffmpeg_9.0_full\bin\ffmpeg.exe"" -y -hide_banner -i ""[REDACTED_LOCAL_PATH]\Tony Hidayat\AQ_OpenWorld_Codec_Provenance\39_bh_speech\canonical_selected\1320-122612-0007.wav"" -map_metadata -1 -vn -sn -dn -c:a libopus -b:a 80k -vbr off ""[REDACTED_LOCAL_PATH]\Tony Hidayat\AQ_OpenWorld_Codec_Provenance\42_bh_derivatives\encoded\659ba9b5856e13eb330f29e7.opus""","""[REDACTED_LOCAL_PATH]\Tony Hidayat\AQ_OpenWorld_Codec_Provenance\tools\gyan_ffmpeg_9.0_full\bin\ffprobe.exe"" -v error -show_entries stream=codec_name,sample_rate,channels,duration,bit_rate:format=format_name,duration,bit_rate -of json ""[REDACTED_LOCAL_PATH]\Tony Hidayat\AQ_OpenWorld_Codec_Provenance\42_bh_derivatives\encoded\659ba9b5856e13eb330f29e7.opus""","[REDACTED_LOCAL_PATH]\AppData\Local\CapCut\Apps\7.7.0.3143\ffmpeg.exe -y -hide_banner -i ""[REDACTED_LOCAL_PATH]\Tony Hidayat\AQ_OpenWorld_Codec_Provenance\42_bh_derivatives\encoded\659ba9b5856e13eb330f29e7.opus"" -map_metadata -1 -vn -sn -dn -ac 1 -ar 48000 -sample_fmt s16 ""[REDACTED_LOCAL_PATH]\Tony Hidayat\AQ_OpenWorld_Codec_Provenance\42_bh_derivatives\decoded_raw\659ba9b5856e13eb330f29e7.wav"""
c7ac9973309c50fdf153ff89,98d0d0e20132d93fa15571ec4d1360df,1320,Opus,libopus,libopus,96,98.228,a86a06888ef027bba3eb0ba6531dd517c8308803e88572c056594f6f84bc6a84,01f5cf23e0c06b196bc4976a27d251e4edbf1e6f1095e2d0787e762c9d27ff15,0,0.9988704895674004,96000,24557,[REDACTED_LOCAL_PATH]\Tony Hidayat\AQ_OpenWorld_Codec_Provenance\42_bh_derivatives\encoded\c7ac9973309c50fdf153ff89.opus,[REDACTED_LOCAL_PATH]\Tony Hidayat\AQ_OpenWorld_Codec_Provenance\42_bh_derivatives\decoded_raw\c7ac9973309c50fdf153ff89.wav,[REDACTED_LOCAL_PATH]\Tony Hidayat\AQ_OpenWorld_Codec_Provenance\42_bh_derivatives\aligned_pcm\c7ac9973309c50fdf153ff89.wav,AQ2D0BH_DERIV_V1|98d0d0e20132d93fa15571ec4d1360df|Opus|96|libopus|57c56e369d5b4873b4d93fc1a1d833cb7cd8bc9325c14b05c34ce60b22842d8a,0,0,0,opus,PASS,"""[REDACTED_LOCAL_PATH]\Tony Hidayat\AQ_OpenWorld_Codec_Provenance\tools\gyan_ffmpeg_9.0_full\bin\ffmpeg.exe"" -y -hide_banner -i ""[REDACTED_LOCAL_PATH]\Tony Hidayat\AQ_OpenWorld_Codec_Provenance\39_bh_speech\canonical_selected\1320-122612-0007.wav"" -map_metadata -1 -vn -sn -dn -c:a libopus -b:a 96k -vbr off ""[REDACTED_LOCAL_PATH]\Tony Hidayat\AQ_OpenWorld_Codec_Provenance\42_bh_derivatives\encoded\c7ac9973309c50fdf153ff89.opus""","""[REDACTED_LOCAL_PATH]\Tony Hidayat\AQ_OpenWorld_Codec_Provenance\tools\gyan_ffmpeg_9.0_full\bin\ffprobe.exe"" -v error -show_entries stream=codec_name,sample_rate,channels,duration,bit_rate:format=format_name,duration,bit_rate -of json ""[REDACTED_LOCAL_PATH]\Tony Hidayat\AQ_OpenWorld_Codec_Provenance\42_bh_derivatives\encoded\c7ac9973309c50fdf153ff89.opus""","[REDACTED_LOCAL_PATH]\AppData\Local\CapCut\Apps\7.7.0.3143\ffmpeg.exe -y -hide_banner -i ""[REDACTED_LOCAL_PATH]\Tony Hidayat\AQ_OpenWorld_Codec_Provenance\42_bh_derivatives\encoded\c7ac9973309c50fdf153ff89.opus"" -map_metadata -1 -vn -sn -dn -ac 1 -ar 48000 -sample_fmt s16 ""[REDACTED_LOCAL_PATH]\Tony Hidayat\AQ_OpenWorld_Codec_Provenance\42_bh_derivatives\decoded_raw\c7ac9973309c50fdf153ff89.wav"""
6186bb18b8535ff1099e04ca,98d0d0e20132d93fa15571ec4d1360df,1320,Opus,libopus,libopus,128,130.952,4d2bb83a25a30e876bec6429b9b6528ce9244f1bd811f7a542935b52d1ed0c8c,e43bc4dfc454fed16afec1348aeb5e700a1ac607038119605b88a5cc382b75a9,0,0.9993836749985098,96000,32738,[REDACTED_LOCAL_PATH]\Tony Hidayat\AQ_OpenWorld_Codec_Provenance\42_bh_derivatives\encoded\6186bb18b8535ff1099e04ca.opus,[REDACTED_LOCAL_PATH]\Tony Hidayat\AQ_OpenWorld_Codec_Provenance\42_bh_derivatives\decoded_raw\6186bb18b8535ff1099e04ca.wav,[REDACTED_LOCAL_PATH]\Tony Hidayat\AQ_OpenWorld_Codec_Provenance\42_bh_derivatives\aligned_pcm\6186bb18b8535ff1099e04ca.wav,AQ2D0BH_DERIV_V1|98d0d0e20132d93fa15571ec4d1360df|Opus|128|libopus|57c56e369d5b4873b4d93fc1a1d833cb7cd8bc9325c14b05c34ce60b22842d8a,0,0,0,opus,PASS,"""[REDACTED_LOCAL_PATH]\Tony Hidayat\AQ_OpenWorld_Codec_Provenance\tools\gyan_ffmpeg_9.0_full\bin\ffmpeg.exe"" -y -hide_banner -i ""[REDACTED_LOCAL_PATH]\Tony Hidayat\AQ_OpenWorld_Codec_Provenance\39_bh_speech\canonical_selected\1320-122612-0007.wav"" -map_metadata -1 -vn -sn -dn -c:a libopus -b:a 128k -vbr off ""[REDACTED_LOCAL_PATH]\Tony Hidayat\AQ_OpenWorld_Codec_Provenance\42_bh_derivatives\encoded\6186bb18b8535ff1099e04ca.opus""","""[REDACTED_LOCAL_PATH]\Tony Hidayat\AQ_OpenWorld_Codec_Provenance\tools\gyan_ffmpeg_9.0_full\bin\ffprobe.exe"" -v error -show_entries stream=codec_name,sample_rate,channels,duration,bit_rate:format=format_name,duration,bit_rate -of json ""[REDACTED_LOCAL_PATH]\Tony Hidayat\AQ_OpenWorld_Codec_Provenance\42_bh_derivatives\encoded\6186bb18b8535ff1099e04ca.opus""","[REDACTED_LOCAL_PATH]\AppData\Local\CapCut\Apps\7.7.0.3143\ffmpeg.exe -y -hide_banner -i ""[REDACTED_LOCAL_PATH]\Tony Hidayat\AQ_OpenWorld_Codec_Provenance\42_bh_derivatives\encoded\6186bb18b8535ff1099e04ca.opus"" -map_metadata -1 -vn -sn -dn -ac 1 -ar 48000 -sample_fmt s16 ""[REDACTED_LOCAL_PATH]\Tony Hidayat\AQ_OpenWorld_Codec_Provenance\42_bh_derivatives\decoded_raw\6186bb18b8535ff1099e04ca.wav"""
e408dc0f54acd9e43cf2c4cf,a01cfd6c5ad8529afc4dfb1f45d1c98d,7176,AAC,aac,FFmpeg-native AAC,32,38.16,19b50d6d84e320846f5b76d4b3fd7fc851a949f7cf455f7592204106836aecfb,0fe409b36920d5ad9da6904f3718c6ac2c0fa78b4a1b49b2fec98adce73c41c7,0,0.9622860566915239,96000,9540,[REDACTED_LOCAL_PATH]\Tony Hidayat\AQ_OpenWorld_Codec_Provenance\42_bh_derivatives\encoded\e408dc0f54acd9e43cf2c4cf.m4a,[REDACTED_LOCAL_PATH]\Tony Hidayat\AQ_OpenWorld_Codec_Provenance\42_bh_derivatives\decoded_raw\e408dc0f54acd9e43cf2c4cf.wav,[REDACTED_LOCAL_PATH]\Tony Hidayat\AQ_OpenWorld_Codec_Provenance\42_bh_derivatives\aligned_pcm\e408dc0f54acd9e43cf2c4cf.wav,AQ2D0BH_DERIV_V1|a01cfd6c5ad8529afc4dfb1f45d1c98d|AAC|32|FFmpeg-native AAC|57c56e369d5b4873b4d93fc1a1d833cb7cd8bc9325c14b05c34ce60b22842d8a,0,0,0,aac,PASS,"""[REDACTED_LOCAL_PATH]\Tony Hidayat\AQ_OpenWorld_Codec_Provenance\tools\gyan_ffmpeg_9.0_full\bin\ffmpeg.exe"" -y -hide_banner -i ""[REDACTED_LOCAL_PATH]\Tony Hidayat\AQ_OpenWorld_Codec_Provenance\39_bh_speech\canonical_selected\7176-92135-0035.wav"" -map_metadata -1 -vn -sn -dn -c:a aac -b:a 32k ""[REDACTED_LOCAL_PATH]\Tony Hidayat\AQ_OpenWorld_Codec_Provenance\42_bh_derivatives\encoded\e408dc0f54acd9e43cf2c4cf.m4a""","""[REDACTED_LOCAL_PATH]\Tony Hidayat\AQ_OpenWorld_Codec_Provenance\tools\gyan_ffmpeg_9.0_full\bin\ffprobe.exe"" -v error -show_entries stream=codec_name,sample_rate,channels,duration,bit_rate:format=format_name,duration,bit_rate -of json ""[REDACTED_LOCAL_PATH]\Tony Hidayat\AQ_OpenWorld_Codec_Provenance\42_bh_derivatives\encoded\e408dc0f54acd9e43cf2c4cf.m4a""","[REDACTED_LOCAL_PATH]\AppData\Local\CapCut\Apps\7.7.0.3143\ffmpeg.exe -y -hide_banner -i ""[REDACTED_LOCAL_PATH]\Tony Hidayat\AQ_OpenWorld_Codec_Provenance\42_bh_derivatives\encoded\e408dc0f54acd9e43cf2c4cf.m4a"" -map_metadata -1 -vn -sn -dn -ac 1 -ar 48000 -sample_fmt s16 ""[REDACTED_LOCAL_PATH]\Tony Hidayat\AQ_OpenWorld_Codec_Provenance\42_bh_derivatives\decoded_raw\e408dc0f54acd9e43cf2c4cf.wav"""
ec6428ea2addcbb1cf1eb3f0,a01cfd6c5ad8529afc4dfb1f45d1c98d,7176,AAC,aac,FFmpeg-native AAC,80,87.908,d9c0aaa60b960ebbb1d7d648d21277dac64920702d5567dfa98ac2f19ce2e944,12488cabd1da7b1f094b0cee03c428bf17fd6463cd51c4510940b0ce349d299a,0,0.9925336102262373,96000,21977,[REDACTED_LOCAL_PATH]\Tony Hidayat\AQ_OpenWorld_Codec_Provenance\42_bh_derivatives\encoded\ec6428ea2addcbb1cf1eb3f0.m4a,[REDACTED_LOCAL_PATH]\Tony Hidayat\AQ_OpenWorld_Codec_Provenance\42_bh_derivatives\decoded_raw\ec6428ea2addcbb1cf1eb3f0.wav,[REDACTED_LOCAL_PATH]\Tony Hidayat\AQ_OpenWorld_Codec_Provenance\42_bh_derivatives\aligned_pcm\ec6428ea2addcbb1cf1eb3f0.wav,AQ2D0BH_DERIV_V1|a01cfd6c5ad8529afc4dfb1f45d1c98d|AAC|80|FFmpeg-native AAC|57c56e369d5b4873b4d93fc1a1d833cb7cd8bc9325c14b05c34ce60b22842d8a,0,0,0,aac,PASS,"""[REDACTED_LOCAL_PATH]\Tony Hidayat\AQ_OpenWorld_Codec_Provenance\tools\gyan_ffmpeg_9.0_full\bin\ffmpeg.exe"" -y -hide_banner -i ""[REDACTED_LOCAL_PATH]\Tony Hidayat\AQ_OpenWorld_Codec_Provenance\39_bh_speech\canonical_selected\7176-92135-0035.wav"" -map_metadata -1 -vn -sn -dn -c:a aac -b:a 80k ""[REDACTED_LOCAL_PATH]\Tony Hidayat\AQ_OpenWorld_Codec_Provenance\42_bh_derivatives\encoded\ec6428ea2addcbb1cf1eb3f0.m4a""","""[REDACTED_LOCAL_PATH]\Tony Hidayat\AQ_OpenWorld_Codec_Provenance\tools\gyan_ffmpeg_9.0_full\bin\ffprobe.exe"" -v error -show_entries stream=codec_name,sample_rate,channels,duration,bit_rate:format=format_name,duration,bit_rate -of json ""[REDACTED_LOCAL_PATH]\Tony Hidayat\AQ_OpenWorld_Codec_Provenance\42_bh_derivatives\encoded\ec6428ea2addcbb1cf1eb3f0.m4a""","[REDACTED_LOCAL_PATH]\AppData\Local\CapCut\Apps\7.7.0.3143\ffmpeg.exe -y -hide_banner -i ""[REDACTED_LOCAL_PATH]\Tony Hidayat\AQ_OpenWorld_Codec_Provenance\42_bh_derivatives\encoded\ec6428ea2addcbb1cf1eb3f0.m4a"" -map_metadata -1 -vn -sn -dn -ac 1 -ar 48000 -sample_fmt s16 ""[REDACTED_LOCAL_PATH]\Tony Hidayat\AQ_OpenWorld_Codec_Provenance\42_bh_derivatives\decoded_raw\ec6428ea2addcbb1cf1eb3f0.wav"""
7be4fe8bbadffccb45386a6c,a01cfd6c5ad8529afc4dfb1f45d1c98d,7176,AAC,aac,FFmpeg-native AAC,96,104.94,969db865815f316cac3924eaa13f89dcd74acb04688467ce50937812252ec278,d0f69b51e95fe014a8ce73e1cd5fcdeb0a6dfe8937fe5025fb00c86606bbd499,0,0.9977844457639469,96000,26235,[REDACTED_LOCAL_PATH]\Tony Hidayat\AQ_OpenWorld_Codec_Provenance\42_bh_derivatives\encoded\7be4fe8bbadffccb45386a6c.m4a,[REDACTED_LOCAL_PATH]\Tony Hidayat\AQ_OpenWorld_Codec_Provenance\42_bh_derivatives\decoded_raw\7be4fe8bbadffccb45386a6c.wav,[REDACTED_LOCAL_PATH]\Tony Hidayat\AQ_OpenWorld_Codec_Provenance\42_bh_derivatives\aligned_pcm\7be4fe8bbadffccb45386a6c.wav,AQ2D0BH_DERIV_V1|a01cfd6c5ad8529afc4dfb1f45d1c98d|AAC|96|FFmpeg-native AAC|57c56e369d5b4873b4d93fc1a1d833cb7cd8bc9325c14b05c34ce60b22842d8a,0,0,0,aac,PASS,"""[REDACTED_LOCAL_PATH]\Tony Hidayat\AQ_OpenWorld_Codec_Provenance\tools\gyan_ffmpeg_9.0_full\bin\ffmpeg.exe"" -y -hide_banner -i ""[REDACTED_LOCAL_PATH]\Tony Hidayat\AQ_OpenWorld_Codec_Provenance\39_bh_speech\canonical_selected\7176-92135-0035.wav"" -map_metadata -1 -vn -sn -dn -c:a aac -b:a 96k ""[REDACTED_LOCAL_PATH]\Tony Hidayat\AQ_OpenWorld_Codec_Provenance\42_bh_derivatives\encoded\7be4fe8bbadffccb45386a6c.m4a""","""[REDACTED_LOCAL_PATH]\Tony Hidayat\AQ_OpenWorld_Codec_Provenance\tools\gyan_ffmpeg_9.0_full\bin\ffprobe.exe"" -v error -show_entries stream=codec_name,sample_rate,channels,duration,bit_rate:format=format_name,duration,bit_rate -of json ""[REDACTED_LOCAL_PATH]\Tony Hidayat\AQ_OpenWorld_Codec_Provenance\42_bh_derivatives\encoded\7be4fe8bbadffccb45386a6c.m4a""","[REDACTED_LOCAL_PATH]\AppData\Local\CapCut\Apps\7.7.0.3143\ffmpeg.exe -y -hide_banner -i ""[REDACTED_LOCAL_PATH]\Tony Hidayat\AQ_OpenWorld_Codec_Provenance\42_bh_derivatives\encoded\7be4fe8bbadffccb45386a6c.m4a"" -map_metadata -1 -vn -sn -dn -ac 1 -ar 48000 -sample_fmt s16 ""[REDACTED_LOCAL_PATH]\Tony Hidayat\AQ_OpenWorld_Codec_Provenance\42_bh_derivatives\decoded_raw\7be4fe8bbadffccb45386a6c.wav"""
df2217a534f75f5f08ceb203,a01cfd6c5ad8529afc4dfb1f45d1c98d,7176,AAC,aac,FFmpeg-native AAC,128,134.76,975977ae236fdf51a89142b76ad64791c302d550a3b57ba514dfed90db4eada2,7a36b8c5f29573d32252662d1f973596c3ee1773c2e128c6453c0635050fa9ab,0,0.9934364950781892,96000,33690,[REDACTED_LOCAL_PATH]\Tony Hidayat\AQ_OpenWorld_Codec_Provenance\42_bh_derivatives\encoded\df2217a534f75f5f08ceb203.m4a,[REDACTED_LOCAL_PATH]\Tony Hidayat\AQ_OpenWorld_Codec_Provenance\42_bh_derivatives\decoded_raw\df2217a534f75f5f08ceb203.wav,[REDACTED_LOCAL_PATH]\Tony Hidayat\AQ_OpenWorld_Codec_Provenance\42_bh_derivatives\aligned_pcm\df2217a534f75f5f08ceb203.wav,AQ2D0BH_DERIV_V1|a01cfd6c5ad8529afc4dfb1f45d1c98d|AAC|128|FFmpeg-native AAC|57c56e369d5b4873b4d93fc1a1d833cb7cd8bc9325c14b05c34ce60b22842d8a,0,0,0,aac,PASS,"""[REDACTED_LOCAL_PATH]\Tony Hidayat\AQ_OpenWorld_Codec_Provenance\tools\gyan_ffmpeg_9.0_full\bin\ffmpeg.exe"" -y -hide_banner -i ""[REDACTED_LOCAL_PATH]\Tony Hidayat\AQ_OpenWorld_Codec_Provenance\39_bh_speech\canonical_selected\7176-92135-0035.wav"" -map_metadata -1 -vn -sn -dn -c:a aac -b:a 128k ""[REDACTED_LOCAL_PATH]\Tony Hidayat\AQ_OpenWorld_Codec_Provenance\42_bh_derivatives\encoded\df2217a534f75f5f08ceb203.m4a""","""[REDACTED_LOCAL_PATH]\Tony Hidayat\AQ_OpenWorld_Codec_Provenance\tools\gyan_ffmpeg_9.0_full\bin\ffprobe.exe"" -v error -show_entries stream=codec_name,sample_rate,channels,duration,bit_rate:format=format_name,duration,bit_rate -of json ""[REDACTED_LOCAL_PATH]\Tony Hidayat\AQ_OpenWorld_Codec_Provenance\42_bh_derivatives\encoded\df2217a534f75f5f08ceb203.m4a""","[REDACTED_LOCAL_PATH]\AppData\Local\CapCut\Apps\7.7.0.3143\ffmpeg.exe -y -hide_banner -i ""[REDACTED_LOCAL_PATH]\Tony Hidayat\AQ_OpenWorld_Codec_Provenance\42_bh_derivatives\encoded\df2217a534f75f5f08ceb203.m4a"" -map_metadata -1 -vn -sn -dn -ac 1 -ar 48000 -sample_fmt s16 ""[REDACTED_LOCAL_PATH]\Tony Hidayat\AQ_OpenWorld_Codec_Provenance\42_bh_derivatives\decoded_raw\df2217a534f75f5f08ceb203.wav"""
e28293457694e7ed610099b8,a01cfd6c5ad8529afc4dfb1f45d1c98d,7176,MP3,libmp3lame,libmp3lame,32,33.584,c95782b8b3634a92a57ac5f1e33a9bbd29d81cb2009d35885140715bfd91cddf,a95b39b6863fd2522212ef684241be6018c74b90bd85f3269484f2f5954704f3,0,0.9969660784733679,96000,8396,[REDACTED_LOCAL_PATH]\Tony Hidayat\AQ_OpenWorld_Codec_Provenance\42_bh_derivatives\encoded\e28293457694e7ed610099b8.mp3,[REDACTED_LOCAL_PATH]\Tony Hidayat\AQ_OpenWorld_Codec_Provenance\42_bh_derivatives\decoded_raw\e28293457694e7ed610099b8.wav,[REDACTED_LOCAL_PATH]\Tony Hidayat\AQ_OpenWorld_Codec_Provenance\42_bh_derivatives\aligned_pcm\e28293457694e7ed610099b8.wav,AQ2D0BH_DERIV_V1|a01cfd6c5ad8529afc4dfb1f45d1c98d|MP3|32|libmp3lame|57c56e369d5b4873b4d93fc1a1d833cb7cd8bc9325c14b05c34ce60b22842d8a,0,0,0,mp3,PASS,"""[REDACTED_LOCAL_PATH]\Tony Hidayat\AQ_OpenWorld_Codec_Provenance\tools\gyan_ffmpeg_9.0_full\bin\ffmpeg.exe"" -y -hide_banner -i ""[REDACTED_LOCAL_PATH]\Tony Hidayat\AQ_OpenWorld_Codec_Provenance\39_bh_speech\canonical_selected\7176-92135-0035.wav"" -map_metadata -1 -vn -sn -dn -c:a libmp3lame -b:a 32k ""[REDACTED_LOCAL_PATH]\Tony Hidayat\AQ_OpenWorld_Codec_Provenance\42_bh_derivatives\encoded\e28293457694e7ed610099b8.mp3""","""[REDACTED_LOCAL_PATH]\Tony Hidayat\AQ_OpenWorld_Codec_Provenance\tools\gyan_ffmpeg_9.0_full\bin\ffprobe.exe"" -v error -show_entries stream=codec_name,sample_rate,channels,duration,bit_rate:format=format_name,duration,bit_rate -of json ""[REDACTED_LOCAL_PATH]\Tony Hidayat\AQ_OpenWorld_Codec_Provenance\42_bh_derivatives\encoded\e28293457694e7ed610099b8.mp3""","[REDACTED_LOCAL_PATH]\AppData\Local\CapCut\Apps\7.7.0.3143\ffmpeg.exe -y -hide_banner -i ""[REDACTED_LOCAL_PATH]\Tony Hidayat\AQ_OpenWorld_Codec_Provenance\42_bh_derivatives\encoded\e28293457694e7ed610099b8.mp3"" -map_metadata -1 -vn -sn -dn -ac 1 -ar 48000 -sample_fmt s16 ""[REDACTED_LOCAL_PATH]\Tony Hidayat\AQ_OpenWorld_Codec_Provenance\42_bh_derivatives\decoded_raw\e28293457694e7ed610099b8.wav"""
87ec31c990fdffad006bb664,a01cfd6c5ad8529afc4dfb1f45d1c98d,7176,MP3,libmp3lame,libmp3lame,80,82.736,46ea86622e8265231b0d007a57ef7c96c791cbdf9cc8964c737f75e03551cd50,07d33412c235978e0066421138715d80b3d45f298934e2e6a024b3cb30a3b717,0,0.9998555440607355,96000,20684,[REDACTED_LOCAL_PATH]\Tony Hidayat\AQ_OpenWorld_Codec_Provenance\42_bh_derivatives\encoded\87ec31c990fdffad006bb664.mp3,[REDACTED_LOCAL_PATH]\Tony Hidayat\AQ_OpenWorld_Codec_Provenance\42_bh_derivatives\decoded_raw\87ec31c990fdffad006bb664.wav,[REDACTED_LOCAL_PATH]\Tony Hidayat\AQ_OpenWorld_Codec_Provenance\42_bh_derivatives\aligned_pcm\87ec31c990fdffad006bb664.wav,AQ2D0BH_DERIV_V1|a01cfd6c5ad8529afc4dfb1f45d1c98d|MP3|80|libmp3lame|57c56e369d5b4873b4d93fc1a1d833cb7cd8bc9325c14b05c34ce60b22842d8a,0,0,0,mp3,PASS,"""[REDACTED_LOCAL_PATH]\Tony Hidayat\AQ_OpenWorld_Codec_Provenance\tools\gyan_ffmpeg_9.0_full\bin\ffmpeg.exe"" -y -hide_banner -i ""[REDACTED_LOCAL_PATH]\Tony Hidayat\AQ_OpenWorld_Codec_Provenance\39_bh_speech\canonical_selected\7176-92135-0035.wav"" -map_metadata -1 -vn -sn -dn -c:a libmp3lame -b:a 80k ""[REDACTED_LOCAL_PATH]\Tony Hidayat\AQ_OpenWorld_Codec_Provenance\42_bh_derivatives\encoded\87ec31c990fdffad006bb664.mp3""","""[REDACTED_LOCAL_PATH]\Tony Hidayat\AQ_OpenWorld_Codec_Provenance\tools\gyan_ffmpeg_9.0_full\bin\ffprobe.exe"" -v error -show_entries stream=codec_name,sample_rate,channels,duration,bit_rate:format=format_name,duration,bit_rate -of json ""[REDACTED_LOCAL_PATH]\Tony Hidayat\AQ_OpenWorld_Codec_Provenance\42_bh_derivatives\encoded\87ec31c990fdffad006bb664.mp3""","[REDACTED_LOCAL_PATH]\AppData\Local\CapCut\Apps\7.7.0.3143\ffmpeg.exe -y -hide_banner -i ""[REDACTED_LOCAL_PATH]\Tony Hidayat\AQ_OpenWorld_Codec_Provenance\42_bh_derivatives\encoded\87ec31c990fdffad006bb664.mp3"" -map_metadata -1 -vn -sn -dn -ac 1 -ar 48000 -sample_fmt s16 ""[REDACTED_LOCAL_PATH]\Tony Hidayat\AQ_OpenWorld_Codec_Provenance\42_bh_derivatives\decoded_raw\87ec31c990fdffad006bb664.wav"""
1f33a5fcd9369014683b1ae4,a01cfd6c5ad8529afc4dfb1f45d1c98d,7176,MP3,libmp3lame,libmp3lame,96,99.248,c90aa4711e844a980e05848b19a6ce83f3ba871f66285e94eb3ac1e84c55e149,4f379514efb6442441e81b523b18604b314027c399b15189060534c49f59b35a,0,0.9999604901040069,96000,24812,[REDACTED_LOCAL_PATH]\Tony Hidayat\AQ_OpenWorld_Codec_Provenance\42_bh_derivatives\encoded\1f33a5fcd9369014683b1ae4.mp3,[REDACTED_LOCAL_PATH]\Tony Hidayat\AQ_OpenWorld_Codec_Provenance\42_bh_derivatives\decoded_raw\1f33a5fcd9369014683b1ae4.wav,[REDACTED_LOCAL_PATH]\Tony Hidayat\AQ_OpenWorld_Codec_Provenance\42_bh_derivatives\aligned_pcm\1f33a5fcd9369014683b1ae4.wav,AQ2D0BH_DERIV_V1|a01cfd6c5ad8529afc4dfb1f45d1c98d|MP3|96|libmp3lame|57c56e369d5b4873b4d93fc1a1d833cb7cd8bc9325c14b05c34ce60b22842d8a,0,0,0,mp3,PASS,"""[REDACTED_LOCAL_PATH]\Tony Hidayat\AQ_OpenWorld_Codec_Provenance\tools\gyan_ffmpeg_9.0_full\bin\ffmpeg.exe"" -y -hide_banner -i ""[REDACTED_LOCAL_PATH]\Tony Hidayat\AQ_OpenWorld_Codec_Provenance\39_bh_speech\canonical_selected\7176-92135-0035.wav"" -map_metadata -1 -vn -sn -dn -c:a libmp3lame -b:a 96k ""[REDACTED_LOCAL_PATH]\Tony Hidayat\AQ_OpenWorld_Codec_Provenance\42_bh_derivatives\encoded\1f33a5fcd9369014683b1ae4.mp3""","""[REDACTED_LOCAL_PATH]\Tony Hidayat\AQ_OpenWorld_Codec_Provenance\tools\gyan_ffmpeg_9.0_full\bin\ffprobe.exe"" -v error -show_entries stream=codec_name,sample_rate,channels,duration,bit_rate:format=format_name,duration,bit_rate -of json ""[REDACTED_LOCAL_PATH]\Tony Hidayat\AQ_OpenWorld_Codec_Provenance\42_bh_derivatives\encoded\1f33a5fcd9369014683b1ae4.mp3""","[REDACTED_LOCAL_PATH]\AppData\Local\CapCut\Apps\7.7.0.3143\ffmpeg.exe -y -hide_banner -i ""[REDACTED_LOCAL_PATH]\Tony Hidayat\AQ_OpenWorld_Codec_Provenance\42_bh_derivatives\encoded\1f33a5fcd9369014683b1ae4.mp3"" -map_metadata -1 -vn -sn -dn -ac 1 -ar 48000 -sample_fmt s16 ""[REDACTED_LOCAL_PATH]\Tony Hidayat\AQ_OpenWorld_Codec_Provenance\42_bh_derivatives\decoded_raw\1f33a5fcd9369014683b1ae4.wav"""
43b97f8c9397a8dcc34fa3cd,a01cfd6c5ad8529afc4dfb1f45d1c98d,7176,MP3,libmp3lame,libmp3lame,128,132.272,9713c1764033c09ae9401e541d3726c9aa75e35b842924987205829089d18039,edfbba9a825e06f4aced7e61c506f473c5b61ee0a2ce7a8f98798ddf1552700c,0,0.9999975908452247,96000,33068,[REDACTED_LOCAL_PATH]\Tony Hidayat\AQ_OpenWorld_Codec_Provenance\42_bh_derivatives\encoded\43b97f8c9397a8dcc34fa3cd.mp3,[REDACTED_LOCAL_PATH]\Tony Hidayat\AQ_OpenWorld_Codec_Provenance\42_bh_derivatives\decoded_raw\43b97f8c9397a8dcc34fa3cd.wav,[REDACTED_LOCAL_PATH]\Tony Hidayat\AQ_OpenWorld_Codec_Provenance\42_bh_derivatives\aligned_pcm\43b97f8c9397a8dcc34fa3cd.wav,AQ2D0BH_DERIV_V1|a01cfd6c5ad8529afc4dfb1f45d1c98d|MP3|128|libmp3lame|57c56e369d5b4873b4d93fc1a1d833cb7cd8bc9325c14b05c34ce60b22842d8a,0,0,0,mp3,PASS,"""[REDACTED_LOCAL_PATH]\Tony Hidayat\AQ_OpenWorld_Codec_Provenance\tools\gyan_ffmpeg_9.0_full\bin\ffmpeg.exe"" -y -hide_banner -i ""[REDACTED_LOCAL_PATH]\Tony Hidayat\AQ_OpenWorld_Codec_Provenance\39_bh_speech\canonical_selected\7176-92135-0035.wav"" -map_metadata -1 -vn -sn -dn -c:a libmp3lame -b:a 128k ""[REDACTED_LOCAL_PATH]\Tony Hidayat\AQ_OpenWorld_Codec_Provenance\42_bh_derivatives\encoded\43b97f8c9397a8dcc34fa3cd.mp3""","""[REDACTED_LOCAL_PATH]\Tony Hidayat\AQ_OpenWorld_Codec_Provenance\tools\gyan_ffmpeg_9.0_full\bin\ffprobe.exe"" -v error -show_entries stream=codec_name,sample_rate,channels,duration,bit_rate:format=format_name,duration,bit_rate -of json ""[REDACTED_LOCAL_PATH]\Tony Hidayat\AQ_OpenWorld_Codec_Provenance\42_bh_derivatives\encoded\43b97f8c9397a8dcc34fa3cd.mp3""","[REDACTED_LOCAL_PATH]\AppData\Local\CapCut\Apps\7.7.0.3143\ffmpeg.exe -y -hide_banner -i ""[REDACTED_LOCAL_PATH]\Tony Hidayat\AQ_OpenWorld_Codec_Provenance\42_bh_derivatives\encoded\43b97f8c9397a8dcc34fa3cd.mp3"" -map_metadata -1 -vn -sn -dn -ac 1 -ar 48000 -sample_fmt s16 ""[REDACTED_LOCAL_PATH]\Tony Hidayat\AQ_OpenWorld_Codec_Provenance\42_bh_derivatives\decoded_raw\43b97f8c9397a8dcc34fa3cd.wav"""
6baac344456b4b75bdb4343b,a01cfd6c5ad8529afc4dfb1f45d1c98d,7176,Opus,libopus,libopus,32,33.588,d049f6bfd69f1f026659ba855f054c3cfbf0f894889be8712956d3eae71a6cc1,f88a3843c0a60e6a7707d8ba937b5fc8a6cf206ea832f41c8bd954057cc88ec0,0,0.9973545403854238,96000,8397,[REDACTED_LOCAL_PATH]\Tony Hidayat\AQ_OpenWorld_Codec_Provenance\42_bh_derivatives\encoded\6baac344456b4b75bdb4343b.opus,[REDACTED_LOCAL_PATH]\Tony Hidayat\AQ_OpenWorld_Codec_Provenance\42_bh_derivatives\decoded_raw\6baac344456b4b75bdb4343b.wav,[REDACTED_LOCAL_PATH]\Tony Hidayat\AQ_OpenWorld_Codec_Provenance\42_bh_derivatives\aligned_pcm\6baac344456b4b75bdb4343b.wav,AQ2D0BH_DERIV_V1|a01cfd6c5ad8529afc4dfb1f45d1c98d|Opus|32|libopus|57c56e369d5b4873b4d93fc1a1d833cb7cd8bc9325c14b05c34ce60b22842d8a,0,0,0,opus,PASS,"""[REDACTED_LOCAL_PATH]\Tony Hidayat\AQ_OpenWorld_Codec_Provenance\tools\gyan_ffmpeg_9.0_full\bin\ffmpeg.exe"" -y -hide_banner -i ""[REDACTED_LOCAL_PATH]\Tony Hidayat\AQ_OpenWorld_Codec_Provenance\39_bh_speech\canonical_selected\7176-92135-0035.wav"" -map_metadata -1 -vn -sn -dn -c:a libopus -b:a 32k -vbr off ""[REDACTED_LOCAL_PATH]\Tony Hidayat\AQ_OpenWorld_Codec_Provenance\42_bh_derivatives\encoded\6baac344456b4b75bdb4343b.opus""","""[REDACTED_LOCAL_PATH]\Tony Hidayat\AQ_OpenWorld_Codec_Provenance\tools\gyan_ffmpeg_9.0_full\bin\ffprobe.exe"" -v error -show_entries stream=codec_name,sample_rate,channels,duration,bit_rate:format=format_name,duration,bit_rate -of json ""[REDACTED_LOCAL_PATH]\Tony Hidayat\AQ_OpenWorld_Codec_Provenance\42_bh_derivatives\encoded\6baac344456b4b75bdb4343b.opus""","[REDACTED_LOCAL_PATH]\AppData\Local\CapCut\Apps\7.7.0.3143\ffmpeg.exe -y -hide_banner -i ""[REDACTED_LOCAL_PATH]\Tony Hidayat\AQ_OpenWorld_Codec_Provenance\42_bh_derivatives\encoded\6baac344456b4b75bdb4343b.opus"" -map_metadata -1 -vn -sn -dn -ac 1 -ar 48000 -sample_fmt s16 ""[REDACTED_LOCAL_PATH]\Tony Hidayat\AQ_OpenWorld_Codec_Provenance\42_bh_derivatives\decoded_raw\6baac344456b4b75bdb4343b.wav"""
fcfa9d36722ff1b22da83980,a01cfd6c5ad8529afc4dfb1f45d1c98d,7176,Opus,libopus,libopus,80,82.068,46396abf0a91678d8fd21259c585876a935b49b017bdb6390a66faafbfa5dd09,c329b4200faa1b0cc04213106e5b37c0409fcb06aa0a061e2034acdb42b76c5b,0,0.9989268259444991,96000,20517,[REDACTED_LOCAL_PATH]\Tony Hidayat\AQ_OpenWorld_Codec_Provenance\42_bh_derivatives\encoded\fcfa9d36722ff1b22da83980.opus,[REDACTED_LOCAL_PATH]\Tony Hidayat\AQ_OpenWorld_Codec_Provenance\42_bh_derivatives\decoded_raw\fcfa9d36722ff1b22da83980.wav,[REDACTED_LOCAL_PATH]\Tony Hidayat\AQ_OpenWorld_Codec_Provenance\42_bh_derivatives\aligned_pcm\fcfa9d36722ff1b22da83980.wav,AQ2D0BH_DERIV_V1|a01cfd6c5ad8529afc4dfb1f45d1c98d|Opus|80|libopus|57c56e369d5b4873b4d93fc1a1d833cb7cd8bc9325c14b05c34ce60b22842d8a,0,0,0,opus,PASS,"""[REDACTED_LOCAL_PATH]\Tony Hidayat\AQ_OpenWorld_Codec_Provenance\tools\gyan_ffmpeg_9.0_full\bin\ffmpeg.exe"" -y -hide_banner -i ""[REDACTED_LOCAL_PATH]\Tony Hidayat\AQ_OpenWorld_Codec_Provenance\39_bh_speech\canonical_selected\7176-92135-0035.wav"" -map_metadata -1 -vn -sn -dn -c:a libopus -b:a 80k -vbr off ""[REDACTED_LOCAL_PATH]\Tony Hidayat\AQ_OpenWorld_Codec_Provenance\42_bh_derivatives\encoded\fcfa9d36722ff1b22da83980.opus""","""[REDACTED_LOCAL_PATH]\Tony Hidayat\AQ_OpenWorld_Codec_Provenance\tools\gyan_ffmpeg_9.0_full\bin\ffprobe.exe"" -v error -show_entries stream=codec_name,sample_rate,channels,duration,bit_rate:format=format_name,duration,bit_rate -of json ""[REDACTED_LOCAL_PATH]\Tony Hidayat\AQ_OpenWorld_Codec_Provenance\42_bh_derivatives\encoded\fcfa9d36722ff1b22da83980.opus""","[REDACTED_LOCAL_PATH]\AppData\Local\CapCut\Apps\7.7.0.3143\ffmpeg.exe -y -hide_banner -i ""[REDACTED_LOCAL_PATH]\Tony Hidayat\AQ_OpenWorld_Codec_Provenance\42_bh_derivatives\encoded\fcfa9d36722ff1b22da83980.opus"" -map_metadata -1 -vn -sn -dn -ac 1 -ar 48000 -sample_fmt s16 ""[REDACTED_LOCAL_PATH]\Tony Hidayat\AQ_OpenWorld_Codec_Provenance\42_bh_derivatives\decoded_raw\fcfa9d36722ff1b22da83980.wav"""
ca0b41d1b3ac632b6c327d65,a01cfd6c5ad8529afc4dfb1f45d1c98d,7176,Opus,libopus,libopus,96,98.228,34031fd2458c67e6f8d2eef6feb9457f0dc1fdfeb40dd0ed18957f48197efd2c,5a8450265671415805f46d26d840b42fe39354b8cff576bd7323f1a2289516ba,0,0.9991776701306965,96000,24557,[REDACTED_LOCAL_PATH]\Tony Hidayat\AQ_OpenWorld_Codec_Provenance\42_bh_derivatives\encoded\ca0b41d1b3ac632b6c327d65.opus,[REDACTED_LOCAL_PATH]\Tony Hidayat\AQ_OpenWorld_Codec_Provenance\42_bh_derivatives\decoded_raw\ca0b41d1b3ac632b6c327d65.wav,[REDACTED_LOCAL_PATH]\Tony Hidayat\AQ_OpenWorld_Codec_Provenance\42_bh_derivatives\aligned_pcm\ca0b41d1b3ac632b6c327d65.wav,AQ2D0BH_DERIV_V1|a01cfd6c5ad8529afc4dfb1f45d1c98d|Opus|96|libopus|57c56e369d5b4873b4d93fc1a1d833cb7cd8bc9325c14b05c34ce60b22842d8a,0,0,0,opus,PASS,"""[REDACTED_LOCAL_PATH]\Tony Hidayat\AQ_OpenWorld_Codec_Provenance\tools\gyan_ffmpeg_9.0_full\bin\ffmpeg.exe"" -y -hide_banner -i ""[REDACTED_LOCAL_PATH]\Tony Hidayat\AQ_OpenWorld_Codec_Provenance\39_bh_speech\canonical_selected\7176-92135-0035.wav"" -map_metadata -1 -vn -sn -dn -c:a libopus -b:a 96k -vbr off ""[REDACTED_LOCAL_PATH]\Tony Hidayat\AQ_OpenWorld_Codec_Provenance\42_bh_derivatives\encoded\ca0b41d1b3ac632b6c327d65.opus""","""[REDACTED_LOCAL_PATH]\Tony Hidayat\AQ_OpenWorld_Codec_Provenance\tools\gyan_ffmpeg_9.0_full\bin\ffprobe.exe"" -v error -show_entries stream=codec_name,sample_rate,channels,duration,bit_rate:format=format_name,duration,bit_rate -of json ""[REDACTED_LOCAL_PATH]\Tony Hidayat\AQ_OpenWorld_Codec_Provenance\42_bh_derivatives\encoded\ca0b41d1b3ac632b6c327d65.opus""","[REDACTED_LOCAL_PATH]\AppData\Local\CapCut\Apps\7.7.0.3143\ffmpeg.exe -y -hide_banner -i ""[REDACTED_LOCAL_PATH]\Tony Hidayat\AQ_OpenWorld_Codec_Provenance\42_bh_derivatives\encoded\ca0b41d1b3ac632b6c327d65.opus"" -map_metadata -1 -vn -sn -dn -ac 1 -ar 48000 -sample_fmt s16 ""[REDACTED_LOCAL_PATH]\Tony Hidayat\AQ_OpenWorld_Codec_Provenance\42_bh_derivatives\decoded_raw\ca0b41d1b3ac632b6c327d65.wav"""
428d495a73f9b9d5bf16bbea,a01cfd6c5ad8529afc4dfb1f45d1c98d,7176,Opus,libopus,libopus,128,130.952,8b5689ce7e0f2f48bb53e21b7923a702ce0a26ad6de0fd47931b96f2263074e3,c9134e0c1a08176f01cab2d7db09887a19e9de56ec1bf1c5ebe6a498c69a6e33,0,0.999469599787512,96000,32738,[REDACTED_LOCAL_PATH]\Tony Hidayat\AQ_OpenWorld_Codec_Provenance\42_bh_derivatives\encoded\428d495a73f9b9d5bf16bbea.opus,[REDACTED_LOCAL_PATH]\Tony Hidayat\AQ_OpenWorld_Codec_Provenance\42_bh_derivatives\decoded_raw\428d495a73f9b9d5bf16bbea.wav,[REDACTED_LOCAL_PATH]\Tony Hidayat\AQ_OpenWorld_Codec_Provenance\42_bh_derivatives\aligned_pcm\428d495a73f9b9d5bf16bbea.wav,AQ2D0BH_DERIV_V1|a01cfd6c5ad8529afc4dfb1f45d1c98d|Opus|128|libopus|57c56e369d5b4873b4d93fc1a1d833cb7cd8bc9325c14b05c34ce60b22842d8a,0,0,0,opus,PASS,"""[REDACTED_LOCAL_PATH]\Tony Hidayat\AQ_OpenWorld_Codec_Provenance\tools\gyan_ffmpeg_9.0_full\bin\ffmpeg.exe"" -y -hide_banner -i ""[REDACTED_LOCAL_PATH]\Tony Hidayat\AQ_OpenWorld_Codec_Provenance\39_bh_speech\canonical_selected\7176-92135-0035.wav"" -map_metadata -1 -vn -sn -dn -c:a libopus -b:a 128k -vbr off ""[REDACTED_LOCAL_PATH]\Tony Hidayat\AQ_OpenWorld_Codec_Provenance\42_bh_derivatives\encoded\428d495a73f9b9d5bf16bbea.opus""","""[REDACTED_LOCAL_PATH]\Tony Hidayat\AQ_OpenWorld_Codec_Provenance\tools\gyan_ffmpeg_9.0_full\bin\ffprobe.exe"" -v error -show_entries stream=codec_name,sample_rate,channels,duration,bit_rate:format=format_name,duration,bit_rate -of json ""[REDACTED_LOCAL_PATH]\Tony Hidayat\AQ_OpenWorld_Codec_Provenance\42_bh_derivatives\encoded\428d495a73f9b9d5bf16bbea.opus""","[REDACTED_LOCAL_PATH]\AppData\Local\CapCut\Apps\7.7.0.3143\ffmpeg.exe -y -hide_banner -i ""[REDACTED_LOCAL_PATH]\Tony Hidayat\AQ_OpenWorld_Codec_Provenance\42_bh_derivatives\encoded\428d495a73f9b9d5bf16bbea.opus"" -map_metadata -1 -vn -sn -dn -ac 1 -ar 48000 -sample_fmt s16 ""[REDACTED_LOCAL_PATH]\Tony Hidayat\AQ_OpenWorld_Codec_Provenance\42_bh_derivatives\decoded_raw\428d495a73f9b9d5bf16bbea.wav"""
a7d5e8116f5e2b0f23c1776d,a26515569ea474ccea600494cc5baed8,260,AAC,aac,FFmpeg-native AAC,32,37.476,cec96a020e78380bc9256ffb4f34cfc2a001a2774954dcb11df5e6be2c1e268b,b070ae6afc5ee3887f52463f5fd748c1894365b585b70dd0c6ccdc8d5a4fbc0b,0,0.9578129982373157,96000,9369,[REDACTED_LOCAL_PATH]\Tony Hidayat\AQ_OpenWorld_Codec_Provenance\42_bh_derivatives\encoded\a7d5e8116f5e2b0f23c1776d.m4a,[REDACTED_LOCAL_PATH]\Tony Hidayat\AQ_OpenWorld_Codec_Provenance\42_bh_derivatives\decoded_raw\a7d5e8116f5e2b0f23c1776d.wav,[REDACTED_LOCAL_PATH]\Tony Hidayat\AQ_OpenWorld_Codec_Provenance\42_bh_derivatives\aligned_pcm\a7d5e8116f5e2b0f23c1776d.wav,AQ2D0BH_DERIV_V1|a26515569ea474ccea600494cc5baed8|AAC|32|FFmpeg-native AAC|57c56e369d5b4873b4d93fc1a1d833cb7cd8bc9325c14b05c34ce60b22842d8a,0,0,0,aac,PASS,"""[REDACTED_LOCAL_PATH]\Tony Hidayat\AQ_OpenWorld_Codec_Provenance\tools\gyan_ffmpeg_9.0_full\bin\ffmpeg.exe"" -y -hide_banner -i ""[REDACTED_LOCAL_PATH]\Tony Hidayat\AQ_OpenWorld_Codec_Provenance\39_bh_speech\canonical_selected\260-123286-0025.wav"" -map_metadata -1 -vn -sn -dn -c:a aac -b:a 32k ""[REDACTED_LOCAL_PATH]\Tony Hidayat\AQ_OpenWorld_Codec_Provenance\42_bh_derivatives\encoded\a7d5e8116f5e2b0f23c1776d.m4a""","""[REDACTED_LOCAL_PATH]\Tony Hidayat\AQ_OpenWorld_Codec_Provenance\tools\gyan_ffmpeg_9.0_full\bin\ffprobe.exe"" -v error -show_entries stream=codec_name,sample_rate,channels,duration,bit_rate:format=format_name,duration,bit_rate -of json ""[REDACTED_LOCAL_PATH]\Tony Hidayat\AQ_OpenWorld_Codec_Provenance\42_bh_derivatives\encoded\a7d5e8116f5e2b0f23c1776d.m4a""","[REDACTED_LOCAL_PATH]\AppData\Local\CapCut\Apps\7.7.0.3143\ffmpeg.exe -y -hide_banner -i ""[REDACTED_LOCAL_PATH]\Tony Hidayat\AQ_OpenWorld_Codec_Provenance\42_bh_derivatives\encoded\a7d5e8116f5e2b0f23c1776d.m4a"" -map_metadata -1 -vn -sn -dn -ac 1 -ar 48000 -sample_fmt s16 ""[REDACTED_LOCAL_PATH]\Tony Hidayat\AQ_OpenWorld_Codec_Provenance\42_bh_derivatives\decoded_raw\a7d5e8116f5e2b0f23c1776d.wav"""
e9b112c6df8a82a163fe1f05,a26515569ea474ccea600494cc5baed8,260,AAC,aac,FFmpeg-native AAC,80,86.688,1bfa828a0f777a34fa107520ebd3fe9adc1469aeba68818b610154196f72bfb4,4671b8ffe313270196e82bfe1dd2ee2d673b8a51507a811aafb20b10ca495c74,0,0.9934514510116033,96000,21672,[REDACTED_LOCAL_PATH]\Tony Hidayat\AQ_OpenWorld_Codec_Provenance\42_bh_derivatives\encoded\e9b112c6df8a82a163fe1f05.m4a,[REDACTED_LOCAL_PATH]\Tony Hidayat\AQ_OpenWorld_Codec_Provenance\42_bh_derivatives\decoded_raw\e9b112c6df8a82a163fe1f05.wav,[REDACTED_LOCAL_PATH]\Tony Hidayat\AQ_OpenWorld_Codec_Provenance\42_bh_derivatives\aligned_pcm\e9b112c6df8a82a163fe1f05.wav,AQ2D0BH_DERIV_V1|a26515569ea474ccea600494cc5baed8|AAC|80|FFmpeg-native AAC|57c56e369d5b4873b4d93fc1a1d833cb7cd8bc9325c14b05c34ce60b22842d8a,0,0,0,aac,PASS,"""[REDACTED_LOCAL_PATH]\Tony Hidayat\AQ_OpenWorld_Codec_Provenance\tools\gyan_ffmpeg_9.0_full\bin\ffmpeg.exe"" -y -hide_banner -i ""[REDACTED_LOCAL_PATH]\Tony Hidayat\AQ_OpenWorld_Codec_Provenance\39_bh_speech\canonical_selected\260-123286-0025.wav"" -map_metadata -1 -vn -sn -dn -c:a aac -b:a 80k ""[REDACTED_LOCAL_PATH]\Tony Hidayat\AQ_OpenWorld_Codec_Provenance\42_bh_derivatives\encoded\e9b112c6df8a82a163fe1f05.m4a""","""[REDACTED_LOCAL_PATH]\Tony Hidayat\AQ_OpenWorld_Codec_Provenance\tools\gyan_ffmpeg_9.0_full\bin\ffprobe.exe"" -v error -show_entries stream=codec_name,sample_rate,channels,duration,bit_rate:format=format_name,duration,bit_rate -of json ""[REDACTED_LOCAL_PATH]\Tony Hidayat\AQ_OpenWorld_Codec_Provenance\42_bh_derivatives\encoded\e9b112c6df8a82a163fe1f05.m4a""","[REDACTED_LOCAL_PATH]\AppData\Local\CapCut\Apps\7.7.0.3143\ffmpeg.exe -y -hide_banner -i ""[REDACTED_LOCAL_PATH]\Tony Hidayat\AQ_OpenWorld_Codec_Provenance\42_bh_derivatives\encoded\e9b112c6df8a82a163fe1f05.m4a"" -map_metadata -1 -vn -sn -dn -ac 1 -ar 48000 -sample_fmt s16 ""[REDACTED_LOCAL_PATH]\Tony Hidayat\AQ_OpenWorld_Codec_Provenance\42_bh_derivatives\decoded_raw\e9b112c6df8a82a163fe1f05.wav"""
a2a7d33d4848b0883103aa85,a26515569ea474ccea600494cc5baed8,260,AAC,aac,FFmpeg-native AAC,96,103.228,d3247d613017f7b3d19e5321c149ca8a248e86f998647f0dcb5dce0849252062,975072369d800cb178e8b0933e9687590b1aa65a4f97778055036d1cc7edf9f9,0,0.9994815236017744,96000,25807,[REDACTED_LOCAL_PATH]\Tony Hidayat\AQ_OpenWorld_Codec_Provenance\42_bh_derivatives\encoded\a2a7d33d4848b0883103aa85.m4a,[REDACTED_LOCAL_PATH]\Tony Hidayat\AQ_OpenWorld_Codec_Provenance\42_bh_derivatives\decoded_raw\a2a7d33d4848b0883103aa85.wav,[REDACTED_LOCAL_PATH]\Tony Hidayat\AQ_OpenWorld_Codec_Provenance\42_bh_derivatives\aligned_pcm\a2a7d33d4848b0883103aa85.wav,AQ2D0BH_DERIV_V1|a26515569ea474ccea600494cc5baed8|AAC|96|FFmpeg-native AAC|57c56e369d5b4873b4d93fc1a1d833cb7cd8bc9325c14b05c34ce60b22842d8a,0,0,0,aac,PASS,"""[REDACTED_LOCAL_PATH]\Tony Hidayat\AQ_OpenWorld_Codec_Provenance\tools\gyan_ffmpeg_9.0_full\bin\ffmpeg.exe"" -y -hide_banner -i ""[REDACTED_LOCAL_PATH]\Tony Hidayat\AQ_OpenWorld_Codec_Provenance\39_bh_speech\canonical_selected\260-123286-0025.wav"" -map_metadata -1 -vn -sn -dn -c:a aac -b:a 96k ""[REDACTED_LOCAL_PATH]\Tony Hidayat\AQ_OpenWorld_Codec_Provenance\42_bh_derivatives\encoded\a2a7d33d4848b0883103aa85.m4a""","""[REDACTED_LOCAL_PATH]\Tony Hidayat\AQ_OpenWorld_Codec_Provenance\tools\gyan_ffmpeg_9.0_full\bin\ffprobe.exe"" -v error -show_entries stream=codec_name,sample_rate,channels,duration,bit_rate:format=format_name,duration,bit_rate -of json ""[REDACTED_LOCAL_PATH]\Tony Hidayat\AQ_OpenWorld_Codec_Provenance\42_bh_derivatives\encoded\a2a7d33d4848b0883103aa85.m4a""","[REDACTED_LOCAL_PATH]\AppData\Local\CapCut\Apps\7.7.0.3143\ffmpeg.exe -y -hide_banner -i ""[REDACTED_LOCAL_PATH]\Tony Hidayat\AQ_OpenWorld_Codec_Provenance\42_bh_derivatives\encoded\a2a7d33d4848b0883103aa85.m4a"" -map_metadata -1 -vn -sn -dn -ac 1 -ar 48000 -sample_fmt s16 ""[REDACTED_LOCAL_PATH]\Tony Hidayat\AQ_OpenWorld_Codec_Provenance\42_bh_derivatives\decoded_raw\a2a7d33d4848b0883103aa85.wav"""
e4f4e1a46d90c251bbbf5c99,a26515569ea474ccea600494cc5baed8,260,AAC,aac,FFmpeg-native AAC,128,136.004,e7b53ebfbdc1dea0b5e5137147eb614574c781aebaeb3d57059e78e00b9b597c,0f6ea19a7ef87f0f953d80dffb6c1326da2055cb99509b4298aec1969dfb5625,0,0.9991467619407155,96000,34001,[REDACTED_LOCAL_PATH]\Tony Hidayat\AQ_OpenWorld_Codec_Provenance\42_bh_derivatives\encoded\e4f4e1a46d90c251bbbf5c99.m4a,[REDACTED_LOCAL_PATH]\Tony Hidayat\AQ_OpenWorld_Codec_Provenance\42_bh_derivatives\decoded_raw\e4f4e1a46d90c251bbbf5c99.wav,[REDACTED_LOCAL_PATH]\Tony Hidayat\AQ_OpenWorld_Codec_Provenance\42_bh_derivatives\aligned_pcm\e4f4e1a46d90c251bbbf5c99.wav,AQ2D0BH_DERIV_V1|a26515569ea474ccea600494cc5baed8|AAC|128|FFmpeg-native AAC|57c56e369d5b4873b4d93fc1a1d833cb7cd8bc9325c14b05c34ce60b22842d8a,0,0,0,aac,PASS,"""[REDACTED_LOCAL_PATH]\Tony Hidayat\AQ_OpenWorld_Codec_Provenance\tools\gyan_ffmpeg_9.0_full\bin\ffmpeg.exe"" -y -hide_banner -i ""[REDACTED_LOCAL_PATH]\Tony Hidayat\AQ_OpenWorld_Codec_Provenance\39_bh_speech\canonical_selected\260-123286-0025.wav"" -map_metadata -1 -vn -sn -dn -c:a aac -b:a 128k ""[REDACTED_LOCAL_PATH]\Tony Hidayat\AQ_OpenWorld_Codec_Provenance\42_bh_derivatives\encoded\e4f4e1a46d90c251bbbf5c99.m4a""","""[REDACTED_LOCAL_PATH]\Tony Hidayat\AQ_OpenWorld_Codec_Provenance\tools\gyan_ffmpeg_9.0_full\bin\ffprobe.exe"" -v error -show_entries stream=codec_name,sample_rate,channels,duration,bit_rate:format=format_name,duration,bit_rate -of json ""[REDACTED_LOCAL_PATH]\Tony Hidayat\AQ_OpenWorld_Codec_Provenance\42_bh_derivatives\encoded\e4f4e1a46d90c251bbbf5c99.m4a""","[REDACTED_LOCAL_PATH]\AppData\Local\CapCut\Apps\7.7.0.3143\ffmpeg.exe -y -hide_banner -i ""[REDACTED_LOCAL_PATH]\Tony Hidayat\AQ_OpenWorld_Codec_Provenance\42_bh_derivatives\encoded\e4f4e1a46d90c251bbbf5c99.m4a"" -map_metadata -1 -vn -sn -dn -ac 1 -ar 48000 -sample_fmt s16 ""[REDACTED_LOCAL_PATH]\Tony Hidayat\AQ_OpenWorld_Codec_Provenance\42_bh_derivatives\decoded_raw\e4f4e1a46d90c251bbbf5c99.wav"""
08d4f05d770bb84316910694,a26515569ea474ccea600494cc5baed8,260,MP3,libmp3lame,libmp3lame,32,33.584,5858f1e83d7c2f453f96633f5b7d96929b552d33cc3bb1cc47df7c979be14bdc,3c8c01d0c3f8ec22a50e2d54541090de79565e4562784afca46590979d886d4b,0,0.996749293377474,96000,8396,[REDACTED_LOCAL_PATH]\Tony Hidayat\AQ_OpenWorld_Codec_Provenance\42_bh_derivatives\encoded\08d4f05d770bb84316910694.mp3,[REDACTED_LOCAL_PATH]\Tony Hidayat\AQ_OpenWorld_Codec_Provenance\42_bh_derivatives\decoded_raw\08d4f05d770bb84316910694.wav,[REDACTED_LOCAL_PATH]\Tony Hidayat\AQ_OpenWorld_Codec_Provenance\42_bh_derivatives\aligned_pcm\08d4f05d770bb84316910694.wav,AQ2D0BH_DERIV_V1|a26515569ea474ccea600494cc5baed8|MP3|32|libmp3lame|57c56e369d5b4873b4d93fc1a1d833cb7cd8bc9325c14b05c34ce60b22842d8a,0,0,0,mp3,PASS,"""[REDACTED_LOCAL_PATH]\Tony Hidayat\AQ_OpenWorld_Codec_Provenance\tools\gyan_ffmpeg_9.0_full\bin\ffmpeg.exe"" -y -hide_banner -i ""[REDACTED_LOCAL_PATH]\Tony Hidayat\AQ_OpenWorld_Codec_Provenance\39_bh_speech\canonical_selected\260-123286-0025.wav"" -map_metadata -1 -vn -sn -dn -c:a libmp3lame -b:a 32k ""[REDACTED_LOCAL_PATH]\Tony Hidayat\AQ_OpenWorld_Codec_Provenance\42_bh_derivatives\encoded\08d4f05d770bb84316910694.mp3""","""[REDACTED_LOCAL_PATH]\Tony Hidayat\AQ_OpenWorld_Codec_Provenance\tools\gyan_ffmpeg_9.0_full\bin\ffprobe.exe"" -v error -show_entries stream=codec_name,sample_rate,channels,duration,bit_rate:format=format_name,duration,bit_rate -of json ""[REDACTED_LOCAL_PATH]\Tony Hidayat\AQ_OpenWorld_Codec_Provenance\42_bh_derivatives\encoded\08d4f05d770bb84316910694.mp3""","[REDACTED_LOCAL_PATH]\AppData\Local\CapCut\Apps\7.7.0.3143\ffmpeg.exe -y -hide_banner -i ""[REDACTED_LOCAL_PATH]\Tony Hidayat\AQ_OpenWorld_Codec_Provenance\42_bh_derivatives\encoded\08d4f05d770bb84316910694.mp3"" -map_metadata -1 -vn -sn -dn -ac 1 -ar 48000 -sample_fmt s16 ""[REDACTED_LOCAL_PATH]\Tony Hidayat\AQ_OpenWorld_Codec_Provenance\42_bh_derivatives\decoded_raw\08d4f05d770bb84316910694.wav"""
a3f5e465c1008a03e736ec4b,a26515569ea474ccea600494cc5baed8,260,MP3,libmp3lame,libmp3lame,80,82.736,42552e72f406f507cdc9ab321a0db617a81afa850447069e186e340f91af4c94,fb644530ce3b47157697c82b00170284eef1b71b029d5875520c15a5f9eaf369,0,0.9999304984300457,96000,20684,[REDACTED_LOCAL_PATH]\Tony Hidayat\AQ_OpenWorld_Codec_Provenance\42_bh_derivatives\encoded\a3f5e465c1008a03e736ec4b.mp3,[REDACTED_LOCAL_PATH]\Tony Hidayat\AQ_OpenWorld_Codec_Provenance\42_bh_derivatives\decoded_raw\a3f5e465c1008a03e736ec4b.wav,[REDACTED_LOCAL_PATH]\Tony Hidayat\AQ_OpenWorld_Codec_Provenance\42_bh_derivatives\aligned_pcm\a3f5e465c1008a03e736ec4b.wav,AQ2D0BH_DERIV_V1|a26515569ea474ccea600494cc5baed8|MP3|80|libmp3lame|57c56e369d5b4873b4d93fc1a1d833cb7cd8bc9325c14b05c34ce60b22842d8a,0,0,0,mp3,PASS,"""[REDACTED_LOCAL_PATH]\Tony Hidayat\AQ_OpenWorld_Codec_Provenance\tools\gyan_ffmpeg_9.0_full\bin\ffmpeg.exe"" -y -hide_banner -i ""[REDACTED_LOCAL_PATH]\Tony Hidayat\AQ_OpenWorld_Codec_Provenance\39_bh_speech\canonical_selected\260-123286-0025.wav"" -map_metadata -1 -vn -sn -dn -c:a libmp3lame -b:a 80k ""[REDACTED_LOCAL_PATH]\Tony Hidayat\AQ_OpenWorld_Codec_Provenance\42_bh_derivatives\encoded\a3f5e465c1008a03e736ec4b.mp3""","""[REDACTED_LOCAL_PATH]\Tony Hidayat\AQ_OpenWorld_Codec_Provenance\tools\gyan_ffmpeg_9.0_full\bin\ffprobe.exe"" -v error -show_entries stream=codec_name,sample_rate,channels,duration,bit_rate:format=format_name,duration,bit_rate -of json ""[REDACTED_LOCAL_PATH]\Tony Hidayat\AQ_OpenWorld_Codec_Provenance\42_bh_derivatives\encoded\a3f5e465c1008a03e736ec4b.mp3""","[REDACTED_LOCAL_PATH]\AppData\Local\CapCut\Apps\7.7.0.3143\ffmpeg.exe -y -hide_banner -i ""[REDACTED_LOCAL_PATH]\Tony Hidayat\AQ_OpenWorld_Codec_Provenance\42_bh_derivatives\encoded\a3f5e465c1008a03e736ec4b.mp3"" -map_metadata -1 -vn -sn -dn -ac 1 -ar 48000 -sample_fmt s16 ""[REDACTED_LOCAL_PATH]\Tony Hidayat\AQ_OpenWorld_Codec_Provenance\42_bh_derivatives\decoded_raw\a3f5e465c1008a03e736ec4b.wav"""
1ac39867f772b1fafddf8156,a26515569ea474ccea600494cc5baed8,260,MP3,libmp3lame,libmp3lame,96,99.248,0c71e2a641bc54221d0b0fa6d419e27e5fd7698c2cceaca43d038d06865f46db,34f7a5d25245f8e1e1be0c9acb9f733e14d5e50b1fce923a5571feeb960c18e2,0,0.9999827310202029,96000,24812,[REDACTED_LOCAL_PATH]\Tony Hidayat\AQ_OpenWorld_Codec_Provenance\42_bh_derivatives\encoded\1ac39867f772b1fafddf8156.mp3,[REDACTED_LOCAL_PATH]\Tony Hidayat\AQ_OpenWorld_Codec_Provenance\42_bh_derivatives\decoded_raw\1ac39867f772b1fafddf8156.wav,[REDACTED_LOCAL_PATH]\Tony Hidayat\AQ_OpenWorld_Codec_Provenance\42_bh_derivatives\aligned_pcm\1ac39867f772b1fafddf8156.wav,AQ2D0BH_DERIV_V1|a26515569ea474ccea600494cc5baed8|MP3|96|libmp3lame|57c56e369d5b4873b4d93fc1a1d833cb7cd8bc9325c14b05c34ce60b22842d8a,0,0,0,mp3,PASS,"""[REDACTED_LOCAL_PATH]\Tony Hidayat\AQ_OpenWorld_Codec_Provenance\tools\gyan_ffmpeg_9.0_full\bin\ffmpeg.exe"" -y -hide_banner -i ""[REDACTED_LOCAL_PATH]\Tony Hidayat\AQ_OpenWorld_Codec_Provenance\39_bh_speech\canonical_selected\260-123286-0025.wav"" -map_metadata -1 -vn -sn -dn -c:a libmp3lame -b:a 96k ""[REDACTED_LOCAL_PATH]\Tony Hidayat\AQ_OpenWorld_Codec_Provenance\42_bh_derivatives\encoded\1ac39867f772b1fafddf8156.mp3""","""[REDACTED_LOCAL_PATH]\Tony Hidayat\AQ_OpenWorld_Codec_Provenance\tools\gyan_ffmpeg_9.0_full\bin\ffprobe.exe"" -v error -show_entries stream=codec_name,sample_rate,channels,duration,bit_rate:format=format_name,duration,bit_rate -of json ""[REDACTED_LOCAL_PATH]\Tony Hidayat\AQ_OpenWorld_Codec_Provenance\42_bh_derivatives\encoded\1ac39867f772b1fafddf8156.mp3""","[REDACTED_LOCAL_PATH]\AppData\Local\CapCut\Apps\7.7.0.3143\ffmpeg.exe -y -hide_banner -i ""[REDACTED_LOCAL_PATH]\Tony Hidayat\AQ_OpenWorld_Codec_Provenance\42_bh_derivatives\encoded\1ac39867f772b1fafddf8156.mp3"" -map_metadata -1 -vn -sn -dn -ac 1 -ar 48000 -sample_fmt s16 ""[REDACTED_LOCAL_PATH]\Tony Hidayat\AQ_OpenWorld_Codec_Provenance\42_bh_derivatives\decoded_raw\1ac39867f772b1fafddf8156.wav"""
1f5f0f85c1861344bf8cc271,a26515569ea474ccea600494cc5baed8,260,MP3,libmp3lame,libmp3lame,128,132.272,8b7d3a9ae581aceb5c31ce9f4f7a867d0d86bd8393293af0bc5b968c738402a6,42097dfaae66aab1a6fd72d2bbb7655dcfbd274f5f76fd5449822a7d47b972e1,0,0.9999966828034819,96000,33068,[REDACTED_LOCAL_PATH]\Tony Hidayat\AQ_OpenWorld_Codec_Provenance\42_bh_derivatives\encoded\1f5f0f85c1861344bf8cc271.mp3,[REDACTED_LOCAL_PATH]\Tony Hidayat\AQ_OpenWorld_Codec_Provenance\42_bh_derivatives\decoded_raw\1f5f0f85c1861344bf8cc271.wav,[REDACTED_LOCAL_PATH]\Tony Hidayat\AQ_OpenWorld_Codec_Provenance\42_bh_derivatives\aligned_pcm\1f5f0f85c1861344bf8cc271.wav,AQ2D0BH_DERIV_V1|a26515569ea474ccea600494cc5baed8|MP3|128|libmp3lame|57c56e369d5b4873b4d93fc1a1d833cb7cd8bc9325c14b05c34ce60b22842d8a,0,0,0,mp3,PASS,"""[REDACTED_LOCAL_PATH]\Tony Hidayat\AQ_OpenWorld_Codec_Provenance\tools\gyan_ffmpeg_9.0_full\bin\ffmpeg.exe"" -y -hide_banner -i ""[REDACTED_LOCAL_PATH]\Tony Hidayat\AQ_OpenWorld_Codec_Provenance\39_bh_speech\canonical_selected\260-123286-0025.wav"" -map_metadata -1 -vn -sn -dn -c:a libmp3lame -b:a 128k ""[REDACTED_LOCAL_PATH]\Tony Hidayat\AQ_OpenWorld_Codec_Provenance\42_bh_derivatives\encoded\1f5f0f85c1861344bf8cc271.mp3""","""[REDACTED_LOCAL_PATH]\Tony Hidayat\AQ_OpenWorld_Codec_Provenance\tools\gyan_ffmpeg_9.0_full\bin\ffprobe.exe"" -v error -show_entries stream=codec_name,sample_rate,channels,duration,bit_rate:format=format_name,duration,bit_rate -of json ""[REDACTED_LOCAL_PATH]\Tony Hidayat\AQ_OpenWorld_Codec_Provenance\42_bh_derivatives\encoded\1f5f0f85c1861344bf8cc271.mp3""","[REDACTED_LOCAL_PATH]\AppData\Local\CapCut\Apps\7.7.0.3143\ffmpeg.exe -y -hide_banner -i ""[REDACTED_LOCAL_PATH]\Tony Hidayat\AQ_OpenWorld_Codec_Provenance\42_bh_derivatives\encoded\1f5f0f85c1861344bf8cc271.mp3"" -map_metadata -1 -vn -sn -dn -ac 1 -ar 48000 -sample_fmt s16 ""[REDACTED_LOCAL_PATH]\Tony Hidayat\AQ_OpenWorld_Codec_Provenance\42_bh_derivatives\decoded_raw\1f5f0f85c1861344bf8cc271.wav"""
53d325bbaf4860dbea0628d6,a26515569ea474ccea600494cc5baed8,260,Opus,libopus,libopus,32,33.588,5bffcda3a6bf6b2ff60c0d86fedc46f9faa955682241c59501c0e25f543537d9,1e855ad3ce34ff4b9e1e8839f280cd5e040453e55b9f42f7f6dfc9fe24363eb7,0,0.9963347058344755,96000,8397,[REDACTED_LOCAL_PATH]\Tony Hidayat\AQ_OpenWorld_Codec_Provenance\42_bh_derivatives\encoded\53d325bbaf4860dbea0628d6.opus,[REDACTED_LOCAL_PATH]\Tony Hidayat\AQ_OpenWorld_Codec_Provenance\42_bh_derivatives\decoded_raw\53d325bbaf4860dbea0628d6.wav,[REDACTED_LOCAL_PATH]\Tony Hidayat\AQ_OpenWorld_Codec_Provenance\42_bh_derivatives\aligned_pcm\53d325bbaf4860dbea0628d6.wav,AQ2D0BH_DERIV_V1|a26515569ea474ccea600494cc5baed8|Opus|32|libopus|57c56e369d5b4873b4d93fc1a1d833cb7cd8bc9325c14b05c34ce60b22842d8a,0,0,0,opus,PASS,"""[REDACTED_LOCAL_PATH]\Tony Hidayat\AQ_OpenWorld_Codec_Provenance\tools\gyan_ffmpeg_9.0_full\bin\ffmpeg.exe"" -y -hide_banner -i ""[REDACTED_LOCAL_PATH]\Tony Hidayat\AQ_OpenWorld_Codec_Provenance\39_bh_speech\canonical_selected\260-123286-0025.wav"" -map_metadata -1 -vn -sn -dn -c:a libopus -b:a 32k -vbr off ""[REDACTED_LOCAL_PATH]\Tony Hidayat\AQ_OpenWorld_Codec_Provenance\42_bh_derivatives\encoded\53d325bbaf4860dbea0628d6.opus""","""[REDACTED_LOCAL_PATH]\Tony Hidayat\AQ_OpenWorld_Codec_Provenance\tools\gyan_ffmpeg_9.0_full\bin\ffprobe.exe"" -v error -show_entries stream=codec_name,sample_rate,channels,duration,bit_rate:format=format_name,duration,bit_rate -of json ""[REDACTED_LOCAL_PATH]\Tony Hidayat\AQ_OpenWorld_Codec_Provenance\42_bh_derivatives\encoded\53d325bbaf4860dbea0628d6.opus""","[REDACTED_LOCAL_PATH]\AppData\Local\CapCut\Apps\7.7.0.3143\ffmpeg.exe -y -hide_banner -i ""[REDACTED_LOCAL_PATH]\Tony Hidayat\AQ_OpenWorld_Codec_Provenance\42_bh_derivatives\encoded\53d325bbaf4860dbea0628d6.opus"" -map_metadata -1 -vn -sn -dn -ac 1 -ar 48000 -sample_fmt s16 ""[REDACTED_LOCAL_PATH]\Tony Hidayat\AQ_OpenWorld_Codec_Provenance\42_bh_derivatives\decoded_raw\53d325bbaf4860dbea0628d6.wav"""
565d683f5cb832932f5de700,a26515569ea474ccea600494cc5baed8,260,Opus,libopus,libopus,80,82.068,adb97a55ced82b933f091b85b2e9149e4e8b4740a7e052bb3747d51cedb877cb,04f3482d0a407bc508cedfbe172262f6d70b1131207d137405973f8278526a80,0,0.9991700225008869,96000,20517,[REDACTED_LOCAL_PATH]\Tony Hidayat\AQ_OpenWorld_Codec_Provenance\42_bh_derivatives\encoded\565d683f5cb832932f5de700.opus,[REDACTED_LOCAL_PATH]\Tony Hidayat\AQ_OpenWorld_Codec_Provenance\42_bh_derivatives\decoded_raw\565d683f5cb832932f5de700.wav,[REDACTED_LOCAL_PATH]\Tony Hidayat\AQ_OpenWorld_Codec_Provenance\42_bh_derivatives\aligned_pcm\565d683f5cb832932f5de700.wav,AQ2D0BH_DERIV_V1|a26515569ea474ccea600494cc5baed8|Opus|80|libopus|57c56e369d5b4873b4d93fc1a1d833cb7cd8bc9325c14b05c34ce60b22842d8a,0,0,0,opus,PASS,"""[REDACTED_LOCAL_PATH]\Tony Hidayat\AQ_OpenWorld_Codec_Provenance\tools\gyan_ffmpeg_9.0_full\bin\ffmpeg.exe"" -y -hide_banner -i ""[REDACTED_LOCAL_PATH]\Tony Hidayat\AQ_OpenWorld_Codec_Provenance\39_bh_speech\canonical_selected\260-123286-0025.wav"" -map_metadata -1 -vn -sn -dn -c:a libopus -b:a 80k -vbr off ""[REDACTED_LOCAL_PATH]\Tony Hidayat\AQ_OpenWorld_Codec_Provenance\42_bh_derivatives\encoded\565d683f5cb832932f5de700.opus""","""[REDACTED_LOCAL_PATH]\Tony Hidayat\AQ_OpenWorld_Codec_Provenance\tools\gyan_ffmpeg_9.0_full\bin\ffprobe.exe"" -v error -show_entries stream=codec_name,sample_rate,channels,duration,bit_rate:format=format_name,duration,bit_rate -of json ""[REDACTED_LOCAL_PATH]\Tony Hidayat\AQ_OpenWorld_Codec_Provenance\42_bh_derivatives\encoded\565d683f5cb832932f5de700.opus""","[REDACTED_LOCAL_PATH]\AppData\Local\CapCut\Apps\7.7.0.3143\ffmpeg.exe -y -hide_banner -i ""[REDACTED_LOCAL_PATH]\Tony Hidayat\AQ_OpenWorld_Codec_Provenance\42_bh_derivatives\encoded\565d683f5cb832932f5de700.opus"" -map_metadata -1 -vn -sn -dn -ac 1 -ar 48000 -sample_fmt s16 ""[REDACTED_LOCAL_PATH]\Tony Hidayat\AQ_OpenWorld_Codec_Provenance\42_bh_derivatives\decoded_raw\565d683f5cb832932f5de700.wav"""
fcbbee0c69fd5e7fd8f83a36,a26515569ea474ccea600494cc5baed8,260,Opus,libopus,libopus,96,98.228,e113ca10f3b89eff13c0164bcf5e54f478d4a989e4c434c5a3fa612773598b7c,cd4da645dd6192edd9bbd00877e9449858e95cb56022c2a74eed279308fb8ae3,0,0.9992870188757674,96000,24557,[REDACTED_LOCAL_PATH]\Tony Hidayat\AQ_OpenWorld_Codec_Provenance\42_bh_derivatives\encoded\fcbbee0c69fd5e7fd8f83a36.opus,[REDACTED_LOCAL_PATH]\Tony Hidayat\AQ_OpenWorld_Codec_Provenance\42_bh_derivatives\decoded_raw\fcbbee0c69fd5e7fd8f83a36.wav,[REDACTED_LOCAL_PATH]\Tony Hidayat\AQ_OpenWorld_Codec_Provenance\42_bh_derivatives\aligned_pcm\fcbbee0c69fd5e7fd8f83a36.wav,AQ2D0BH_DERIV_V1|a26515569ea474ccea600494cc5baed8|Opus|96|libopus|57c56e369d5b4873b4d93fc1a1d833cb7cd8bc9325c14b05c34ce60b22842d8a,0,0,0,opus,PASS,"""[REDACTED_LOCAL_PATH]\Tony Hidayat\AQ_OpenWorld_Codec_Provenance\tools\gyan_ffmpeg_9.0_full\bin\ffmpeg.exe"" -y -hide_banner -i ""[REDACTED_LOCAL_PATH]\Tony Hidayat\AQ_OpenWorld_Codec_Provenance\39_bh_speech\canonical_selected\260-123286-0025.wav"" -map_metadata -1 -vn -sn -dn -c:a libopus -b:a 96k -vbr off ""[REDACTED_LOCAL_PATH]\Tony Hidayat\AQ_OpenWorld_Codec_Provenance\42_bh_derivatives\encoded\fcbbee0c69fd5e7fd8f83a36.opus""","""[REDACTED_LOCAL_PATH]\Tony Hidayat\AQ_OpenWorld_Codec_Provenance\tools\gyan_ffmpeg_9.0_full\bin\ffprobe.exe"" -v error -show_entries stream=codec_name,sample_rate,channels,duration,bit_rate:format=format_name,duration,bit_rate -of json ""[REDACTED_LOCAL_PATH]\Tony Hidayat\AQ_OpenWorld_Codec_Provenance\42_bh_derivatives\encoded\fcbbee0c69fd5e7fd8f83a36.opus""","[REDACTED_LOCAL_PATH]\AppData\Local\CapCut\Apps\7.7.0.3143\ffmpeg.exe -y -hide_banner -i ""[REDACTED_LOCAL_PATH]\Tony Hidayat\AQ_OpenWorld_Codec_Provenance\42_bh_derivatives\encoded\fcbbee0c69fd5e7fd8f83a36.opus"" -map_metadata -1 -vn -sn -dn -ac 1 -ar 48000 -sample_fmt s16 ""[REDACTED_LOCAL_PATH]\Tony Hidayat\AQ_OpenWorld_Codec_Provenance\42_bh_derivatives\decoded_raw\fcbbee0c69fd5e7fd8f83a36.wav"""
42bcfa5cfae908f6c07731f5,a26515569ea474ccea600494cc5baed8,260,Opus,libopus,libopus,128,130.952,3e65bb426fa004ff233896b8d228dd8a8cc2d68e6c8615c7da4ed67913991274,765a1a21b6f779eec8c02a28da80ea18b0f65c7e4caac9bf83d4983c92bd3679,0,0.9995280290277322,96000,32738,[REDACTED_LOCAL_PATH]\Tony Hidayat\AQ_OpenWorld_Codec_Provenance\42_bh_derivatives\encoded\42bcfa5cfae908f6c07731f5.opus,[REDACTED_LOCAL_PATH]\Tony Hidayat\AQ_OpenWorld_Codec_Provenance\42_bh_derivatives\decoded_raw\42bcfa5cfae908f6c07731f5.wav,[REDACTED_LOCAL_PATH]\Tony Hidayat\AQ_OpenWorld_Codec_Provenance\42_bh_derivatives\aligned_pcm\42bcfa5cfae908f6c07731f5.wav,AQ2D0BH_DERIV_V1|a26515569ea474ccea600494cc5baed8|Opus|128|libopus|57c56e369d5b4873b4d93fc1a1d833cb7cd8bc9325c14b05c34ce60b22842d8a,0,0,0,opus,PASS,"""[REDACTED_LOCAL_PATH]\Tony Hidayat\AQ_OpenWorld_Codec_Provenance\tools\gyan_ffmpeg_9.0_full\bin\ffmpeg.exe"" -y -hide_banner -i ""[REDACTED_LOCAL_PATH]\Tony Hidayat\AQ_OpenWorld_Codec_Provenance\39_bh_speech\canonical_selected\260-123286-0025.wav"" -map_metadata -1 -vn -sn -dn -c:a libopus -b:a 128k -vbr off ""[REDACTED_LOCAL_PATH]\Tony Hidayat\AQ_OpenWorld_Codec_Provenance\42_bh_derivatives\encoded\42bcfa5cfae908f6c07731f5.opus""","""[REDACTED_LOCAL_PATH]\Tony Hidayat\AQ_OpenWorld_Codec_Provenance\tools\gyan_ffmpeg_9.0_full\bin\ffprobe.exe"" -v error -show_entries stream=codec_name,sample_rate,channels,duration,bit_rate:format=format_name,duration,bit_rate -of json ""[REDACTED_LOCAL_PATH]\Tony Hidayat\AQ_OpenWorld_Codec_Provenance\42_bh_derivatives\encoded\42bcfa5cfae908f6c07731f5.opus""","[REDACTED_LOCAL_PATH]\AppData\Local\CapCut\Apps\7.7.0.3143\ffmpeg.exe -y -hide_banner -i ""[REDACTED_LOCAL_PATH]\Tony Hidayat\AQ_OpenWorld_Codec_Provenance\42_bh_derivatives\encoded\42bcfa5cfae908f6c07731f5.opus"" -map_metadata -1 -vn -sn -dn -ac 1 -ar 48000 -sample_fmt s16 ""[REDACTED_LOCAL_PATH]\Tony Hidayat\AQ_OpenWorld_Codec_Provenance\42_bh_derivatives\decoded_raw\42bcfa5cfae908f6c07731f5.wav"""
08e24df03bd32a3831690c6e,a5cd6bed27c7d0e6743619f1bc71db33,5142,AAC,aac,FFmpeg-native AAC,32,36.784,f72bb99ce1f1da66d796d24143b23bbc105e8260ab05b465c19898e2ae0624d4,94ba9ce089c18b36d7e7bf295745e2a90720e306641b28e25cd3219c36109570,0,0.9138429650635196,96000,9196,[REDACTED_LOCAL_PATH]\Tony Hidayat\AQ_OpenWorld_Codec_Provenance\42_bh_derivatives\encoded\08e24df03bd32a3831690c6e.m4a,[REDACTED_LOCAL_PATH]\Tony Hidayat\AQ_OpenWorld_Codec_Provenance\42_bh_derivatives\decoded_raw\08e24df03bd32a3831690c6e.wav,[REDACTED_LOCAL_PATH]\Tony Hidayat\AQ_OpenWorld_Codec_Provenance\42_bh_derivatives\aligned_pcm\08e24df03bd32a3831690c6e.wav,AQ2D0BH_DERIV_V1|a5cd6bed27c7d0e6743619f1bc71db33|AAC|32|FFmpeg-native AAC|57c56e369d5b4873b4d93fc1a1d833cb7cd8bc9325c14b05c34ce60b22842d8a,0,0,0,aac,PASS,"""[REDACTED_LOCAL_PATH]\Tony Hidayat\AQ_OpenWorld_Codec_Provenance\tools\gyan_ffmpeg_9.0_full\bin\ffmpeg.exe"" -y -hide_banner -i ""[REDACTED_LOCAL_PATH]\Tony Hidayat\AQ_OpenWorld_Codec_Provenance\39_bh_speech\canonical_selected\5142-33396-0051.wav"" -map_metadata -1 -vn -sn -dn -c:a aac -b:a 32k ""[REDACTED_LOCAL_PATH]\Tony Hidayat\AQ_OpenWorld_Codec_Provenance\42_bh_derivatives\encoded\08e24df03bd32a3831690c6e.m4a""","""[REDACTED_LOCAL_PATH]\Tony Hidayat\AQ_OpenWorld_Codec_Provenance\tools\gyan_ffmpeg_9.0_full\bin\ffprobe.exe"" -v error -show_entries stream=codec_name,sample_rate,channels,duration,bit_rate:format=format_name,duration,bit_rate -of json ""[REDACTED_LOCAL_PATH]\Tony Hidayat\AQ_OpenWorld_Codec_Provenance\42_bh_derivatives\encoded\08e24df03bd32a3831690c6e.m4a""","[REDACTED_LOCAL_PATH]\AppData\Local\CapCut\Apps\7.7.0.3143\ffmpeg.exe -y -hide_banner -i ""[REDACTED_LOCAL_PATH]\Tony Hidayat\AQ_OpenWorld_Codec_Provenance\42_bh_derivatives\encoded\08e24df03bd32a3831690c6e.m4a"" -map_metadata -1 -vn -sn -dn -ac 1 -ar 48000 -sample_fmt s16 ""[REDACTED_LOCAL_PATH]\Tony Hidayat\AQ_OpenWorld_Codec_Provenance\42_bh_derivatives\decoded_raw\08e24df03bd32a3831690c6e.wav"""
688ea703b92ab529de79321a,a5cd6bed27c7d0e6743619f1bc71db33,5142,AAC,aac,FFmpeg-native AAC,80,87.584,892f9ed7d5bfc3d5c263dc82cb469be794d4c760ce7c2b701abfba1741fd8a43,c632946649fa84baea814d5784381a8d60fc54b91ec037c549bfc9e8b80869c3,0,0.9984837441694735,96000,21896,[REDACTED_LOCAL_PATH]\Tony Hidayat\AQ_OpenWorld_Codec_Provenance\42_bh_derivatives\encoded\688ea703b92ab529de79321a.m4a,[REDACTED_LOCAL_PATH]\Tony Hidayat\AQ_OpenWorld_Codec_Provenance\42_bh_derivatives\decoded_raw\688ea703b92ab529de79321a.wav,[REDACTED_LOCAL_PATH]\Tony Hidayat\AQ_OpenWorld_Codec_Provenance\42_bh_derivatives\aligned_pcm\688ea703b92ab529de79321a.wav,AQ2D0BH_DERIV_V1|a5cd6bed27c7d0e6743619f1bc71db33|AAC|80|FFmpeg-native AAC|57c56e369d5b4873b4d93fc1a1d833cb7cd8bc9325c14b05c34ce60b22842d8a,0,0,0,aac,PASS,"""[REDACTED_LOCAL_PATH]\Tony Hidayat\AQ_OpenWorld_Codec_Provenance\tools\gyan_ffmpeg_9.0_full\bin\ffmpeg.exe"" -y -hide_banner -i ""[REDACTED_LOCAL_PATH]\Tony Hidayat\AQ_OpenWorld_Codec_Provenance\39_bh_speech\canonical_selected\5142-33396-0051.wav"" -map_metadata -1 -vn -sn -dn -c:a aac -b:a 80k ""[REDACTED_LOCAL_PATH]\Tony Hidayat\AQ_OpenWorld_Codec_Provenance\42_bh_derivatives\encoded\688ea703b92ab529de79321a.m4a""","""[REDACTED_LOCAL_PATH]\Tony Hidayat\AQ_OpenWorld_Codec_Provenance\tools\gyan_ffmpeg_9.0_full\bin\ffprobe.exe"" -v error -show_entries stream=codec_name,sample_rate,channels,duration,bit_rate:format=format_name,duration,bit_rate -of json ""[REDACTED_LOCAL_PATH]\Tony Hidayat\AQ_OpenWorld_Codec_Provenance\42_bh_derivatives\encoded\688ea703b92ab529de79321a.m4a""","[REDACTED_LOCAL_PATH]\AppData\Local\CapCut\Apps\7.7.0.3143\ffmpeg.exe -y -hide_banner -i ""[REDACTED_LOCAL_PATH]\Tony Hidayat\AQ_OpenWorld_Codec_Provenance\42_bh_derivatives\encoded\688ea703b92ab529de79321a.m4a"" -map_metadata -1 -vn -sn -dn -ac 1 -ar 48000 -sample_fmt s16 ""[REDACTED_LOCAL_PATH]\Tony Hidayat\AQ_OpenWorld_Codec_Provenance\42_bh_derivatives\decoded_raw\688ea703b92ab529de79321a.wav"""
b707de3eb456eacf61d2f9b4,a5cd6bed27c7d0e6743619f1bc71db33,5142,AAC,aac,FFmpeg-native AAC,96,103.956,d9e6cd3a78b9ca8feb04d3b13885050e183fb1a81094393df15441cb2c4f86ff,6ad1f9eeea7db2c60ebdb4eb3148e8eba8d686b56aba6eaeecb8681ca699d48a,0,0.99157376176206,96000,25989,[REDACTED_LOCAL_PATH]\Tony Hidayat\AQ_OpenWorld_Codec_Provenance\42_bh_derivatives\encoded\b707de3eb456eacf61d2f9b4.m4a,[REDACTED_LOCAL_PATH]\Tony Hidayat\AQ_OpenWorld_Codec_Provenance\42_bh_derivatives\decoded_raw\b707de3eb456eacf61d2f9b4.wav,[REDACTED_LOCAL_PATH]\Tony Hidayat\AQ_OpenWorld_Codec_Provenance\42_bh_derivatives\aligned_pcm\b707de3eb456eacf61d2f9b4.wav,AQ2D0BH_DERIV_V1|a5cd6bed27c7d0e6743619f1bc71db33|AAC|96|FFmpeg-native AAC|57c56e369d5b4873b4d93fc1a1d833cb7cd8bc9325c14b05c34ce60b22842d8a,0,0,0,aac,PASS,"""[REDACTED_LOCAL_PATH]\Tony Hidayat\AQ_OpenWorld_Codec_Provenance\tools\gyan_ffmpeg_9.0_full\bin\ffmpeg.exe"" -y -hide_banner -i ""[REDACTED_LOCAL_PATH]\Tony Hidayat\AQ_OpenWorld_Codec_Provenance\39_bh_speech\canonical_selected\5142-33396-0051.wav"" -map_metadata -1 -vn -sn -dn -c:a aac -b:a 96k ""[REDACTED_LOCAL_PATH]\Tony Hidayat\AQ_OpenWorld_Codec_Provenance\42_bh_derivatives\encoded\b707de3eb456eacf61d2f9b4.m4a""","""[REDACTED_LOCAL_PATH]\Tony Hidayat\AQ_OpenWorld_Codec_Provenance\tools\gyan_ffmpeg_9.0_full\bin\ffprobe.exe"" -v error -show_entries stream=codec_name,sample_rate,channels,duration,bit_rate:format=format_name,duration,bit_rate -of json ""[REDACTED_LOCAL_PATH]\Tony Hidayat\AQ_OpenWorld_Codec_Provenance\42_bh_derivatives\encoded\b707de3eb456eacf61d2f9b4.m4a""","[REDACTED_LOCAL_PATH]\AppData\Local\CapCut\Apps\7.7.0.3143\ffmpeg.exe -y -hide_banner -i ""[REDACTED_LOCAL_PATH]\Tony Hidayat\AQ_OpenWorld_Codec_Provenance\42_bh_derivatives\encoded\b707de3eb456eacf61d2f9b4.m4a"" -map_metadata -1 -vn -sn -dn -ac 1 -ar 48000 -sample_fmt s16 ""[REDACTED_LOCAL_PATH]\Tony Hidayat\AQ_OpenWorld_Codec_Provenance\42_bh_derivatives\decoded_raw\b707de3eb456eacf61d2f9b4.wav"""
2f5afc081d69fe9f21f556b0,a5cd6bed27c7d0e6743619f1bc71db33,5142,AAC,aac,FFmpeg-native AAC,128,133.436,0935ebef84875320fd67587c7a545c8175dc11a2a9d784bf3d1201f31cb572be,e1ffc870b55bffc4dbaf6d480da84d0626d81fd87fc4d3d8ea35605d8ca39602,0,0.9996419368006436,96000,33359,[REDACTED_LOCAL_PATH]\Tony Hidayat\AQ_OpenWorld_Codec_Provenance\42_bh_derivatives\encoded\2f5afc081d69fe9f21f556b0.m4a,[REDACTED_LOCAL_PATH]\Tony Hidayat\AQ_OpenWorld_Codec_Provenance\42_bh_derivatives\decoded_raw\2f5afc081d69fe9f21f556b0.wav,[REDACTED_LOCAL_PATH]\Tony Hidayat\AQ_OpenWorld_Codec_Provenance\42_bh_derivatives\aligned_pcm\2f5afc081d69fe9f21f556b0.wav,AQ2D0BH_DERIV_V1|a5cd6bed27c7d0e6743619f1bc71db33|AAC|128|FFmpeg-native AAC|57c56e369d5b4873b4d93fc1a1d833cb7cd8bc9325c14b05c34ce60b22842d8a,0,0,0,aac,PASS,"""[REDACTED_LOCAL_PATH]\Tony Hidayat\AQ_OpenWorld_Codec_Provenance\tools\gyan_ffmpeg_9.0_full\bin\ffmpeg.exe"" -y -hide_banner -i ""[REDACTED_LOCAL_PATH]\Tony Hidayat\AQ_OpenWorld_Codec_Provenance\39_bh_speech\canonical_selected\5142-33396-0051.wav"" -map_metadata -1 -vn -sn -dn -c:a aac -b:a 128k ""[REDACTED_LOCAL_PATH]\Tony Hidayat\AQ_OpenWorld_Codec_Provenance\42_bh_derivatives\encoded\2f5afc081d69fe9f21f556b0.m4a""","""[REDACTED_LOCAL_PATH]\Tony Hidayat\AQ_OpenWorld_Codec_Provenance\tools\gyan_ffmpeg_9.0_full\bin\ffprobe.exe"" -v error -show_entries stream=codec_name,sample_rate,channels,duration,bit_rate:format=format_name,duration,bit_rate -of json ""[REDACTED_LOCAL_PATH]\Tony Hidayat\AQ_OpenWorld_Codec_Provenance\42_bh_derivatives\encoded\2f5afc081d69fe9f21f556b0.m4a""","[REDACTED_LOCAL_PATH]\AppData\Local\CapCut\Apps\7.7.0.3143\ffmpeg.exe -y -hide_banner -i ""[REDACTED_LOCAL_PATH]\Tony Hidayat\AQ_OpenWorld_Codec_Provenance\42_bh_derivatives\encoded\2f5afc081d69fe9f21f556b0.m4a"" -map_metadata -1 -vn -sn -dn -ac 1 -ar 48000 -sample_fmt s16 ""[REDACTED_LOCAL_PATH]\Tony Hidayat\AQ_OpenWorld_Codec_Provenance\42_bh_derivatives\decoded_raw\2f5afc081d69fe9f21f556b0.wav"""
ee59c308cce7785c64d84c20,a5cd6bed27c7d0e6743619f1bc71db33,5142,MP3,libmp3lame,libmp3lame,32,33.584,4b2c6e0ed297555eb809ec2258bf328eb65e4218730eb4f98d6cccce0ffe40b4,84ef6dd913296682094a13a0d51d009fe3db48d4b42d0b35db1a0bbcaf6dab12,0,0.9639761259556932,96000,8396,[REDACTED_LOCAL_PATH]\Tony Hidayat\AQ_OpenWorld_Codec_Provenance\42_bh_derivatives\encoded\ee59c308cce7785c64d84c20.mp3,[REDACTED_LOCAL_PATH]\Tony Hidayat\AQ_OpenWorld_Codec_Provenance\42_bh_derivatives\decoded_raw\ee59c308cce7785c64d84c20.wav,[REDACTED_LOCAL_PATH]\Tony Hidayat\AQ_OpenWorld_Codec_Provenance\42_bh_derivatives\aligned_pcm\ee59c308cce7785c64d84c20.wav,AQ2D0BH_DERIV_V1|a5cd6bed27c7d0e6743619f1bc71db33|MP3|32|libmp3lame|57c56e369d5b4873b4d93fc1a1d833cb7cd8bc9325c14b05c34ce60b22842d8a,0,0,0,mp3,PASS,"""[REDACTED_LOCAL_PATH]\Tony Hidayat\AQ_OpenWorld_Codec_Provenance\tools\gyan_ffmpeg_9.0_full\bin\ffmpeg.exe"" -y -hide_banner -i ""[REDACTED_LOCAL_PATH]\Tony Hidayat\AQ_OpenWorld_Codec_Provenance\39_bh_speech\canonical_selected\5142-33396-0051.wav"" -map_metadata -1 -vn -sn -dn -c:a libmp3lame -b:a 32k ""[REDACTED_LOCAL_PATH]\Tony Hidayat\AQ_OpenWorld_Codec_Provenance\42_bh_derivatives\encoded\ee59c308cce7785c64d84c20.mp3""","""[REDACTED_LOCAL_PATH]\Tony Hidayat\AQ_OpenWorld_Codec_Provenance\tools\gyan_ffmpeg_9.0_full\bin\ffprobe.exe"" -v error -show_entries stream=codec_name,sample_rate,channels,duration,bit_rate:format=format_name,duration,bit_rate -of json ""[REDACTED_LOCAL_PATH]\Tony Hidayat\AQ_OpenWorld_Codec_Provenance\42_bh_derivatives\encoded\ee59c308cce7785c64d84c20.mp3""","[REDACTED_LOCAL_PATH]\AppData\Local\CapCut\Apps\7.7.0.3143\ffmpeg.exe -y -hide_banner -i ""[REDACTED_LOCAL_PATH]\Tony Hidayat\AQ_OpenWorld_Codec_Provenance\42_bh_derivatives\encoded\ee59c308cce7785c64d84c20.mp3"" -map_metadata -1 -vn -sn -dn -ac 1 -ar 48000 -sample_fmt s16 ""[REDACTED_LOCAL_PATH]\Tony Hidayat\AQ_OpenWorld_Codec_Provenance\42_bh_derivatives\decoded_raw\ee59c308cce7785c64d84c20.wav"""
3123f2bf69e83b05a5039a43,a5cd6bed27c7d0e6743619f1bc71db33,5142,MP3,libmp3lame,libmp3lame,80,82.736,0d77472818ebf2208f5bd4a615f2018c98589febbb72428d37292728669c2600,71d30e6883a95006899c77975dd71410a0c0f80c1ace2952902ce3854721f5c8,0,0.9997185700206563,96000,20684,[REDACTED_LOCAL_PATH]\Tony Hidayat\AQ_OpenWorld_Codec_Provenance\42_bh_derivatives\encoded\3123f2bf69e83b05a5039a43.mp3,[REDACTED_LOCAL_PATH]\Tony Hidayat\AQ_OpenWorld_Codec_Provenance\42_bh_derivatives\decoded_raw\3123f2bf69e83b05a5039a43.wav,[REDACTED_LOCAL_PATH]\Tony Hidayat\AQ_OpenWorld_Codec_Provenance\42_bh_derivatives\aligned_pcm\3123f2bf69e83b05a5039a43.wav,AQ2D0BH_DERIV_V1|a5cd6bed27c7d0e6743619f1bc71db33|MP3|80|libmp3lame|57c56e369d5b4873b4d93fc1a1d833cb7cd8bc9325c14b05c34ce60b22842d8a,0,0,0,mp3,PASS,"""[REDACTED_LOCAL_PATH]\Tony Hidayat\AQ_OpenWorld_Codec_Provenance\tools\gyan_ffmpeg_9.0_full\bin\ffmpeg.exe"" -y -hide_banner -i ""[REDACTED_LOCAL_PATH]\Tony Hidayat\AQ_OpenWorld_Codec_Provenance\39_bh_speech\canonical_selected\5142-33396-0051.wav"" -map_metadata -1 -vn -sn -dn -c:a libmp3lame -b:a 80k ""[REDACTED_LOCAL_PATH]\Tony Hidayat\AQ_OpenWorld_Codec_Provenance\42_bh_derivatives\encoded\3123f2bf69e83b05a5039a43.mp3""","""[REDACTED_LOCAL_PATH]\Tony Hidayat\AQ_OpenWorld_Codec_Provenance\tools\gyan_ffmpeg_9.0_full\bin\ffprobe.exe"" -v error -show_entries stream=codec_name,sample_rate,channels,duration,bit_rate:format=format_name,duration,bit_rate -of json ""[REDACTED_LOCAL_PATH]\Tony Hidayat\AQ_OpenWorld_Codec_Provenance\42_bh_derivatives\encoded\3123f2bf69e83b05a5039a43.mp3""","[REDACTED_LOCAL_PATH]\AppData\Local\CapCut\Apps\7.7.0.3143\ffmpeg.exe -y -hide_banner -i ""[REDACTED_LOCAL_PATH]\Tony Hidayat\AQ_OpenWorld_Codec_Provenance\42_bh_derivatives\encoded\3123f2bf69e83b05a5039a43.mp3"" -map_metadata -1 -vn -sn -dn -ac 1 -ar 48000 -sample_fmt s16 ""[REDACTED_LOCAL_PATH]\Tony Hidayat\AQ_OpenWorld_Codec_Provenance\42_bh_derivatives\decoded_raw\3123f2bf69e83b05a5039a43.wav"""
ebde9bb783082472a9dcc1fc,a5cd6bed27c7d0e6743619f1bc71db33,5142,MP3,libmp3lame,libmp3lame,96,99.248,3226a823b01049fa45ea8d3a6b7798dcc94d95b2af1456eef7ff5879d319cba8,d63803fc6a1d7e4bac34b380ab07aaa67c85a8c537d9751f5b83666e84dccac5,0,0.9999292801294265,96000,24812,[REDACTED_LOCAL_PATH]\Tony Hidayat\AQ_OpenWorld_Codec_Provenance\42_bh_derivatives\encoded\ebde9bb783082472a9dcc1fc.mp3,[REDACTED_LOCAL_PATH]\Tony Hidayat\AQ_OpenWorld_Codec_Provenance\42_bh_derivatives\decoded_raw\ebde9bb783082472a9dcc1fc.wav,[REDACTED_LOCAL_PATH]\Tony Hidayat\AQ_OpenWorld_Codec_Provenance\42_bh_derivatives\aligned_pcm\ebde9bb783082472a9dcc1fc.wav,AQ2D0BH_DERIV_V1|a5cd6bed27c7d0e6743619f1bc71db33|MP3|96|libmp3lame|57c56e369d5b4873b4d93fc1a1d833cb7cd8bc9325c14b05c34ce60b22842d8a,0,0,0,mp3,PASS,"""[REDACTED_LOCAL_PATH]\Tony Hidayat\AQ_OpenWorld_Codec_Provenance\tools\gyan_ffmpeg_9.0_full\bin\ffmpeg.exe"" -y -hide_banner -i ""[REDACTED_LOCAL_PATH]\Tony Hidayat\AQ_OpenWorld_Codec_Provenance\39_bh_speech\canonical_selected\5142-33396-0051.wav"" -map_metadata -1 -vn -sn -dn -c:a libmp3lame -b:a 96k ""[REDACTED_LOCAL_PATH]\Tony Hidayat\AQ_OpenWorld_Codec_Provenance\42_bh_derivatives\encoded\ebde9bb783082472a9dcc1fc.mp3""","""[REDACTED_LOCAL_PATH]\Tony Hidayat\AQ_OpenWorld_Codec_Provenance\tools\gyan_ffmpeg_9.0_full\bin\ffprobe.exe"" -v error -show_entries stream=codec_name,sample_rate,channels,duration,bit_rate:format=format_name,duration,bit_rate -of json ""[REDACTED_LOCAL_PATH]\Tony Hidayat\AQ_OpenWorld_Codec_Provenance\42_bh_derivatives\encoded\ebde9bb783082472a9dcc1fc.mp3""","[REDACTED_LOCAL_PATH]\AppData\Local\CapCut\Apps\7.7.0.3143\ffmpeg.exe -y -hide_banner -i ""[REDACTED_LOCAL_PATH]\Tony Hidayat\AQ_OpenWorld_Codec_Provenance\42_bh_derivatives\encoded\ebde9bb783082472a9dcc1fc.mp3"" -map_metadata -1 -vn -sn -dn -ac 1 -ar 48000 -sample_fmt s16 ""[REDACTED_LOCAL_PATH]\Tony Hidayat\AQ_OpenWorld_Codec_Provenance\42_bh_derivatives\decoded_raw\ebde9bb783082472a9dcc1fc.wav"""
780b5e541838794b5b2be756,a5cd6bed27c7d0e6743619f1bc71db33,5142,MP3,libmp3lame,libmp3lame,128,132.272,144111d37aa4be4c4987cd09d4dcd06f94c335c2429b073788dc947657d9796b,ff638ff9fa044b859f90c50c062d6a262c6767efae04893a7195e12bf1660424,0,0.9999908384771304,96000,33068,[REDACTED_LOCAL_PATH]\Tony Hidayat\AQ_OpenWorld_Codec_Provenance\42_bh_derivatives\encoded\780b5e541838794b5b2be756.mp3,[REDACTED_LOCAL_PATH]\Tony Hidayat\AQ_OpenWorld_Codec_Provenance\42_bh_derivatives\decoded_raw\780b5e541838794b5b2be756.wav,[REDACTED_LOCAL_PATH]\Tony Hidayat\AQ_OpenWorld_Codec_Provenance\42_bh_derivatives\aligned_pcm\780b5e541838794b5b2be756.wav,AQ2D0BH_DERIV_V1|a5cd6bed27c7d0e6743619f1bc71db33|MP3|128|libmp3lame|57c56e369d5b4873b4d93fc1a1d833cb7cd8bc9325c14b05c34ce60b22842d8a,0,0,0,mp3,PASS,"""[REDACTED_LOCAL_PATH]\Tony Hidayat\AQ_OpenWorld_Codec_Provenance\tools\gyan_ffmpeg_9.0_full\bin\ffmpeg.exe"" -y -hide_banner -i ""[REDACTED_LOCAL_PATH]\Tony Hidayat\AQ_OpenWorld_Codec_Provenance\39_bh_speech\canonical_selected\5142-33396-0051.wav"" -map_metadata -1 -vn -sn -dn -c:a libmp3lame -b:a 128k ""[REDACTED_LOCAL_PATH]\Tony Hidayat\AQ_OpenWorld_Codec_Provenance\42_bh_derivatives\encoded\780b5e541838794b5b2be756.mp3""","""[REDACTED_LOCAL_PATH]\Tony Hidayat\AQ_OpenWorld_Codec_Provenance\tools\gyan_ffmpeg_9.0_full\bin\ffprobe.exe"" -v error -show_entries stream=codec_name,sample_rate,channels,duration,bit_rate:format=format_name,duration,bit_rate -of json ""[REDACTED_LOCAL_PATH]\Tony Hidayat\AQ_OpenWorld_Codec_Provenance\42_bh_derivatives\encoded\780b5e541838794b5b2be756.mp3""","[REDACTED_LOCAL_PATH]\AppData\Local\CapCut\Apps\7.7.0.3143\ffmpeg.exe -y -hide_banner -i ""[REDACTED_LOCAL_PATH]\Tony Hidayat\AQ_OpenWorld_Codec_Provenance\42_bh_derivatives\encoded\780b5e541838794b5b2be756.mp3"" -map_metadata -1 -vn -sn -dn -ac 1 -ar 48000 -sample_fmt s16 ""[REDACTED_LOCAL_PATH]\Tony Hidayat\AQ_OpenWorld_Codec_Provenance\42_bh_derivatives\decoded_raw\780b5e541838794b5b2be756.wav"""
181acd5d84278dcd19c0bfda,a5cd6bed27c7d0e6743619f1bc71db33,5142,Opus,libopus,libopus,32,33.588,f617e490d5403c7ffef8ed7c33a9c8b9c55dd7eff16063c1e09647019c953ab9,4ec9fb75c2970428597a55a7b85476d5572a0ad663e7e74c709e9e830c7bd3e0,0,0.9840499897891621,96000,8397,[REDACTED_LOCAL_PATH]\Tony Hidayat\AQ_OpenWorld_Codec_Provenance\42_bh_derivatives\encoded\181acd5d84278dcd19c0bfda.opus,[REDACTED_LOCAL_PATH]\Tony Hidayat\AQ_OpenWorld_Codec_Provenance\42_bh_derivatives\decoded_raw\181acd5d84278dcd19c0bfda.wav,[REDACTED_LOCAL_PATH]\Tony Hidayat\AQ_OpenWorld_Codec_Provenance\42_bh_derivatives\aligned_pcm\181acd5d84278dcd19c0bfda.wav,AQ2D0BH_DERIV_V1|a5cd6bed27c7d0e6743619f1bc71db33|Opus|32|libopus|57c56e369d5b4873b4d93fc1a1d833cb7cd8bc9325c14b05c34ce60b22842d8a,0,0,0,opus,PASS,"""[REDACTED_LOCAL_PATH]\Tony Hidayat\AQ_OpenWorld_Codec_Provenance\tools\gyan_ffmpeg_9.0_full\bin\ffmpeg.exe"" -y -hide_banner -i ""[REDACTED_LOCAL_PATH]\Tony Hidayat\AQ_OpenWorld_Codec_Provenance\39_bh_speech\canonical_selected\5142-33396-0051.wav"" -map_metadata -1 -vn -sn -dn -c:a libopus -b:a 32k -vbr off ""[REDACTED_LOCAL_PATH]\Tony Hidayat\AQ_OpenWorld_Codec_Provenance\42_bh_derivatives\encoded\181acd5d84278dcd19c0bfda.opus""","""[REDACTED_LOCAL_PATH]\Tony Hidayat\AQ_OpenWorld_Codec_Provenance\tools\gyan_ffmpeg_9.0_full\bin\ffprobe.exe"" -v error -show_entries stream=codec_name,sample_rate,channels,duration,bit_rate:format=format_name,duration,bit_rate -of json ""[REDACTED_LOCAL_PATH]\Tony Hidayat\AQ_OpenWorld_Codec_Provenance\42_bh_derivatives\encoded\181acd5d84278dcd19c0bfda.opus""","[REDACTED_LOCAL_PATH]\AppData\Local\CapCut\Apps\7.7.0.3143\ffmpeg.exe -y -hide_banner -i ""[REDACTED_LOCAL_PATH]\Tony Hidayat\AQ_OpenWorld_Codec_Provenance\42_bh_derivatives\encoded\181acd5d84278dcd19c0bfda.opus"" -map_metadata -1 -vn -sn -dn -ac 1 -ar 48000 -sample_fmt s16 ""[REDACTED_LOCAL_PATH]\Tony Hidayat\AQ_OpenWorld_Codec_Provenance\42_bh_derivatives\decoded_raw\181acd5d84278dcd19c0bfda.wav"""
ebac9416e094651e49844468,a5cd6bed27c7d0e6743619f1bc71db33,5142,Opus,libopus,libopus,80,82.068,9193276f0434a3c89de245da1f56314c2c31fa75bc857401504237dd7850194b,9682f03e0daecdcadd332762eb457eac86cc0c975d38956894b2fb9c54a57f14,0,0.995838621008922,96000,20517,[REDACTED_LOCAL_PATH]\Tony Hidayat\AQ_OpenWorld_Codec_Provenance\42_bh_derivatives\encoded\ebac9416e094651e49844468.opus,[REDACTED_LOCAL_PATH]\Tony Hidayat\AQ_OpenWorld_Codec_Provenance\42_bh_derivatives\decoded_raw\ebac9416e094651e49844468.wav,[REDACTED_LOCAL_PATH]\Tony Hidayat\AQ_OpenWorld_Codec_Provenance\42_bh_derivatives\aligned_pcm\ebac9416e094651e49844468.wav,AQ2D0BH_DERIV_V1|a5cd6bed27c7d0e6743619f1bc71db33|Opus|80|libopus|57c56e369d5b4873b4d93fc1a1d833cb7cd8bc9325c14b05c34ce60b22842d8a,0,0,0,opus,PASS,"""[REDACTED_LOCAL_PATH]\Tony Hidayat\AQ_OpenWorld_Codec_Provenance\tools\gyan_ffmpeg_9.0_full\bin\ffmpeg.exe"" -y -hide_banner -i ""[REDACTED_LOCAL_PATH]\Tony Hidayat\AQ_OpenWorld_Codec_Provenance\39_bh_speech\canonical_selected\5142-33396-0051.wav"" -map_metadata -1 -vn -sn -dn -c:a libopus -b:a 80k -vbr off ""[REDACTED_LOCAL_PATH]\Tony Hidayat\AQ_OpenWorld_Codec_Provenance\42_bh_derivatives\encoded\ebac9416e094651e49844468.opus""","""[REDACTED_LOCAL_PATH]\Tony Hidayat\AQ_OpenWorld_Codec_Provenance\tools\gyan_ffmpeg_9.0_full\bin\ffprobe.exe"" -v error -show_entries stream=codec_name,sample_rate,channels,duration,bit_rate:format=format_name,duration,bit_rate -of json ""[REDACTED_LOCAL_PATH]\Tony Hidayat\AQ_OpenWorld_Codec_Provenance\42_bh_derivatives\encoded\ebac9416e094651e49844468.opus""","[REDACTED_LOCAL_PATH]\AppData\Local\CapCut\Apps\7.7.0.3143\ffmpeg.exe -y -hide_banner -i ""[REDACTED_LOCAL_PATH]\Tony Hidayat\AQ_OpenWorld_Codec_Provenance\42_bh_derivatives\encoded\ebac9416e094651e49844468.opus"" -map_metadata -1 -vn -sn -dn -ac 1 -ar 48000 -sample_fmt s16 ""[REDACTED_LOCAL_PATH]\Tony Hidayat\AQ_OpenWorld_Codec_Provenance\42_bh_derivatives\decoded_raw\ebac9416e094651e49844468.wav"""
f16a14348c4cbcbccdfa02b3,a5cd6bed27c7d0e6743619f1bc71db33,5142,Opus,libopus,libopus,96,98.228,af4503c58dba6b924a057d01d5c92ce4a60ebcd69a72733135d275622339140f,ba932b7535bdd012d3b36371d16505ee7ae316752d815fd33fd57f7fb0e55b2b,0,0.997060112702244,96000,24557,[REDACTED_LOCAL_PATH]\Tony Hidayat\AQ_OpenWorld_Codec_Provenance\42_bh_derivatives\encoded\f16a14348c4cbcbccdfa02b3.opus,[REDACTED_LOCAL_PATH]\Tony Hidayat\AQ_OpenWorld_Codec_Provenance\42_bh_derivatives\decoded_raw\f16a14348c4cbcbccdfa02b3.wav,[REDACTED_LOCAL_PATH]\Tony Hidayat\AQ_OpenWorld_Codec_Provenance\42_bh_derivatives\aligned_pcm\f16a14348c4cbcbccdfa02b3.wav,AQ2D0BH_DERIV_V1|a5cd6bed27c7d0e6743619f1bc71db33|Opus|96|libopus|57c56e369d5b4873b4d93fc1a1d833cb7cd8bc9325c14b05c34ce60b22842d8a,0,0,0,opus,PASS,"""[REDACTED_LOCAL_PATH]\Tony Hidayat\AQ_OpenWorld_Codec_Provenance\tools\gyan_ffmpeg_9.0_full\bin\ffmpeg.exe"" -y -hide_banner -i ""[REDACTED_LOCAL_PATH]\Tony Hidayat\AQ_OpenWorld_Codec_Provenance\39_bh_speech\canonical_selected\5142-33396-0051.wav"" -map_metadata -1 -vn -sn -dn -c:a libopus -b:a 96k -vbr off ""[REDACTED_LOCAL_PATH]\Tony Hidayat\AQ_OpenWorld_Codec_Provenance\42_bh_derivatives\encoded\f16a14348c4cbcbccdfa02b3.opus""","""[REDACTED_LOCAL_PATH]\Tony Hidayat\AQ_OpenWorld_Codec_Provenance\tools\gyan_ffmpeg_9.0_full\bin\ffprobe.exe"" -v error -show_entries stream=codec_name,sample_rate,channels,duration,bit_rate:format=format_name,duration,bit_rate -of json ""[REDACTED_LOCAL_PATH]\Tony Hidayat\AQ_OpenWorld_Codec_Provenance\42_bh_derivatives\encoded\f16a14348c4cbcbccdfa02b3.opus""","[REDACTED_LOCAL_PATH]\AppData\Local\CapCut\Apps\7.7.0.3143\ffmpeg.exe -y -hide_banner -i ""[REDACTED_LOCAL_PATH]\Tony Hidayat\AQ_OpenWorld_Codec_Provenance\42_bh_derivatives\encoded\f16a14348c4cbcbccdfa02b3.opus"" -map_metadata -1 -vn -sn -dn -ac 1 -ar 48000 -sample_fmt s16 ""[REDACTED_LOCAL_PATH]\Tony Hidayat\AQ_OpenWorld_Codec_Provenance\42_bh_derivatives\decoded_raw\f16a14348c4cbcbccdfa02b3.wav"""
5b80d3633e036ce534b23c20,a5cd6bed27c7d0e6743619f1bc71db33,5142,Opus,libopus,libopus,128,130.952,8f7b89cbfc4fe5964c4c85a62f468eba5d492ae6757efe5a5bd4aa570a4055df,ce8be0769605ddc0cba839e80c16f41e1b554b0d952ba4c787681fb125b5f4d4,0,0.9989553662541333,96000,32738,[REDACTED_LOCAL_PATH]\Tony Hidayat\AQ_OpenWorld_Codec_Provenance\42_bh_derivatives\encoded\5b80d3633e036ce534b23c20.opus,[REDACTED_LOCAL_PATH]\Tony Hidayat\AQ_OpenWorld_Codec_Provenance\42_bh_derivatives\decoded_raw\5b80d3633e036ce534b23c20.wav,[REDACTED_LOCAL_PATH]\Tony Hidayat\AQ_OpenWorld_Codec_Provenance\42_bh_derivatives\aligned_pcm\5b80d3633e036ce534b23c20.wav,AQ2D0BH_DERIV_V1|a5cd6bed27c7d0e6743619f1bc71db33|Opus|128|libopus|57c56e369d5b4873b4d93fc1a1d833cb7cd8bc9325c14b05c34ce60b22842d8a,0,0,0,opus,PASS,"""[REDACTED_LOCAL_PATH]\Tony Hidayat\AQ_OpenWorld_Codec_Provenance\tools\gyan_ffmpeg_9.0_full\bin\ffmpeg.exe"" -y -hide_banner -i ""[REDACTED_LOCAL_PATH]\Tony Hidayat\AQ_OpenWorld_Codec_Provenance\39_bh_speech\canonical_selected\5142-33396-0051.wav"" -map_metadata -1 -vn -sn -dn -c:a libopus -b:a 128k -vbr off ""[REDACTED_LOCAL_PATH]\Tony Hidayat\AQ_OpenWorld_Codec_Provenance\42_bh_derivatives\encoded\5b80d3633e036ce534b23c20.opus""","""[REDACTED_LOCAL_PATH]\Tony Hidayat\AQ_OpenWorld_Codec_Provenance\tools\gyan_ffmpeg_9.0_full\bin\ffprobe.exe"" -v error -show_entries stream=codec_name,sample_rate,channels,duration,bit_rate:format=format_name,duration,bit_rate -of json ""[REDACTED_LOCAL_PATH]\Tony Hidayat\AQ_OpenWorld_Codec_Provenance\42_bh_derivatives\encoded\5b80d3633e036ce534b23c20.opus""","[REDACTED_LOCAL_PATH]\AppData\Local\CapCut\Apps\7.7.0.3143\ffmpeg.exe -y -hide_banner -i ""[REDACTED_LOCAL_PATH]\Tony Hidayat\AQ_OpenWorld_Codec_Provenance\42_bh_derivatives\encoded\5b80d3633e036ce534b23c20.opus"" -map_metadata -1 -vn -sn -dn -ac 1 -ar 48000 -sample_fmt s16 ""[REDACTED_LOCAL_PATH]\Tony Hidayat\AQ_OpenWorld_Codec_Provenance\42_bh_derivatives\decoded_raw\5b80d3633e036ce534b23c20.wav"""
059968ccb546cd0d9cf90511,a5e9b6421bc4ca18a3cdb0b75b6d9c07,1580,AAC,aac,FFmpeg-native AAC,32,36.904,f62ef96055eeb7da9ede197d5ece376f6f37fb4edfe3cd3b1f471f5119c215d9,b4328c3e873deaa8a65f58d06b4e187f2a6711f3e2691f21f23b003e6c9928b9,0,0.8677239761982313,96000,9226,[REDACTED_LOCAL_PATH]\Tony Hidayat\AQ_OpenWorld_Codec_Provenance\42_bh_derivatives\encoded\059968ccb546cd0d9cf90511.m4a,[REDACTED_LOCAL_PATH]\Tony Hidayat\AQ_OpenWorld_Codec_Provenance\42_bh_derivatives\decoded_raw\059968ccb546cd0d9cf90511.wav,[REDACTED_LOCAL_PATH]\Tony Hidayat\AQ_OpenWorld_Codec_Provenance\42_bh_derivatives\aligned_pcm\059968ccb546cd0d9cf90511.wav,AQ2D0BH_DERIV_V1|a5e9b6421bc4ca18a3cdb0b75b6d9c07|AAC|32|FFmpeg-native AAC|57c56e369d5b4873b4d93fc1a1d833cb7cd8bc9325c14b05c34ce60b22842d8a,0,0,0,aac,PASS,"""[REDACTED_LOCAL_PATH]\Tony Hidayat\AQ_OpenWorld_Codec_Provenance\tools\gyan_ffmpeg_9.0_full\bin\ffmpeg.exe"" -y -hide_banner -i ""[REDACTED_LOCAL_PATH]\Tony Hidayat\AQ_OpenWorld_Codec_Provenance\39_bh_speech\canonical_selected\1580-141083-0025.wav"" -map_metadata -1 -vn -sn -dn -c:a aac -b:a 32k ""[REDACTED_LOCAL_PATH]\Tony Hidayat\AQ_OpenWorld_Codec_Provenance\42_bh_derivatives\encoded\059968ccb546cd0d9cf90511.m4a""","""[REDACTED_LOCAL_PATH]\Tony Hidayat\AQ_OpenWorld_Codec_Provenance\tools\gyan_ffmpeg_9.0_full\bin\ffprobe.exe"" -v error -show_entries stream=codec_name,sample_rate,channels,duration,bit_rate:format=format_name,duration,bit_rate -of json ""[REDACTED_LOCAL_PATH]\Tony Hidayat\AQ_OpenWorld_Codec_Provenance\42_bh_derivatives\encoded\059968ccb546cd0d9cf90511.m4a""","[REDACTED_LOCAL_PATH]\AppData\Local\CapCut\Apps\7.7.0.3143\ffmpeg.exe -y -hide_banner -i ""[REDACTED_LOCAL_PATH]\Tony Hidayat\AQ_OpenWorld_Codec_Provenance\42_bh_derivatives\encoded\059968ccb546cd0d9cf90511.m4a"" -map_metadata -1 -vn -sn -dn -ac 1 -ar 48000 -sample_fmt s16 ""[REDACTED_LOCAL_PATH]\Tony Hidayat\AQ_OpenWorld_Codec_Provenance\42_bh_derivatives\decoded_raw\059968ccb546cd0d9cf90511.wav"""
5e9a55340dce036ebb700928,a5e9b6421bc4ca18a3cdb0b75b6d9c07,1580,AAC,aac,FFmpeg-native AAC,80,87.968,ef017c64abd0016a435e2b4c57dc6c380772311685567ea099bac6dc05c82aa1,bdacf400f710c3543cafe17f9d998996453a3d073a09399794da97832c34acfe,0,0.9964958146911106,96000,21992,[REDACTED_LOCAL_PATH]\Tony Hidayat\AQ_OpenWorld_Codec_Provenance\42_bh_derivatives\encoded\5e9a55340dce036ebb700928.m4a,[REDACTED_LOCAL_PATH]\Tony Hidayat\AQ_OpenWorld_Codec_Provenance\42_bh_derivatives\decoded_raw\5e9a55340dce036ebb700928.wav,[REDACTED_LOCAL_PATH]\Tony Hidayat\AQ_OpenWorld_Codec_Provenance\42_bh_derivatives\aligned_pcm\5e9a55340dce036ebb700928.wav,AQ2D0BH_DERIV_V1|a5e9b6421bc4ca18a3cdb0b75b6d9c07|AAC|80|FFmpeg-native AAC|57c56e369d5b4873b4d93fc1a1d833cb7cd8bc9325c14b05c34ce60b22842d8a,0,0,0,aac,PASS,"""[REDACTED_LOCAL_PATH]\Tony Hidayat\AQ_OpenWorld_Codec_Provenance\tools\gyan_ffmpeg_9.0_full\bin\ffmpeg.exe"" -y -hide_banner -i ""[REDACTED_LOCAL_PATH]\Tony Hidayat\AQ_OpenWorld_Codec_Provenance\39_bh_speech\canonical_selected\1580-141083-0025.wav"" -map_metadata -1 -vn -sn -dn -c:a aac -b:a 80k ""[REDACTED_LOCAL_PATH]\Tony Hidayat\AQ_OpenWorld_Codec_Provenance\42_bh_derivatives\encoded\5e9a55340dce036ebb700928.m4a""","""[REDACTED_LOCAL_PATH]\Tony Hidayat\AQ_OpenWorld_Codec_Provenance\tools\gyan_ffmpeg_9.0_full\bin\ffprobe.exe"" -v error -show_entries stream=codec_name,sample_rate,channels,duration,bit_rate:format=format_name,duration,bit_rate -of json ""[REDACTED_LOCAL_PATH]\Tony Hidayat\AQ_OpenWorld_Codec_Provenance\42_bh_derivatives\encoded\5e9a55340dce036ebb700928.m4a""","[REDACTED_LOCAL_PATH]\AppData\Local\CapCut\Apps\7.7.0.3143\ffmpeg.exe -y -hide_banner -i ""[REDACTED_LOCAL_PATH]\Tony Hidayat\AQ_OpenWorld_Codec_Provenance\42_bh_derivatives\encoded\5e9a55340dce036ebb700928.m4a"" -map_metadata -1 -vn -sn -dn -ac 1 -ar 48000 -sample_fmt s16 ""[REDACTED_LOCAL_PATH]\Tony Hidayat\AQ_OpenWorld_Codec_Provenance\42_bh_derivatives\decoded_raw\5e9a55340dce036ebb700928.wav"""
5ddd1177db6d24b92fc8b736,a5e9b6421bc4ca18a3cdb0b75b6d9c07,1580,AAC,aac,FFmpeg-native AAC,96,105.688,f52e94a973b6444b789b4f2f93547f5b64c4e60c7bfa0377a7fc20041992fd21,06b420a2901dc84eb1823eedf3e220ed261f4afb27833a4a0bfa1c3b4bdbd26f,0,0.9963037758949973,96000,26422,[REDACTED_LOCAL_PATH]\Tony Hidayat\AQ_OpenWorld_Codec_Provenance\42_bh_derivatives\encoded\5ddd1177db6d24b92fc8b736.m4a,[REDACTED_LOCAL_PATH]\Tony Hidayat\AQ_OpenWorld_Codec_Provenance\42_bh_derivatives\decoded_raw\5ddd1177db6d24b92fc8b736.wav,[REDACTED_LOCAL_PATH]\Tony Hidayat\AQ_OpenWorld_Codec_Provenance\42_bh_derivatives\aligned_pcm\5ddd1177db6d24b92fc8b736.wav,AQ2D0BH_DERIV_V1|a5e9b6421bc4ca18a3cdb0b75b6d9c07|AAC|96|FFmpeg-native AAC|57c56e369d5b4873b4d93fc1a1d833cb7cd8bc9325c14b05c34ce60b22842d8a,0,0,0,aac,PASS,"""[REDACTED_LOCAL_PATH]\Tony Hidayat\AQ_OpenWorld_Codec_Provenance\tools\gyan_ffmpeg_9.0_full\bin\ffmpeg.exe"" -y -hide_banner -i ""[REDACTED_LOCAL_PATH]\Tony Hidayat\AQ_OpenWorld_Codec_Provenance\39_bh_speech\canonical_selected\1580-141083-0025.wav"" -map_metadata -1 -vn -sn -dn -c:a aac -b:a 96k ""[REDACTED_LOCAL_PATH]\Tony Hidayat\AQ_OpenWorld_Codec_Provenance\42_bh_derivatives\encoded\5ddd1177db6d24b92fc8b736.m4a""","""[REDACTED_LOCAL_PATH]\Tony Hidayat\AQ_OpenWorld_Codec_Provenance\tools\gyan_ffmpeg_9.0_full\bin\ffprobe.exe"" -v error -show_entries stream=codec_name,sample_rate,channels,duration,bit_rate:format=format_name,duration,bit_rate -of json ""[REDACTED_LOCAL_PATH]\Tony Hidayat\AQ_OpenWorld_Codec_Provenance\42_bh_derivatives\encoded\5ddd1177db6d24b92fc8b736.m4a""","[REDACTED_LOCAL_PATH]\AppData\Local\CapCut\Apps\7.7.0.3143\ffmpeg.exe -y -hide_banner -i ""[REDACTED_LOCAL_PATH]\Tony Hidayat\AQ_OpenWorld_Codec_Provenance\42_bh_derivatives\encoded\5ddd1177db6d24b92fc8b736.m4a"" -map_metadata -1 -vn -sn -dn -ac 1 -ar 48000 -sample_fmt s16 ""[REDACTED_LOCAL_PATH]\Tony Hidayat\AQ_OpenWorld_Codec_Provenance\42_bh_derivatives\decoded_raw\5ddd1177db6d24b92fc8b736.wav"""
93abfc08aba5bb73611bd0b6,a5e9b6421bc4ca18a3cdb0b75b6d9c07,1580,AAC,aac,FFmpeg-native AAC,128,134.884,d56ed07c6e2d336396aa113652cb67a169ac4db23168d541baa4ee986ea1e940,d9ed068fd029a8e45a939a1efec86684d07bc0b1e0fd8e0821d5e9d471774fed,0,0.9969905510956886,96000,33721,[REDACTED_LOCAL_PATH]\Tony Hidayat\AQ_OpenWorld_Codec_Provenance\42_bh_derivatives\encoded\93abfc08aba5bb73611bd0b6.m4a,[REDACTED_LOCAL_PATH]\Tony Hidayat\AQ_OpenWorld_Codec_Provenance\42_bh_derivatives\decoded_raw\93abfc08aba5bb73611bd0b6.wav,[REDACTED_LOCAL_PATH]\Tony Hidayat\AQ_OpenWorld_Codec_Provenance\42_bh_derivatives\aligned_pcm\93abfc08aba5bb73611bd0b6.wav,AQ2D0BH_DERIV_V1|a5e9b6421bc4ca18a3cdb0b75b6d9c07|AAC|128|FFmpeg-native AAC|57c56e369d5b4873b4d93fc1a1d833cb7cd8bc9325c14b05c34ce60b22842d8a,0,0,0,aac,PASS,"""[REDACTED_LOCAL_PATH]\Tony Hidayat\AQ_OpenWorld_Codec_Provenance\tools\gyan_ffmpeg_9.0_full\bin\ffmpeg.exe"" -y -hide_banner -i ""[REDACTED_LOCAL_PATH]\Tony Hidayat\AQ_OpenWorld_Codec_Provenance\39_bh_speech\canonical_selected\1580-141083-0025.wav"" -map_metadata -1 -vn -sn -dn -c:a aac -b:a 128k ""[REDACTED_LOCAL_PATH]\Tony Hidayat\AQ_OpenWorld_Codec_Provenance\42_bh_derivatives\encoded\93abfc08aba5bb73611bd0b6.m4a""","""[REDACTED_LOCAL_PATH]\Tony Hidayat\AQ_OpenWorld_Codec_Provenance\tools\gyan_ffmpeg_9.0_full\bin\ffprobe.exe"" -v error -show_entries stream=codec_name,sample_rate,channels,duration,bit_rate:format=format_name,duration,bit_rate -of json ""[REDACTED_LOCAL_PATH]\Tony Hidayat\AQ_OpenWorld_Codec_Provenance\42_bh_derivatives\encoded\93abfc08aba5bb73611bd0b6.m4a""","[REDACTED_LOCAL_PATH]\AppData\Local\CapCut\Apps\7.7.0.3143\ffmpeg.exe -y -hide_banner -i ""[REDACTED_LOCAL_PATH]\Tony Hidayat\AQ_OpenWorld_Codec_Provenance\42_bh_derivatives\encoded\93abfc08aba5bb73611bd0b6.m4a"" -map_metadata -1 -vn -sn -dn -ac 1 -ar 48000 -sample_fmt s16 ""[REDACTED_LOCAL_PATH]\Tony Hidayat\AQ_OpenWorld_Codec_Provenance\42_bh_derivatives\decoded_raw\93abfc08aba5bb73611bd0b6.wav"""
cca92521cbfc122bca41254f,a5e9b6421bc4ca18a3cdb0b75b6d9c07,1580,MP3,libmp3lame,libmp3lame,32,33.584,3da4ba0727b3b125b8a7a55785f517e2864a34b44778201f34c5b1bc5e990e57,7d108fc0248ca73abeebe6a9926125659f7def86e93a1f4ac2cfcc5f484390b2,0,0.8727140540458832,96000,8396,[REDACTED_LOCAL_PATH]\Tony Hidayat\AQ_OpenWorld_Codec_Provenance\42_bh_derivatives\encoded\cca92521cbfc122bca41254f.mp3,[REDACTED_LOCAL_PATH]\Tony Hidayat\AQ_OpenWorld_Codec_Provenance\42_bh_derivatives\decoded_raw\cca92521cbfc122bca41254f.wav,[REDACTED_LOCAL_PATH]\Tony Hidayat\AQ_OpenWorld_Codec_Provenance\42_bh_derivatives\aligned_pcm\cca92521cbfc122bca41254f.wav,AQ2D0BH_DERIV_V1|a5e9b6421bc4ca18a3cdb0b75b6d9c07|MP3|32|libmp3lame|57c56e369d5b4873b4d93fc1a1d833cb7cd8bc9325c14b05c34ce60b22842d8a,0,0,0,mp3,PASS,"""[REDACTED_LOCAL_PATH]\Tony Hidayat\AQ_OpenWorld_Codec_Provenance\tools\gyan_ffmpeg_9.0_full\bin\ffmpeg.exe"" -y -hide_banner -i ""[REDACTED_LOCAL_PATH]\Tony Hidayat\AQ_OpenWorld_Codec_Provenance\39_bh_speech\canonical_selected\1580-141083-0025.wav"" -map_metadata -1 -vn -sn -dn -c:a libmp3lame -b:a 32k ""[REDACTED_LOCAL_PATH]\Tony Hidayat\AQ_OpenWorld_Codec_Provenance\42_bh_derivatives\encoded\cca92521cbfc122bca41254f.mp3""","""[REDACTED_LOCAL_PATH]\Tony Hidayat\AQ_OpenWorld_Codec_Provenance\tools\gyan_ffmpeg_9.0_full\bin\ffprobe.exe"" -v error -show_entries stream=codec_name,sample_rate,channels,duration,bit_rate:format=format_name,duration,bit_rate -of json ""[REDACTED_LOCAL_PATH]\Tony Hidayat\AQ_OpenWorld_Codec_Provenance\42_bh_derivatives\encoded\cca92521cbfc122bca41254f.mp3""","[REDACTED_LOCAL_PATH]\AppData\Local\CapCut\Apps\7.7.0.3143\ffmpeg.exe -y -hide_banner -i ""[REDACTED_LOCAL_PATH]\Tony Hidayat\AQ_OpenWorld_Codec_Provenance\42_bh_derivatives\encoded\cca92521cbfc122bca41254f.mp3"" -map_metadata -1 -vn -sn -dn -ac 1 -ar 48000 -sample_fmt s16 ""[REDACTED_LOCAL_PATH]\Tony Hidayat\AQ_OpenWorld_Codec_Provenance\42_bh_derivatives\decoded_raw\cca92521cbfc122bca41254f.wav"""
19c998d31db1c7ad3b47ae23,a5e9b6421bc4ca18a3cdb0b75b6d9c07,1580,MP3,libmp3lame,libmp3lame,80,82.736,604c2bd568254d6b82880098e1ca68282965cea41aef2a26ec58adc72bb7a14e,cdbc8f980998f206cdf52e2647939646e0afa64c2e1d1e149184d778b725c157,0,0.9976234636632162,96000,20684,[REDACTED_LOCAL_PATH]\Tony Hidayat\AQ_OpenWorld_Codec_Provenance\42_bh_derivatives\encoded\19c998d31db1c7ad3b47ae23.mp3,[REDACTED_LOCAL_PATH]\Tony Hidayat\AQ_OpenWorld_Codec_Provenance\42_bh_derivatives\decoded_raw\19c998d31db1c7ad3b47ae23.wav,[REDACTED_LOCAL_PATH]\Tony Hidayat\AQ_OpenWorld_Codec_Provenance\42_bh_derivatives\aligned_pcm\19c998d31db1c7ad3b47ae23.wav,AQ2D0BH_DERIV_V1|a5e9b6421bc4ca18a3cdb0b75b6d9c07|MP3|80|libmp3lame|57c56e369d5b4873b4d93fc1a1d833cb7cd8bc9325c14b05c34ce60b22842d8a,0,0,0,mp3,PASS,"""[REDACTED_LOCAL_PATH]\Tony Hidayat\AQ_OpenWorld_Codec_Provenance\tools\gyan_ffmpeg_9.0_full\bin\ffmpeg.exe"" -y -hide_banner -i ""[REDACTED_LOCAL_PATH]\Tony Hidayat\AQ_OpenWorld_Codec_Provenance\39_bh_speech\canonical_selected\1580-141083-0025.wav"" -map_metadata -1 -vn -sn -dn -c:a libmp3lame -b:a 80k ""[REDACTED_LOCAL_PATH]\Tony Hidayat\AQ_OpenWorld_Codec_Provenance\42_bh_derivatives\encoded\19c998d31db1c7ad3b47ae23.mp3""","""[REDACTED_LOCAL_PATH]\Tony Hidayat\AQ_OpenWorld_Codec_Provenance\tools\gyan_ffmpeg_9.0_full\bin\ffprobe.exe"" -v error -show_entries stream=codec_name,sample_rate,channels,duration,bit_rate:format=format_name,duration,bit_rate -of json ""[REDACTED_LOCAL_PATH]\Tony Hidayat\AQ_OpenWorld_Codec_Provenance\42_bh_derivatives\encoded\19c998d31db1c7ad3b47ae23.mp3""","[REDACTED_LOCAL_PATH]\AppData\Local\CapCut\Apps\7.7.0.3143\ffmpeg.exe -y -hide_banner -i ""[REDACTED_LOCAL_PATH]\Tony Hidayat\AQ_OpenWorld_Codec_Provenance\42_bh_derivatives\encoded\19c998d31db1c7ad3b47ae23.mp3"" -map_metadata -1 -vn -sn -dn -ac 1 -ar 48000 -sample_fmt s16 ""[REDACTED_LOCAL_PATH]\Tony Hidayat\AQ_OpenWorld_Codec_Provenance\42_bh_derivatives\decoded_raw\19c998d31db1c7ad3b47ae23.wav"""
26e30bdffb50a4b450b726de,a5e9b6421bc4ca18a3cdb0b75b6d9c07,1580,MP3,libmp3lame,libmp3lame,96,99.248,a1811503b63464b9ab35d18c1b6589de1f77d127b484ce7861f63868e5e2267b,fd6c0c96aa94197e11f84bf4289a68d1cb240fcab970af908dc3be928be74e90,0,0.9994157424766775,96000,24812,[REDACTED_LOCAL_PATH]\Tony Hidayat\AQ_OpenWorld_Codec_Provenance\42_bh_derivatives\encoded\26e30bdffb50a4b450b726de.mp3,[REDACTED_LOCAL_PATH]\Tony Hidayat\AQ_OpenWorld_Codec_Provenance\42_bh_derivatives\decoded_raw\26e30bdffb50a4b450b726de.wav,[REDACTED_LOCAL_PATH]\Tony Hidayat\AQ_OpenWorld_Codec_Provenance\42_bh_derivatives\aligned_pcm\26e30bdffb50a4b450b726de.wav,AQ2D0BH_DERIV_V1|a5e9b6421bc4ca18a3cdb0b75b6d9c07|MP3|96|libmp3lame|57c56e369d5b4873b4d93fc1a1d833cb7cd8bc9325c14b05c34ce60b22842d8a,0,0,0,mp3,PASS,"""[REDACTED_LOCAL_PATH]\Tony Hidayat\AQ_OpenWorld_Codec_Provenance\tools\gyan_ffmpeg_9.0_full\bin\ffmpeg.exe"" -y -hide_banner -i ""[REDACTED_LOCAL_PATH]\Tony Hidayat\AQ_OpenWorld_Codec_Provenance\39_bh_speech\canonical_selected\1580-141083-0025.wav"" -map_metadata -1 -vn -sn -dn -c:a libmp3lame -b:a 96k ""[REDACTED_LOCAL_PATH]\Tony Hidayat\AQ_OpenWorld_Codec_Provenance\42_bh_derivatives\encoded\26e30bdffb50a4b450b726de.mp3""","""[REDACTED_LOCAL_PATH]\Tony Hidayat\AQ_OpenWorld_Codec_Provenance\tools\gyan_ffmpeg_9.0_full\bin\ffprobe.exe"" -v error -show_entries stream=codec_name,sample_rate,channels,duration,bit_rate:format=format_name,duration,bit_rate -of json ""[REDACTED_LOCAL_PATH]\Tony Hidayat\AQ_OpenWorld_Codec_Provenance\42_bh_derivatives\encoded\26e30bdffb50a4b450b726de.mp3""","[REDACTED_LOCAL_PATH]\AppData\Local\CapCut\Apps\7.7.0.3143\ffmpeg.exe -y -hide_banner -i ""[REDACTED_LOCAL_PATH]\Tony Hidayat\AQ_OpenWorld_Codec_Provenance\42_bh_derivatives\encoded\26e30bdffb50a4b450b726de.mp3"" -map_metadata -1 -vn -sn -dn -ac 1 -ar 48000 -sample_fmt s16 ""[REDACTED_LOCAL_PATH]\Tony Hidayat\AQ_OpenWorld_Codec_Provenance\42_bh_derivatives\decoded_raw\26e30bdffb50a4b450b726de.wav"""
41f11e68bc6c8fd077a30015,a5e9b6421bc4ca18a3cdb0b75b6d9c07,1580,MP3,libmp3lame,libmp3lame,128,132.272,475b93ea6440cbb04e49334c6201588a9dcadd4ef990efea1c5d48e6b9a0f409,aeee4913cb8d5a6db73bc1adfc2a8bc4ba1386d499f4572b2a0fe16f94d29f1d,0,0.9999364445554824,96000,33068,[REDACTED_LOCAL_PATH]\Tony Hidayat\AQ_OpenWorld_Codec_Provenance\42_bh_derivatives\encoded\41f11e68bc6c8fd077a30015.mp3,[REDACTED_LOCAL_PATH]\Tony Hidayat\AQ_OpenWorld_Codec_Provenance\42_bh_derivatives\decoded_raw\41f11e68bc6c8fd077a30015.wav,[REDACTED_LOCAL_PATH]\Tony Hidayat\AQ_OpenWorld_Codec_Provenance\42_bh_derivatives\aligned_pcm\41f11e68bc6c8fd077a30015.wav,AQ2D0BH_DERIV_V1|a5e9b6421bc4ca18a3cdb0b75b6d9c07|MP3|128|libmp3lame|57c56e369d5b4873b4d93fc1a1d833cb7cd8bc9325c14b05c34ce60b22842d8a,0,0,0,mp3,PASS,"""[REDACTED_LOCAL_PATH]\Tony Hidayat\AQ_OpenWorld_Codec_Provenance\tools\gyan_ffmpeg_9.0_full\bin\ffmpeg.exe"" -y -hide_banner -i ""[REDACTED_LOCAL_PATH]\Tony Hidayat\AQ_OpenWorld_Codec_Provenance\39_bh_speech\canonical_selected\1580-141083-0025.wav"" -map_metadata -1 -vn -sn -dn -c:a libmp3lame -b:a 128k ""[REDACTED_LOCAL_PATH]\Tony Hidayat\AQ_OpenWorld_Codec_Provenance\42_bh_derivatives\encoded\41f11e68bc6c8fd077a30015.mp3""","""[REDACTED_LOCAL_PATH]\Tony Hidayat\AQ_OpenWorld_Codec_Provenance\tools\gyan_ffmpeg_9.0_full\bin\ffprobe.exe"" -v error -show_entries stream=codec_name,sample_rate,channels,duration,bit_rate:format=format_name,duration,bit_rate -of json ""[REDACTED_LOCAL_PATH]\Tony Hidayat\AQ_OpenWorld_Codec_Provenance\42_bh_derivatives\encoded\41f11e68bc6c8fd077a30015.mp3""","[REDACTED_LOCAL_PATH]\AppData\Local\CapCut\Apps\7.7.0.3143\ffmpeg.exe -y -hide_banner -i ""[REDACTED_LOCAL_PATH]\Tony Hidayat\AQ_OpenWorld_Codec_Provenance\42_bh_derivatives\encoded\41f11e68bc6c8fd077a30015.mp3"" -map_metadata -1 -vn -sn -dn -ac 1 -ar 48000 -sample_fmt s16 ""[REDACTED_LOCAL_PATH]\Tony Hidayat\AQ_OpenWorld_Codec_Provenance\42_bh_derivatives\decoded_raw\41f11e68bc6c8fd077a30015.wav"""
53860387be864e3d2eda064b,a5e9b6421bc4ca18a3cdb0b75b6d9c07,1580,Opus,libopus,libopus,32,33.588,316233c27ef9a4fc7dc48792a93ec26fb6df9919824952dc658cf6b0345d60b8,4fd5e345889d8751d54c6ec810f3c5cf8beb93d6e516d9cafcf769f461024353,0,0.9068064369898674,96000,8397,[REDACTED_LOCAL_PATH]\Tony Hidayat\AQ_OpenWorld_Codec_Provenance\42_bh_derivatives\encoded\53860387be864e3d2eda064b.opus,[REDACTED_LOCAL_PATH]\Tony Hidayat\AQ_OpenWorld_Codec_Provenance\42_bh_derivatives\decoded_raw\53860387be864e3d2eda064b.wav,[REDACTED_LOCAL_PATH]\Tony Hidayat\AQ_OpenWorld_Codec_Provenance\42_bh_derivatives\aligned_pcm\53860387be864e3d2eda064b.wav,AQ2D0BH_DERIV_V1|a5e9b6421bc4ca18a3cdb0b75b6d9c07|Opus|32|libopus|57c56e369d5b4873b4d93fc1a1d833cb7cd8bc9325c14b05c34ce60b22842d8a,0,0,0,opus,PASS,"""[REDACTED_LOCAL_PATH]\Tony Hidayat\AQ_OpenWorld_Codec_Provenance\tools\gyan_ffmpeg_9.0_full\bin\ffmpeg.exe"" -y -hide_banner -i ""[REDACTED_LOCAL_PATH]\Tony Hidayat\AQ_OpenWorld_Codec_Provenance\39_bh_speech\canonical_selected\1580-141083-0025.wav"" -map_metadata -1 -vn -sn -dn -c:a libopus -b:a 32k -vbr off ""[REDACTED_LOCAL_PATH]\Tony Hidayat\AQ_OpenWorld_Codec_Provenance\42_bh_derivatives\encoded\53860387be864e3d2eda064b.opus""","""[REDACTED_LOCAL_PATH]\Tony Hidayat\AQ_OpenWorld_Codec_Provenance\tools\gyan_ffmpeg_9.0_full\bin\ffprobe.exe"" -v error -show_entries stream=codec_name,sample_rate,channels,duration,bit_rate:format=format_name,duration,bit_rate -of json ""[REDACTED_LOCAL_PATH]\Tony Hidayat\AQ_OpenWorld_Codec_Provenance\42_bh_derivatives\encoded\53860387be864e3d2eda064b.opus""","[REDACTED_LOCAL_PATH]\AppData\Local\CapCut\Apps\7.7.0.3143\ffmpeg.exe -y -hide_banner -i ""[REDACTED_LOCAL_PATH]\Tony Hidayat\AQ_OpenWorld_Codec_Provenance\42_bh_derivatives\encoded\53860387be864e3d2eda064b.opus"" -map_metadata -1 -vn -sn -dn -ac 1 -ar 48000 -sample_fmt s16 ""[REDACTED_LOCAL_PATH]\Tony Hidayat\AQ_OpenWorld_Codec_Provenance\42_bh_derivatives\decoded_raw\53860387be864e3d2eda064b.wav"""
14e373e3bcb8657b952e41bb,a5e9b6421bc4ca18a3cdb0b75b6d9c07,1580,Opus,libopus,libopus,80,82.068,b67d60ca53384d6e707e3346ca37c34fa86c01f9f112ae760fe67b85c4b3128d,3893015788892c07b09d7c79dcfa4e9b0a025a45ed26d61b63173b17f37eac88,0,0.9872418921626956,96000,20517,[REDACTED_LOCAL_PATH]\Tony Hidayat\AQ_OpenWorld_Codec_Provenance\42_bh_derivatives\encoded\14e373e3bcb8657b952e41bb.opus,[REDACTED_LOCAL_PATH]\Tony Hidayat\AQ_OpenWorld_Codec_Provenance\42_bh_derivatives\decoded_raw\14e373e3bcb8657b952e41bb.wav,[REDACTED_LOCAL_PATH]\Tony Hidayat\AQ_OpenWorld_Codec_Provenance\42_bh_derivatives\aligned_pcm\14e373e3bcb8657b952e41bb.wav,AQ2D0BH_DERIV_V1|a5e9b6421bc4ca18a3cdb0b75b6d9c07|Opus|80|libopus|57c56e369d5b4873b4d93fc1a1d833cb7cd8bc9325c14b05c34ce60b22842d8a,0,0,0,opus,PASS,"""[REDACTED_LOCAL_PATH]\Tony Hidayat\AQ_OpenWorld_Codec_Provenance\tools\gyan_ffmpeg_9.0_full\bin\ffmpeg.exe"" -y -hide_banner -i ""[REDACTED_LOCAL_PATH]\Tony Hidayat\AQ_OpenWorld_Codec_Provenance\39_bh_speech\canonical_selected\1580-141083-0025.wav"" -map_metadata -1 -vn -sn -dn -c:a libopus -b:a 80k -vbr off ""[REDACTED_LOCAL_PATH]\Tony Hidayat\AQ_OpenWorld_Codec_Provenance\42_bh_derivatives\encoded\14e373e3bcb8657b952e41bb.opus""","""[REDACTED_LOCAL_PATH]\Tony Hidayat\AQ_OpenWorld_Codec_Provenance\tools\gyan_ffmpeg_9.0_full\bin\ffprobe.exe"" -v error -show_entries stream=codec_name,sample_rate,channels,duration,bit_rate:format=format_name,duration,bit_rate -of json ""[REDACTED_LOCAL_PATH]\Tony Hidayat\AQ_OpenWorld_Codec_Provenance\42_bh_derivatives\encoded\14e373e3bcb8657b952e41bb.opus""","[REDACTED_LOCAL_PATH]\AppData\Local\CapCut\Apps\7.7.0.3143\ffmpeg.exe -y -hide_banner -i ""[REDACTED_LOCAL_PATH]\Tony Hidayat\AQ_OpenWorld_Codec_Provenance\42_bh_derivatives\encoded\14e373e3bcb8657b952e41bb.opus"" -map_metadata -1 -vn -sn -dn -ac 1 -ar 48000 -sample_fmt s16 ""[REDACTED_LOCAL_PATH]\Tony Hidayat\AQ_OpenWorld_Codec_Provenance\42_bh_derivatives\decoded_raw\14e373e3bcb8657b952e41bb.wav"""
2b53c36101e3e3e22a5337f0,a5e9b6421bc4ca18a3cdb0b75b6d9c07,1580,Opus,libopus,libopus,96,98.228,337bc89c905c20d82d79ed4d5e74115a1b8bdd750282bed23a159cd76ef469fd,06a1086d2d6ecadfb1a1fc06bb3391e0a7d8c55905803ec0c153ace8143fae4a,0,0.9918107648962861,96000,24557,[REDACTED_LOCAL_PATH]\Tony Hidayat\AQ_OpenWorld_Codec_Provenance\42_bh_derivatives\encoded\2b53c36101e3e3e22a5337f0.opus,[REDACTED_LOCAL_PATH]\Tony Hidayat\AQ_OpenWorld_Codec_Provenance\42_bh_derivatives\decoded_raw\2b53c36101e3e3e22a5337f0.wav,[REDACTED_LOCAL_PATH]\Tony Hidayat\AQ_OpenWorld_Codec_Provenance\42_bh_derivatives\aligned_pcm\2b53c36101e3e3e22a5337f0.wav,AQ2D0BH_DERIV_V1|a5e9b6421bc4ca18a3cdb0b75b6d9c07|Opus|96|libopus|57c56e369d5b4873b4d93fc1a1d833cb7cd8bc9325c14b05c34ce60b22842d8a,0,0,0,opus,PASS,"""[REDACTED_LOCAL_PATH]\Tony Hidayat\AQ_OpenWorld_Codec_Provenance\tools\gyan_ffmpeg_9.0_full\bin\ffmpeg.exe"" -y -hide_banner -i ""[REDACTED_LOCAL_PATH]\Tony Hidayat\AQ_OpenWorld_Codec_Provenance\39_bh_speech\canonical_selected\1580-141083-0025.wav"" -map_metadata -1 -vn -sn -dn -c:a libopus -b:a 96k -vbr off ""[REDACTED_LOCAL_PATH]\Tony Hidayat\AQ_OpenWorld_Codec_Provenance\42_bh_derivatives\encoded\2b53c36101e3e3e22a5337f0.opus""","""[REDACTED_LOCAL_PATH]\Tony Hidayat\AQ_OpenWorld_Codec_Provenance\tools\gyan_ffmpeg_9.0_full\bin\ffprobe.exe"" -v error -show_entries stream=codec_name,sample_rate,channels,duration,bit_rate:format=format_name,duration,bit_rate -of json ""[REDACTED_LOCAL_PATH]\Tony Hidayat\AQ_OpenWorld_Codec_Provenance\42_bh_derivatives\encoded\2b53c36101e3e3e22a5337f0.opus""","[REDACTED_LOCAL_PATH]\AppData\Local\CapCut\Apps\7.7.0.3143\ffmpeg.exe -y -hide_banner -i ""[REDACTED_LOCAL_PATH]\Tony Hidayat\AQ_OpenWorld_Codec_Provenance\42_bh_derivatives\encoded\2b53c36101e3e3e22a5337f0.opus"" -map_metadata -1 -vn -sn -dn -ac 1 -ar 48000 -sample_fmt s16 ""[REDACTED_LOCAL_PATH]\Tony Hidayat\AQ_OpenWorld_Codec_Provenance\42_bh_derivatives\decoded_raw\2b53c36101e3e3e22a5337f0.wav"""
d4a8ad34cd078a1bd7a414c9,a5e9b6421bc4ca18a3cdb0b75b6d9c07,1580,Opus,libopus,libopus,128,130.952,b570b8c58960ee37d41b8844f9fb78d5cf064dcaa7759e903179d06bed6dc8ae,66e4c764ffdb2d0649d57d60c2f1bdcacb1f03b3d59ef69ac9bdd9fbef506802,0,0.9972333129415596,96000,32738,[REDACTED_LOCAL_PATH]\Tony Hidayat\AQ_OpenWorld_Codec_Provenance\42_bh_derivatives\encoded\d4a8ad34cd078a1bd7a414c9.opus,[REDACTED_LOCAL_PATH]\Tony Hidayat\AQ_OpenWorld_Codec_Provenance\42_bh_derivatives\decoded_raw\d4a8ad34cd078a1bd7a414c9.wav,[REDACTED_LOCAL_PATH]\Tony Hidayat\AQ_OpenWorld_Codec_Provenance\42_bh_derivatives\aligned_pcm\d4a8ad34cd078a1bd7a414c9.wav,AQ2D0BH_DERIV_V1|a5e9b6421bc4ca18a3cdb0b75b6d9c07|Opus|128|libopus|57c56e369d5b4873b4d93fc1a1d833cb7cd8bc9325c14b05c34ce60b22842d8a,0,0,0,opus,PASS,"""[REDACTED_LOCAL_PATH]\Tony Hidayat\AQ_OpenWorld_Codec_Provenance\tools\gyan_ffmpeg_9.0_full\bin\ffmpeg.exe"" -y -hide_banner -i ""[REDACTED_LOCAL_PATH]\Tony Hidayat\AQ_OpenWorld_Codec_Provenance\39_bh_speech\canonical_selected\1580-141083-0025.wav"" -map_metadata -1 -vn -sn -dn -c:a libopus -b:a 128k -vbr off ""[REDACTED_LOCAL_PATH]\Tony Hidayat\AQ_OpenWorld_Codec_Provenance\42_bh_derivatives\encoded\d4a8ad34cd078a1bd7a414c9.opus""","""[REDACTED_LOCAL_PATH]\Tony Hidayat\AQ_OpenWorld_Codec_Provenance\tools\gyan_ffmpeg_9.0_full\bin\ffprobe.exe"" -v error -show_entries stream=codec_name,sample_rate,channels,duration,bit_rate:format=format_name,duration,bit_rate -of json ""[REDACTED_LOCAL_PATH]\Tony Hidayat\AQ_OpenWorld_Codec_Provenance\42_bh_derivatives\encoded\d4a8ad34cd078a1bd7a414c9.opus""","[REDACTED_LOCAL_PATH]\AppData\Local\CapCut\Apps\7.7.0.3143\ffmpeg.exe -y -hide_banner -i ""[REDACTED_LOCAL_PATH]\Tony Hidayat\AQ_OpenWorld_Codec_Provenance\42_bh_derivatives\encoded\d4a8ad34cd078a1bd7a414c9.opus"" -map_metadata -1 -vn -sn -dn -ac 1 -ar 48000 -sample_fmt s16 ""[REDACTED_LOCAL_PATH]\Tony Hidayat\AQ_OpenWorld_Codec_Provenance\42_bh_derivatives\decoded_raw\d4a8ad34cd078a1bd7a414c9.wav"""
417d22098a243a046c669363,a9fafeb64ceea248f5b43bc7914e2d5a,3575,AAC,aac,FFmpeg-native AAC,32,36.92,ef136f5537153b4ce1db12785034dcf721bf53407369510e3d6494787597d4e8,b893c40d0c9eb991f1a4fe70f81be6bea2c8ddc5dae053307199285678b06233,0,0.9556184915688194,96000,9230,[REDACTED_LOCAL_PATH]\Tony Hidayat\AQ_OpenWorld_Codec_Provenance\42_bh_derivatives\encoded\417d22098a243a046c669363.m4a,[REDACTED_LOCAL_PATH]\Tony Hidayat\AQ_OpenWorld_Codec_Provenance\42_bh_derivatives\decoded_raw\417d22098a243a046c669363.wav,[REDACTED_LOCAL_PATH]\Tony Hidayat\AQ_OpenWorld_Codec_Provenance\42_bh_derivatives\aligned_pcm\417d22098a243a046c669363.wav,AQ2D0BH_DERIV_V1|a9fafeb64ceea248f5b43bc7914e2d5a|AAC|32|FFmpeg-native AAC|57c56e369d5b4873b4d93fc1a1d833cb7cd8bc9325c14b05c34ce60b22842d8a,0,0,0,aac,PASS,"""[REDACTED_LOCAL_PATH]\Tony Hidayat\AQ_OpenWorld_Codec_Provenance\tools\gyan_ffmpeg_9.0_full\bin\ffmpeg.exe"" -y -hide_banner -i ""[REDACTED_LOCAL_PATH]\Tony Hidayat\AQ_OpenWorld_Codec_Provenance\39_bh_speech\canonical_selected\3575-170457-0034.wav"" -map_metadata -1 -vn -sn -dn -c:a aac -b:a 32k ""[REDACTED_LOCAL_PATH]\Tony Hidayat\AQ_OpenWorld_Codec_Provenance\42_bh_derivatives\encoded\417d22098a243a046c669363.m4a""","""[REDACTED_LOCAL_PATH]\Tony Hidayat\AQ_OpenWorld_Codec_Provenance\tools\gyan_ffmpeg_9.0_full\bin\ffprobe.exe"" -v error -show_entries stream=codec_name,sample_rate,channels,duration,bit_rate:format=format_name,duration,bit_rate -of json ""[REDACTED_LOCAL_PATH]\Tony Hidayat\AQ_OpenWorld_Codec_Provenance\42_bh_derivatives\encoded\417d22098a243a046c669363.m4a""","[REDACTED_LOCAL_PATH]\AppData\Local\CapCut\Apps\7.7.0.3143\ffmpeg.exe -y -hide_banner -i ""[REDACTED_LOCAL_PATH]\Tony Hidayat\AQ_OpenWorld_Codec_Provenance\42_bh_derivatives\encoded\417d22098a243a046c669363.m4a"" -map_metadata -1 -vn -sn -dn -ac 1 -ar 48000 -sample_fmt s16 ""[REDACTED_LOCAL_PATH]\Tony Hidayat\AQ_OpenWorld_Codec_Provenance\42_bh_derivatives\decoded_raw\417d22098a243a046c669363.wav"""
45cb433de82e0a25ab002b9e,a9fafeb64ceea248f5b43bc7914e2d5a,3575,AAC,aac,FFmpeg-native AAC,80,86.128,39abbdf092f85b41417769cfa8f0288e71a828049b139acf186692aaadeb5c44,5b7f5bb086b04e008504b2d00b4c28e1cbb29d30b0f975f80076c6575ea1eaa5,0,0.9988921926570661,96000,21532,[REDACTED_LOCAL_PATH]\Tony Hidayat\AQ_OpenWorld_Codec_Provenance\42_bh_derivatives\encoded\45cb433de82e0a25ab002b9e.m4a,[REDACTED_LOCAL_PATH]\Tony Hidayat\AQ_OpenWorld_Codec_Provenance\42_bh_derivatives\decoded_raw\45cb433de82e0a25ab002b9e.wav,[REDACTED_LOCAL_PATH]\Tony Hidayat\AQ_OpenWorld_Codec_Provenance\42_bh_derivatives\aligned_pcm\45cb433de82e0a25ab002b9e.wav,AQ2D0BH_DERIV_V1|a9fafeb64ceea248f5b43bc7914e2d5a|AAC|80|FFmpeg-native AAC|57c56e369d5b4873b4d93fc1a1d833cb7cd8bc9325c14b05c34ce60b22842d8a,0,0,0,aac,PASS,"""[REDACTED_LOCAL_PATH]\Tony Hidayat\AQ_OpenWorld_Codec_Provenance\tools\gyan_ffmpeg_9.0_full\bin\ffmpeg.exe"" -y -hide_banner -i ""[REDACTED_LOCAL_PATH]\Tony Hidayat\AQ_OpenWorld_Codec_Provenance\39_bh_speech\canonical_selected\3575-170457-0034.wav"" -map_metadata -1 -vn -sn -dn -c:a aac -b:a 80k ""[REDACTED_LOCAL_PATH]\Tony Hidayat\AQ_OpenWorld_Codec_Provenance\42_bh_derivatives\encoded\45cb433de82e0a25ab002b9e.m4a""","""[REDACTED_LOCAL_PATH]\Tony Hidayat\AQ_OpenWorld_Codec_Provenance\tools\gyan_ffmpeg_9.0_full\bin\ffprobe.exe"" -v error -show_entries stream=codec_name,sample_rate,channels,duration,bit_rate:format=format_name,duration,bit_rate -of json ""[REDACTED_LOCAL_PATH]\Tony Hidayat\AQ_OpenWorld_Codec_Provenance\42_bh_derivatives\encoded\45cb433de82e0a25ab002b9e.m4a""","[REDACTED_LOCAL_PATH]\AppData\Local\CapCut\Apps\7.7.0.3143\ffmpeg.exe -y -hide_banner -i ""[REDACTED_LOCAL_PATH]\Tony Hidayat\AQ_OpenWorld_Codec_Provenance\42_bh_derivatives\encoded\45cb433de82e0a25ab002b9e.m4a"" -map_metadata -1 -vn -sn -dn -ac 1 -ar 48000 -sample_fmt s16 ""[REDACTED_LOCAL_PATH]\Tony Hidayat\AQ_OpenWorld_Codec_Provenance\42_bh_derivatives\decoded_raw\45cb433de82e0a25ab002b9e.wav"""
f0cba8d90e7ae0363ca492f0,a9fafeb64ceea248f5b43bc7914e2d5a,3575,AAC,aac,FFmpeg-native AAC,96,102.724,9416b83fa4145d66cbdda3eea812569e5e2f70ddca9f3aba925105b349806478,4b51dc62e863426abef4ebfb60d404640591c27fd51d580e069838a64695236c,0,0.9994185689080819,96000,25681,[REDACTED_LOCAL_PATH]\Tony Hidayat\AQ_OpenWorld_Codec_Provenance\42_bh_derivatives\encoded\f0cba8d90e7ae0363ca492f0.m4a,[REDACTED_LOCAL_PATH]\Tony Hidayat\AQ_OpenWorld_Codec_Provenance\42_bh_derivatives\decoded_raw\f0cba8d90e7ae0363ca492f0.wav,[REDACTED_LOCAL_PATH]\Tony Hidayat\AQ_OpenWorld_Codec_Provenance\42_bh_derivatives\aligned_pcm\f0cba8d90e7ae0363ca492f0.wav,AQ2D0BH_DERIV_V1|a9fafeb64ceea248f5b43bc7914e2d5a|AAC|96|FFmpeg-native AAC|57c56e369d5b4873b4d93fc1a1d833cb7cd8bc9325c14b05c34ce60b22842d8a,0,0,0,aac,PASS,"""[REDACTED_LOCAL_PATH]\Tony Hidayat\AQ_OpenWorld_Codec_Provenance\tools\gyan_ffmpeg_9.0_full\bin\ffmpeg.exe"" -y -hide_banner -i ""[REDACTED_LOCAL_PATH]\Tony Hidayat\AQ_OpenWorld_Codec_Provenance\39_bh_speech\canonical_selected\3575-170457-0034.wav"" -map_metadata -1 -vn -sn -dn -c:a aac -b:a 96k ""[REDACTED_LOCAL_PATH]\Tony Hidayat\AQ_OpenWorld_Codec_Provenance\42_bh_derivatives\encoded\f0cba8d90e7ae0363ca492f0.m4a""","""[REDACTED_LOCAL_PATH]\Tony Hidayat\AQ_OpenWorld_Codec_Provenance\tools\gyan_ffmpeg_9.0_full\bin\ffprobe.exe"" -v error -show_entries stream=codec_name,sample_rate,channels,duration,bit_rate:format=format_name,duration,bit_rate -of json ""[REDACTED_LOCAL_PATH]\Tony Hidayat\AQ_OpenWorld_Codec_Provenance\42_bh_derivatives\encoded\f0cba8d90e7ae0363ca492f0.m4a""","[REDACTED_LOCAL_PATH]\AppData\Local\CapCut\Apps\7.7.0.3143\ffmpeg.exe -y -hide_banner -i ""[REDACTED_LOCAL_PATH]\Tony Hidayat\AQ_OpenWorld_Codec_Provenance\42_bh_derivatives\encoded\f0cba8d90e7ae0363ca492f0.m4a"" -map_metadata -1 -vn -sn -dn -ac 1 -ar 48000 -sample_fmt s16 ""[REDACTED_LOCAL_PATH]\Tony Hidayat\AQ_OpenWorld_Codec_Provenance\42_bh_derivatives\decoded_raw\f0cba8d90e7ae0363ca492f0.wav"""
d3e14620a82aa4e6bfc0791c,a9fafeb64ceea248f5b43bc7914e2d5a,3575,AAC,aac,FFmpeg-native AAC,128,132.34,023216e8c138f9775e4666dbaf47857e2604866a3caa72774af044fa0ecf8a7b,c16d627a4143cd79d683f289827bab40d0ee845a9ac82b50781e1ba04facdcda,0,0.9985330712523606,96000,33085,[REDACTED_LOCAL_PATH]\Tony Hidayat\AQ_OpenWorld_Codec_Provenance\42_bh_derivatives\encoded\d3e14620a82aa4e6bfc0791c.m4a,[REDACTED_LOCAL_PATH]\Tony Hidayat\AQ_OpenWorld_Codec_Provenance\42_bh_derivatives\decoded_raw\d3e14620a82aa4e6bfc0791c.wav,[REDACTED_LOCAL_PATH]\Tony Hidayat\AQ_OpenWorld_Codec_Provenance\42_bh_derivatives\aligned_pcm\d3e14620a82aa4e6bfc0791c.wav,AQ2D0BH_DERIV_V1|a9fafeb64ceea248f5b43bc7914e2d5a|AAC|128|FFmpeg-native AAC|57c56e369d5b4873b4d93fc1a1d833cb7cd8bc9325c14b05c34ce60b22842d8a,0,0,0,aac,PASS,"""[REDACTED_LOCAL_PATH]\Tony Hidayat\AQ_OpenWorld_Codec_Provenance\tools\gyan_ffmpeg_9.0_full\bin\ffmpeg.exe"" -y -hide_banner -i ""[REDACTED_LOCAL_PATH]\Tony Hidayat\AQ_OpenWorld_Codec_Provenance\39_bh_speech\canonical_selected\3575-170457-0034.wav"" -map_metadata -1 -vn -sn -dn -c:a aac -b:a 128k ""[REDACTED_LOCAL_PATH]\Tony Hidayat\AQ_OpenWorld_Codec_Provenance\42_bh_derivatives\encoded\d3e14620a82aa4e6bfc0791c.m4a""","""[REDACTED_LOCAL_PATH]\Tony Hidayat\AQ_OpenWorld_Codec_Provenance\tools\gyan_ffmpeg_9.0_full\bin\ffprobe.exe"" -v error -show_entries stream=codec_name,sample_rate,channels,duration,bit_rate:format=format_name,duration,bit_rate -of json ""[REDACTED_LOCAL_PATH]\Tony Hidayat\AQ_OpenWorld_Codec_Provenance\42_bh_derivatives\encoded\d3e14620a82aa4e6bfc0791c.m4a""","[REDACTED_LOCAL_PATH]\AppData\Local\CapCut\Apps\7.7.0.3143\ffmpeg.exe -y -hide_banner -i ""[REDACTED_LOCAL_PATH]\Tony Hidayat\AQ_OpenWorld_Codec_Provenance\42_bh_derivatives\encoded\d3e14620a82aa4e6bfc0791c.m4a"" -map_metadata -1 -vn -sn -dn -ac 1 -ar 48000 -sample_fmt s16 ""[REDACTED_LOCAL_PATH]\Tony Hidayat\AQ_OpenWorld_Codec_Provenance\42_bh_derivatives\decoded_raw\d3e14620a82aa4e6bfc0791c.wav"""
51f464e17cd402d59581d858,a9fafeb64ceea248f5b43bc7914e2d5a,3575,MP3,libmp3lame,libmp3lame,32,33.584,9d74c786fa30c949cb4797a9d1eca2523ed7e9227d35fcdbcc2b42d81e61deda,af020db206f3cf3d7a2aa1dbddc803c8d08e2c863591833db113c35da7e8270c,0,0.9934710333213194,96000,8396,[REDACTED_LOCAL_PATH]\Tony Hidayat\AQ_OpenWorld_Codec_Provenance\42_bh_derivatives\encoded\51f464e17cd402d59581d858.mp3,[REDACTED_LOCAL_PATH]\Tony Hidayat\AQ_OpenWorld_Codec_Provenance\42_bh_derivatives\decoded_raw\51f464e17cd402d59581d858.wav,[REDACTED_LOCAL_PATH]\Tony Hidayat\AQ_OpenWorld_Codec_Provenance\42_bh_derivatives\aligned_pcm\51f464e17cd402d59581d858.wav,AQ2D0BH_DERIV_V1|a9fafeb64ceea248f5b43bc7914e2d5a|MP3|32|libmp3lame|57c56e369d5b4873b4d93fc1a1d833cb7cd8bc9325c14b05c34ce60b22842d8a,0,0,0,mp3,PASS,"""[REDACTED_LOCAL_PATH]\Tony Hidayat\AQ_OpenWorld_Codec_Provenance\tools\gyan_ffmpeg_9.0_full\bin\ffmpeg.exe"" -y -hide_banner -i ""[REDACTED_LOCAL_PATH]\Tony Hidayat\AQ_OpenWorld_Codec_Provenance\39_bh_speech\canonical_selected\3575-170457-0034.wav"" -map_metadata -1 -vn -sn -dn -c:a libmp3lame -b:a 32k ""[REDACTED_LOCAL_PATH]\Tony Hidayat\AQ_OpenWorld_Codec_Provenance\42_bh_derivatives\encoded\51f464e17cd402d59581d858.mp3""","""[REDACTED_LOCAL_PATH]\Tony Hidayat\AQ_OpenWorld_Codec_Provenance\tools\gyan_ffmpeg_9.0_full\bin\ffprobe.exe"" -v error -show_entries stream=codec_name,sample_rate,channels,duration,bit_rate:format=format_name,duration,bit_rate -of json ""[REDACTED_LOCAL_PATH]\Tony Hidayat\AQ_OpenWorld_Codec_Provenance\42_bh_derivatives\encoded\51f464e17cd402d59581d858.mp3""","[REDACTED_LOCAL_PATH]\AppData\Local\CapCut\Apps\7.7.0.3143\ffmpeg.exe -y -hide_banner -i ""[REDACTED_LOCAL_PATH]\Tony Hidayat\AQ_OpenWorld_Codec_Provenance\42_bh_derivatives\encoded\51f464e17cd402d59581d858.mp3"" -map_metadata -1 -vn -sn -dn -ac 1 -ar 48000 -sample_fmt s16 ""[REDACTED_LOCAL_PATH]\Tony Hidayat\AQ_OpenWorld_Codec_Provenance\42_bh_derivatives\decoded_raw\51f464e17cd402d59581d858.wav"""
4be41b13567d3e3fe4d0948b,a9fafeb64ceea248f5b43bc7914e2d5a,3575,MP3,libmp3lame,libmp3lame,80,82.736,0cb0c2afa3d364dfac6dd90c08a893a3b2ccbb57f7fa3879dc729031770f1e75,09d4d860417d512915126d14b19e83b8ebca94a15b738a6ff94a065d391373ed,0,0.9997864744648776,96000,20684,[REDACTED_LOCAL_PATH]\Tony Hidayat\AQ_OpenWorld_Codec_Provenance\42_bh_derivatives\encoded\4be41b13567d3e3fe4d0948b.mp3,[REDACTED_LOCAL_PATH]\Tony Hidayat\AQ_OpenWorld_Codec_Provenance\42_bh_derivatives\decoded_raw\4be41b13567d3e3fe4d0948b.wav,[REDACTED_LOCAL_PATH]\Tony Hidayat\AQ_OpenWorld_Codec_Provenance\42_bh_derivatives\aligned_pcm\4be41b13567d3e3fe4d0948b.wav,AQ2D0BH_DERIV_V1|a9fafeb64ceea248f5b43bc7914e2d5a|MP3|80|libmp3lame|57c56e369d5b4873b4d93fc1a1d833cb7cd8bc9325c14b05c34ce60b22842d8a,0,0,0,mp3,PASS,"""[REDACTED_LOCAL_PATH]\Tony Hidayat\AQ_OpenWorld_Codec_Provenance\tools\gyan_ffmpeg_9.0_full\bin\ffmpeg.exe"" -y -hide_banner -i ""[REDACTED_LOCAL_PATH]\Tony Hidayat\AQ_OpenWorld_Codec_Provenance\39_bh_speech\canonical_selected\3575-170457-0034.wav"" -map_metadata -1 -vn -sn -dn -c:a libmp3lame -b:a 80k ""[REDACTED_LOCAL_PATH]\Tony Hidayat\AQ_OpenWorld_Codec_Provenance\42_bh_derivatives\encoded\4be41b13567d3e3fe4d0948b.mp3""","""[REDACTED_LOCAL_PATH]\Tony Hidayat\AQ_OpenWorld_Codec_Provenance\tools\gyan_ffmpeg_9.0_full\bin\ffprobe.exe"" -v error -show_entries stream=codec_name,sample_rate,channels,duration,bit_rate:format=format_name,duration,bit_rate -of json ""[REDACTED_LOCAL_PATH]\Tony Hidayat\AQ_OpenWorld_Codec_Provenance\42_bh_derivatives\encoded\4be41b13567d3e3fe4d0948b.mp3""","[REDACTED_LOCAL_PATH]\AppData\Local\CapCut\Apps\7.7.0.3143\ffmpeg.exe -y -hide_banner -i ""[REDACTED_LOCAL_PATH]\Tony Hidayat\AQ_OpenWorld_Codec_Provenance\42_bh_derivatives\encoded\4be41b13567d3e3fe4d0948b.mp3"" -map_metadata -1 -vn -sn -dn -ac 1 -ar 48000 -sample_fmt s16 ""[REDACTED_LOCAL_PATH]\Tony Hidayat\AQ_OpenWorld_Codec_Provenance\42_bh_derivatives\decoded_raw\4be41b13567d3e3fe4d0948b.wav"""
ed3a5872e352d8457eba93ec,a9fafeb64ceea248f5b43bc7914e2d5a,3575,MP3,libmp3lame,libmp3lame,96,99.248,93f9370b3896436dfe90cae631f55df9fd136f3570a03714ec91786f5dff111f,745348281587a3bc5d69cd39b05a55fbab156c0a681556d8d2c71ca71f2c5ef1,0,0.9999275470813453,96000,24812,[REDACTED_LOCAL_PATH]\Tony Hidayat\AQ_OpenWorld_Codec_Provenance\42_bh_derivatives\encoded\ed3a5872e352d8457eba93ec.mp3,[REDACTED_LOCAL_PATH]\Tony Hidayat\AQ_OpenWorld_Codec_Provenance\42_bh_derivatives\decoded_raw\ed3a5872e352d8457eba93ec.wav,[REDACTED_LOCAL_PATH]\Tony Hidayat\AQ_OpenWorld_Codec_Provenance\42_bh_derivatives\aligned_pcm\ed3a5872e352d8457eba93ec.wav,AQ2D0BH_DERIV_V1|a9fafeb64ceea248f5b43bc7914e2d5a|MP3|96|libmp3lame|57c56e369d5b4873b4d93fc1a1d833cb7cd8bc9325c14b05c34ce60b22842d8a,0,0,0,mp3,PASS,"""[REDACTED_LOCAL_PATH]\Tony Hidayat\AQ_OpenWorld_Codec_Provenance\tools\gyan_ffmpeg_9.0_full\bin\ffmpeg.exe"" -y -hide_banner -i ""[REDACTED_LOCAL_PATH]\Tony Hidayat\AQ_OpenWorld_Codec_Provenance\39_bh_speech\canonical_selected\3575-170457-0034.wav"" -map_metadata -1 -vn -sn -dn -c:a libmp3lame -b:a 96k ""[REDACTED_LOCAL_PATH]\Tony Hidayat\AQ_OpenWorld_Codec_Provenance\42_bh_derivatives\encoded\ed3a5872e352d8457eba93ec.mp3""","""[REDACTED_LOCAL_PATH]\Tony Hidayat\AQ_OpenWorld_Codec_Provenance\tools\gyan_ffmpeg_9.0_full\bin\ffprobe.exe"" -v error -show_entries stream=codec_name,sample_rate,channels,duration,bit_rate:format=format_name,duration,bit_rate -of json ""[REDACTED_LOCAL_PATH]\Tony Hidayat\AQ_OpenWorld_Codec_Provenance\42_bh_derivatives\encoded\ed3a5872e352d8457eba93ec.mp3""","[REDACTED_LOCAL_PATH]\AppData\Local\CapCut\Apps\7.7.0.3143\ffmpeg.exe -y -hide_banner -i ""[REDACTED_LOCAL_PATH]\Tony Hidayat\AQ_OpenWorld_Codec_Provenance\42_bh_derivatives\encoded\ed3a5872e352d8457eba93ec.mp3"" -map_metadata -1 -vn -sn -dn -ac 1 -ar 48000 -sample_fmt s16 ""[REDACTED_LOCAL_PATH]\Tony Hidayat\AQ_OpenWorld_Codec_Provenance\42_bh_derivatives\decoded_raw\ed3a5872e352d8457eba93ec.wav"""
5532df4e46c9a46d6963473e,a9fafeb64ceea248f5b43bc7914e2d5a,3575,MP3,libmp3lame,libmp3lame,128,132.272,6dc0cb2830dd1f0a0791e0826ed864704cc686fa0de69c589a077462aa445d5c,af3ba9ff5a3d7b12ce2bd22511227fda50d135a77aead37f15981f4735fcc2bb,0,0.9999944391966613,96000,33068,[REDACTED_LOCAL_PATH]\Tony Hidayat\AQ_OpenWorld_Codec_Provenance\42_bh_derivatives\encoded\5532df4e46c9a46d6963473e.mp3,[REDACTED_LOCAL_PATH]\Tony Hidayat\AQ_OpenWorld_Codec_Provenance\42_bh_derivatives\decoded_raw\5532df4e46c9a46d6963473e.wav,[REDACTED_LOCAL_PATH]\Tony Hidayat\AQ_OpenWorld_Codec_Provenance\42_bh_derivatives\aligned_pcm\5532df4e46c9a46d6963473e.wav,AQ2D0BH_DERIV_V1|a9fafeb64ceea248f5b43bc7914e2d5a|MP3|128|libmp3lame|57c56e369d5b4873b4d93fc1a1d833cb7cd8bc9325c14b05c34ce60b22842d8a,0,0,0,mp3,PASS,"""[REDACTED_LOCAL_PATH]\Tony Hidayat\AQ_OpenWorld_Codec_Provenance\tools\gyan_ffmpeg_9.0_full\bin\ffmpeg.exe"" -y -hide_banner -i ""[REDACTED_LOCAL_PATH]\Tony Hidayat\AQ_OpenWorld_Codec_Provenance\39_bh_speech\canonical_selected\3575-170457-0034.wav"" -map_metadata -1 -vn -sn -dn -c:a libmp3lame -b:a 128k ""[REDACTED_LOCAL_PATH]\Tony Hidayat\AQ_OpenWorld_Codec_Provenance\42_bh_derivatives\encoded\5532df4e46c9a46d6963473e.mp3""","""[REDACTED_LOCAL_PATH]\Tony Hidayat\AQ_OpenWorld_Codec_Provenance\tools\gyan_ffmpeg_9.0_full\bin\ffprobe.exe"" -v error -show_entries stream=codec_name,sample_rate,channels,duration,bit_rate:format=format_name,duration,bit_rate -of json ""[REDACTED_LOCAL_PATH]\Tony Hidayat\AQ_OpenWorld_Codec_Provenance\42_bh_derivatives\encoded\5532df4e46c9a46d6963473e.mp3""","[REDACTED_LOCAL_PATH]\AppData\Local\CapCut\Apps\7.7.0.3143\ffmpeg.exe -y -hide_banner -i ""[REDACTED_LOCAL_PATH]\Tony Hidayat\AQ_OpenWorld_Codec_Provenance\42_bh_derivatives\encoded\5532df4e46c9a46d6963473e.mp3"" -map_metadata -1 -vn -sn -dn -ac 1 -ar 48000 -sample_fmt s16 ""[REDACTED_LOCAL_PATH]\Tony Hidayat\AQ_OpenWorld_Codec_Provenance\42_bh_derivatives\decoded_raw\5532df4e46c9a46d6963473e.wav"""
790f69b5f0775ed45ae7ecc5,a9fafeb64ceea248f5b43bc7914e2d5a,3575,Opus,libopus,libopus,32,33.588,08939c65f4a291b3f282e50d293871b9b82798df457317a9c25e2f9316447169,0d73bd2a2532bad335570a9be02f42ddd9d06c54bca991a7806f2dcfb6010cda,0,0.9927671681103853,96000,8397,[REDACTED_LOCAL_PATH]\Tony Hidayat\AQ_OpenWorld_Codec_Provenance\42_bh_derivatives\encoded\790f69b5f0775ed45ae7ecc5.opus,[REDACTED_LOCAL_PATH]\Tony Hidayat\AQ_OpenWorld_Codec_Provenance\42_bh_derivatives\decoded_raw\790f69b5f0775ed45ae7ecc5.wav,[REDACTED_LOCAL_PATH]\Tony Hidayat\AQ_OpenWorld_Codec_Provenance\42_bh_derivatives\aligned_pcm\790f69b5f0775ed45ae7ecc5.wav,AQ2D0BH_DERIV_V1|a9fafeb64ceea248f5b43bc7914e2d5a|Opus|32|libopus|57c56e369d5b4873b4d93fc1a1d833cb7cd8bc9325c14b05c34ce60b22842d8a,0,0,0,opus,PASS,"""[REDACTED_LOCAL_PATH]\Tony Hidayat\AQ_OpenWorld_Codec_Provenance\tools\gyan_ffmpeg_9.0_full\bin\ffmpeg.exe"" -y -hide_banner -i ""[REDACTED_LOCAL_PATH]\Tony Hidayat\AQ_OpenWorld_Codec_Provenance\39_bh_speech\canonical_selected\3575-170457-0034.wav"" -map_metadata -1 -vn -sn -dn -c:a libopus -b:a 32k -vbr off ""[REDACTED_LOCAL_PATH]\Tony Hidayat\AQ_OpenWorld_Codec_Provenance\42_bh_derivatives\encoded\790f69b5f0775ed45ae7ecc5.opus""","""[REDACTED_LOCAL_PATH]\Tony Hidayat\AQ_OpenWorld_Codec_Provenance\tools\gyan_ffmpeg_9.0_full\bin\ffprobe.exe"" -v error -show_entries stream=codec_name,sample_rate,channels,duration,bit_rate:format=format_name,duration,bit_rate -of json ""[REDACTED_LOCAL_PATH]\Tony Hidayat\AQ_OpenWorld_Codec_Provenance\42_bh_derivatives\encoded\790f69b5f0775ed45ae7ecc5.opus""","[REDACTED_LOCAL_PATH]\AppData\Local\CapCut\Apps\7.7.0.3143\ffmpeg.exe -y -hide_banner -i ""[REDACTED_LOCAL_PATH]\Tony Hidayat\AQ_OpenWorld_Codec_Provenance\42_bh_derivatives\encoded\790f69b5f0775ed45ae7ecc5.opus"" -map_metadata -1 -vn -sn -dn -ac 1 -ar 48000 -sample_fmt s16 ""[REDACTED_LOCAL_PATH]\Tony Hidayat\AQ_OpenWorld_Codec_Provenance\42_bh_derivatives\decoded_raw\790f69b5f0775ed45ae7ecc5.wav"""
50c98458798db19c1b933230,a9fafeb64ceea248f5b43bc7914e2d5a,3575,Opus,libopus,libopus,80,82.068,c0048a7ceed131c5a5eec1ab322c2304d001d95f43279b1edd80722c42a23ec5,1a3b99fbe888ce079894bf9b5cfc070bffa3c718899ef753bfe5c83ee3001a14,0,0.998010904206877,96000,20517,[REDACTED_LOCAL_PATH]\Tony Hidayat\AQ_OpenWorld_Codec_Provenance\42_bh_derivatives\encoded\50c98458798db19c1b933230.opus,[REDACTED_LOCAL_PATH]\Tony Hidayat\AQ_OpenWorld_Codec_Provenance\42_bh_derivatives\decoded_raw\50c98458798db19c1b933230.wav,[REDACTED_LOCAL_PATH]\Tony Hidayat\AQ_OpenWorld_Codec_Provenance\42_bh_derivatives\aligned_pcm\50c98458798db19c1b933230.wav,AQ2D0BH_DERIV_V1|a9fafeb64ceea248f5b43bc7914e2d5a|Opus|80|libopus|57c56e369d5b4873b4d93fc1a1d833cb7cd8bc9325c14b05c34ce60b22842d8a,0,0,0,opus,PASS,"""[REDACTED_LOCAL_PATH]\Tony Hidayat\AQ_OpenWorld_Codec_Provenance\tools\gyan_ffmpeg_9.0_full\bin\ffmpeg.exe"" -y -hide_banner -i ""[REDACTED_LOCAL_PATH]\Tony Hidayat\AQ_OpenWorld_Codec_Provenance\39_bh_speech\canonical_selected\3575-170457-0034.wav"" -map_metadata -1 -vn -sn -dn -c:a libopus -b:a 80k -vbr off ""[REDACTED_LOCAL_PATH]\Tony Hidayat\AQ_OpenWorld_Codec_Provenance\42_bh_derivatives\encoded\50c98458798db19c1b933230.opus""","""[REDACTED_LOCAL_PATH]\Tony Hidayat\AQ_OpenWorld_Codec_Provenance\tools\gyan_ffmpeg_9.0_full\bin\ffprobe.exe"" -v error -show_entries stream=codec_name,sample_rate,channels,duration,bit_rate:format=format_name,duration,bit_rate -of json ""[REDACTED_LOCAL_PATH]\Tony Hidayat\AQ_OpenWorld_Codec_Provenance\42_bh_derivatives\encoded\50c98458798db19c1b933230.opus""","[REDACTED_LOCAL_PATH]\AppData\Local\CapCut\Apps\7.7.0.3143\ffmpeg.exe -y -hide_banner -i ""[REDACTED_LOCAL_PATH]\Tony Hidayat\AQ_OpenWorld_Codec_Provenance\42_bh_derivatives\encoded\50c98458798db19c1b933230.opus"" -map_metadata -1 -vn -sn -dn -ac 1 -ar 48000 -sample_fmt s16 ""[REDACTED_LOCAL_PATH]\Tony Hidayat\AQ_OpenWorld_Codec_Provenance\42_bh_derivatives\decoded_raw\50c98458798db19c1b933230.wav"""
57b2a9ac496821afc331efb1,a9fafeb64ceea248f5b43bc7914e2d5a,3575,Opus,libopus,libopus,96,98.228,dc6df7ce6c188e9eab02abf2c6fbcd53ecdc27046e2e122b5931b913615c4ca5,f005364220a25859aedd73094127745da25b8947376e94c3fc9352ca2a2e2290,0,0.9983103751892161,96000,24557,[REDACTED_LOCAL_PATH]\Tony Hidayat\AQ_OpenWorld_Codec_Provenance\42_bh_derivatives\encoded\57b2a9ac496821afc331efb1.opus,[REDACTED_LOCAL_PATH]\Tony Hidayat\AQ_OpenWorld_Codec_Provenance\42_bh_derivatives\decoded_raw\57b2a9ac496821afc331efb1.wav,[REDACTED_LOCAL_PATH]\Tony Hidayat\AQ_OpenWorld_Codec_Provenance\42_bh_derivatives\aligned_pcm\57b2a9ac496821afc331efb1.wav,AQ2D0BH_DERIV_V1|a9fafeb64ceea248f5b43bc7914e2d5a|Opus|96|libopus|57c56e369d5b4873b4d93fc1a1d833cb7cd8bc9325c14b05c34ce60b22842d8a,0,0,0,opus,PASS,"""[REDACTED_LOCAL_PATH]\Tony Hidayat\AQ_OpenWorld_Codec_Provenance\tools\gyan_ffmpeg_9.0_full\bin\ffmpeg.exe"" -y -hide_banner -i ""[REDACTED_LOCAL_PATH]\Tony Hidayat\AQ_OpenWorld_Codec_Provenance\39_bh_speech\canonical_selected\3575-170457-0034.wav"" -map_metadata -1 -vn -sn -dn -c:a libopus -b:a 96k -vbr off ""[REDACTED_LOCAL_PATH]\Tony Hidayat\AQ_OpenWorld_Codec_Provenance\42_bh_derivatives\encoded\57b2a9ac496821afc331efb1.opus""","""[REDACTED_LOCAL_PATH]\Tony Hidayat\AQ_OpenWorld_Codec_Provenance\tools\gyan_ffmpeg_9.0_full\bin\ffprobe.exe"" -v error -show_entries stream=codec_name,sample_rate,channels,duration,bit_rate:format=format_name,duration,bit_rate -of json ""[REDACTED_LOCAL_PATH]\Tony Hidayat\AQ_OpenWorld_Codec_Provenance\42_bh_derivatives\encoded\57b2a9ac496821afc331efb1.opus""","[REDACTED_LOCAL_PATH]\AppData\Local\CapCut\Apps\7.7.0.3143\ffmpeg.exe -y -hide_banner -i ""[REDACTED_LOCAL_PATH]\Tony Hidayat\AQ_OpenWorld_Codec_Provenance\42_bh_derivatives\encoded\57b2a9ac496821afc331efb1.opus"" -map_metadata -1 -vn -sn -dn -ac 1 -ar 48000 -sample_fmt s16 ""[REDACTED_LOCAL_PATH]\Tony Hidayat\AQ_OpenWorld_Codec_Provenance\42_bh_derivatives\decoded_raw\57b2a9ac496821afc331efb1.wav"""
36ff667c735026152717c832,a9fafeb64ceea248f5b43bc7914e2d5a,3575,Opus,libopus,libopus,128,130.952,222771a94149298aa1cb31ef580a560267af4f87ee118383b7a86646b32979b7,c36b7096da143a075b6b6dc403c48af35946d6a9ff3f79e92ec5cac6d29e6615,0,0.9986118012510891,96000,32738,[REDACTED_LOCAL_PATH]\Tony Hidayat\AQ_OpenWorld_Codec_Provenance\42_bh_derivatives\encoded\36ff667c735026152717c832.opus,[REDACTED_LOCAL_PATH]\Tony Hidayat\AQ_OpenWorld_Codec_Provenance\42_bh_derivatives\decoded_raw\36ff667c735026152717c832.wav,[REDACTED_LOCAL_PATH]\Tony Hidayat\AQ_OpenWorld_Codec_Provenance\42_bh_derivatives\aligned_pcm\36ff667c735026152717c832.wav,AQ2D0BH_DERIV_V1|a9fafeb64ceea248f5b43bc7914e2d5a|Opus|128|libopus|57c56e369d5b4873b4d93fc1a1d833cb7cd8bc9325c14b05c34ce60b22842d8a,0,0,0,opus,PASS,"""[REDACTED_LOCAL_PATH]\Tony Hidayat\AQ_OpenWorld_Codec_Provenance\tools\gyan_ffmpeg_9.0_full\bin\ffmpeg.exe"" -y -hide_banner -i ""[REDACTED_LOCAL_PATH]\Tony Hidayat\AQ_OpenWorld_Codec_Provenance\39_bh_speech\canonical_selected\3575-170457-0034.wav"" -map_metadata -1 -vn -sn -dn -c:a libopus -b:a 128k -vbr off ""[REDACTED_LOCAL_PATH]\Tony Hidayat\AQ_OpenWorld_Codec_Provenance\42_bh_derivatives\encoded\36ff667c735026152717c832.opus""","""[REDACTED_LOCAL_PATH]\Tony Hidayat\AQ_OpenWorld_Codec_Provenance\tools\gyan_ffmpeg_9.0_full\bin\ffprobe.exe"" -v error -show_entries stream=codec_name,sample_rate,channels,duration,bit_rate:format=format_name,duration,bit_rate -of json ""[REDACTED_LOCAL_PATH]\Tony Hidayat\AQ_OpenWorld_Codec_Provenance\42_bh_derivatives\encoded\36ff667c735026152717c832.opus""","[REDACTED_LOCAL_PATH]\AppData\Local\CapCut\Apps\7.7.0.3143\ffmpeg.exe -y -hide_banner -i ""[REDACTED_LOCAL_PATH]\Tony Hidayat\AQ_OpenWorld_Codec_Provenance\42_bh_derivatives\encoded\36ff667c735026152717c832.opus"" -map_metadata -1 -vn -sn -dn -ac 1 -ar 48000 -sample_fmt s16 ""[REDACTED_LOCAL_PATH]\Tony Hidayat\AQ_OpenWorld_Codec_Provenance\42_bh_derivatives\decoded_raw\36ff667c735026152717c832.wav"""
2b4314f922fc58f91a0f5a3b,add103a1708dbc6d498ad65904a2c575,7729,AAC,aac,FFmpeg-native AAC,32,37.04,1f866275fa8c5ad040ee069332b3877f333ce6e55d4e2d4bb38771a71cddb470,6bc7d52540e52131484b73e5da50217bb5a1c4b51150d7b8137ef9ccede47d6b,0,0.943735193919791,96000,9260,[REDACTED_LOCAL_PATH]\Tony Hidayat\AQ_OpenWorld_Codec_Provenance\42_bh_derivatives\encoded\2b4314f922fc58f91a0f5a3b.m4a,[REDACTED_LOCAL_PATH]\Tony Hidayat\AQ_OpenWorld_Codec_Provenance\42_bh_derivatives\decoded_raw\2b4314f922fc58f91a0f5a3b.wav,[REDACTED_LOCAL_PATH]\Tony Hidayat\AQ_OpenWorld_Codec_Provenance\42_bh_derivatives\aligned_pcm\2b4314f922fc58f91a0f5a3b.wav,AQ2D0BH_DERIV_V1|add103a1708dbc6d498ad65904a2c575|AAC|32|FFmpeg-native AAC|57c56e369d5b4873b4d93fc1a1d833cb7cd8bc9325c14b05c34ce60b22842d8a,0,0,0,aac,PASS,"""[REDACTED_LOCAL_PATH]\Tony Hidayat\AQ_OpenWorld_Codec_Provenance\tools\gyan_ffmpeg_9.0_full\bin\ffmpeg.exe"" -y -hide_banner -i ""[REDACTED_LOCAL_PATH]\Tony Hidayat\AQ_OpenWorld_Codec_Provenance\39_bh_speech\canonical_selected\7729-102255-0005.wav"" -map_metadata -1 -vn -sn -dn -c:a aac -b:a 32k ""[REDACTED_LOCAL_PATH]\Tony Hidayat\AQ_OpenWorld_Codec_Provenance\42_bh_derivatives\encoded\2b4314f922fc58f91a0f5a3b.m4a""","""[REDACTED_LOCAL_PATH]\Tony Hidayat\AQ_OpenWorld_Codec_Provenance\tools\gyan_ffmpeg_9.0_full\bin\ffprobe.exe"" -v error -show_entries stream=codec_name,sample_rate,channels,duration,bit_rate:format=format_name,duration,bit_rate -of json ""[REDACTED_LOCAL_PATH]\Tony Hidayat\AQ_OpenWorld_Codec_Provenance\42_bh_derivatives\encoded\2b4314f922fc58f91a0f5a3b.m4a""","[REDACTED_LOCAL_PATH]\AppData\Local\CapCut\Apps\7.7.0.3143\ffmpeg.exe -y -hide_banner -i ""[REDACTED_LOCAL_PATH]\Tony Hidayat\AQ_OpenWorld_Codec_Provenance\42_bh_derivatives\encoded\2b4314f922fc58f91a0f5a3b.m4a"" -map_metadata -1 -vn -sn -dn -ac 1 -ar 48000 -sample_fmt s16 ""[REDACTED_LOCAL_PATH]\Tony Hidayat\AQ_OpenWorld_Codec_Provenance\42_bh_derivatives\decoded_raw\2b4314f922fc58f91a0f5a3b.wav"""
48b758bc30a3f21858c129f1,add103a1708dbc6d498ad65904a2c575,7729,AAC,aac,FFmpeg-native AAC,80,86.548,2bba0765d3e083d878ff8410438ea90b317f58853b9b84fb62fb8350d25c5b35,4735e5573d6520d6ecb6972a3f16d95bd23070c341e8f6eacf0b2e7a369e8fbe,0,0.9971442392081671,96000,21637,[REDACTED_LOCAL_PATH]\Tony Hidayat\AQ_OpenWorld_Codec_Provenance\42_bh_derivatives\encoded\48b758bc30a3f21858c129f1.m4a,[REDACTED_LOCAL_PATH]\Tony Hidayat\AQ_OpenWorld_Codec_Provenance\42_bh_derivatives\decoded_raw\48b758bc30a3f21858c129f1.wav,[REDACTED_LOCAL_PATH]\Tony Hidayat\AQ_OpenWorld_Codec_Provenance\42_bh_derivatives\aligned_pcm\48b758bc30a3f21858c129f1.wav,AQ2D0BH_DERIV_V1|add103a1708dbc6d498ad65904a2c575|AAC|80|FFmpeg-native AAC|57c56e369d5b4873b4d93fc1a1d833cb7cd8bc9325c14b05c34ce60b22842d8a,0,0,0,aac,PASS,"""[REDACTED_LOCAL_PATH]\Tony Hidayat\AQ_OpenWorld_Codec_Provenance\tools\gyan_ffmpeg_9.0_full\bin\ffmpeg.exe"" -y -hide_banner -i ""[REDACTED_LOCAL_PATH]\Tony Hidayat\AQ_OpenWorld_Codec_Provenance\39_bh_speech\canonical_selected\7729-102255-0005.wav"" -map_metadata -1 -vn -sn -dn -c:a aac -b:a 80k ""[REDACTED_LOCAL_PATH]\Tony Hidayat\AQ_OpenWorld_Codec_Provenance\42_bh_derivatives\encoded\48b758bc30a3f21858c129f1.m4a""","""[REDACTED_LOCAL_PATH]\Tony Hidayat\AQ_OpenWorld_Codec_Provenance\tools\gyan_ffmpeg_9.0_full\bin\ffprobe.exe"" -v error -show_entries stream=codec_name,sample_rate,channels,duration,bit_rate:format=format_name,duration,bit_rate -of json ""[REDACTED_LOCAL_PATH]\Tony Hidayat\AQ_OpenWorld_Codec_Provenance\42_bh_derivatives\encoded\48b758bc30a3f21858c129f1.m4a""","[REDACTED_LOCAL_PATH]\AppData\Local\CapCut\Apps\7.7.0.3143\ffmpeg.exe -y -hide_banner -i ""[REDACTED_LOCAL_PATH]\Tony Hidayat\AQ_OpenWorld_Codec_Provenance\42_bh_derivatives\encoded\48b758bc30a3f21858c129f1.m4a"" -map_metadata -1 -vn -sn -dn -ac 1 -ar 48000 -sample_fmt s16 ""[REDACTED_LOCAL_PATH]\Tony Hidayat\AQ_OpenWorld_Codec_Provenance\42_bh_derivatives\decoded_raw\48b758bc30a3f21858c129f1.wav"""
251fd002c162f97f8ccb92d3,add103a1708dbc6d498ad65904a2c575,7729,AAC,aac,FFmpeg-native AAC,96,103.196,ad36a93077e064f9439db3589200063cbf26d0f952755485736eb6d361cf693d,b2825fac45c06b5583f4abb656d87713222eae08f030fa3070f1bd467f8a1afa,0,0.9973391223159987,96000,25799,[REDACTED_LOCAL_PATH]\Tony Hidayat\AQ_OpenWorld_Codec_Provenance\42_bh_derivatives\encoded\251fd002c162f97f8ccb92d3.m4a,[REDACTED_LOCAL_PATH]\Tony Hidayat\AQ_OpenWorld_Codec_Provenance\42_bh_derivatives\decoded_raw\251fd002c162f97f8ccb92d3.wav,[REDACTED_LOCAL_PATH]\Tony Hidayat\AQ_OpenWorld_Codec_Provenance\42_bh_derivatives\aligned_pcm\251fd002c162f97f8ccb92d3.wav,AQ2D0BH_DERIV_V1|add103a1708dbc6d498ad65904a2c575|AAC|96|FFmpeg-native AAC|57c56e369d5b4873b4d93fc1a1d833cb7cd8bc9325c14b05c34ce60b22842d8a,0,0,0,aac,PASS,"""[REDACTED_LOCAL_PATH]\Tony Hidayat\AQ_OpenWorld_Codec_Provenance\tools\gyan_ffmpeg_9.0_full\bin\ffmpeg.exe"" -y -hide_banner -i ""[REDACTED_LOCAL_PATH]\Tony Hidayat\AQ_OpenWorld_Codec_Provenance\39_bh_speech\canonical_selected\7729-102255-0005.wav"" -map_metadata -1 -vn -sn -dn -c:a aac -b:a 96k ""[REDACTED_LOCAL_PATH]\Tony Hidayat\AQ_OpenWorld_Codec_Provenance\42_bh_derivatives\encoded\251fd002c162f97f8ccb92d3.m4a""","""[REDACTED_LOCAL_PATH]\Tony Hidayat\AQ_OpenWorld_Codec_Provenance\tools\gyan_ffmpeg_9.0_full\bin\ffprobe.exe"" -v error -show_entries stream=codec_name,sample_rate,channels,duration,bit_rate:format=format_name,duration,bit_rate -of json ""[REDACTED_LOCAL_PATH]\Tony Hidayat\AQ_OpenWorld_Codec_Provenance\42_bh_derivatives\encoded\251fd002c162f97f8ccb92d3.m4a""","[REDACTED_LOCAL_PATH]\AppData\Local\CapCut\Apps\7.7.0.3143\ffmpeg.exe -y -hide_banner -i ""[REDACTED_LOCAL_PATH]\Tony Hidayat\AQ_OpenWorld_Codec_Provenance\42_bh_derivatives\encoded\251fd002c162f97f8ccb92d3.m4a"" -map_metadata -1 -vn -sn -dn -ac 1 -ar 48000 -sample_fmt s16 ""[REDACTED_LOCAL_PATH]\Tony Hidayat\AQ_OpenWorld_Codec_Provenance\42_bh_derivatives\decoded_raw\251fd002c162f97f8ccb92d3.wav"""
70f69ced67aa4dbfbd0ca4c5,add103a1708dbc6d498ad65904a2c575,7729,AAC,aac,FFmpeg-native AAC,128,136.208,d68b69a3d5704c542fc267056ee8bf33d9582601a4090dc4cf65b96c13b51adf,1611cff875bbf0813f3f3fc91ede626f863708cb762e4d485e3515968253220a,0,0.9984306829920793,96000,34052,[REDACTED_LOCAL_PATH]\Tony Hidayat\AQ_OpenWorld_Codec_Provenance\42_bh_derivatives\encoded\70f69ced67aa4dbfbd0ca4c5.m4a,[REDACTED_LOCAL_PATH]\Tony Hidayat\AQ_OpenWorld_Codec_Provenance\42_bh_derivatives\decoded_raw\70f69ced67aa4dbfbd0ca4c5.wav,[REDACTED_LOCAL_PATH]\Tony Hidayat\AQ_OpenWorld_Codec_Provenance\42_bh_derivatives\aligned_pcm\70f69ced67aa4dbfbd0ca4c5.wav,AQ2D0BH_DERIV_V1|add103a1708dbc6d498ad65904a2c575|AAC|128|FFmpeg-native AAC|57c56e369d5b4873b4d93fc1a1d833cb7cd8bc9325c14b05c34ce60b22842d8a,0,0,0,aac,PASS,"""[REDACTED_LOCAL_PATH]\Tony Hidayat\AQ_OpenWorld_Codec_Provenance\tools\gyan_ffmpeg_9.0_full\bin\ffmpeg.exe"" -y -hide_banner -i ""[REDACTED_LOCAL_PATH]\Tony Hidayat\AQ_OpenWorld_Codec_Provenance\39_bh_speech\canonical_selected\7729-102255-0005.wav"" -map_metadata -1 -vn -sn -dn -c:a aac -b:a 128k ""[REDACTED_LOCAL_PATH]\Tony Hidayat\AQ_OpenWorld_Codec_Provenance\42_bh_derivatives\encoded\70f69ced67aa4dbfbd0ca4c5.m4a""","""[REDACTED_LOCAL_PATH]\Tony Hidayat\AQ_OpenWorld_Codec_Provenance\tools\gyan_ffmpeg_9.0_full\bin\ffprobe.exe"" -v error -show_entries stream=codec_name,sample_rate,channels,duration,bit_rate:format=format_name,duration,bit_rate -of json ""[REDACTED_LOCAL_PATH]\Tony Hidayat\AQ_OpenWorld_Codec_Provenance\42_bh_derivatives\encoded\70f69ced67aa4dbfbd0ca4c5.m4a""","[REDACTED_LOCAL_PATH]\AppData\Local\CapCut\Apps\7.7.0.3143\ffmpeg.exe -y -hide_banner -i ""[REDACTED_LOCAL_PATH]\Tony Hidayat\AQ_OpenWorld_Codec_Provenance\42_bh_derivatives\encoded\70f69ced67aa4dbfbd0ca4c5.m4a"" -map_metadata -1 -vn -sn -dn -ac 1 -ar 48000 -sample_fmt s16 ""[REDACTED_LOCAL_PATH]\Tony Hidayat\AQ_OpenWorld_Codec_Provenance\42_bh_derivatives\decoded_raw\70f69ced67aa4dbfbd0ca4c5.wav"""
7110ef8030aa14592ce349ae,add103a1708dbc6d498ad65904a2c575,7729,MP3,libmp3lame,libmp3lame,32,33.584,42ae97747be7a1c2cc24dd773527bdddc75e6818fb014e1c4dfd47c56c7a106f,e304e1105b77da6fed1e0e792eac14112f206e0fcffc6de0053e554f0d345a25,0,0.9938567970007609,96000,8396,[REDACTED_LOCAL_PATH]\Tony Hidayat\AQ_OpenWorld_Codec_Provenance\42_bh_derivatives\encoded\7110ef8030aa14592ce349ae.mp3,[REDACTED_LOCAL_PATH]\Tony Hidayat\AQ_OpenWorld_Codec_Provenance\42_bh_derivatives\decoded_raw\7110ef8030aa14592ce349ae.wav,[REDACTED_LOCAL_PATH]\Tony Hidayat\AQ_OpenWorld_Codec_Provenance\42_bh_derivatives\aligned_pcm\7110ef8030aa14592ce349ae.wav,AQ2D0BH_DERIV_V1|add103a1708dbc6d498ad65904a2c575|MP3|32|libmp3lame|57c56e369d5b4873b4d93fc1a1d833cb7cd8bc9325c14b05c34ce60b22842d8a,0,0,0,mp3,PASS,"""[REDACTED_LOCAL_PATH]\Tony Hidayat\AQ_OpenWorld_Codec_Provenance\tools\gyan_ffmpeg_9.0_full\bin\ffmpeg.exe"" -y -hide_banner -i ""[REDACTED_LOCAL_PATH]\Tony Hidayat\AQ_OpenWorld_Codec_Provenance\39_bh_speech\canonical_selected\7729-102255-0005.wav"" -map_metadata -1 -vn -sn -dn -c:a libmp3lame -b:a 32k ""[REDACTED_LOCAL_PATH]\Tony Hidayat\AQ_OpenWorld_Codec_Provenance\42_bh_derivatives\encoded\7110ef8030aa14592ce349ae.mp3""","""[REDACTED_LOCAL_PATH]\Tony Hidayat\AQ_OpenWorld_Codec_Provenance\tools\gyan_ffmpeg_9.0_full\bin\ffprobe.exe"" -v error -show_entries stream=codec_name,sample_rate,channels,duration,bit_rate:format=format_name,duration,bit_rate -of json ""[REDACTED_LOCAL_PATH]\Tony Hidayat\AQ_OpenWorld_Codec_Provenance\42_bh_derivatives\encoded\7110ef8030aa14592ce349ae.mp3""","[REDACTED_LOCAL_PATH]\AppData\Local\CapCut\Apps\7.7.0.3143\ffmpeg.exe -y -hide_banner -i ""[REDACTED_LOCAL_PATH]\Tony Hidayat\AQ_OpenWorld_Codec_Provenance\42_bh_derivatives\encoded\7110ef8030aa14592ce349ae.mp3"" -map_metadata -1 -vn -sn -dn -ac 1 -ar 48000 -sample_fmt s16 ""[REDACTED_LOCAL_PATH]\Tony Hidayat\AQ_OpenWorld_Codec_Provenance\42_bh_derivatives\decoded_raw\7110ef8030aa14592ce349ae.wav"""
03b51b6884380045c24214b7,add103a1708dbc6d498ad65904a2c575,7729,MP3,libmp3lame,libmp3lame,80,82.736,42b4921918bc259ccac67a4658323a1ad8efe0c47b8de5d0f301a601605250fa,fac8f0acfafe7467d71011a9e024d4b5390a0701a12e855afd600edbac06ff06,0,0.9999092123028374,96000,20684,[REDACTED_LOCAL_PATH]\Tony Hidayat\AQ_OpenWorld_Codec_Provenance\42_bh_derivatives\encoded\03b51b6884380045c24214b7.mp3,[REDACTED_LOCAL_PATH]\Tony Hidayat\AQ_OpenWorld_Codec_Provenance\42_bh_derivatives\decoded_raw\03b51b6884380045c24214b7.wav,[REDACTED_LOCAL_PATH]\Tony Hidayat\AQ_OpenWorld_Codec_Provenance\42_bh_derivatives\aligned_pcm\03b51b6884380045c24214b7.wav,AQ2D0BH_DERIV_V1|add103a1708dbc6d498ad65904a2c575|MP3|80|libmp3lame|57c56e369d5b4873b4d93fc1a1d833cb7cd8bc9325c14b05c34ce60b22842d8a,0,0,0,mp3,PASS,"""[REDACTED_LOCAL_PATH]\Tony Hidayat\AQ_OpenWorld_Codec_Provenance\tools\gyan_ffmpeg_9.0_full\bin\ffmpeg.exe"" -y -hide_banner -i ""[REDACTED_LOCAL_PATH]\Tony Hidayat\AQ_OpenWorld_Codec_Provenance\39_bh_speech\canonical_selected\7729-102255-0005.wav"" -map_metadata -1 -vn -sn -dn -c:a libmp3lame -b:a 80k ""[REDACTED_LOCAL_PATH]\Tony Hidayat\AQ_OpenWorld_Codec_Provenance\42_bh_derivatives\encoded\03b51b6884380045c24214b7.mp3""","""[REDACTED_LOCAL_PATH]\Tony Hidayat\AQ_OpenWorld_Codec_Provenance\tools\gyan_ffmpeg_9.0_full\bin\ffprobe.exe"" -v error -show_entries stream=codec_name,sample_rate,channels,duration,bit_rate:format=format_name,duration,bit_rate -of json ""[REDACTED_LOCAL_PATH]\Tony Hidayat\AQ_OpenWorld_Codec_Provenance\42_bh_derivatives\encoded\03b51b6884380045c24214b7.mp3""","[REDACTED_LOCAL_PATH]\AppData\Local\CapCut\Apps\7.7.0.3143\ffmpeg.exe -y -hide_banner -i ""[REDACTED_LOCAL_PATH]\Tony Hidayat\AQ_OpenWorld_Codec_Provenance\42_bh_derivatives\encoded\03b51b6884380045c24214b7.mp3"" -map_metadata -1 -vn -sn -dn -ac 1 -ar 48000 -sample_fmt s16 ""[REDACTED_LOCAL_PATH]\Tony Hidayat\AQ_OpenWorld_Codec_Provenance\42_bh_derivatives\decoded_raw\03b51b6884380045c24214b7.wav"""
868f9bf144c8f409b9c30baa,add103a1708dbc6d498ad65904a2c575,7729,MP3,libmp3lame,libmp3lame,96,99.248,b1a128ce9bba8a921eee03ede5a82dceb3c15c5a6a713745476cbd87319e3c2f,1675f02b87fa5cbb3040bfc5f1c07f51121a898fae7275893bdbe14b055accb8,0,0.9999732184017086,96000,24812,[REDACTED_LOCAL_PATH]\Tony Hidayat\AQ_OpenWorld_Codec_Provenance\42_bh_derivatives\encoded\868f9bf144c8f409b9c30baa.mp3,[REDACTED_LOCAL_PATH]\Tony Hidayat\AQ_OpenWorld_Codec_Provenance\42_bh_derivatives\decoded_raw\868f9bf144c8f409b9c30baa.wav,[REDACTED_LOCAL_PATH]\Tony Hidayat\AQ_OpenWorld_Codec_Provenance\42_bh_derivatives\aligned_pcm\868f9bf144c8f409b9c30baa.wav,AQ2D0BH_DERIV_V1|add103a1708dbc6d498ad65904a2c575|MP3|96|libmp3lame|57c56e369d5b4873b4d93fc1a1d833cb7cd8bc9325c14b05c34ce60b22842d8a,0,0,0,mp3,PASS,"""[REDACTED_LOCAL_PATH]\Tony Hidayat\AQ_OpenWorld_Codec_Provenance\tools\gyan_ffmpeg_9.0_full\bin\ffmpeg.exe"" -y -hide_banner -i ""[REDACTED_LOCAL_PATH]\Tony Hidayat\AQ_OpenWorld_Codec_Provenance\39_bh_speech\canonical_selected\7729-102255-0005.wav"" -map_metadata -1 -vn -sn -dn -c:a libmp3lame -b:a 96k ""[REDACTED_LOCAL_PATH]\Tony Hidayat\AQ_OpenWorld_Codec_Provenance\42_bh_derivatives\encoded\868f9bf144c8f409b9c30baa.mp3""","""[REDACTED_LOCAL_PATH]\Tony Hidayat\AQ_OpenWorld_Codec_Provenance\tools\gyan_ffmpeg_9.0_full\bin\ffprobe.exe"" -v error -show_entries stream=codec_name,sample_rate,channels,duration,bit_rate:format=format_name,duration,bit_rate -of json ""[REDACTED_LOCAL_PATH]\Tony Hidayat\AQ_OpenWorld_Codec_Provenance\42_bh_derivatives\encoded\868f9bf144c8f409b9c30baa.mp3""","[REDACTED_LOCAL_PATH]\AppData\Local\CapCut\Apps\7.7.0.3143\ffmpeg.exe -y -hide_banner -i ""[REDACTED_LOCAL_PATH]\Tony Hidayat\AQ_OpenWorld_Codec_Provenance\42_bh_derivatives\encoded\868f9bf144c8f409b9c30baa.mp3"" -map_metadata -1 -vn -sn -dn -ac 1 -ar 48000 -sample_fmt s16 ""[REDACTED_LOCAL_PATH]\Tony Hidayat\AQ_OpenWorld_Codec_Provenance\42_bh_derivatives\decoded_raw\868f9bf144c8f409b9c30baa.wav"""
f34160bdf33a42f48000468c,add103a1708dbc6d498ad65904a2c575,7729,MP3,libmp3lame,libmp3lame,128,132.272,6166e3b6cf01499cde88c2ceec73fb4553d0d498d3379ad61ff813c79309007e,4becf2e40c18ad765d1ead4c8a564361e81da1f35347b57b7380f15f80268d17,0,0.999993538114971,96000,33068,[REDACTED_LOCAL_PATH]\Tony Hidayat\AQ_OpenWorld_Codec_Provenance\42_bh_derivatives\encoded\f34160bdf33a42f48000468c.mp3,[REDACTED_LOCAL_PATH]\Tony Hidayat\AQ_OpenWorld_Codec_Provenance\42_bh_derivatives\decoded_raw\f34160bdf33a42f48000468c.wav,[REDACTED_LOCAL_PATH]\Tony Hidayat\AQ_OpenWorld_Codec_Provenance\42_bh_derivatives\aligned_pcm\f34160bdf33a42f48000468c.wav,AQ2D0BH_DERIV_V1|add103a1708dbc6d498ad65904a2c575|MP3|128|libmp3lame|57c56e369d5b4873b4d93fc1a1d833cb7cd8bc9325c14b05c34ce60b22842d8a,0,0,0,mp3,PASS,"""[REDACTED_LOCAL_PATH]\Tony Hidayat\AQ_OpenWorld_Codec_Provenance\tools\gyan_ffmpeg_9.0_full\bin\ffmpeg.exe"" -y -hide_banner -i ""[REDACTED_LOCAL_PATH]\Tony Hidayat\AQ_OpenWorld_Codec_Provenance\39_bh_speech\canonical_selected\7729-102255-0005.wav"" -map_metadata -1 -vn -sn -dn -c:a libmp3lame -b:a 128k ""[REDACTED_LOCAL_PATH]\Tony Hidayat\AQ_OpenWorld_Codec_Provenance\42_bh_derivatives\encoded\f34160bdf33a42f48000468c.mp3""","""[REDACTED_LOCAL_PATH]\Tony Hidayat\AQ_OpenWorld_Codec_Provenance\tools\gyan_ffmpeg_9.0_full\bin\ffprobe.exe"" -v error -show_entries stream=codec_name,sample_rate,channels,duration,bit_rate:format=format_name,duration,bit_rate -of json ""[REDACTED_LOCAL_PATH]\Tony Hidayat\AQ_OpenWorld_Codec_Provenance\42_bh_derivatives\encoded\f34160bdf33a42f48000468c.mp3""","[REDACTED_LOCAL_PATH]\AppData\Local\CapCut\Apps\7.7.0.3143\ffmpeg.exe -y -hide_banner -i ""[REDACTED_LOCAL_PATH]\Tony Hidayat\AQ_OpenWorld_Codec_Provenance\42_bh_derivatives\encoded\f34160bdf33a42f48000468c.mp3"" -map_metadata -1 -vn -sn -dn -ac 1 -ar 48000 -sample_fmt s16 ""[REDACTED_LOCAL_PATH]\Tony Hidayat\AQ_OpenWorld_Codec_Provenance\42_bh_derivatives\decoded_raw\f34160bdf33a42f48000468c.wav"""
c0d15ac2c77733c3b8f77ec0,add103a1708dbc6d498ad65904a2c575,7729,Opus,libopus,libopus,32,33.588,54dea31365168cb32289d0f96458e3a4a001083074e88ca12d7c8c798941d92e,f3d2779c24807c17cff32cbc0280ab5e13b146e440e3bfa957c8e09090dfa4bd,0,0.99348317674406,96000,8397,[REDACTED_LOCAL_PATH]\Tony Hidayat\AQ_OpenWorld_Codec_Provenance\42_bh_derivatives\encoded\c0d15ac2c77733c3b8f77ec0.opus,[REDACTED_LOCAL_PATH]\Tony Hidayat\AQ_OpenWorld_Codec_Provenance\42_bh_derivatives\decoded_raw\c0d15ac2c77733c3b8f77ec0.wav,[REDACTED_LOCAL_PATH]\Tony Hidayat\AQ_OpenWorld_Codec_Provenance\42_bh_derivatives\aligned_pcm\c0d15ac2c77733c3b8f77ec0.wav,AQ2D0BH_DERIV_V1|add103a1708dbc6d498ad65904a2c575|Opus|32|libopus|57c56e369d5b4873b4d93fc1a1d833cb7cd8bc9325c14b05c34ce60b22842d8a,0,0,0,opus,PASS,"""[REDACTED_LOCAL_PATH]\Tony Hidayat\AQ_OpenWorld_Codec_Provenance\tools\gyan_ffmpeg_9.0_full\bin\ffmpeg.exe"" -y -hide_banner -i ""[REDACTED_LOCAL_PATH]\Tony Hidayat\AQ_OpenWorld_Codec_Provenance\39_bh_speech\canonical_selected\7729-102255-0005.wav"" -map_metadata -1 -vn -sn -dn -c:a libopus -b:a 32k -vbr off ""[REDACTED_LOCAL_PATH]\Tony Hidayat\AQ_OpenWorld_Codec_Provenance\42_bh_derivatives\encoded\c0d15ac2c77733c3b8f77ec0.opus""","""[REDACTED_LOCAL_PATH]\Tony Hidayat\AQ_OpenWorld_Codec_Provenance\tools\gyan_ffmpeg_9.0_full\bin\ffprobe.exe"" -v error -show_entries stream=codec_name,sample_rate,channels,duration,bit_rate:format=format_name,duration,bit_rate -of json ""[REDACTED_LOCAL_PATH]\Tony Hidayat\AQ_OpenWorld_Codec_Provenance\42_bh_derivatives\encoded\c0d15ac2c77733c3b8f77ec0.opus""","[REDACTED_LOCAL_PATH]\AppData\Local\CapCut\Apps\7.7.0.3143\ffmpeg.exe -y -hide_banner -i ""[REDACTED_LOCAL_PATH]\Tony Hidayat\AQ_OpenWorld_Codec_Provenance\42_bh_derivatives\encoded\c0d15ac2c77733c3b8f77ec0.opus"" -map_metadata -1 -vn -sn -dn -ac 1 -ar 48000 -sample_fmt s16 ""[REDACTED_LOCAL_PATH]\Tony Hidayat\AQ_OpenWorld_Codec_Provenance\42_bh_derivatives\decoded_raw\c0d15ac2c77733c3b8f77ec0.wav"""
e992fa60a20d644c2f3decff,add103a1708dbc6d498ad65904a2c575,7729,Opus,libopus,libopus,80,82.068,cbfb36740c1f971febcb1829731178627802892b976fb0d75b5eb73ea56e01e7,a91fc97d27e57f606f5b1dc279c52c58380586609d4a94663d4cce890f861aae,0,0.9985729032973453,96000,20517,[REDACTED_LOCAL_PATH]\Tony Hidayat\AQ_OpenWorld_Codec_Provenance\42_bh_derivatives\encoded\e992fa60a20d644c2f3decff.opus,[REDACTED_LOCAL_PATH]\Tony Hidayat\AQ_OpenWorld_Codec_Provenance\42_bh_derivatives\decoded_raw\e992fa60a20d644c2f3decff.wav,[REDACTED_LOCAL_PATH]\Tony Hidayat\AQ_OpenWorld_Codec_Provenance\42_bh_derivatives\aligned_pcm\e992fa60a20d644c2f3decff.wav,AQ2D0BH_DERIV_V1|add103a1708dbc6d498ad65904a2c575|Opus|80|libopus|57c56e369d5b4873b4d93fc1a1d833cb7cd8bc9325c14b05c34ce60b22842d8a,0,0,0,opus,PASS,"""[REDACTED_LOCAL_PATH]\Tony Hidayat\AQ_OpenWorld_Codec_Provenance\tools\gyan_ffmpeg_9.0_full\bin\ffmpeg.exe"" -y -hide_banner -i ""[REDACTED_LOCAL_PATH]\Tony Hidayat\AQ_OpenWorld_Codec_Provenance\39_bh_speech\canonical_selected\7729-102255-0005.wav"" -map_metadata -1 -vn -sn -dn -c:a libopus -b:a 80k -vbr off ""[REDACTED_LOCAL_PATH]\Tony Hidayat\AQ_OpenWorld_Codec_Provenance\42_bh_derivatives\encoded\e992fa60a20d644c2f3decff.opus""","""[REDACTED_LOCAL_PATH]\Tony Hidayat\AQ_OpenWorld_Codec_Provenance\tools\gyan_ffmpeg_9.0_full\bin\ffprobe.exe"" -v error -show_entries stream=codec_name,sample_rate,channels,duration,bit_rate:format=format_name,duration,bit_rate -of json ""[REDACTED_LOCAL_PATH]\Tony Hidayat\AQ_OpenWorld_Codec_Provenance\42_bh_derivatives\encoded\e992fa60a20d644c2f3decff.opus""","[REDACTED_LOCAL_PATH]\AppData\Local\CapCut\Apps\7.7.0.3143\ffmpeg.exe -y -hide_banner -i ""[REDACTED_LOCAL_PATH]\Tony Hidayat\AQ_OpenWorld_Codec_Provenance\42_bh_derivatives\encoded\e992fa60a20d644c2f3decff.opus"" -map_metadata -1 -vn -sn -dn -ac 1 -ar 48000 -sample_fmt s16 ""[REDACTED_LOCAL_PATH]\Tony Hidayat\AQ_OpenWorld_Codec_Provenance\42_bh_derivatives\decoded_raw\e992fa60a20d644c2f3decff.wav"""
e7240a9fc7f94c5745f776f8,add103a1708dbc6d498ad65904a2c575,7729,Opus,libopus,libopus,96,98.228,17c78230123baeee08cb2488671c23985ce3dd01a7d835324c07fa91be644db6,4aed982c0c6670842038d155d192e82b6237fded66e2b020be9e0f7e383d6ee2,0,0.9989096292865955,96000,24557,[REDACTED_LOCAL_PATH]\Tony Hidayat\AQ_OpenWorld_Codec_Provenance\42_bh_derivatives\encoded\e7240a9fc7f94c5745f776f8.opus,[REDACTED_LOCAL_PATH]\Tony Hidayat\AQ_OpenWorld_Codec_Provenance\42_bh_derivatives\decoded_raw\e7240a9fc7f94c5745f776f8.wav,[REDACTED_LOCAL_PATH]\Tony Hidayat\AQ_OpenWorld_Codec_Provenance\42_bh_derivatives\aligned_pcm\e7240a9fc7f94c5745f776f8.wav,AQ2D0BH_DERIV_V1|add103a1708dbc6d498ad65904a2c575|Opus|96|libopus|57c56e369d5b4873b4d93fc1a1d833cb7cd8bc9325c14b05c34ce60b22842d8a,0,0,0,opus,PASS,"""[REDACTED_LOCAL_PATH]\Tony Hidayat\AQ_OpenWorld_Codec_Provenance\tools\gyan_ffmpeg_9.0_full\bin\ffmpeg.exe"" -y -hide_banner -i ""[REDACTED_LOCAL_PATH]\Tony Hidayat\AQ_OpenWorld_Codec_Provenance\39_bh_speech\canonical_selected\7729-102255-0005.wav"" -map_metadata -1 -vn -sn -dn -c:a libopus -b:a 96k -vbr off ""[REDACTED_LOCAL_PATH]\Tony Hidayat\AQ_OpenWorld_Codec_Provenance\42_bh_derivatives\encoded\e7240a9fc7f94c5745f776f8.opus""","""[REDACTED_LOCAL_PATH]\Tony Hidayat\AQ_OpenWorld_Codec_Provenance\tools\gyan_ffmpeg_9.0_full\bin\ffprobe.exe"" -v error -show_entries stream=codec_name,sample_rate,channels,duration,bit_rate:format=format_name,duration,bit_rate -of json ""[REDACTED_LOCAL_PATH]\Tony Hidayat\AQ_OpenWorld_Codec_Provenance\42_bh_derivatives\encoded\e7240a9fc7f94c5745f776f8.opus""","[REDACTED_LOCAL_PATH]\AppData\Local\CapCut\Apps\7.7.0.3143\ffmpeg.exe -y -hide_banner -i ""[REDACTED_LOCAL_PATH]\Tony Hidayat\AQ_OpenWorld_Codec_Provenance\42_bh_derivatives\encoded\e7240a9fc7f94c5745f776f8.opus"" -map_metadata -1 -vn -sn -dn -ac 1 -ar 48000 -sample_fmt s16 ""[REDACTED_LOCAL_PATH]\Tony Hidayat\AQ_OpenWorld_Codec_Provenance\42_bh_derivatives\decoded_raw\e7240a9fc7f94c5745f776f8.wav"""
ea15e2fb932b40890150e0ea,add103a1708dbc6d498ad65904a2c575,7729,Opus,libopus,libopus,128,130.952,b108a3f36ca384af7fa9c10f52b2789edc1177066c6b2fe9092898406f0508e3,98496cda75a373e3d4d9ceb7af21bc810f5d6e9a1dd0b5b304567b7584aa64ac,0,0.9994947282323837,96000,32738,[REDACTED_LOCAL_PATH]\Tony Hidayat\AQ_OpenWorld_Codec_Provenance\42_bh_derivatives\encoded\ea15e2fb932b40890150e0ea.opus,[REDACTED_LOCAL_PATH]\Tony Hidayat\AQ_OpenWorld_Codec_Provenance\42_bh_derivatives\decoded_raw\ea15e2fb932b40890150e0ea.wav,[REDACTED_LOCAL_PATH]\Tony Hidayat\AQ_OpenWorld_Codec_Provenance\42_bh_derivatives\aligned_pcm\ea15e2fb932b40890150e0ea.wav,AQ2D0BH_DERIV_V1|add103a1708dbc6d498ad65904a2c575|Opus|128|libopus|57c56e369d5b4873b4d93fc1a1d833cb7cd8bc9325c14b05c34ce60b22842d8a,0,0,0,opus,PASS,"""[REDACTED_LOCAL_PATH]\Tony Hidayat\AQ_OpenWorld_Codec_Provenance\tools\gyan_ffmpeg_9.0_full\bin\ffmpeg.exe"" -y -hide_banner -i ""[REDACTED_LOCAL_PATH]\Tony Hidayat\AQ_OpenWorld_Codec_Provenance\39_bh_speech\canonical_selected\7729-102255-0005.wav"" -map_metadata -1 -vn -sn -dn -c:a libopus -b:a 128k -vbr off ""[REDACTED_LOCAL_PATH]\Tony Hidayat\AQ_OpenWorld_Codec_Provenance\42_bh_derivatives\encoded\ea15e2fb932b40890150e0ea.opus""","""[REDACTED_LOCAL_PATH]\Tony Hidayat\AQ_OpenWorld_Codec_Provenance\tools\gyan_ffmpeg_9.0_full\bin\ffprobe.exe"" -v error -show_entries stream=codec_name,sample_rate,channels,duration,bit_rate:format=format_name,duration,bit_rate -of json ""[REDACTED_LOCAL_PATH]\Tony Hidayat\AQ_OpenWorld_Codec_Provenance\42_bh_derivatives\encoded\ea15e2fb932b40890150e0ea.opus""","[REDACTED_LOCAL_PATH]\AppData\Local\CapCut\Apps\7.7.0.3143\ffmpeg.exe -y -hide_banner -i ""[REDACTED_LOCAL_PATH]\Tony Hidayat\AQ_OpenWorld_Codec_Provenance\42_bh_derivatives\encoded\ea15e2fb932b40890150e0ea.opus"" -map_metadata -1 -vn -sn -dn -ac 1 -ar 48000 -sample_fmt s16 ""[REDACTED_LOCAL_PATH]\Tony Hidayat\AQ_OpenWorld_Codec_Provenance\42_bh_derivatives\decoded_raw\ea15e2fb932b40890150e0ea.wav"""
38ceb56c259f074415610917,c1e90697b2fb370c3b32193d5a9b6d1a,6829,AAC,aac,FFmpeg-native AAC,32,36.632,a8b09410c33c733fd27a2630abd873963e11ab9048b6ae7b4d3686f270cd4b61,fb1c6d8d30141f79c637b024408ed759781ce3c550ae76e9ba757c3aa44ffb77,0,0.9593861950896064,96000,9158,[REDACTED_LOCAL_PATH]\Tony Hidayat\AQ_OpenWorld_Codec_Provenance\42_bh_derivatives\encoded\38ceb56c259f074415610917.m4a,[REDACTED_LOCAL_PATH]\Tony Hidayat\AQ_OpenWorld_Codec_Provenance\42_bh_derivatives\decoded_raw\38ceb56c259f074415610917.wav,[REDACTED_LOCAL_PATH]\Tony Hidayat\AQ_OpenWorld_Codec_Provenance\42_bh_derivatives\aligned_pcm\38ceb56c259f074415610917.wav,AQ2D0BH_DERIV_V1|c1e90697b2fb370c3b32193d5a9b6d1a|AAC|32|FFmpeg-native AAC|57c56e369d5b4873b4d93fc1a1d833cb7cd8bc9325c14b05c34ce60b22842d8a,0,0,0,aac,PASS,"""[REDACTED_LOCAL_PATH]\Tony Hidayat\AQ_OpenWorld_Codec_Provenance\tools\gyan_ffmpeg_9.0_full\bin\ffmpeg.exe"" -y -hide_banner -i ""[REDACTED_LOCAL_PATH]\Tony Hidayat\AQ_OpenWorld_Codec_Provenance\39_bh_speech\canonical_selected\6829-68769-0005.wav"" -map_metadata -1 -vn -sn -dn -c:a aac -b:a 32k ""[REDACTED_LOCAL_PATH]\Tony Hidayat\AQ_OpenWorld_Codec_Provenance\42_bh_derivatives\encoded\38ceb56c259f074415610917.m4a""","""[REDACTED_LOCAL_PATH]\Tony Hidayat\AQ_OpenWorld_Codec_Provenance\tools\gyan_ffmpeg_9.0_full\bin\ffprobe.exe"" -v error -show_entries stream=codec_name,sample_rate,channels,duration,bit_rate:format=format_name,duration,bit_rate -of json ""[REDACTED_LOCAL_PATH]\Tony Hidayat\AQ_OpenWorld_Codec_Provenance\42_bh_derivatives\encoded\38ceb56c259f074415610917.m4a""","[REDACTED_LOCAL_PATH]\AppData\Local\CapCut\Apps\7.7.0.3143\ffmpeg.exe -y -hide_banner -i ""[REDACTED_LOCAL_PATH]\Tony Hidayat\AQ_OpenWorld_Codec_Provenance\42_bh_derivatives\encoded\38ceb56c259f074415610917.m4a"" -map_metadata -1 -vn -sn -dn -ac 1 -ar 48000 -sample_fmt s16 ""[REDACTED_LOCAL_PATH]\Tony Hidayat\AQ_OpenWorld_Codec_Provenance\42_bh_derivatives\decoded_raw\38ceb56c259f074415610917.wav"""
12c1002bf7ae4f8dd12a6fad,c1e90697b2fb370c3b32193d5a9b6d1a,6829,AAC,aac,FFmpeg-native AAC,80,86.436,55dd1ae41ca3678b046cb7f6d558fa807eccad4ee7438a351eba1db2696a9600,804db55404b0d360ed7bd9567870f07f3e1c4ae2c90e151fa8573e2e89e323e4,0,0.998715767141627,96000,21609,[REDACTED_LOCAL_PATH]\Tony Hidayat\AQ_OpenWorld_Codec_Provenance\42_bh_derivatives\encoded\12c1002bf7ae4f8dd12a6fad.m4a,[REDACTED_LOCAL_PATH]\Tony Hidayat\AQ_OpenWorld_Codec_Provenance\42_bh_derivatives\decoded_raw\12c1002bf7ae4f8dd12a6fad.wav,[REDACTED_LOCAL_PATH]\Tony Hidayat\AQ_OpenWorld_Codec_Provenance\42_bh_derivatives\aligned_pcm\12c1002bf7ae4f8dd12a6fad.wav,AQ2D0BH_DERIV_V1|c1e90697b2fb370c3b32193d5a9b6d1a|AAC|80|FFmpeg-native AAC|57c56e369d5b4873b4d93fc1a1d833cb7cd8bc9325c14b05c34ce60b22842d8a,0,0,0,aac,PASS,"""[REDACTED_LOCAL_PATH]\Tony Hidayat\AQ_OpenWorld_Codec_Provenance\tools\gyan_ffmpeg_9.0_full\bin\ffmpeg.exe"" -y -hide_banner -i ""[REDACTED_LOCAL_PATH]\Tony Hidayat\AQ_OpenWorld_Codec_Provenance\39_bh_speech\canonical_selected\6829-68769-0005.wav"" -map_metadata -1 -vn -sn -dn -c:a aac -b:a 80k ""[REDACTED_LOCAL_PATH]\Tony Hidayat\AQ_OpenWorld_Codec_Provenance\42_bh_derivatives\encoded\12c1002bf7ae4f8dd12a6fad.m4a""","""[REDACTED_LOCAL_PATH]\Tony Hidayat\AQ_OpenWorld_Codec_Provenance\tools\gyan_ffmpeg_9.0_full\bin\ffprobe.exe"" -v error -show_entries stream=codec_name,sample_rate,channels,duration,bit_rate:format=format_name,duration,bit_rate -of json ""[REDACTED_LOCAL_PATH]\Tony Hidayat\AQ_OpenWorld_Codec_Provenance\42_bh_derivatives\encoded\12c1002bf7ae4f8dd12a6fad.m4a""","[REDACTED_LOCAL_PATH]\AppData\Local\CapCut\Apps\7.7.0.3143\ffmpeg.exe -y -hide_banner -i ""[REDACTED_LOCAL_PATH]\Tony Hidayat\AQ_OpenWorld_Codec_Provenance\42_bh_derivatives\encoded\12c1002bf7ae4f8dd12a6fad.m4a"" -map_metadata -1 -vn -sn -dn -ac 1 -ar 48000 -sample_fmt s16 ""[REDACTED_LOCAL_PATH]\Tony Hidayat\AQ_OpenWorld_Codec_Provenance\42_bh_derivatives\decoded_raw\12c1002bf7ae4f8dd12a6fad.wav"""
756b563346593aded8cd0e98,c1e90697b2fb370c3b32193d5a9b6d1a,6829,AAC,aac,FFmpeg-native AAC,96,102.732,d7f0b0cf45a5654d5c4757340613d5f2cb228e24847d1cf4a16c6c240abf496d,de9885a53ae0d19f246d75714b56279965355625cd459404985ab3d7ebabd3ed,0,0.999157338528741,96000,25683,[REDACTED_LOCAL_PATH]\Tony Hidayat\AQ_OpenWorld_Codec_Provenance\42_bh_derivatives\encoded\756b563346593aded8cd0e98.m4a,[REDACTED_LOCAL_PATH]\Tony Hidayat\AQ_OpenWorld_Codec_Provenance\42_bh_derivatives\decoded_raw\756b563346593aded8cd0e98.wav,[REDACTED_LOCAL_PATH]\Tony Hidayat\AQ_OpenWorld_Codec_Provenance\42_bh_derivatives\aligned_pcm\756b563346593aded8cd0e98.wav,AQ2D0BH_DERIV_V1|c1e90697b2fb370c3b32193d5a9b6d1a|AAC|96|FFmpeg-native AAC|57c56e369d5b4873b4d93fc1a1d833cb7cd8bc9325c14b05c34ce60b22842d8a,0,0,0,aac,PASS,"""[REDACTED_LOCAL_PATH]\Tony Hidayat\AQ_OpenWorld_Codec_Provenance\tools\gyan_ffmpeg_9.0_full\bin\ffmpeg.exe"" -y -hide_banner -i ""[REDACTED_LOCAL_PATH]\Tony Hidayat\AQ_OpenWorld_Codec_Provenance\39_bh_speech\canonical_selected\6829-68769-0005.wav"" -map_metadata -1 -vn -sn -dn -c:a aac -b:a 96k ""[REDACTED_LOCAL_PATH]\Tony Hidayat\AQ_OpenWorld_Codec_Provenance\42_bh_derivatives\encoded\756b563346593aded8cd0e98.m4a""","""[REDACTED_LOCAL_PATH]\Tony Hidayat\AQ_OpenWorld_Codec_Provenance\tools\gyan_ffmpeg_9.0_full\bin\ffprobe.exe"" -v error -show_entries stream=codec_name,sample_rate,channels,duration,bit_rate:format=format_name,duration,bit_rate -of json ""[REDACTED_LOCAL_PATH]\Tony Hidayat\AQ_OpenWorld_Codec_Provenance\42_bh_derivatives\encoded\756b563346593aded8cd0e98.m4a""","[REDACTED_LOCAL_PATH]\AppData\Local\CapCut\Apps\7.7.0.3143\ffmpeg.exe -y -hide_banner -i ""[REDACTED_LOCAL_PATH]\Tony Hidayat\AQ_OpenWorld_Codec_Provenance\42_bh_derivatives\encoded\756b563346593aded8cd0e98.m4a"" -map_metadata -1 -vn -sn -dn -ac 1 -ar 48000 -sample_fmt s16 ""[REDACTED_LOCAL_PATH]\Tony Hidayat\AQ_OpenWorld_Codec_Provenance\42_bh_derivatives\decoded_raw\756b563346593aded8cd0e98.wav"""
726c9f5711620c77b1d8c611,c1e90697b2fb370c3b32193d5a9b6d1a,6829,AAC,aac,FFmpeg-native AAC,128,132.136,f199c68fe4604d654dae00d43b1af4310e9158c473ed2415dc19e709ea1771dd,ec509799819a9682b424a504cc6bebfff8276a9be49e5c9bd506f264266439d1,0,0.9996337346257814,96000,33034,[REDACTED_LOCAL_PATH]\Tony Hidayat\AQ_OpenWorld_Codec_Provenance\42_bh_derivatives\encoded\726c9f5711620c77b1d8c611.m4a,[REDACTED_LOCAL_PATH]\Tony Hidayat\AQ_OpenWorld_Codec_Provenance\42_bh_derivatives\decoded_raw\726c9f5711620c77b1d8c611.wav,[REDACTED_LOCAL_PATH]\Tony Hidayat\AQ_OpenWorld_Codec_Provenance\42_bh_derivatives\aligned_pcm\726c9f5711620c77b1d8c611.wav,AQ2D0BH_DERIV_V1|c1e90697b2fb370c3b32193d5a9b6d1a|AAC|128|FFmpeg-native AAC|57c56e369d5b4873b4d93fc1a1d833cb7cd8bc9325c14b05c34ce60b22842d8a,0,0,0,aac,PASS,"""[REDACTED_LOCAL_PATH]\Tony Hidayat\AQ_OpenWorld_Codec_Provenance\tools\gyan_ffmpeg_9.0_full\bin\ffmpeg.exe"" -y -hide_banner -i ""[REDACTED_LOCAL_PATH]\Tony Hidayat\AQ_OpenWorld_Codec_Provenance\39_bh_speech\canonical_selected\6829-68769-0005.wav"" -map_metadata -1 -vn -sn -dn -c:a aac -b:a 128k ""[REDACTED_LOCAL_PATH]\Tony Hidayat\AQ_OpenWorld_Codec_Provenance\42_bh_derivatives\encoded\726c9f5711620c77b1d8c611.m4a""","""[REDACTED_LOCAL_PATH]\Tony Hidayat\AQ_OpenWorld_Codec_Provenance\tools\gyan_ffmpeg_9.0_full\bin\ffprobe.exe"" -v error -show_entries stream=codec_name,sample_rate,channels,duration,bit_rate:format=format_name,duration,bit_rate -of json ""[REDACTED_LOCAL_PATH]\Tony Hidayat\AQ_OpenWorld_Codec_Provenance\42_bh_derivatives\encoded\726c9f5711620c77b1d8c611.m4a""","[REDACTED_LOCAL_PATH]\AppData\Local\CapCut\Apps\7.7.0.3143\ffmpeg.exe -y -hide_banner -i ""[REDACTED_LOCAL_PATH]\Tony Hidayat\AQ_OpenWorld_Codec_Provenance\42_bh_derivatives\encoded\726c9f5711620c77b1d8c611.m4a"" -map_metadata -1 -vn -sn -dn -ac 1 -ar 48000 -sample_fmt s16 ""[REDACTED_LOCAL_PATH]\Tony Hidayat\AQ_OpenWorld_Codec_Provenance\42_bh_derivatives\decoded_raw\726c9f5711620c77b1d8c611.wav"""
0190eff5e8966dec5437212b,c1e90697b2fb370c3b32193d5a9b6d1a,6829,MP3,libmp3lame,libmp3lame,32,33.584,a4d02dba076737d44748534c0fcc0e37438525d186c278b4432a70b2ae10cdea,4520006fe43635f2d5269da655515ab8eacb914bd9f50f2050859cf9bc121a72,0,0.9889973538171501,96000,8396,[REDACTED_LOCAL_PATH]\Tony Hidayat\AQ_OpenWorld_Codec_Provenance\42_bh_derivatives\encoded\0190eff5e8966dec5437212b.mp3,[REDACTED_LOCAL_PATH]\Tony Hidayat\AQ_OpenWorld_Codec_Provenance\42_bh_derivatives\decoded_raw\0190eff5e8966dec5437212b.wav,[REDACTED_LOCAL_PATH]\Tony Hidayat\AQ_OpenWorld_Codec_Provenance\42_bh_derivatives\aligned_pcm\0190eff5e8966dec5437212b.wav,AQ2D0BH_DERIV_V1|c1e90697b2fb370c3b32193d5a9b6d1a|MP3|32|libmp3lame|57c56e369d5b4873b4d93fc1a1d833cb7cd8bc9325c14b05c34ce60b22842d8a,0,0,0,mp3,PASS,"""[REDACTED_LOCAL_PATH]\Tony Hidayat\AQ_OpenWorld_Codec_Provenance\tools\gyan_ffmpeg_9.0_full\bin\ffmpeg.exe"" -y -hide_banner -i ""[REDACTED_LOCAL_PATH]\Tony Hidayat\AQ_OpenWorld_Codec_Provenance\39_bh_speech\canonical_selected\6829-68769-0005.wav"" -map_metadata -1 -vn -sn -dn -c:a libmp3lame -b:a 32k ""[REDACTED_LOCAL_PATH]\Tony Hidayat\AQ_OpenWorld_Codec_Provenance\42_bh_derivatives\encoded\0190eff5e8966dec5437212b.mp3""","""[REDACTED_LOCAL_PATH]\Tony Hidayat\AQ_OpenWorld_Codec_Provenance\tools\gyan_ffmpeg_9.0_full\bin\ffprobe.exe"" -v error -show_entries stream=codec_name,sample_rate,channels,duration,bit_rate:format=format_name,duration,bit_rate -of json ""[REDACTED_LOCAL_PATH]\Tony Hidayat\AQ_OpenWorld_Codec_Provenance\42_bh_derivatives\encoded\0190eff5e8966dec5437212b.mp3""","[REDACTED_LOCAL_PATH]\AppData\Local\CapCut\Apps\7.7.0.3143\ffmpeg.exe -y -hide_banner -i ""[REDACTED_LOCAL_PATH]\Tony Hidayat\AQ_OpenWorld_Codec_Provenance\42_bh_derivatives\encoded\0190eff5e8966dec5437212b.mp3"" -map_metadata -1 -vn -sn -dn -ac 1 -ar 48000 -sample_fmt s16 ""[REDACTED_LOCAL_PATH]\Tony Hidayat\AQ_OpenWorld_Codec_Provenance\42_bh_derivatives\decoded_raw\0190eff5e8966dec5437212b.wav"""
d27a528a7f8f9c97ccb1e24f,c1e90697b2fb370c3b32193d5a9b6d1a,6829,MP3,libmp3lame,libmp3lame,80,82.736,2b1acf01599bf29d9c6ddf6c613c1dcfe0e9885d65649e96933992c51ab28a06,dbca79a0d8dcd88ecb375aa40764bd95bbe375de3f8b25fe76cb79cb20ef6bfd,0,0.9997668538681835,96000,20684,[REDACTED_LOCAL_PATH]\Tony Hidayat\AQ_OpenWorld_Codec_Provenance\42_bh_derivatives\encoded\d27a528a7f8f9c97ccb1e24f.mp3,[REDACTED_LOCAL_PATH]\Tony Hidayat\AQ_OpenWorld_Codec_Provenance\42_bh_derivatives\decoded_raw\d27a528a7f8f9c97ccb1e24f.wav,[REDACTED_LOCAL_PATH]\Tony Hidayat\AQ_OpenWorld_Codec_Provenance\42_bh_derivatives\aligned_pcm\d27a528a7f8f9c97ccb1e24f.wav,AQ2D0BH_DERIV_V1|c1e90697b2fb370c3b32193d5a9b6d1a|MP3|80|libmp3lame|57c56e369d5b4873b4d93fc1a1d833cb7cd8bc9325c14b05c34ce60b22842d8a,0,0,0,mp3,PASS,"""[REDACTED_LOCAL_PATH]\Tony Hidayat\AQ_OpenWorld_Codec_Provenance\tools\gyan_ffmpeg_9.0_full\bin\ffmpeg.exe"" -y -hide_banner -i ""[REDACTED_LOCAL_PATH]\Tony Hidayat\AQ_OpenWorld_Codec_Provenance\39_bh_speech\canonical_selected\6829-68769-0005.wav"" -map_metadata -1 -vn -sn -dn -c:a libmp3lame -b:a 80k ""[REDACTED_LOCAL_PATH]\Tony Hidayat\AQ_OpenWorld_Codec_Provenance\42_bh_derivatives\encoded\d27a528a7f8f9c97ccb1e24f.mp3""","""[REDACTED_LOCAL_PATH]\Tony Hidayat\AQ_OpenWorld_Codec_Provenance\tools\gyan_ffmpeg_9.0_full\bin\ffprobe.exe"" -v error -show_entries stream=codec_name,sample_rate,channels,duration,bit_rate:format=format_name,duration,bit_rate -of json ""[REDACTED_LOCAL_PATH]\Tony Hidayat\AQ_OpenWorld_Codec_Provenance\42_bh_derivatives\encoded\d27a528a7f8f9c97ccb1e24f.mp3""","[REDACTED_LOCAL_PATH]\AppData\Local\CapCut\Apps\7.7.0.3143\ffmpeg.exe -y -hide_banner -i ""[REDACTED_LOCAL_PATH]\Tony Hidayat\AQ_OpenWorld_Codec_Provenance\42_bh_derivatives\encoded\d27a528a7f8f9c97ccb1e24f.mp3"" -map_metadata -1 -vn -sn -dn -ac 1 -ar 48000 -sample_fmt s16 ""[REDACTED_LOCAL_PATH]\Tony Hidayat\AQ_OpenWorld_Codec_Provenance\42_bh_derivatives\decoded_raw\d27a528a7f8f9c97ccb1e24f.wav"""
1a9bc9f90011c175e34e59c6,c1e90697b2fb370c3b32193d5a9b6d1a,6829,MP3,libmp3lame,libmp3lame,96,99.248,459aa4bfd5c2b9ba6f46d776a5a3ae24ca0691a823e9ae7b5ae9a9653cbcb69c,48c997fa61c93f38a33b53e858f145de4d0eb42a394c3ba44c8010f484bb4b08,0,0.9999279724083082,96000,24812,[REDACTED_LOCAL_PATH]\Tony Hidayat\AQ_OpenWorld_Codec_Provenance\42_bh_derivatives\encoded\1a9bc9f90011c175e34e59c6.mp3,[REDACTED_LOCAL_PATH]\Tony Hidayat\AQ_OpenWorld_Codec_Provenance\42_bh_derivatives\decoded_raw\1a9bc9f90011c175e34e59c6.wav,[REDACTED_LOCAL_PATH]\Tony Hidayat\AQ_OpenWorld_Codec_Provenance\42_bh_derivatives\aligned_pcm\1a9bc9f90011c175e34e59c6.wav,AQ2D0BH_DERIV_V1|c1e90697b2fb370c3b32193d5a9b6d1a|MP3|96|libmp3lame|57c56e369d5b4873b4d93fc1a1d833cb7cd8bc9325c14b05c34ce60b22842d8a,0,0,0,mp3,PASS,"""[REDACTED_LOCAL_PATH]\Tony Hidayat\AQ_OpenWorld_Codec_Provenance\tools\gyan_ffmpeg_9.0_full\bin\ffmpeg.exe"" -y -hide_banner -i ""[REDACTED_LOCAL_PATH]\Tony Hidayat\AQ_OpenWorld_Codec_Provenance\39_bh_speech\canonical_selected\6829-68769-0005.wav"" -map_metadata -1 -vn -sn -dn -c:a libmp3lame -b:a 96k ""[REDACTED_LOCAL_PATH]\Tony Hidayat\AQ_OpenWorld_Codec_Provenance\42_bh_derivatives\encoded\1a9bc9f90011c175e34e59c6.mp3""","""[REDACTED_LOCAL_PATH]\Tony Hidayat\AQ_OpenWorld_Codec_Provenance\tools\gyan_ffmpeg_9.0_full\bin\ffprobe.exe"" -v error -show_entries stream=codec_name,sample_rate,channels,duration,bit_rate:format=format_name,duration,bit_rate -of json ""[REDACTED_LOCAL_PATH]\Tony Hidayat\AQ_OpenWorld_Codec_Provenance\42_bh_derivatives\encoded\1a9bc9f90011c175e34e59c6.mp3""","[REDACTED_LOCAL_PATH]\AppData\Local\CapCut\Apps\7.7.0.3143\ffmpeg.exe -y -hide_banner -i ""[REDACTED_LOCAL_PATH]\Tony Hidayat\AQ_OpenWorld_Codec_Provenance\42_bh_derivatives\encoded\1a9bc9f90011c175e34e59c6.mp3"" -map_metadata -1 -vn -sn -dn -ac 1 -ar 48000 -sample_fmt s16 ""[REDACTED_LOCAL_PATH]\Tony Hidayat\AQ_OpenWorld_Codec_Provenance\42_bh_derivatives\decoded_raw\1a9bc9f90011c175e34e59c6.wav"""
1e2f6dd06e8d3f029d7f542d,c1e90697b2fb370c3b32193d5a9b6d1a,6829,MP3,libmp3lame,libmp3lame,128,132.272,2cfdcfccfb0125e7533f4349c4e01397614a6e7f084241908f71f8bd5599473b,e3554c209c28860a900d3ada1b8ec85eff6792055c948e61ef7309353816d60b,0,0.9999895785899282,96000,33068,[REDACTED_LOCAL_PATH]\Tony Hidayat\AQ_OpenWorld_Codec_Provenance\42_bh_derivatives\encoded\1e2f6dd06e8d3f029d7f542d.mp3,[REDACTED_LOCAL_PATH]\Tony Hidayat\AQ_OpenWorld_Codec_Provenance\42_bh_derivatives\decoded_raw\1e2f6dd06e8d3f029d7f542d.wav,[REDACTED_LOCAL_PATH]\Tony Hidayat\AQ_OpenWorld_Codec_Provenance\42_bh_derivatives\aligned_pcm\1e2f6dd06e8d3f029d7f542d.wav,AQ2D0BH_DERIV_V1|c1e90697b2fb370c3b32193d5a9b6d1a|MP3|128|libmp3lame|57c56e369d5b4873b4d93fc1a1d833cb7cd8bc9325c14b05c34ce60b22842d8a,0,0,0,mp3,PASS,"""[REDACTED_LOCAL_PATH]\Tony Hidayat\AQ_OpenWorld_Codec_Provenance\tools\gyan_ffmpeg_9.0_full\bin\ffmpeg.exe"" -y -hide_banner -i ""[REDACTED_LOCAL_PATH]\Tony Hidayat\AQ_OpenWorld_Codec_Provenance\39_bh_speech\canonical_selected\6829-68769-0005.wav"" -map_metadata -1 -vn -sn -dn -c:a libmp3lame -b:a 128k ""[REDACTED_LOCAL_PATH]\Tony Hidayat\AQ_OpenWorld_Codec_Provenance\42_bh_derivatives\encoded\1e2f6dd06e8d3f029d7f542d.mp3""","""[REDACTED_LOCAL_PATH]\Tony Hidayat\AQ_OpenWorld_Codec_Provenance\tools\gyan_ffmpeg_9.0_full\bin\ffprobe.exe"" -v error -show_entries stream=codec_name,sample_rate,channels,duration,bit_rate:format=format_name,duration,bit_rate -of json ""[REDACTED_LOCAL_PATH]\Tony Hidayat\AQ_OpenWorld_Codec_Provenance\42_bh_derivatives\encoded\1e2f6dd06e8d3f029d7f542d.mp3""","[REDACTED_LOCAL_PATH]\AppData\Local\CapCut\Apps\7.7.0.3143\ffmpeg.exe -y -hide_banner -i ""[REDACTED_LOCAL_PATH]\Tony Hidayat\AQ_OpenWorld_Codec_Provenance\42_bh_derivatives\encoded\1e2f6dd06e8d3f029d7f542d.mp3"" -map_metadata -1 -vn -sn -dn -ac 1 -ar 48000 -sample_fmt s16 ""[REDACTED_LOCAL_PATH]\Tony Hidayat\AQ_OpenWorld_Codec_Provenance\42_bh_derivatives\decoded_raw\1e2f6dd06e8d3f029d7f542d.wav"""
8fd4739fc388679962b0e515,c1e90697b2fb370c3b32193d5a9b6d1a,6829,Opus,libopus,libopus,32,33.588,8415babb0152488fc8539deb67a7c87d45ce2555982fb080a953f1db5edd85b2,c50a1d8682823e5c6bb7ab06ca0ecbcdf25c91625711f29d4dddcbda7cb5e75e,0,0.991131201537806,96000,8397,[REDACTED_LOCAL_PATH]\Tony Hidayat\AQ_OpenWorld_Codec_Provenance\42_bh_derivatives\encoded\8fd4739fc388679962b0e515.opus,[REDACTED_LOCAL_PATH]\Tony Hidayat\AQ_OpenWorld_Codec_Provenance\42_bh_derivatives\decoded_raw\8fd4739fc388679962b0e515.wav,[REDACTED_LOCAL_PATH]\Tony Hidayat\AQ_OpenWorld_Codec_Provenance\42_bh_derivatives\aligned_pcm\8fd4739fc388679962b0e515.wav,AQ2D0BH_DERIV_V1|c1e90697b2fb370c3b32193d5a9b6d1a|Opus|32|libopus|57c56e369d5b4873b4d93fc1a1d833cb7cd8bc9325c14b05c34ce60b22842d8a,0,0,0,opus,PASS,"""[REDACTED_LOCAL_PATH]\Tony Hidayat\AQ_OpenWorld_Codec_Provenance\tools\gyan_ffmpeg_9.0_full\bin\ffmpeg.exe"" -y -hide_banner -i ""[REDACTED_LOCAL_PATH]\Tony Hidayat\AQ_OpenWorld_Codec_Provenance\39_bh_speech\canonical_selected\6829-68769-0005.wav"" -map_metadata -1 -vn -sn -dn -c:a libopus -b:a 32k -vbr off ""[REDACTED_LOCAL_PATH]\Tony Hidayat\AQ_OpenWorld_Codec_Provenance\42_bh_derivatives\encoded\8fd4739fc388679962b0e515.opus""","""[REDACTED_LOCAL_PATH]\Tony Hidayat\AQ_OpenWorld_Codec_Provenance\tools\gyan_ffmpeg_9.0_full\bin\ffprobe.exe"" -v error -show_entries stream=codec_name,sample_rate,channels,duration,bit_rate:format=format_name,duration,bit_rate -of json ""[REDACTED_LOCAL_PATH]\Tony Hidayat\AQ_OpenWorld_Codec_Provenance\42_bh_derivatives\encoded\8fd4739fc388679962b0e515.opus""","[REDACTED_LOCAL_PATH]\AppData\Local\CapCut\Apps\7.7.0.3143\ffmpeg.exe -y -hide_banner -i ""[REDACTED_LOCAL_PATH]\Tony Hidayat\AQ_OpenWorld_Codec_Provenance\42_bh_derivatives\encoded\8fd4739fc388679962b0e515.opus"" -map_metadata -1 -vn -sn -dn -ac 1 -ar 48000 -sample_fmt s16 ""[REDACTED_LOCAL_PATH]\Tony Hidayat\AQ_OpenWorld_Codec_Provenance\42_bh_derivatives\decoded_raw\8fd4739fc388679962b0e515.wav"""
228f001806fb3c45f16de7a5,c1e90697b2fb370c3b32193d5a9b6d1a,6829,Opus,libopus,libopus,80,82.068,c63b799363a4d5f8c0c5b3c25cfd44a7508e1d0218c7be44c5d56f39f8fa01cf,3284c6325b8d9e72a5832f52c8943dab047decadd796e81f801a583de0363137,0,0.9987035157275448,96000,20517,[REDACTED_LOCAL_PATH]\Tony Hidayat\AQ_OpenWorld_Codec_Provenance\42_bh_derivatives\encoded\228f001806fb3c45f16de7a5.opus,[REDACTED_LOCAL_PATH]\Tony Hidayat\AQ_OpenWorld_Codec_Provenance\42_bh_derivatives\decoded_raw\228f001806fb3c45f16de7a5.wav,[REDACTED_LOCAL_PATH]\Tony Hidayat\AQ_OpenWorld_Codec_Provenance\42_bh_derivatives\aligned_pcm\228f001806fb3c45f16de7a5.wav,AQ2D0BH_DERIV_V1|c1e90697b2fb370c3b32193d5a9b6d1a|Opus|80|libopus|57c56e369d5b4873b4d93fc1a1d833cb7cd8bc9325c14b05c34ce60b22842d8a,0,0,0,opus,PASS,"""[REDACTED_LOCAL_PATH]\Tony Hidayat\AQ_OpenWorld_Codec_Provenance\tools\gyan_ffmpeg_9.0_full\bin\ffmpeg.exe"" -y -hide_banner -i ""[REDACTED_LOCAL_PATH]\Tony Hidayat\AQ_OpenWorld_Codec_Provenance\39_bh_speech\canonical_selected\6829-68769-0005.wav"" -map_metadata -1 -vn -sn -dn -c:a libopus -b:a 80k -vbr off ""[REDACTED_LOCAL_PATH]\Tony Hidayat\AQ_OpenWorld_Codec_Provenance\42_bh_derivatives\encoded\228f001806fb3c45f16de7a5.opus""","""[REDACTED_LOCAL_PATH]\Tony Hidayat\AQ_OpenWorld_Codec_Provenance\tools\gyan_ffmpeg_9.0_full\bin\ffprobe.exe"" -v error -show_entries stream=codec_name,sample_rate,channels,duration,bit_rate:format=format_name,duration,bit_rate -of json ""[REDACTED_LOCAL_PATH]\Tony Hidayat\AQ_OpenWorld_Codec_Provenance\42_bh_derivatives\encoded\228f001806fb3c45f16de7a5.opus""","[REDACTED_LOCAL_PATH]\AppData\Local\CapCut\Apps\7.7.0.3143\ffmpeg.exe -y -hide_banner -i ""[REDACTED_LOCAL_PATH]\Tony Hidayat\AQ_OpenWorld_Codec_Provenance\42_bh_derivatives\encoded\228f001806fb3c45f16de7a5.opus"" -map_metadata -1 -vn -sn -dn -ac 1 -ar 48000 -sample_fmt s16 ""[REDACTED_LOCAL_PATH]\Tony Hidayat\AQ_OpenWorld_Codec_Provenance\42_bh_derivatives\decoded_raw\228f001806fb3c45f16de7a5.wav"""
d4592c3fb3bf5aaf7323aa37,c1e90697b2fb370c3b32193d5a9b6d1a,6829,Opus,libopus,libopus,96,98.228,23d6f66fa1ed9a8dc14ad920c1b9f345c33274df01882f6980db7093608f9401,e7c4ecd03ae966cae4a6facd65e8ee3ed3c2b23b0a0948ce22fa2d5a076d6c51,0,0.9989169339048238,96000,24557,[REDACTED_LOCAL_PATH]\Tony Hidayat\AQ_OpenWorld_Codec_Provenance\42_bh_derivatives\encoded\d4592c3fb3bf5aaf7323aa37.opus,[REDACTED_LOCAL_PATH]\Tony Hidayat\AQ_OpenWorld_Codec_Provenance\42_bh_derivatives\decoded_raw\d4592c3fb3bf5aaf7323aa37.wav,[REDACTED_LOCAL_PATH]\Tony Hidayat\AQ_OpenWorld_Codec_Provenance\42_bh_derivatives\aligned_pcm\d4592c3fb3bf5aaf7323aa37.wav,AQ2D0BH_DERIV_V1|c1e90697b2fb370c3b32193d5a9b6d1a|Opus|96|libopus|57c56e369d5b4873b4d93fc1a1d833cb7cd8bc9325c14b05c34ce60b22842d8a,0,0,0,opus,PASS,"""[REDACTED_LOCAL_PATH]\Tony Hidayat\AQ_OpenWorld_Codec_Provenance\tools\gyan_ffmpeg_9.0_full\bin\ffmpeg.exe"" -y -hide_banner -i ""[REDACTED_LOCAL_PATH]\Tony Hidayat\AQ_OpenWorld_Codec_Provenance\39_bh_speech\canonical_selected\6829-68769-0005.wav"" -map_metadata -1 -vn -sn -dn -c:a libopus -b:a 96k -vbr off ""[REDACTED_LOCAL_PATH]\Tony Hidayat\AQ_OpenWorld_Codec_Provenance\42_bh_derivatives\encoded\d4592c3fb3bf5aaf7323aa37.opus""","""[REDACTED_LOCAL_PATH]\Tony Hidayat\AQ_OpenWorld_Codec_Provenance\tools\gyan_ffmpeg_9.0_full\bin\ffprobe.exe"" -v error -show_entries stream=codec_name,sample_rate,channels,duration,bit_rate:format=format_name,duration,bit_rate -of json ""[REDACTED_LOCAL_PATH]\Tony Hidayat\AQ_OpenWorld_Codec_Provenance\42_bh_derivatives\encoded\d4592c3fb3bf5aaf7323aa37.opus""","[REDACTED_LOCAL_PATH]\AppData\Local\CapCut\Apps\7.7.0.3143\ffmpeg.exe -y -hide_banner -i ""[REDACTED_LOCAL_PATH]\Tony Hidayat\AQ_OpenWorld_Codec_Provenance\42_bh_derivatives\encoded\d4592c3fb3bf5aaf7323aa37.opus"" -map_metadata -1 -vn -sn -dn -ac 1 -ar 48000 -sample_fmt s16 ""[REDACTED_LOCAL_PATH]\Tony Hidayat\AQ_OpenWorld_Codec_Provenance\42_bh_derivatives\decoded_raw\d4592c3fb3bf5aaf7323aa37.wav"""
529eb5f16b21b98664afb8ab,c1e90697b2fb370c3b32193d5a9b6d1a,6829,Opus,libopus,libopus,128,130.952,010ad31bfd404348fb16fa6f03aff3f17a4128f05ea1df65c63d78cb67c037a0,57e09190802d8ca5618c412896c23bdc518ffffb0b53c0987762e39c1091470b,0,0.9994811756508625,96000,32738,[REDACTED_LOCAL_PATH]\Tony Hidayat\AQ_OpenWorld_Codec_Provenance\42_bh_derivatives\encoded\529eb5f16b21b98664afb8ab.opus,[REDACTED_LOCAL_PATH]\Tony Hidayat\AQ_OpenWorld_Codec_Provenance\42_bh_derivatives\decoded_raw\529eb5f16b21b98664afb8ab.wav,[REDACTED_LOCAL_PATH]\Tony Hidayat\AQ_OpenWorld_Codec_Provenance\42_bh_derivatives\aligned_pcm\529eb5f16b21b98664afb8ab.wav,AQ2D0BH_DERIV_V1|c1e90697b2fb370c3b32193d5a9b6d1a|Opus|128|libopus|57c56e369d5b4873b4d93fc1a1d833cb7cd8bc9325c14b05c34ce60b22842d8a,0,0,0,opus,PASS,"""[REDACTED_LOCAL_PATH]\Tony Hidayat\AQ_OpenWorld_Codec_Provenance\tools\gyan_ffmpeg_9.0_full\bin\ffmpeg.exe"" -y -hide_banner -i ""[REDACTED_LOCAL_PATH]\Tony Hidayat\AQ_OpenWorld_Codec_Provenance\39_bh_speech\canonical_selected\6829-68769-0005.wav"" -map_metadata -1 -vn -sn -dn -c:a libopus -b:a 128k -vbr off ""[REDACTED_LOCAL_PATH]\Tony Hidayat\AQ_OpenWorld_Codec_Provenance\42_bh_derivatives\encoded\529eb5f16b21b98664afb8ab.opus""","""[REDACTED_LOCAL_PATH]\Tony Hidayat\AQ_OpenWorld_Codec_Provenance\tools\gyan_ffmpeg_9.0_full\bin\ffprobe.exe"" -v error -show_entries stream=codec_name,sample_rate,channels,duration,bit_rate:format=format_name,duration,bit_rate -of json ""[REDACTED_LOCAL_PATH]\Tony Hidayat\AQ_OpenWorld_Codec_Provenance\42_bh_derivatives\encoded\529eb5f16b21b98664afb8ab.opus""","[REDACTED_LOCAL_PATH]\AppData\Local\CapCut\Apps\7.7.0.3143\ffmpeg.exe -y -hide_banner -i ""[REDACTED_LOCAL_PATH]\Tony Hidayat\AQ_OpenWorld_Codec_Provenance\42_bh_derivatives\encoded\529eb5f16b21b98664afb8ab.opus"" -map_metadata -1 -vn -sn -dn -ac 1 -ar 48000 -sample_fmt s16 ""[REDACTED_LOCAL_PATH]\Tony Hidayat\AQ_OpenWorld_Codec_Provenance\42_bh_derivatives\decoded_raw\529eb5f16b21b98664afb8ab.wav"""
fdd1f516f4733b54140bff16,c6b393a72c2bb059a9a651815f228fad,121,AAC,aac,FFmpeg-native AAC,32,34.152,7760d9689fd029895a9c9428d230b1bef03b540f51e1640ce019243bc74b92b4,89125aa15aabddd0ec9cf27fb7d77635bd59142be78c9b395ec427d0cececefb,0,0.9791077046325595,96000,8538,[REDACTED_LOCAL_PATH]\Tony Hidayat\AQ_OpenWorld_Codec_Provenance\42_bh_derivatives\encoded\fdd1f516f4733b54140bff16.m4a,[REDACTED_LOCAL_PATH]\Tony Hidayat\AQ_OpenWorld_Codec_Provenance\42_bh_derivatives\decoded_raw\fdd1f516f4733b54140bff16.wav,[REDACTED_LOCAL_PATH]\Tony Hidayat\AQ_OpenWorld_Codec_Provenance\42_bh_derivatives\aligned_pcm\fdd1f516f4733b54140bff16.wav,AQ2D0BH_DERIV_V1|c6b393a72c2bb059a9a651815f228fad|AAC|32|FFmpeg-native AAC|57c56e369d5b4873b4d93fc1a1d833cb7cd8bc9325c14b05c34ce60b22842d8a,0,0,0,aac,PASS,"""[REDACTED_LOCAL_PATH]\Tony Hidayat\AQ_OpenWorld_Codec_Provenance\tools\gyan_ffmpeg_9.0_full\bin\ffmpeg.exe"" -y -hide_banner -i ""[REDACTED_LOCAL_PATH]\Tony Hidayat\AQ_OpenWorld_Codec_Provenance\39_bh_speech\canonical_selected\121-127105-0035.wav"" -map_metadata -1 -vn -sn -dn -c:a aac -b:a 32k ""[REDACTED_LOCAL_PATH]\Tony Hidayat\AQ_OpenWorld_Codec_Provenance\42_bh_derivatives\encoded\fdd1f516f4733b54140bff16.m4a""","""[REDACTED_LOCAL_PATH]\Tony Hidayat\AQ_OpenWorld_Codec_Provenance\tools\gyan_ffmpeg_9.0_full\bin\ffprobe.exe"" -v error -show_entries stream=codec_name,sample_rate,channels,duration,bit_rate:format=format_name,duration,bit_rate -of json ""[REDACTED_LOCAL_PATH]\Tony Hidayat\AQ_OpenWorld_Codec_Provenance\42_bh_derivatives\encoded\fdd1f516f4733b54140bff16.m4a""","[REDACTED_LOCAL_PATH]\AppData\Local\CapCut\Apps\7.7.0.3143\ffmpeg.exe -y -hide_banner -i ""[REDACTED_LOCAL_PATH]\Tony Hidayat\AQ_OpenWorld_Codec_Provenance\42_bh_derivatives\encoded\fdd1f516f4733b54140bff16.m4a"" -map_metadata -1 -vn -sn -dn -ac 1 -ar 48000 -sample_fmt s16 ""[REDACTED_LOCAL_PATH]\Tony Hidayat\AQ_OpenWorld_Codec_Provenance\42_bh_derivatives\decoded_raw\fdd1f516f4733b54140bff16.wav"""
af1dfb6d8f7568d9ae46cf59,c6b393a72c2bb059a9a651815f228fad,121,AAC,aac,FFmpeg-native AAC,80,69.328,78ff598e650a7b04d9572dc7fb7cd69784b82072e51aae5ab11438dc3c011ab7,4d64f21569f056f64faf39b3a2ea31d031dd81f2e248018548f388b3b6b82a29,0,0.9974326527111627,96000,17332,[REDACTED_LOCAL_PATH]\Tony Hidayat\AQ_OpenWorld_Codec_Provenance\42_bh_derivatives\encoded\af1dfb6d8f7568d9ae46cf59.m4a,[REDACTED_LOCAL_PATH]\Tony Hidayat\AQ_OpenWorld_Codec_Provenance\42_bh_derivatives\decoded_raw\af1dfb6d8f7568d9ae46cf59.wav,[REDACTED_LOCAL_PATH]\Tony Hidayat\AQ_OpenWorld_Codec_Provenance\42_bh_derivatives\aligned_pcm\af1dfb6d8f7568d9ae46cf59.wav,AQ2D0BH_DERIV_V1|c6b393a72c2bb059a9a651815f228fad|AAC|80|FFmpeg-native AAC|57c56e369d5b4873b4d93fc1a1d833cb7cd8bc9325c14b05c34ce60b22842d8a,0,0,0,aac,PASS,"""[REDACTED_LOCAL_PATH]\Tony Hidayat\AQ_OpenWorld_Codec_Provenance\tools\gyan_ffmpeg_9.0_full\bin\ffmpeg.exe"" -y -hide_banner -i ""[REDACTED_LOCAL_PATH]\Tony Hidayat\AQ_OpenWorld_Codec_Provenance\39_bh_speech\canonical_selected\121-127105-0035.wav"" -map_metadata -1 -vn -sn -dn -c:a aac -b:a 80k ""[REDACTED_LOCAL_PATH]\Tony Hidayat\AQ_OpenWorld_Codec_Provenance\42_bh_derivatives\encoded\af1dfb6d8f7568d9ae46cf59.m4a""","""[REDACTED_LOCAL_PATH]\Tony Hidayat\AQ_OpenWorld_Codec_Provenance\tools\gyan_ffmpeg_9.0_full\bin\ffprobe.exe"" -v error -show_entries stream=codec_name,sample_rate,channels,duration,bit_rate:format=format_name,duration,bit_rate -of json ""[REDACTED_LOCAL_PATH]\Tony Hidayat\AQ_OpenWorld_Codec_Provenance\42_bh_derivatives\encoded\af1dfb6d8f7568d9ae46cf59.m4a""","[REDACTED_LOCAL_PATH]\AppData\Local\CapCut\Apps\7.7.0.3143\ffmpeg.exe -y -hide_banner -i ""[REDACTED_LOCAL_PATH]\Tony Hidayat\AQ_OpenWorld_Codec_Provenance\42_bh_derivatives\encoded\af1dfb6d8f7568d9ae46cf59.m4a"" -map_metadata -1 -vn -sn -dn -ac 1 -ar 48000 -sample_fmt s16 ""[REDACTED_LOCAL_PATH]\Tony Hidayat\AQ_OpenWorld_Codec_Provenance\42_bh_derivatives\decoded_raw\af1dfb6d8f7568d9ae46cf59.wav"""
2fafba963ee8ad1d3a544cdb,c6b393a72c2bb059a9a651815f228fad,121,AAC,aac,FFmpeg-native AAC,96,81.66,89059b06ce053cdd6d071760c05511b7741a01c35d06ed80ca85c6b178c5e018,09eab11d7687ebe9190d7466c4ea15a9da21721443d85a3fe8f029b84920bc39,0,0.9985400389775765,96000,20415,[REDACTED_LOCAL_PATH]\Tony Hidayat\AQ_OpenWorld_Codec_Provenance\42_bh_derivatives\encoded\2fafba963ee8ad1d3a544cdb.m4a,[REDACTED_LOCAL_PATH]\Tony Hidayat\AQ_OpenWorld_Codec_Provenance\42_bh_derivatives\decoded_raw\2fafba963ee8ad1d3a544cdb.wav,[REDACTED_LOCAL_PATH]\Tony Hidayat\AQ_OpenWorld_Codec_Provenance\42_bh_derivatives\aligned_pcm\2fafba963ee8ad1d3a544cdb.wav,AQ2D0BH_DERIV_V1|c6b393a72c2bb059a9a651815f228fad|AAC|96|FFmpeg-native AAC|57c56e369d5b4873b4d93fc1a1d833cb7cd8bc9325c14b05c34ce60b22842d8a,0,0,0,aac,PASS,"""[REDACTED_LOCAL_PATH]\Tony Hidayat\AQ_OpenWorld_Codec_Provenance\tools\gyan_ffmpeg_9.0_full\bin\ffmpeg.exe"" -y -hide_banner -i ""[REDACTED_LOCAL_PATH]\Tony Hidayat\AQ_OpenWorld_Codec_Provenance\39_bh_speech\canonical_selected\121-127105-0035.wav"" -map_metadata -1 -vn -sn -dn -c:a aac -b:a 96k ""[REDACTED_LOCAL_PATH]\Tony Hidayat\AQ_OpenWorld_Codec_Provenance\42_bh_derivatives\encoded\2fafba963ee8ad1d3a544cdb.m4a""","""[REDACTED_LOCAL_PATH]\Tony Hidayat\AQ_OpenWorld_Codec_Provenance\tools\gyan_ffmpeg_9.0_full\bin\ffprobe.exe"" -v error -show_entries stream=codec_name,sample_rate,channels,duration,bit_rate:format=format_name,duration,bit_rate -of json ""[REDACTED_LOCAL_PATH]\Tony Hidayat\AQ_OpenWorld_Codec_Provenance\42_bh_derivatives\encoded\2fafba963ee8ad1d3a544cdb.m4a""","[REDACTED_LOCAL_PATH]\AppData\Local\CapCut\Apps\7.7.0.3143\ffmpeg.exe -y -hide_banner -i ""[REDACTED_LOCAL_PATH]\Tony Hidayat\AQ_OpenWorld_Codec_Provenance\42_bh_derivatives\encoded\2fafba963ee8ad1d3a544cdb.m4a"" -map_metadata -1 -vn -sn -dn -ac 1 -ar 48000 -sample_fmt s16 ""[REDACTED_LOCAL_PATH]\Tony Hidayat\AQ_OpenWorld_Codec_Provenance\42_bh_derivatives\decoded_raw\2fafba963ee8ad1d3a544cdb.wav"""
8289e919252dc22ee16901e2,c6b393a72c2bb059a9a651815f228fad,121,AAC,aac,FFmpeg-native AAC,128,107.532,58b0671050d77452a29f32ce3effdc4970d5a841b1a83aec145e6af867f25901,303214bd1f5d93c80ba20c1ff61425103442e3de4e7be1fbf49b4e741b82dd9f,0,0.9999482078729178,96000,26883,[REDACTED_LOCAL_PATH]\Tony Hidayat\AQ_OpenWorld_Codec_Provenance\42_bh_derivatives\encoded\8289e919252dc22ee16901e2.m4a,[REDACTED_LOCAL_PATH]\Tony Hidayat\AQ_OpenWorld_Codec_Provenance\42_bh_derivatives\decoded_raw\8289e919252dc22ee16901e2.wav,[REDACTED_LOCAL_PATH]\Tony Hidayat\AQ_OpenWorld_Codec_Provenance\42_bh_derivatives\aligned_pcm\8289e919252dc22ee16901e2.wav,AQ2D0BH_DERIV_V1|c6b393a72c2bb059a9a651815f228fad|AAC|128|FFmpeg-native AAC|57c56e369d5b4873b4d93fc1a1d833cb7cd8bc9325c14b05c34ce60b22842d8a,0,0,0,aac,PASS,"""[REDACTED_LOCAL_PATH]\Tony Hidayat\AQ_OpenWorld_Codec_Provenance\tools\gyan_ffmpeg_9.0_full\bin\ffmpeg.exe"" -y -hide_banner -i ""[REDACTED_LOCAL_PATH]\Tony Hidayat\AQ_OpenWorld_Codec_Provenance\39_bh_speech\canonical_selected\121-127105-0035.wav"" -map_metadata -1 -vn -sn -dn -c:a aac -b:a 128k ""[REDACTED_LOCAL_PATH]\Tony Hidayat\AQ_OpenWorld_Codec_Provenance\42_bh_derivatives\encoded\8289e919252dc22ee16901e2.m4a""","""[REDACTED_LOCAL_PATH]\Tony Hidayat\AQ_OpenWorld_Codec_Provenance\tools\gyan_ffmpeg_9.0_full\bin\ffprobe.exe"" -v error -show_entries stream=codec_name,sample_rate,channels,duration,bit_rate:format=format_name,duration,bit_rate -of json ""[REDACTED_LOCAL_PATH]\Tony Hidayat\AQ_OpenWorld_Codec_Provenance\42_bh_derivatives\encoded\8289e919252dc22ee16901e2.m4a""","[REDACTED_LOCAL_PATH]\AppData\Local\CapCut\Apps\7.7.0.3143\ffmpeg.exe -y -hide_banner -i ""[REDACTED_LOCAL_PATH]\Tony Hidayat\AQ_OpenWorld_Codec_Provenance\42_bh_derivatives\encoded\8289e919252dc22ee16901e2.m4a"" -map_metadata -1 -vn -sn -dn -ac 1 -ar 48000 -sample_fmt s16 ""[REDACTED_LOCAL_PATH]\Tony Hidayat\AQ_OpenWorld_Codec_Provenance\42_bh_derivatives\decoded_raw\8289e919252dc22ee16901e2.wav"""
bc9e797ef8618cf3b73d3354,c6b393a72c2bb059a9a651815f228fad,121,MP3,libmp3lame,libmp3lame,32,33.584,b3a0e58d290ed9e15e1810bceefab8dc75e6aa9448e7366cc94a121b3878a828,5d113653286748aaae5030519baa3636cba0f45a90d5d1eb0ed6ca2a61718bc6,0,0.9779464617269816,96000,8396,[REDACTED_LOCAL_PATH]\Tony Hidayat\AQ_OpenWorld_Codec_Provenance\42_bh_derivatives\encoded\bc9e797ef8618cf3b73d3354.mp3,[REDACTED_LOCAL_PATH]\Tony Hidayat\AQ_OpenWorld_Codec_Provenance\42_bh_derivatives\decoded_raw\bc9e797ef8618cf3b73d3354.wav,[REDACTED_LOCAL_PATH]\Tony Hidayat\AQ_OpenWorld_Codec_Provenance\42_bh_derivatives\aligned_pcm\bc9e797ef8618cf3b73d3354.wav,AQ2D0BH_DERIV_V1|c6b393a72c2bb059a9a651815f228fad|MP3|32|libmp3lame|57c56e369d5b4873b4d93fc1a1d833cb7cd8bc9325c14b05c34ce60b22842d8a,0,0,0,mp3,PASS,"""[REDACTED_LOCAL_PATH]\Tony Hidayat\AQ_OpenWorld_Codec_Provenance\tools\gyan_ffmpeg_9.0_full\bin\ffmpeg.exe"" -y -hide_banner -i ""[REDACTED_LOCAL_PATH]\Tony Hidayat\AQ_OpenWorld_Codec_Provenance\39_bh_speech\canonical_selected\121-127105-0035.wav"" -map_metadata -1 -vn -sn -dn -c:a libmp3lame -b:a 32k ""[REDACTED_LOCAL_PATH]\Tony Hidayat\AQ_OpenWorld_Codec_Provenance\42_bh_derivatives\encoded\bc9e797ef8618cf3b73d3354.mp3""","""[REDACTED_LOCAL_PATH]\Tony Hidayat\AQ_OpenWorld_Codec_Provenance\tools\gyan_ffmpeg_9.0_full\bin\ffprobe.exe"" -v error -show_entries stream=codec_name,sample_rate,channels,duration,bit_rate:format=format_name,duration,bit_rate -of json ""[REDACTED_LOCAL_PATH]\Tony Hidayat\AQ_OpenWorld_Codec_Provenance\42_bh_derivatives\encoded\bc9e797ef8618cf3b73d3354.mp3""","[REDACTED_LOCAL_PATH]\AppData\Local\CapCut\Apps\7.7.0.3143\ffmpeg.exe -y -hide_banner -i ""[REDACTED_LOCAL_PATH]\Tony Hidayat\AQ_OpenWorld_Codec_Provenance\42_bh_derivatives\encoded\bc9e797ef8618cf3b73d3354.mp3"" -map_metadata -1 -vn -sn -dn -ac 1 -ar 48000 -sample_fmt s16 ""[REDACTED_LOCAL_PATH]\Tony Hidayat\AQ_OpenWorld_Codec_Provenance\42_bh_derivatives\decoded_raw\bc9e797ef8618cf3b73d3354.wav"""
7f819f966d4b285f0f6d0297,c6b393a72c2bb059a9a651815f228fad,121,MP3,libmp3lame,libmp3lame,80,82.736,1b807088eef1bef294f37ea9ca7965de4fe72317e8ac3060f1df64b0f91d3a44,2a7352926630ee54d9a4af3400e533db444be01f1a64a8cf2789b68da2761eb9,0,0.9994428557621653,96000,20684,[REDACTED_LOCAL_PATH]\Tony Hidayat\AQ_OpenWorld_Codec_Provenance\42_bh_derivatives\encoded\7f819f966d4b285f0f6d0297.mp3,[REDACTED_LOCAL_PATH]\Tony Hidayat\AQ_OpenWorld_Codec_Provenance\42_bh_derivatives\decoded_raw\7f819f966d4b285f0f6d0297.wav,[REDACTED_LOCAL_PATH]\Tony Hidayat\AQ_OpenWorld_Codec_Provenance\42_bh_derivatives\aligned_pcm\7f819f966d4b285f0f6d0297.wav,AQ2D0BH_DERIV_V1|c6b393a72c2bb059a9a651815f228fad|MP3|80|libmp3lame|57c56e369d5b4873b4d93fc1a1d833cb7cd8bc9325c14b05c34ce60b22842d8a,0,0,0,mp3,PASS,"""[REDACTED_LOCAL_PATH]\Tony Hidayat\AQ_OpenWorld_Codec_Provenance\tools\gyan_ffmpeg_9.0_full\bin\ffmpeg.exe"" -y -hide_banner -i ""[REDACTED_LOCAL_PATH]\Tony Hidayat\AQ_OpenWorld_Codec_Provenance\39_bh_speech\canonical_selected\121-127105-0035.wav"" -map_metadata -1 -vn -sn -dn -c:a libmp3lame -b:a 80k ""[REDACTED_LOCAL_PATH]\Tony Hidayat\AQ_OpenWorld_Codec_Provenance\42_bh_derivatives\encoded\7f819f966d4b285f0f6d0297.mp3""","""[REDACTED_LOCAL_PATH]\Tony Hidayat\AQ_OpenWorld_Codec_Provenance\tools\gyan_ffmpeg_9.0_full\bin\ffprobe.exe"" -v error -show_entries stream=codec_name,sample_rate,channels,duration,bit_rate:format=format_name,duration,bit_rate -of json ""[REDACTED_LOCAL_PATH]\Tony Hidayat\AQ_OpenWorld_Codec_Provenance\42_bh_derivatives\encoded\7f819f966d4b285f0f6d0297.mp3""","[REDACTED_LOCAL_PATH]\AppData\Local\CapCut\Apps\7.7.0.3143\ffmpeg.exe -y -hide_banner -i ""[REDACTED_LOCAL_PATH]\Tony Hidayat\AQ_OpenWorld_Codec_Provenance\42_bh_derivatives\encoded\7f819f966d4b285f0f6d0297.mp3"" -map_metadata -1 -vn -sn -dn -ac 1 -ar 48000 -sample_fmt s16 ""[REDACTED_LOCAL_PATH]\Tony Hidayat\AQ_OpenWorld_Codec_Provenance\42_bh_derivatives\decoded_raw\7f819f966d4b285f0f6d0297.wav"""
8d1ec79171a85f4ac7c7da28,c6b393a72c2bb059a9a651815f228fad,121,MP3,libmp3lame,libmp3lame,96,99.248,90ceaa4143fa02ee9d03150722764838e42cdc87264d7932aa0f2ef153e7cb2e,814a57e29667139de9b735b4d751d49ff9069c1741404852eb6d29c6b5d51252,0,0.9998059132371158,96000,24812,[REDACTED_LOCAL_PATH]\Tony Hidayat\AQ_OpenWorld_Codec_Provenance\42_bh_derivatives\encoded\8d1ec79171a85f4ac7c7da28.mp3,[REDACTED_LOCAL_PATH]\Tony Hidayat\AQ_OpenWorld_Codec_Provenance\42_bh_derivatives\decoded_raw\8d1ec79171a85f4ac7c7da28.wav,[REDACTED_LOCAL_PATH]\Tony Hidayat\AQ_OpenWorld_Codec_Provenance\42_bh_derivatives\aligned_pcm\8d1ec79171a85f4ac7c7da28.wav,AQ2D0BH_DERIV_V1|c6b393a72c2bb059a9a651815f228fad|MP3|96|libmp3lame|57c56e369d5b4873b4d93fc1a1d833cb7cd8bc9325c14b05c34ce60b22842d8a,0,0,0,mp3,PASS,"""[REDACTED_LOCAL_PATH]\Tony Hidayat\AQ_OpenWorld_Codec_Provenance\tools\gyan_ffmpeg_9.0_full\bin\ffmpeg.exe"" -y -hide_banner -i ""[REDACTED_LOCAL_PATH]\Tony Hidayat\AQ_OpenWorld_Codec_Provenance\39_bh_speech\canonical_selected\121-127105-0035.wav"" -map_metadata -1 -vn -sn -dn -c:a libmp3lame -b:a 96k ""[REDACTED_LOCAL_PATH]\Tony Hidayat\AQ_OpenWorld_Codec_Provenance\42_bh_derivatives\encoded\8d1ec79171a85f4ac7c7da28.mp3""","""[REDACTED_LOCAL_PATH]\Tony Hidayat\AQ_OpenWorld_Codec_Provenance\tools\gyan_ffmpeg_9.0_full\bin\ffprobe.exe"" -v error -show_entries stream=codec_name,sample_rate,channels,duration,bit_rate:format=format_name,duration,bit_rate -of json ""[REDACTED_LOCAL_PATH]\Tony Hidayat\AQ_OpenWorld_Codec_Provenance\42_bh_derivatives\encoded\8d1ec79171a85f4ac7c7da28.mp3""","[REDACTED_LOCAL_PATH]\AppData\Local\CapCut\Apps\7.7.0.3143\ffmpeg.exe -y -hide_banner -i ""[REDACTED_LOCAL_PATH]\Tony Hidayat\AQ_OpenWorld_Codec_Provenance\42_bh_derivatives\encoded\8d1ec79171a85f4ac7c7da28.mp3"" -map_metadata -1 -vn -sn -dn -ac 1 -ar 48000 -sample_fmt s16 ""[REDACTED_LOCAL_PATH]\Tony Hidayat\AQ_OpenWorld_Codec_Provenance\42_bh_derivatives\decoded_raw\8d1ec79171a85f4ac7c7da28.wav"""
861009f23fb306982b3a4a7d,c6b393a72c2bb059a9a651815f228fad,121,MP3,libmp3lame,libmp3lame,128,132.272,ba5f0064b94eeffd2e203e7fde1d43749e4eb0a3771c13f947d0ccdc68a64492,dcaf2df49dad5376489dbfdcbfcef85db60f5f81a773b24fe7b460e2d4a93960,0,0.9999720571249455,96000,33068,[REDACTED_LOCAL_PATH]\Tony Hidayat\AQ_OpenWorld_Codec_Provenance\42_bh_derivatives\encoded\861009f23fb306982b3a4a7d.mp3,[REDACTED_LOCAL_PATH]\Tony Hidayat\AQ_OpenWorld_Codec_Provenance\42_bh_derivatives\decoded_raw\861009f23fb306982b3a4a7d.wav,[REDACTED_LOCAL_PATH]\Tony Hidayat\AQ_OpenWorld_Codec_Provenance\42_bh_derivatives\aligned_pcm\861009f23fb306982b3a4a7d.wav,AQ2D0BH_DERIV_V1|c6b393a72c2bb059a9a651815f228fad|MP3|128|libmp3lame|57c56e369d5b4873b4d93fc1a1d833cb7cd8bc9325c14b05c34ce60b22842d8a,0,0,0,mp3,PASS,"""[REDACTED_LOCAL_PATH]\Tony Hidayat\AQ_OpenWorld_Codec_Provenance\tools\gyan_ffmpeg_9.0_full\bin\ffmpeg.exe"" -y -hide_banner -i ""[REDACTED_LOCAL_PATH]\Tony Hidayat\AQ_OpenWorld_Codec_Provenance\39_bh_speech\canonical_selected\121-127105-0035.wav"" -map_metadata -1 -vn -sn -dn -c:a libmp3lame -b:a 128k ""[REDACTED_LOCAL_PATH]\Tony Hidayat\AQ_OpenWorld_Codec_Provenance\42_bh_derivatives\encoded\861009f23fb306982b3a4a7d.mp3""","""[REDACTED_LOCAL_PATH]\Tony Hidayat\AQ_OpenWorld_Codec_Provenance\tools\gyan_ffmpeg_9.0_full\bin\ffprobe.exe"" -v error -show_entries stream=codec_name,sample_rate,channels,duration,bit_rate:format=format_name,duration,bit_rate -of json ""[REDACTED_LOCAL_PATH]\Tony Hidayat\AQ_OpenWorld_Codec_Provenance\42_bh_derivatives\encoded\861009f23fb306982b3a4a7d.mp3""","[REDACTED_LOCAL_PATH]\AppData\Local\CapCut\Apps\7.7.0.3143\ffmpeg.exe -y -hide_banner -i ""[REDACTED_LOCAL_PATH]\Tony Hidayat\AQ_OpenWorld_Codec_Provenance\42_bh_derivatives\encoded\861009f23fb306982b3a4a7d.mp3"" -map_metadata -1 -vn -sn -dn -ac 1 -ar 48000 -sample_fmt s16 ""[REDACTED_LOCAL_PATH]\Tony Hidayat\AQ_OpenWorld_Codec_Provenance\42_bh_derivatives\decoded_raw\861009f23fb306982b3a4a7d.wav"""
0939d81c915fd728c6a02fd1,c6b393a72c2bb059a9a651815f228fad,121,Opus,libopus,libopus,32,33.588,3396275fd6296ac1e78e631e1b321a9cb9d4d95d5c1065f27369b4a992e24ac1,87facd7c0089475f6c79789e63d1c399cbcaea9de2d84370f9733020f3efb70b,0,0.9841866426441158,96000,8397,[REDACTED_LOCAL_PATH]\Tony Hidayat\AQ_OpenWorld_Codec_Provenance\42_bh_derivatives\encoded\0939d81c915fd728c6a02fd1.opus,[REDACTED_LOCAL_PATH]\Tony Hidayat\AQ_OpenWorld_Codec_Provenance\42_bh_derivatives\decoded_raw\0939d81c915fd728c6a02fd1.wav,[REDACTED_LOCAL_PATH]\Tony Hidayat\AQ_OpenWorld_Codec_Provenance\42_bh_derivatives\aligned_pcm\0939d81c915fd728c6a02fd1.wav,AQ2D0BH_DERIV_V1|c6b393a72c2bb059a9a651815f228fad|Opus|32|libopus|57c56e369d5b4873b4d93fc1a1d833cb7cd8bc9325c14b05c34ce60b22842d8a,0,0,0,opus,PASS,"""[REDACTED_LOCAL_PATH]\Tony Hidayat\AQ_OpenWorld_Codec_Provenance\tools\gyan_ffmpeg_9.0_full\bin\ffmpeg.exe"" -y -hide_banner -i ""[REDACTED_LOCAL_PATH]\Tony Hidayat\AQ_OpenWorld_Codec_Provenance\39_bh_speech\canonical_selected\121-127105-0035.wav"" -map_metadata -1 -vn -sn -dn -c:a libopus -b:a 32k -vbr off ""[REDACTED_LOCAL_PATH]\Tony Hidayat\AQ_OpenWorld_Codec_Provenance\42_bh_derivatives\encoded\0939d81c915fd728c6a02fd1.opus""","""[REDACTED_LOCAL_PATH]\Tony Hidayat\AQ_OpenWorld_Codec_Provenance\tools\gyan_ffmpeg_9.0_full\bin\ffprobe.exe"" -v error -show_entries stream=codec_name,sample_rate,channels,duration,bit_rate:format=format_name,duration,bit_rate -of json ""[REDACTED_LOCAL_PATH]\Tony Hidayat\AQ_OpenWorld_Codec_Provenance\42_bh_derivatives\encoded\0939d81c915fd728c6a02fd1.opus""","[REDACTED_LOCAL_PATH]\AppData\Local\CapCut\Apps\7.7.0.3143\ffmpeg.exe -y -hide_banner -i ""[REDACTED_LOCAL_PATH]\Tony Hidayat\AQ_OpenWorld_Codec_Provenance\42_bh_derivatives\encoded\0939d81c915fd728c6a02fd1.opus"" -map_metadata -1 -vn -sn -dn -ac 1 -ar 48000 -sample_fmt s16 ""[REDACTED_LOCAL_PATH]\Tony Hidayat\AQ_OpenWorld_Codec_Provenance\42_bh_derivatives\decoded_raw\0939d81c915fd728c6a02fd1.wav"""
afc227469deb083dccf67796,c6b393a72c2bb059a9a651815f228fad,121,Opus,libopus,libopus,80,82.068,e5f32178354fc6fa5b7764ba9f56f90406a9ddebf5c5f5064d7bfbf1760503f2,37bde435f97b96b409af9bb6e858911cdc1a38feeea772075132a197aa7e87bb,0,0.9967593230085642,96000,20517,[REDACTED_LOCAL_PATH]\Tony Hidayat\AQ_OpenWorld_Codec_Provenance\42_bh_derivatives\encoded\afc227469deb083dccf67796.opus,[REDACTED_LOCAL_PATH]\Tony Hidayat\AQ_OpenWorld_Codec_Provenance\42_bh_derivatives\decoded_raw\afc227469deb083dccf67796.wav,[REDACTED_LOCAL_PATH]\Tony Hidayat\AQ_OpenWorld_Codec_Provenance\42_bh_derivatives\aligned_pcm\afc227469deb083dccf67796.wav,AQ2D0BH_DERIV_V1|c6b393a72c2bb059a9a651815f228fad|Opus|80|libopus|57c56e369d5b4873b4d93fc1a1d833cb7cd8bc9325c14b05c34ce60b22842d8a,0,0,0,opus,PASS,"""[REDACTED_LOCAL_PATH]\Tony Hidayat\AQ_OpenWorld_Codec_Provenance\tools\gyan_ffmpeg_9.0_full\bin\ffmpeg.exe"" -y -hide_banner -i ""[REDACTED_LOCAL_PATH]\Tony Hidayat\AQ_OpenWorld_Codec_Provenance\39_bh_speech\canonical_selected\121-127105-0035.wav"" -map_metadata -1 -vn -sn -dn -c:a libopus -b:a 80k -vbr off ""[REDACTED_LOCAL_PATH]\Tony Hidayat\AQ_OpenWorld_Codec_Provenance\42_bh_derivatives\encoded\afc227469deb083dccf67796.opus""","""[REDACTED_LOCAL_PATH]\Tony Hidayat\AQ_OpenWorld_Codec_Provenance\tools\gyan_ffmpeg_9.0_full\bin\ffprobe.exe"" -v error -show_entries stream=codec_name,sample_rate,channels,duration,bit_rate:format=format_name,duration,bit_rate -of json ""[REDACTED_LOCAL_PATH]\Tony Hidayat\AQ_OpenWorld_Codec_Provenance\42_bh_derivatives\encoded\afc227469deb083dccf67796.opus""","[REDACTED_LOCAL_PATH]\AppData\Local\CapCut\Apps\7.7.0.3143\ffmpeg.exe -y -hide_banner -i ""[REDACTED_LOCAL_PATH]\Tony Hidayat\AQ_OpenWorld_Codec_Provenance\42_bh_derivatives\encoded\afc227469deb083dccf67796.opus"" -map_metadata -1 -vn -sn -dn -ac 1 -ar 48000 -sample_fmt s16 ""[REDACTED_LOCAL_PATH]\Tony Hidayat\AQ_OpenWorld_Codec_Provenance\42_bh_derivatives\decoded_raw\afc227469deb083dccf67796.wav"""
9373ad6604da8f83575c7dfa,c6b393a72c2bb059a9a651815f228fad,121,Opus,libopus,libopus,96,98.228,e2289f436bf632ba48cfb63b91d50291f98c641f8d18c726a2564906563f8a65,c9d81103c5eafe519db027506258c3de4980682fd925050821a948b1e8b31a8b,0,0.9975559435263825,96000,24557,[REDACTED_LOCAL_PATH]\Tony Hidayat\AQ_OpenWorld_Codec_Provenance\42_bh_derivatives\encoded\9373ad6604da8f83575c7dfa.opus,[REDACTED_LOCAL_PATH]\Tony Hidayat\AQ_OpenWorld_Codec_Provenance\42_bh_derivatives\decoded_raw\9373ad6604da8f83575c7dfa.wav,[REDACTED_LOCAL_PATH]\Tony Hidayat\AQ_OpenWorld_Codec_Provenance\42_bh_derivatives\aligned_pcm\9373ad6604da8f83575c7dfa.wav,AQ2D0BH_DERIV_V1|c6b393a72c2bb059a9a651815f228fad|Opus|96|libopus|57c56e369d5b4873b4d93fc1a1d833cb7cd8bc9325c14b05c34ce60b22842d8a,0,0,0,opus,PASS,"""[REDACTED_LOCAL_PATH]\Tony Hidayat\AQ_OpenWorld_Codec_Provenance\tools\gyan_ffmpeg_9.0_full\bin\ffmpeg.exe"" -y -hide_banner -i ""[REDACTED_LOCAL_PATH]\Tony Hidayat\AQ_OpenWorld_Codec_Provenance\39_bh_speech\canonical_selected\121-127105-0035.wav"" -map_metadata -1 -vn -sn -dn -c:a libopus -b:a 96k -vbr off ""[REDACTED_LOCAL_PATH]\Tony Hidayat\AQ_OpenWorld_Codec_Provenance\42_bh_derivatives\encoded\9373ad6604da8f83575c7dfa.opus""","""[REDACTED_LOCAL_PATH]\Tony Hidayat\AQ_OpenWorld_Codec_Provenance\tools\gyan_ffmpeg_9.0_full\bin\ffprobe.exe"" -v error -show_entries stream=codec_name,sample_rate,channels,duration,bit_rate:format=format_name,duration,bit_rate -of json ""[REDACTED_LOCAL_PATH]\Tony Hidayat\AQ_OpenWorld_Codec_Provenance\42_bh_derivatives\encoded\9373ad6604da8f83575c7dfa.opus""","[REDACTED_LOCAL_PATH]\AppData\Local\CapCut\Apps\7.7.0.3143\ffmpeg.exe -y -hide_banner -i ""[REDACTED_LOCAL_PATH]\Tony Hidayat\AQ_OpenWorld_Codec_Provenance\42_bh_derivatives\encoded\9373ad6604da8f83575c7dfa.opus"" -map_metadata -1 -vn -sn -dn -ac 1 -ar 48000 -sample_fmt s16 ""[REDACTED_LOCAL_PATH]\Tony Hidayat\AQ_OpenWorld_Codec_Provenance\42_bh_derivatives\decoded_raw\9373ad6604da8f83575c7dfa.wav"""
6e8db0a39c35ce48d077481c,c6b393a72c2bb059a9a651815f228fad,121,Opus,libopus,libopus,128,130.952,374879a6e4737bc05297e286bca70cc12bc6147b73fc8a60cfe0c46cd0fb70f4,f0e13bbb0a4978f7920aa129a687faad54715e6cd45c3473ba79c619e3bcb17e,0,0.999022000451359,96000,32738,[REDACTED_LOCAL_PATH]\Tony Hidayat\AQ_OpenWorld_Codec_Provenance\42_bh_derivatives\encoded\6e8db0a39c35ce48d077481c.opus,[REDACTED_LOCAL_PATH]\Tony Hidayat\AQ_OpenWorld_Codec_Provenance\42_bh_derivatives\decoded_raw\6e8db0a39c35ce48d077481c.wav,[REDACTED_LOCAL_PATH]\Tony Hidayat\AQ_OpenWorld_Codec_Provenance\42_bh_derivatives\aligned_pcm\6e8db0a39c35ce48d077481c.wav,AQ2D0BH_DERIV_V1|c6b393a72c2bb059a9a651815f228fad|Opus|128|libopus|57c56e369d5b4873b4d93fc1a1d833cb7cd8bc9325c14b05c34ce60b22842d8a,0,0,0,opus,PASS,"""[REDACTED_LOCAL_PATH]\Tony Hidayat\AQ_OpenWorld_Codec_Provenance\tools\gyan_ffmpeg_9.0_full\bin\ffmpeg.exe"" -y -hide_banner -i ""[REDACTED_LOCAL_PATH]\Tony Hidayat\AQ_OpenWorld_Codec_Provenance\39_bh_speech\canonical_selected\121-127105-0035.wav"" -map_metadata -1 -vn -sn -dn -c:a libopus -b:a 128k -vbr off ""[REDACTED_LOCAL_PATH]\Tony Hidayat\AQ_OpenWorld_Codec_Provenance\42_bh_derivatives\encoded\6e8db0a39c35ce48d077481c.opus""","""[REDACTED_LOCAL_PATH]\Tony Hidayat\AQ_OpenWorld_Codec_Provenance\tools\gyan_ffmpeg_9.0_full\bin\ffprobe.exe"" -v error -show_entries stream=codec_name,sample_rate,channels,duration,bit_rate:format=format_name,duration,bit_rate -of json ""[REDACTED_LOCAL_PATH]\Tony Hidayat\AQ_OpenWorld_Codec_Provenance\42_bh_derivatives\encoded\6e8db0a39c35ce48d077481c.opus""","[REDACTED_LOCAL_PATH]\AppData\Local\CapCut\Apps\7.7.0.3143\ffmpeg.exe -y -hide_banner -i ""[REDACTED_LOCAL_PATH]\Tony Hidayat\AQ_OpenWorld_Codec_Provenance\42_bh_derivatives\encoded\6e8db0a39c35ce48d077481c.opus"" -map_metadata -1 -vn -sn -dn -ac 1 -ar 48000 -sample_fmt s16 ""[REDACTED_LOCAL_PATH]\Tony Hidayat\AQ_OpenWorld_Codec_Provenance\42_bh_derivatives\decoded_raw\6e8db0a39c35ce48d077481c.wav"""
49b64dd7f54eca6d365b78d2,c9f82964cbcd5cbeeb212da516bc7b47,7127,AAC,aac,FFmpeg-native AAC,32,34.992,0c109d5c3b9918b02d14f6c96b46aa090f8789396adaeac746c99cd1b472ddcb,68553523f40548311416a8dc946590a78a54cc6ea7b81ec895653f338bb2cd1a,0,0.9074956198532887,96000,8748,[REDACTED_LOCAL_PATH]\Tony Hidayat\AQ_OpenWorld_Codec_Provenance\42_bh_derivatives\encoded\49b64dd7f54eca6d365b78d2.m4a,[REDACTED_LOCAL_PATH]\Tony Hidayat\AQ_OpenWorld_Codec_Provenance\42_bh_derivatives\decoded_raw\49b64dd7f54eca6d365b78d2.wav,[REDACTED_LOCAL_PATH]\Tony Hidayat\AQ_OpenWorld_Codec_Provenance\42_bh_derivatives\aligned_pcm\49b64dd7f54eca6d365b78d2.wav,AQ2D0BH_DERIV_V1|c9f82964cbcd5cbeeb212da516bc7b47|AAC|32|FFmpeg-native AAC|57c56e369d5b4873b4d93fc1a1d833cb7cd8bc9325c14b05c34ce60b22842d8a,0,0,0,aac,PASS,"""[REDACTED_LOCAL_PATH]\Tony Hidayat\AQ_OpenWorld_Codec_Provenance\tools\gyan_ffmpeg_9.0_full\bin\ffmpeg.exe"" -y -hide_banner -i ""[REDACTED_LOCAL_PATH]\Tony Hidayat\AQ_OpenWorld_Codec_Provenance\39_bh_speech\canonical_selected\7127-75946-0000.wav"" -map_metadata -1 -vn -sn -dn -c:a aac -b:a 32k ""[REDACTED_LOCAL_PATH]\Tony Hidayat\AQ_OpenWorld_Codec_Provenance\42_bh_derivatives\encoded\49b64dd7f54eca6d365b78d2.m4a""","""[REDACTED_LOCAL_PATH]\Tony Hidayat\AQ_OpenWorld_Codec_Provenance\tools\gyan_ffmpeg_9.0_full\bin\ffprobe.exe"" -v error -show_entries stream=codec_name,sample_rate,channels,duration,bit_rate:format=format_name,duration,bit_rate -of json ""[REDACTED_LOCAL_PATH]\Tony Hidayat\AQ_OpenWorld_Codec_Provenance\42_bh_derivatives\encoded\49b64dd7f54eca6d365b78d2.m4a""","[REDACTED_LOCAL_PATH]\AppData\Local\CapCut\Apps\7.7.0.3143\ffmpeg.exe -y -hide_banner -i ""[REDACTED_LOCAL_PATH]\Tony Hidayat\AQ_OpenWorld_Codec_Provenance\42_bh_derivatives\encoded\49b64dd7f54eca6d365b78d2.m4a"" -map_metadata -1 -vn -sn -dn -ac 1 -ar 48000 -sample_fmt s16 ""[REDACTED_LOCAL_PATH]\Tony Hidayat\AQ_OpenWorld_Codec_Provenance\42_bh_derivatives\decoded_raw\49b64dd7f54eca6d365b78d2.wav"""
7b7d5cef5221212d21c04584,c9f82964cbcd5cbeeb212da516bc7b47,7127,AAC,aac,FFmpeg-native AAC,80,86.248,5616d8b7539002c4e829d62e1e40a5766a4bc9523bb64eaa3da8d60d85e6188e,8603ca9c2b33c2e03d25daf53a190b44ae296632b1daa2dfcb5589e0037ece07,0,0.9992471347596278,96000,21562,[REDACTED_LOCAL_PATH]\Tony Hidayat\AQ_OpenWorld_Codec_Provenance\42_bh_derivatives\encoded\7b7d5cef5221212d21c04584.m4a,[REDACTED_LOCAL_PATH]\Tony Hidayat\AQ_OpenWorld_Codec_Provenance\42_bh_derivatives\decoded_raw\7b7d5cef5221212d21c04584.wav,[REDACTED_LOCAL_PATH]\Tony Hidayat\AQ_OpenWorld_Codec_Provenance\42_bh_derivatives\aligned_pcm\7b7d5cef5221212d21c04584.wav,AQ2D0BH_DERIV_V1|c9f82964cbcd5cbeeb212da516bc7b47|AAC|80|FFmpeg-native AAC|57c56e369d5b4873b4d93fc1a1d833cb7cd8bc9325c14b05c34ce60b22842d8a,0,0,0,aac,PASS,"""[REDACTED_LOCAL_PATH]\Tony Hidayat\AQ_OpenWorld_Codec_Provenance\tools\gyan_ffmpeg_9.0_full\bin\ffmpeg.exe"" -y -hide_banner -i ""[REDACTED_LOCAL_PATH]\Tony Hidayat\AQ_OpenWorld_Codec_Provenance\39_bh_speech\canonical_selected\7127-75946-0000.wav"" -map_metadata -1 -vn -sn -dn -c:a aac -b:a 80k ""[REDACTED_LOCAL_PATH]\Tony Hidayat\AQ_OpenWorld_Codec_Provenance\42_bh_derivatives\encoded\7b7d5cef5221212d21c04584.m4a""","""[REDACTED_LOCAL_PATH]\Tony Hidayat\AQ_OpenWorld_Codec_Provenance\tools\gyan_ffmpeg_9.0_full\bin\ffprobe.exe"" -v error -show_entries stream=codec_name,sample_rate,channels,duration,bit_rate:format=format_name,duration,bit_rate -of json ""[REDACTED_LOCAL_PATH]\Tony Hidayat\AQ_OpenWorld_Codec_Provenance\42_bh_derivatives\encoded\7b7d5cef5221212d21c04584.m4a""","[REDACTED_LOCAL_PATH]\AppData\Local\CapCut\Apps\7.7.0.3143\ffmpeg.exe -y -hide_banner -i ""[REDACTED_LOCAL_PATH]\Tony Hidayat\AQ_OpenWorld_Codec_Provenance\42_bh_derivatives\encoded\7b7d5cef5221212d21c04584.m4a"" -map_metadata -1 -vn -sn -dn -ac 1 -ar 48000 -sample_fmt s16 ""[REDACTED_LOCAL_PATH]\Tony Hidayat\AQ_OpenWorld_Codec_Provenance\42_bh_derivatives\decoded_raw\7b7d5cef5221212d21c04584.wav"""
6e5336e0a5aaba08b6161799,c9f82964cbcd5cbeeb212da516bc7b47,7127,AAC,aac,FFmpeg-native AAC,96,102.38,2d492d711cb5b43af1de1206892e7b8f7593532369ef51d277e4b67efc653410,22bb4d91808d36c13e5721de48d1e9cf0eda93b05830a3c0e7f990735dad68ac,0,0.999469980931414,96000,25595,[REDACTED_LOCAL_PATH]\Tony Hidayat\AQ_OpenWorld_Codec_Provenance\42_bh_derivatives\encoded\6e5336e0a5aaba08b6161799.m4a,[REDACTED_LOCAL_PATH]\Tony Hidayat\AQ_OpenWorld_Codec_Provenance\42_bh_derivatives\decoded_raw\6e5336e0a5aaba08b6161799.wav,[REDACTED_LOCAL_PATH]\Tony Hidayat\AQ_OpenWorld_Codec_Provenance\42_bh_derivatives\aligned_pcm\6e5336e0a5aaba08b6161799.wav,AQ2D0BH_DERIV_V1|c9f82964cbcd5cbeeb212da516bc7b47|AAC|96|FFmpeg-native AAC|57c56e369d5b4873b4d93fc1a1d833cb7cd8bc9325c14b05c34ce60b22842d8a,0,0,0,aac,PASS,"""[REDACTED_LOCAL_PATH]\Tony Hidayat\AQ_OpenWorld_Codec_Provenance\tools\gyan_ffmpeg_9.0_full\bin\ffmpeg.exe"" -y -hide_banner -i ""[REDACTED_LOCAL_PATH]\Tony Hidayat\AQ_OpenWorld_Codec_Provenance\39_bh_speech\canonical_selected\7127-75946-0000.wav"" -map_metadata -1 -vn -sn -dn -c:a aac -b:a 96k ""[REDACTED_LOCAL_PATH]\Tony Hidayat\AQ_OpenWorld_Codec_Provenance\42_bh_derivatives\encoded\6e5336e0a5aaba08b6161799.m4a""","""[REDACTED_LOCAL_PATH]\Tony Hidayat\AQ_OpenWorld_Codec_Provenance\tools\gyan_ffmpeg_9.0_full\bin\ffprobe.exe"" -v error -show_entries stream=codec_name,sample_rate,channels,duration,bit_rate:format=format_name,duration,bit_rate -of json ""[REDACTED_LOCAL_PATH]\Tony Hidayat\AQ_OpenWorld_Codec_Provenance\42_bh_derivatives\encoded\6e5336e0a5aaba08b6161799.m4a""","[REDACTED_LOCAL_PATH]\AppData\Local\CapCut\Apps\7.7.0.3143\ffmpeg.exe -y -hide_banner -i ""[REDACTED_LOCAL_PATH]\Tony Hidayat\AQ_OpenWorld_Codec_Provenance\42_bh_derivatives\encoded\6e5336e0a5aaba08b6161799.m4a"" -map_metadata -1 -vn -sn -dn -ac 1 -ar 48000 -sample_fmt s16 ""[REDACTED_LOCAL_PATH]\Tony Hidayat\AQ_OpenWorld_Codec_Provenance\42_bh_derivatives\decoded_raw\6e5336e0a5aaba08b6161799.wav"""
1a993837eee9cccc38812a89,c9f82964cbcd5cbeeb212da516bc7b47,7127,AAC,aac,FFmpeg-native AAC,128,132.352,808477ffd6f7cf27f9a565a00c676378948b3169d36a59b8723f4f1ae087131c,d6112616664fcf743807a4518680404b4fb7c4a64fc286faafad057db3630e54,0,0.9989902668375883,96000,33088,[REDACTED_LOCAL_PATH]\Tony Hidayat\AQ_OpenWorld_Codec_Provenance\42_bh_derivatives\encoded\1a993837eee9cccc38812a89.m4a,[REDACTED_LOCAL_PATH]\Tony Hidayat\AQ_OpenWorld_Codec_Provenance\42_bh_derivatives\decoded_raw\1a993837eee9cccc38812a89.wav,[REDACTED_LOCAL_PATH]\Tony Hidayat\AQ_OpenWorld_Codec_Provenance\42_bh_derivatives\aligned_pcm\1a993837eee9cccc38812a89.wav,AQ2D0BH_DERIV_V1|c9f82964cbcd5cbeeb212da516bc7b47|AAC|128|FFmpeg-native AAC|57c56e369d5b4873b4d93fc1a1d833cb7cd8bc9325c14b05c34ce60b22842d8a,0,0,0,aac,PASS,"""[REDACTED_LOCAL_PATH]\Tony Hidayat\AQ_OpenWorld_Codec_Provenance\tools\gyan_ffmpeg_9.0_full\bin\ffmpeg.exe"" -y -hide_banner -i ""[REDACTED_LOCAL_PATH]\Tony Hidayat\AQ_OpenWorld_Codec_Provenance\39_bh_speech\canonical_selected\7127-75946-0000.wav"" -map_metadata -1 -vn -sn -dn -c:a aac -b:a 128k ""[REDACTED_LOCAL_PATH]\Tony Hidayat\AQ_OpenWorld_Codec_Provenance\42_bh_derivatives\encoded\1a993837eee9cccc38812a89.m4a""","""[REDACTED_LOCAL_PATH]\Tony Hidayat\AQ_OpenWorld_Codec_Provenance\tools\gyan_ffmpeg_9.0_full\bin\ffprobe.exe"" -v error -show_entries stream=codec_name,sample_rate,channels,duration,bit_rate:format=format_name,duration,bit_rate -of json ""[REDACTED_LOCAL_PATH]\Tony Hidayat\AQ_OpenWorld_Codec_Provenance\42_bh_derivatives\encoded\1a993837eee9cccc38812a89.m4a""","[REDACTED_LOCAL_PATH]\AppData\Local\CapCut\Apps\7.7.0.3143\ffmpeg.exe -y -hide_banner -i ""[REDACTED_LOCAL_PATH]\Tony Hidayat\AQ_OpenWorld_Codec_Provenance\42_bh_derivatives\encoded\1a993837eee9cccc38812a89.m4a"" -map_metadata -1 -vn -sn -dn -ac 1 -ar 48000 -sample_fmt s16 ""[REDACTED_LOCAL_PATH]\Tony Hidayat\AQ_OpenWorld_Codec_Provenance\42_bh_derivatives\decoded_raw\1a993837eee9cccc38812a89.wav"""
a934092c2fdea0fd891ae075,c9f82964cbcd5cbeeb212da516bc7b47,7127,MP3,libmp3lame,libmp3lame,32,33.584,ae3e4453a27e4271e4f0fb2c2fab3057529116a6e3fd32894dbcf143fa4e3d1e,3de1719274e121d11c15665aae8d4ef618e4f85b109a610968163ac75d13fed0,0,0.968287806761267,96000,8396,[REDACTED_LOCAL_PATH]\Tony Hidayat\AQ_OpenWorld_Codec_Provenance\42_bh_derivatives\encoded\a934092c2fdea0fd891ae075.mp3,[REDACTED_LOCAL_PATH]\Tony Hidayat\AQ_OpenWorld_Codec_Provenance\42_bh_derivatives\decoded_raw\a934092c2fdea0fd891ae075.wav,[REDACTED_LOCAL_PATH]\Tony Hidayat\AQ_OpenWorld_Codec_Provenance\42_bh_derivatives\aligned_pcm\a934092c2fdea0fd891ae075.wav,AQ2D0BH_DERIV_V1|c9f82964cbcd5cbeeb212da516bc7b47|MP3|32|libmp3lame|57c56e369d5b4873b4d93fc1a1d833cb7cd8bc9325c14b05c34ce60b22842d8a,0,0,0,mp3,PASS,"""[REDACTED_LOCAL_PATH]\Tony Hidayat\AQ_OpenWorld_Codec_Provenance\tools\gyan_ffmpeg_9.0_full\bin\ffmpeg.exe"" -y -hide_banner -i ""[REDACTED_LOCAL_PATH]\Tony Hidayat\AQ_OpenWorld_Codec_Provenance\39_bh_speech\canonical_selected\7127-75946-0000.wav"" -map_metadata -1 -vn -sn -dn -c:a libmp3lame -b:a 32k ""[REDACTED_LOCAL_PATH]\Tony Hidayat\AQ_OpenWorld_Codec_Provenance\42_bh_derivatives\encoded\a934092c2fdea0fd891ae075.mp3""","""[REDACTED_LOCAL_PATH]\Tony Hidayat\AQ_OpenWorld_Codec_Provenance\tools\gyan_ffmpeg_9.0_full\bin\ffprobe.exe"" -v error -show_entries stream=codec_name,sample_rate,channels,duration,bit_rate:format=format_name,duration,bit_rate -of json ""[REDACTED_LOCAL_PATH]\Tony Hidayat\AQ_OpenWorld_Codec_Provenance\42_bh_derivatives\encoded\a934092c2fdea0fd891ae075.mp3""","[REDACTED_LOCAL_PATH]\AppData\Local\CapCut\Apps\7.7.0.3143\ffmpeg.exe -y -hide_banner -i ""[REDACTED_LOCAL_PATH]\Tony Hidayat\AQ_OpenWorld_Codec_Provenance\42_bh_derivatives\encoded\a934092c2fdea0fd891ae075.mp3"" -map_metadata -1 -vn -sn -dn -ac 1 -ar 48000 -sample_fmt s16 ""[REDACTED_LOCAL_PATH]\Tony Hidayat\AQ_OpenWorld_Codec_Provenance\42_bh_derivatives\decoded_raw\a934092c2fdea0fd891ae075.wav"""
f32441068f4bd49951d89e03,c9f82964cbcd5cbeeb212da516bc7b47,7127,MP3,libmp3lame,libmp3lame,80,82.736,e7e4e75d432c2edf150b97e525007e9b847bccb937450985c02450a0f84685f0,0fcdfea4cb5bd4c7418b3821085139f12cd1d7b45087261a31b898213d0bb288,0,0.999547188770224,96000,20684,[REDACTED_LOCAL_PATH]\Tony Hidayat\AQ_OpenWorld_Codec_Provenance\42_bh_derivatives\encoded\f32441068f4bd49951d89e03.mp3,[REDACTED_LOCAL_PATH]\Tony Hidayat\AQ_OpenWorld_Codec_Provenance\42_bh_derivatives\decoded_raw\f32441068f4bd49951d89e03.wav,[REDACTED_LOCAL_PATH]\Tony Hidayat\AQ_OpenWorld_Codec_Provenance\42_bh_derivatives\aligned_pcm\f32441068f4bd49951d89e03.wav,AQ2D0BH_DERIV_V1|c9f82964cbcd5cbeeb212da516bc7b47|MP3|80|libmp3lame|57c56e369d5b4873b4d93fc1a1d833cb7cd8bc9325c14b05c34ce60b22842d8a,0,0,0,mp3,PASS,"""[REDACTED_LOCAL_PATH]\Tony Hidayat\AQ_OpenWorld_Codec_Provenance\tools\gyan_ffmpeg_9.0_full\bin\ffmpeg.exe"" -y -hide_banner -i ""[REDACTED_LOCAL_PATH]\Tony Hidayat\AQ_OpenWorld_Codec_Provenance\39_bh_speech\canonical_selected\7127-75946-0000.wav"" -map_metadata -1 -vn -sn -dn -c:a libmp3lame -b:a 80k ""[REDACTED_LOCAL_PATH]\Tony Hidayat\AQ_OpenWorld_Codec_Provenance\42_bh_derivatives\encoded\f32441068f4bd49951d89e03.mp3""","""[REDACTED_LOCAL_PATH]\Tony Hidayat\AQ_OpenWorld_Codec_Provenance\tools\gyan_ffmpeg_9.0_full\bin\ffprobe.exe"" -v error -show_entries stream=codec_name,sample_rate,channels,duration,bit_rate:format=format_name,duration,bit_rate -of json ""[REDACTED_LOCAL_PATH]\Tony Hidayat\AQ_OpenWorld_Codec_Provenance\42_bh_derivatives\encoded\f32441068f4bd49951d89e03.mp3""","[REDACTED_LOCAL_PATH]\AppData\Local\CapCut\Apps\7.7.0.3143\ffmpeg.exe -y -hide_banner -i ""[REDACTED_LOCAL_PATH]\Tony Hidayat\AQ_OpenWorld_Codec_Provenance\42_bh_derivatives\encoded\f32441068f4bd49951d89e03.mp3"" -map_metadata -1 -vn -sn -dn -ac 1 -ar 48000 -sample_fmt s16 ""[REDACTED_LOCAL_PATH]\Tony Hidayat\AQ_OpenWorld_Codec_Provenance\42_bh_derivatives\decoded_raw\f32441068f4bd49951d89e03.wav"""
9b92c634d0832b66b18e583a,c9f82964cbcd5cbeeb212da516bc7b47,7127,MP3,libmp3lame,libmp3lame,96,99.248,2e4b02a3656f173605ba34a73dca4d9148e63e25859469c8fc30666c27379f34,619a5e26c850656303def6e24fba5fce6fff53434099d8f9b6aa51bf5289a3fa,0,0.9999042831632429,96000,24812,[REDACTED_LOCAL_PATH]\Tony Hidayat\AQ_OpenWorld_Codec_Provenance\42_bh_derivatives\encoded\9b92c634d0832b66b18e583a.mp3,[REDACTED_LOCAL_PATH]\Tony Hidayat\AQ_OpenWorld_Codec_Provenance\42_bh_derivatives\decoded_raw\9b92c634d0832b66b18e583a.wav,[REDACTED_LOCAL_PATH]\Tony Hidayat\AQ_OpenWorld_Codec_Provenance\42_bh_derivatives\aligned_pcm\9b92c634d0832b66b18e583a.wav,AQ2D0BH_DERIV_V1|c9f82964cbcd5cbeeb212da516bc7b47|MP3|96|libmp3lame|57c56e369d5b4873b4d93fc1a1d833cb7cd8bc9325c14b05c34ce60b22842d8a,0,0,0,mp3,PASS,"""[REDACTED_LOCAL_PATH]\Tony Hidayat\AQ_OpenWorld_Codec_Provenance\tools\gyan_ffmpeg_9.0_full\bin\ffmpeg.exe"" -y -hide_banner -i ""[REDACTED_LOCAL_PATH]\Tony Hidayat\AQ_OpenWorld_Codec_Provenance\39_bh_speech\canonical_selected\7127-75946-0000.wav"" -map_metadata -1 -vn -sn -dn -c:a libmp3lame -b:a 96k ""[REDACTED_LOCAL_PATH]\Tony Hidayat\AQ_OpenWorld_Codec_Provenance\42_bh_derivatives\encoded\9b92c634d0832b66b18e583a.mp3""","""[REDACTED_LOCAL_PATH]\Tony Hidayat\AQ_OpenWorld_Codec_Provenance\tools\gyan_ffmpeg_9.0_full\bin\ffprobe.exe"" -v error -show_entries stream=codec_name,sample_rate,channels,duration,bit_rate:format=format_name,duration,bit_rate -of json ""[REDACTED_LOCAL_PATH]\Tony Hidayat\AQ_OpenWorld_Codec_Provenance\42_bh_derivatives\encoded\9b92c634d0832b66b18e583a.mp3""","[REDACTED_LOCAL_PATH]\AppData\Local\CapCut\Apps\7.7.0.3143\ffmpeg.exe -y -hide_banner -i ""[REDACTED_LOCAL_PATH]\Tony Hidayat\AQ_OpenWorld_Codec_Provenance\42_bh_derivatives\encoded\9b92c634d0832b66b18e583a.mp3"" -map_metadata -1 -vn -sn -dn -ac 1 -ar 48000 -sample_fmt s16 ""[REDACTED_LOCAL_PATH]\Tony Hidayat\AQ_OpenWorld_Codec_Provenance\42_bh_derivatives\decoded_raw\9b92c634d0832b66b18e583a.wav"""
25eae5f476c6a4d57e4ac4fc,c9f82964cbcd5cbeeb212da516bc7b47,7127,MP3,libmp3lame,libmp3lame,128,132.272,2e14859ea2e5e7b4e67117a066c11035dfff1440a5b820881047cde930609753,a7ac7f9a9bcec363dfe31cefca3050e41fd40591a78fb2427450340c406a6547,0,0.9999876430486093,96000,33068,[REDACTED_LOCAL_PATH]\Tony Hidayat\AQ_OpenWorld_Codec_Provenance\42_bh_derivatives\encoded\25eae5f476c6a4d57e4ac4fc.mp3,[REDACTED_LOCAL_PATH]\Tony Hidayat\AQ_OpenWorld_Codec_Provenance\42_bh_derivatives\decoded_raw\25eae5f476c6a4d57e4ac4fc.wav,[REDACTED_LOCAL_PATH]\Tony Hidayat\AQ_OpenWorld_Codec_Provenance\42_bh_derivatives\aligned_pcm\25eae5f476c6a4d57e4ac4fc.wav,AQ2D0BH_DERIV_V1|c9f82964cbcd5cbeeb212da516bc7b47|MP3|128|libmp3lame|57c56e369d5b4873b4d93fc1a1d833cb7cd8bc9325c14b05c34ce60b22842d8a,0,0,0,mp3,PASS,"""[REDACTED_LOCAL_PATH]\Tony Hidayat\AQ_OpenWorld_Codec_Provenance\tools\gyan_ffmpeg_9.0_full\bin\ffmpeg.exe"" -y -hide_banner -i ""[REDACTED_LOCAL_PATH]\Tony Hidayat\AQ_OpenWorld_Codec_Provenance\39_bh_speech\canonical_selected\7127-75946-0000.wav"" -map_metadata -1 -vn -sn -dn -c:a libmp3lame -b:a 128k ""[REDACTED_LOCAL_PATH]\Tony Hidayat\AQ_OpenWorld_Codec_Provenance\42_bh_derivatives\encoded\25eae5f476c6a4d57e4ac4fc.mp3""","""[REDACTED_LOCAL_PATH]\Tony Hidayat\AQ_OpenWorld_Codec_Provenance\tools\gyan_ffmpeg_9.0_full\bin\ffprobe.exe"" -v error -show_entries stream=codec_name,sample_rate,channels,duration,bit_rate:format=format_name,duration,bit_rate -of json ""[REDACTED_LOCAL_PATH]\Tony Hidayat\AQ_OpenWorld_Codec_Provenance\42_bh_derivatives\encoded\25eae5f476c6a4d57e4ac4fc.mp3""","[REDACTED_LOCAL_PATH]\AppData\Local\CapCut\Apps\7.7.0.3143\ffmpeg.exe -y -hide_banner -i ""[REDACTED_LOCAL_PATH]\Tony Hidayat\AQ_OpenWorld_Codec_Provenance\42_bh_derivatives\encoded\25eae5f476c6a4d57e4ac4fc.mp3"" -map_metadata -1 -vn -sn -dn -ac 1 -ar 48000 -sample_fmt s16 ""[REDACTED_LOCAL_PATH]\Tony Hidayat\AQ_OpenWorld_Codec_Provenance\42_bh_derivatives\decoded_raw\25eae5f476c6a4d57e4ac4fc.wav"""
90549f9ffb57976829107022,c9f82964cbcd5cbeeb212da516bc7b47,7127,Opus,libopus,libopus,32,33.588,e3704f9a7576fb906f20933cb29c863ea0258cc2a874a92ab39816fcfe487439,cfafce324e8dcdc98706a7ab4ac3f0fbadeb5b7aeb4150ad9c9154fbc0e2895c,0,0.9777334741188903,96000,8397,[REDACTED_LOCAL_PATH]\Tony Hidayat\AQ_OpenWorld_Codec_Provenance\42_bh_derivatives\encoded\90549f9ffb57976829107022.opus,[REDACTED_LOCAL_PATH]\Tony Hidayat\AQ_OpenWorld_Codec_Provenance\42_bh_derivatives\decoded_raw\90549f9ffb57976829107022.wav,[REDACTED_LOCAL_PATH]\Tony Hidayat\AQ_OpenWorld_Codec_Provenance\42_bh_derivatives\aligned_pcm\90549f9ffb57976829107022.wav,AQ2D0BH_DERIV_V1|c9f82964cbcd5cbeeb212da516bc7b47|Opus|32|libopus|57c56e369d5b4873b4d93fc1a1d833cb7cd8bc9325c14b05c34ce60b22842d8a,0,0,0,opus,PASS,"""[REDACTED_LOCAL_PATH]\Tony Hidayat\AQ_OpenWorld_Codec_Provenance\tools\gyan_ffmpeg_9.0_full\bin\ffmpeg.exe"" -y -hide_banner -i ""[REDACTED_LOCAL_PATH]\Tony Hidayat\AQ_OpenWorld_Codec_Provenance\39_bh_speech\canonical_selected\7127-75946-0000.wav"" -map_metadata -1 -vn -sn -dn -c:a libopus -b:a 32k -vbr off ""[REDACTED_LOCAL_PATH]\Tony Hidayat\AQ_OpenWorld_Codec_Provenance\42_bh_derivatives\encoded\90549f9ffb57976829107022.opus""","""[REDACTED_LOCAL_PATH]\Tony Hidayat\AQ_OpenWorld_Codec_Provenance\tools\gyan_ffmpeg_9.0_full\bin\ffprobe.exe"" -v error -show_entries stream=codec_name,sample_rate,channels,duration,bit_rate:format=format_name,duration,bit_rate -of json ""[REDACTED_LOCAL_PATH]\Tony Hidayat\AQ_OpenWorld_Codec_Provenance\42_bh_derivatives\encoded\90549f9ffb57976829107022.opus""","[REDACTED_LOCAL_PATH]\AppData\Local\CapCut\Apps\7.7.0.3143\ffmpeg.exe -y -hide_banner -i ""[REDACTED_LOCAL_PATH]\Tony Hidayat\AQ_OpenWorld_Codec_Provenance\42_bh_derivatives\encoded\90549f9ffb57976829107022.opus"" -map_metadata -1 -vn -sn -dn -ac 1 -ar 48000 -sample_fmt s16 ""[REDACTED_LOCAL_PATH]\Tony Hidayat\AQ_OpenWorld_Codec_Provenance\42_bh_derivatives\decoded_raw\90549f9ffb57976829107022.wav"""
ca384a0504e951303fc6c081,c9f82964cbcd5cbeeb212da516bc7b47,7127,Opus,libopus,libopus,80,82.068,d6e1a66da0b508eec0ff69cff11232e1de947d3b996b4680ceeb57747ba54bc0,2b37c69c227dabde80850ed8b5bfd5ff674d6248bda6b2dd138a8af4cc3599fc,0,0.997000494509357,96000,20517,[REDACTED_LOCAL_PATH]\Tony Hidayat\AQ_OpenWorld_Codec_Provenance\42_bh_derivatives\encoded\ca384a0504e951303fc6c081.opus,[REDACTED_LOCAL_PATH]\Tony Hidayat\AQ_OpenWorld_Codec_Provenance\42_bh_derivatives\decoded_raw\ca384a0504e951303fc6c081.wav,[REDACTED_LOCAL_PATH]\Tony Hidayat\AQ_OpenWorld_Codec_Provenance\42_bh_derivatives\aligned_pcm\ca384a0504e951303fc6c081.wav,AQ2D0BH_DERIV_V1|c9f82964cbcd5cbeeb212da516bc7b47|Opus|80|libopus|57c56e369d5b4873b4d93fc1a1d833cb7cd8bc9325c14b05c34ce60b22842d8a,0,0,0,opus,PASS,"""[REDACTED_LOCAL_PATH]\Tony Hidayat\AQ_OpenWorld_Codec_Provenance\tools\gyan_ffmpeg_9.0_full\bin\ffmpeg.exe"" -y -hide_banner -i ""[REDACTED_LOCAL_PATH]\Tony Hidayat\AQ_OpenWorld_Codec_Provenance\39_bh_speech\canonical_selected\7127-75946-0000.wav"" -map_metadata -1 -vn -sn -dn -c:a libopus -b:a 80k -vbr off ""[REDACTED_LOCAL_PATH]\Tony Hidayat\AQ_OpenWorld_Codec_Provenance\42_bh_derivatives\encoded\ca384a0504e951303fc6c081.opus""","""[REDACTED_LOCAL_PATH]\Tony Hidayat\AQ_OpenWorld_Codec_Provenance\tools\gyan_ffmpeg_9.0_full\bin\ffprobe.exe"" -v error -show_entries stream=codec_name,sample_rate,channels,duration,bit_rate:format=format_name,duration,bit_rate -of json ""[REDACTED_LOCAL_PATH]\Tony Hidayat\AQ_OpenWorld_Codec_Provenance\42_bh_derivatives\encoded\ca384a0504e951303fc6c081.opus""","[REDACTED_LOCAL_PATH]\AppData\Local\CapCut\Apps\7.7.0.3143\ffmpeg.exe -y -hide_banner -i ""[REDACTED_LOCAL_PATH]\Tony Hidayat\AQ_OpenWorld_Codec_Provenance\42_bh_derivatives\encoded\ca384a0504e951303fc6c081.opus"" -map_metadata -1 -vn -sn -dn -ac 1 -ar 48000 -sample_fmt s16 ""[REDACTED_LOCAL_PATH]\Tony Hidayat\AQ_OpenWorld_Codec_Provenance\42_bh_derivatives\decoded_raw\ca384a0504e951303fc6c081.wav"""
fa124c8c6ea91e9bfd95116c,c9f82964cbcd5cbeeb212da516bc7b47,7127,Opus,libopus,libopus,96,98.228,885a4ea303980b263116aa4eedd8b37042afb861550f1d095d171bdcad46e069,bbaa8c6347cc2257c51a000a21f692f950b8be631a6315dd2bad16f3ccc3ca47,0,0.9979155205711973,96000,24557,[REDACTED_LOCAL_PATH]\Tony Hidayat\AQ_OpenWorld_Codec_Provenance\42_bh_derivatives\encoded\fa124c8c6ea91e9bfd95116c.opus,[REDACTED_LOCAL_PATH]\Tony Hidayat\AQ_OpenWorld_Codec_Provenance\42_bh_derivatives\decoded_raw\fa124c8c6ea91e9bfd95116c.wav,[REDACTED_LOCAL_PATH]\Tony Hidayat\AQ_OpenWorld_Codec_Provenance\42_bh_derivatives\aligned_pcm\fa124c8c6ea91e9bfd95116c.wav,AQ2D0BH_DERIV_V1|c9f82964cbcd5cbeeb212da516bc7b47|Opus|96|libopus|57c56e369d5b4873b4d93fc1a1d833cb7cd8bc9325c14b05c34ce60b22842d8a,0,0,0,opus,PASS,"""[REDACTED_LOCAL_PATH]\Tony Hidayat\AQ_OpenWorld_Codec_Provenance\tools\gyan_ffmpeg_9.0_full\bin\ffmpeg.exe"" -y -hide_banner -i ""[REDACTED_LOCAL_PATH]\Tony Hidayat\AQ_OpenWorld_Codec_Provenance\39_bh_speech\canonical_selected\7127-75946-0000.wav"" -map_metadata -1 -vn -sn -dn -c:a libopus -b:a 96k -vbr off ""[REDACTED_LOCAL_PATH]\Tony Hidayat\AQ_OpenWorld_Codec_Provenance\42_bh_derivatives\encoded\fa124c8c6ea91e9bfd95116c.opus""","""[REDACTED_LOCAL_PATH]\Tony Hidayat\AQ_OpenWorld_Codec_Provenance\tools\gyan_ffmpeg_9.0_full\bin\ffprobe.exe"" -v error -show_entries stream=codec_name,sample_rate,channels,duration,bit_rate:format=format_name,duration,bit_rate -of json ""[REDACTED_LOCAL_PATH]\Tony Hidayat\AQ_OpenWorld_Codec_Provenance\42_bh_derivatives\encoded\fa124c8c6ea91e9bfd95116c.opus""","[REDACTED_LOCAL_PATH]\AppData\Local\CapCut\Apps\7.7.0.3143\ffmpeg.exe -y -hide_banner -i ""[REDACTED_LOCAL_PATH]\Tony Hidayat\AQ_OpenWorld_Codec_Provenance\42_bh_derivatives\encoded\fa124c8c6ea91e9bfd95116c.opus"" -map_metadata -1 -vn -sn -dn -ac 1 -ar 48000 -sample_fmt s16 ""[REDACTED_LOCAL_PATH]\Tony Hidayat\AQ_OpenWorld_Codec_Provenance\42_bh_derivatives\decoded_raw\fa124c8c6ea91e9bfd95116c.wav"""
08f6e9dc5870eaa68a1aa445,c9f82964cbcd5cbeeb212da516bc7b47,7127,Opus,libopus,libopus,128,130.952,b3d771092150c517bfbc9242a14a6508940444dd3d31b74f3e561842f218ac44,8318123d1a7f5d3e581ea795d0edea76fcaab52d6c2a83fcf14bba64d710e5a1,0,0.9990771430264141,96000,32738,[REDACTED_LOCAL_PATH]\Tony Hidayat\AQ_OpenWorld_Codec_Provenance\42_bh_derivatives\encoded\08f6e9dc5870eaa68a1aa445.opus,[REDACTED_LOCAL_PATH]\Tony Hidayat\AQ_OpenWorld_Codec_Provenance\42_bh_derivatives\decoded_raw\08f6e9dc5870eaa68a1aa445.wav,[REDACTED_LOCAL_PATH]\Tony Hidayat\AQ_OpenWorld_Codec_Provenance\42_bh_derivatives\aligned_pcm\08f6e9dc5870eaa68a1aa445.wav,AQ2D0BH_DERIV_V1|c9f82964cbcd5cbeeb212da516bc7b47|Opus|128|libopus|57c56e369d5b4873b4d93fc1a1d833cb7cd8bc9325c14b05c34ce60b22842d8a,0,0,0,opus,PASS,"""[REDACTED_LOCAL_PATH]\Tony Hidayat\AQ_OpenWorld_Codec_Provenance\tools\gyan_ffmpeg_9.0_full\bin\ffmpeg.exe"" -y -hide_banner -i ""[REDACTED_LOCAL_PATH]\Tony Hidayat\AQ_OpenWorld_Codec_Provenance\39_bh_speech\canonical_selected\7127-75946-0000.wav"" -map_metadata -1 -vn -sn -dn -c:a libopus -b:a 128k -vbr off ""[REDACTED_LOCAL_PATH]\Tony Hidayat\AQ_OpenWorld_Codec_Provenance\42_bh_derivatives\encoded\08f6e9dc5870eaa68a1aa445.opus""","""[REDACTED_LOCAL_PATH]\Tony Hidayat\AQ_OpenWorld_Codec_Provenance\tools\gyan_ffmpeg_9.0_full\bin\ffprobe.exe"" -v error -show_entries stream=codec_name,sample_rate,channels,duration,bit_rate:format=format_name,duration,bit_rate -of json ""[REDACTED_LOCAL_PATH]\Tony Hidayat\AQ_OpenWorld_Codec_Provenance\42_bh_derivatives\encoded\08f6e9dc5870eaa68a1aa445.opus""","[REDACTED_LOCAL_PATH]\AppData\Local\CapCut\Apps\7.7.0.3143\ffmpeg.exe -y -hide_banner -i ""[REDACTED_LOCAL_PATH]\Tony Hidayat\AQ_OpenWorld_Codec_Provenance\42_bh_derivatives\encoded\08f6e9dc5870eaa68a1aa445.opus"" -map_metadata -1 -vn -sn -dn -ac 1 -ar 48000 -sample_fmt s16 ""[REDACTED_LOCAL_PATH]\Tony Hidayat\AQ_OpenWorld_Codec_Provenance\42_bh_derivatives\decoded_raw\08f6e9dc5870eaa68a1aa445.wav"""
66a4ddd308fd07a40b770050,cb64a1b3483e5ac11da667770eb787a7,672,AAC,aac,FFmpeg-native AAC,32,37.5,143d32a5e7c8801e0b4f80da083755e171ec305aa9f16449a49fe30502ec3def,a00670c2d0d3a28ae0711b594b93d2d37aa3838424183befbc5f180dd042dea3,0,0.9368270561653014,96000,9375,[REDACTED_LOCAL_PATH]\Tony Hidayat\AQ_OpenWorld_Codec_Provenance\42_bh_derivatives\encoded\66a4ddd308fd07a40b770050.m4a,[REDACTED_LOCAL_PATH]\Tony Hidayat\AQ_OpenWorld_Codec_Provenance\42_bh_derivatives\decoded_raw\66a4ddd308fd07a40b770050.wav,[REDACTED_LOCAL_PATH]\Tony Hidayat\AQ_OpenWorld_Codec_Provenance\42_bh_derivatives\aligned_pcm\66a4ddd308fd07a40b770050.wav,AQ2D0BH_DERIV_V1|cb64a1b3483e5ac11da667770eb787a7|AAC|32|FFmpeg-native AAC|57c56e369d5b4873b4d93fc1a1d833cb7cd8bc9325c14b05c34ce60b22842d8a,0,0,0,aac,PASS,"""[REDACTED_LOCAL_PATH]\Tony Hidayat\AQ_OpenWorld_Codec_Provenance\tools\gyan_ffmpeg_9.0_full\bin\ffmpeg.exe"" -y -hide_banner -i ""[REDACTED_LOCAL_PATH]\Tony Hidayat\AQ_OpenWorld_Codec_Provenance\39_bh_speech\canonical_selected\672-122797-0008.wav"" -map_metadata -1 -vn -sn -dn -c:a aac -b:a 32k ""[REDACTED_LOCAL_PATH]\Tony Hidayat\AQ_OpenWorld_Codec_Provenance\42_bh_derivatives\encoded\66a4ddd308fd07a40b770050.m4a""","""[REDACTED_LOCAL_PATH]\Tony Hidayat\AQ_OpenWorld_Codec_Provenance\tools\gyan_ffmpeg_9.0_full\bin\ffprobe.exe"" -v error -show_entries stream=codec_name,sample_rate,channels,duration,bit_rate:format=format_name,duration,bit_rate -of json ""[REDACTED_LOCAL_PATH]\Tony Hidayat\AQ_OpenWorld_Codec_Provenance\42_bh_derivatives\encoded\66a4ddd308fd07a40b770050.m4a""","[REDACTED_LOCAL_PATH]\AppData\Local\CapCut\Apps\7.7.0.3143\ffmpeg.exe -y -hide_banner -i ""[REDACTED_LOCAL_PATH]\Tony Hidayat\AQ_OpenWorld_Codec_Provenance\42_bh_derivatives\encoded\66a4ddd308fd07a40b770050.m4a"" -map_metadata -1 -vn -sn -dn -ac 1 -ar 48000 -sample_fmt s16 ""[REDACTED_LOCAL_PATH]\Tony Hidayat\AQ_OpenWorld_Codec_Provenance\42_bh_derivatives\decoded_raw\66a4ddd308fd07a40b770050.wav"""
669fb8aec5a9e1524b0c1a18,cb64a1b3483e5ac11da667770eb787a7,672,AAC,aac,FFmpeg-native AAC,80,87.016,67ac7b4aa554871814f4444e3f16441ad0c7f1f9672a60d6107cea0a1672023d,4771a847c62cd502ca4351bdc4578163bd46299cfc47305be03f38a86167a831,0,0.9978285163062978,96000,21754,[REDACTED_LOCAL_PATH]\Tony Hidayat\AQ_OpenWorld_Codec_Provenance\42_bh_derivatives\encoded\669fb8aec5a9e1524b0c1a18.m4a,[REDACTED_LOCAL_PATH]\Tony Hidayat\AQ_OpenWorld_Codec_Provenance\42_bh_derivatives\decoded_raw\669fb8aec5a9e1524b0c1a18.wav,[REDACTED_LOCAL_PATH]\Tony Hidayat\AQ_OpenWorld_Codec_Provenance\42_bh_derivatives\aligned_pcm\669fb8aec5a9e1524b0c1a18.wav,AQ2D0BH_DERIV_V1|cb64a1b3483e5ac11da667770eb787a7|AAC|80|FFmpeg-native AAC|57c56e369d5b4873b4d93fc1a1d833cb7cd8bc9325c14b05c34ce60b22842d8a,0,0,0,aac,PASS,"""[REDACTED_LOCAL_PATH]\Tony Hidayat\AQ_OpenWorld_Codec_Provenance\tools\gyan_ffmpeg_9.0_full\bin\ffmpeg.exe"" -y -hide_banner -i ""[REDACTED_LOCAL_PATH]\Tony Hidayat\AQ_OpenWorld_Codec_Provenance\39_bh_speech\canonical_selected\672-122797-0008.wav"" -map_metadata -1 -vn -sn -dn -c:a aac -b:a 80k ""[REDACTED_LOCAL_PATH]\Tony Hidayat\AQ_OpenWorld_Codec_Provenance\42_bh_derivatives\encoded\669fb8aec5a9e1524b0c1a18.m4a""","""[REDACTED_LOCAL_PATH]\Tony Hidayat\AQ_OpenWorld_Codec_Provenance\tools\gyan_ffmpeg_9.0_full\bin\ffprobe.exe"" -v error -show_entries stream=codec_name,sample_rate,channels,duration,bit_rate:format=format_name,duration,bit_rate -of json ""[REDACTED_LOCAL_PATH]\Tony Hidayat\AQ_OpenWorld_Codec_Provenance\42_bh_derivatives\encoded\669fb8aec5a9e1524b0c1a18.m4a""","[REDACTED_LOCAL_PATH]\AppData\Local\CapCut\Apps\7.7.0.3143\ffmpeg.exe -y -hide_banner -i ""[REDACTED_LOCAL_PATH]\Tony Hidayat\AQ_OpenWorld_Codec_Provenance\42_bh_derivatives\encoded\669fb8aec5a9e1524b0c1a18.m4a"" -map_metadata -1 -vn -sn -dn -ac 1 -ar 48000 -sample_fmt s16 ""[REDACTED_LOCAL_PATH]\Tony Hidayat\AQ_OpenWorld_Codec_Provenance\42_bh_derivatives\decoded_raw\669fb8aec5a9e1524b0c1a18.wav"""
4b733523a621199bb8d8ecc4,cb64a1b3483e5ac11da667770eb787a7,672,AAC,aac,FFmpeg-native AAC,96,103.868,f976845b3e064164a6abce824cdb47721fe72c982ed2955faa513cedaa9506f9,295d4ac866b513c85da7ee5a7c0cd50fe2852a03371a565f9a9eb9958c44f956,0,0.9966492090447642,96000,25967,[REDACTED_LOCAL_PATH]\Tony Hidayat\AQ_OpenWorld_Codec_Provenance\42_bh_derivatives\encoded\4b733523a621199bb8d8ecc4.m4a,[REDACTED_LOCAL_PATH]\Tony Hidayat\AQ_OpenWorld_Codec_Provenance\42_bh_derivatives\decoded_raw\4b733523a621199bb8d8ecc4.wav,[REDACTED_LOCAL_PATH]\Tony Hidayat\AQ_OpenWorld_Codec_Provenance\42_bh_derivatives\aligned_pcm\4b733523a621199bb8d8ecc4.wav,AQ2D0BH_DERIV_V1|cb64a1b3483e5ac11da667770eb787a7|AAC|96|FFmpeg-native AAC|57c56e369d5b4873b4d93fc1a1d833cb7cd8bc9325c14b05c34ce60b22842d8a,0,0,0,aac,PASS,"""[REDACTED_LOCAL_PATH]\Tony Hidayat\AQ_OpenWorld_Codec_Provenance\tools\gyan_ffmpeg_9.0_full\bin\ffmpeg.exe"" -y -hide_banner -i ""[REDACTED_LOCAL_PATH]\Tony Hidayat\AQ_OpenWorld_Codec_Provenance\39_bh_speech\canonical_selected\672-122797-0008.wav"" -map_metadata -1 -vn -sn -dn -c:a aac -b:a 96k ""[REDACTED_LOCAL_PATH]\Tony Hidayat\AQ_OpenWorld_Codec_Provenance\42_bh_derivatives\encoded\4b733523a621199bb8d8ecc4.m4a""","""[REDACTED_LOCAL_PATH]\Tony Hidayat\AQ_OpenWorld_Codec_Provenance\tools\gyan_ffmpeg_9.0_full\bin\ffprobe.exe"" -v error -show_entries stream=codec_name,sample_rate,channels,duration,bit_rate:format=format_name,duration,bit_rate -of json ""[REDACTED_LOCAL_PATH]\Tony Hidayat\AQ_OpenWorld_Codec_Provenance\42_bh_derivatives\encoded\4b733523a621199bb8d8ecc4.m4a""","[REDACTED_LOCAL_PATH]\AppData\Local\CapCut\Apps\7.7.0.3143\ffmpeg.exe -y -hide_banner -i ""[REDACTED_LOCAL_PATH]\Tony Hidayat\AQ_OpenWorld_Codec_Provenance\42_bh_derivatives\encoded\4b733523a621199bb8d8ecc4.m4a"" -map_metadata -1 -vn -sn -dn -ac 1 -ar 48000 -sample_fmt s16 ""[REDACTED_LOCAL_PATH]\Tony Hidayat\AQ_OpenWorld_Codec_Provenance\42_bh_derivatives\decoded_raw\4b733523a621199bb8d8ecc4.wav"""
42bcab4ab9a451376bd5b30f,cb64a1b3483e5ac11da667770eb787a7,672,AAC,aac,FFmpeg-native AAC,128,134.624,6ecd1ac84c3ed9fa90789c95870e6488e9804131bfd57e0bfb02567a7f905162,4ef24b93eee0e676bca7f4fd843831b8663c744c39440b94e09a9a0ae92ad512,0,0.9994968625442175,96000,33656,[REDACTED_LOCAL_PATH]\Tony Hidayat\AQ_OpenWorld_Codec_Provenance\42_bh_derivatives\encoded\42bcab4ab9a451376bd5b30f.m4a,[REDACTED_LOCAL_PATH]\Tony Hidayat\AQ_OpenWorld_Codec_Provenance\42_bh_derivatives\decoded_raw\42bcab4ab9a451376bd5b30f.wav,[REDACTED_LOCAL_PATH]\Tony Hidayat\AQ_OpenWorld_Codec_Provenance\42_bh_derivatives\aligned_pcm\42bcab4ab9a451376bd5b30f.wav,AQ2D0BH_DERIV_V1|cb64a1b3483e5ac11da667770eb787a7|AAC|128|FFmpeg-native AAC|57c56e369d5b4873b4d93fc1a1d833cb7cd8bc9325c14b05c34ce60b22842d8a,0,0,0,aac,PASS,"""[REDACTED_LOCAL_PATH]\Tony Hidayat\AQ_OpenWorld_Codec_Provenance\tools\gyan_ffmpeg_9.0_full\bin\ffmpeg.exe"" -y -hide_banner -i ""[REDACTED_LOCAL_PATH]\Tony Hidayat\AQ_OpenWorld_Codec_Provenance\39_bh_speech\canonical_selected\672-122797-0008.wav"" -map_metadata -1 -vn -sn -dn -c:a aac -b:a 128k ""[REDACTED_LOCAL_PATH]\Tony Hidayat\AQ_OpenWorld_Codec_Provenance\42_bh_derivatives\encoded\42bcab4ab9a451376bd5b30f.m4a""","""[REDACTED_LOCAL_PATH]\Tony Hidayat\AQ_OpenWorld_Codec_Provenance\tools\gyan_ffmpeg_9.0_full\bin\ffprobe.exe"" -v error -show_entries stream=codec_name,sample_rate,channels,duration,bit_rate:format=format_name,duration,bit_rate -of json ""[REDACTED_LOCAL_PATH]\Tony Hidayat\AQ_OpenWorld_Codec_Provenance\42_bh_derivatives\encoded\42bcab4ab9a451376bd5b30f.m4a""","[REDACTED_LOCAL_PATH]\AppData\Local\CapCut\Apps\7.7.0.3143\ffmpeg.exe -y -hide_banner -i ""[REDACTED_LOCAL_PATH]\Tony Hidayat\AQ_OpenWorld_Codec_Provenance\42_bh_derivatives\encoded\42bcab4ab9a451376bd5b30f.m4a"" -map_metadata -1 -vn -sn -dn -ac 1 -ar 48000 -sample_fmt s16 ""[REDACTED_LOCAL_PATH]\Tony Hidayat\AQ_OpenWorld_Codec_Provenance\42_bh_derivatives\decoded_raw\42bcab4ab9a451376bd5b30f.wav"""
1a39bc2aca6464e5f4d5a865,cb64a1b3483e5ac11da667770eb787a7,672,MP3,libmp3lame,libmp3lame,32,33.584,6ced2cfb9d2443032a4cb7370e471c45f1c049d827b3d8503a97afee10e2c34e,e959039edbb9291d43f9c48ff458882cb199a2dd819c8a610f9dbb74fe118435,0,0.9683231038644906,96000,8396,[REDACTED_LOCAL_PATH]\Tony Hidayat\AQ_OpenWorld_Codec_Provenance\42_bh_derivatives\encoded\1a39bc2aca6464e5f4d5a865.mp3,[REDACTED_LOCAL_PATH]\Tony Hidayat\AQ_OpenWorld_Codec_Provenance\42_bh_derivatives\decoded_raw\1a39bc2aca6464e5f4d5a865.wav,[REDACTED_LOCAL_PATH]\Tony Hidayat\AQ_OpenWorld_Codec_Provenance\42_bh_derivatives\aligned_pcm\1a39bc2aca6464e5f4d5a865.wav,AQ2D0BH_DERIV_V1|cb64a1b3483e5ac11da667770eb787a7|MP3|32|libmp3lame|57c56e369d5b4873b4d93fc1a1d833cb7cd8bc9325c14b05c34ce60b22842d8a,0,0,0,mp3,PASS,"""[REDACTED_LOCAL_PATH]\Tony Hidayat\AQ_OpenWorld_Codec_Provenance\tools\gyan_ffmpeg_9.0_full\bin\ffmpeg.exe"" -y -hide_banner -i ""[REDACTED_LOCAL_PATH]\Tony Hidayat\AQ_OpenWorld_Codec_Provenance\39_bh_speech\canonical_selected\672-122797-0008.wav"" -map_metadata -1 -vn -sn -dn -c:a libmp3lame -b:a 32k ""[REDACTED_LOCAL_PATH]\Tony Hidayat\AQ_OpenWorld_Codec_Provenance\42_bh_derivatives\encoded\1a39bc2aca6464e5f4d5a865.mp3""","""[REDACTED_LOCAL_PATH]\Tony Hidayat\AQ_OpenWorld_Codec_Provenance\tools\gyan_ffmpeg_9.0_full\bin\ffprobe.exe"" -v error -show_entries stream=codec_name,sample_rate,channels,duration,bit_rate:format=format_name,duration,bit_rate -of json ""[REDACTED_LOCAL_PATH]\Tony Hidayat\AQ_OpenWorld_Codec_Provenance\42_bh_derivatives\encoded\1a39bc2aca6464e5f4d5a865.mp3""","[REDACTED_LOCAL_PATH]\AppData\Local\CapCut\Apps\7.7.0.3143\ffmpeg.exe -y -hide_banner -i ""[REDACTED_LOCAL_PATH]\Tony Hidayat\AQ_OpenWorld_Codec_Provenance\42_bh_derivatives\encoded\1a39bc2aca6464e5f4d5a865.mp3"" -map_metadata -1 -vn -sn -dn -ac 1 -ar 48000 -sample_fmt s16 ""[REDACTED_LOCAL_PATH]\Tony Hidayat\AQ_OpenWorld_Codec_Provenance\42_bh_derivatives\decoded_raw\1a39bc2aca6464e5f4d5a865.wav"""
e162fe4667c3d6e34789d512,cb64a1b3483e5ac11da667770eb787a7,672,MP3,libmp3lame,libmp3lame,80,82.736,fe762c092b1032c9df93a032b82e9ebfb00fa431a66e083bc91b53ba2e21dd27,2db4263f5d3e4cd84f2f0f178662c7fd57603dfe688721539a857b9e69a8b89d,0,0.9992972850088937,96000,20684,[REDACTED_LOCAL_PATH]\Tony Hidayat\AQ_OpenWorld_Codec_Provenance\42_bh_derivatives\encoded\e162fe4667c3d6e34789d512.mp3,[REDACTED_LOCAL_PATH]\Tony Hidayat\AQ_OpenWorld_Codec_Provenance\42_bh_derivatives\decoded_raw\e162fe4667c3d6e34789d512.wav,[REDACTED_LOCAL_PATH]\Tony Hidayat\AQ_OpenWorld_Codec_Provenance\42_bh_derivatives\aligned_pcm\e162fe4667c3d6e34789d512.wav,AQ2D0BH_DERIV_V1|cb64a1b3483e5ac11da667770eb787a7|MP3|80|libmp3lame|57c56e369d5b4873b4d93fc1a1d833cb7cd8bc9325c14b05c34ce60b22842d8a,0,0,0,mp3,PASS,"""[REDACTED_LOCAL_PATH]\Tony Hidayat\AQ_OpenWorld_Codec_Provenance\tools\gyan_ffmpeg_9.0_full\bin\ffmpeg.exe"" -y -hide_banner -i ""[REDACTED_LOCAL_PATH]\Tony Hidayat\AQ_OpenWorld_Codec_Provenance\39_bh_speech\canonical_selected\672-122797-0008.wav"" -map_metadata -1 -vn -sn -dn -c:a libmp3lame -b:a 80k ""[REDACTED_LOCAL_PATH]\Tony Hidayat\AQ_OpenWorld_Codec_Provenance\42_bh_derivatives\encoded\e162fe4667c3d6e34789d512.mp3""","""[REDACTED_LOCAL_PATH]\Tony Hidayat\AQ_OpenWorld_Codec_Provenance\tools\gyan_ffmpeg_9.0_full\bin\ffprobe.exe"" -v error -show_entries stream=codec_name,sample_rate,channels,duration,bit_rate:format=format_name,duration,bit_rate -of json ""[REDACTED_LOCAL_PATH]\Tony Hidayat\AQ_OpenWorld_Codec_Provenance\42_bh_derivatives\encoded\e162fe4667c3d6e34789d512.mp3""","[REDACTED_LOCAL_PATH]\AppData\Local\CapCut\Apps\7.7.0.3143\ffmpeg.exe -y -hide_banner -i ""[REDACTED_LOCAL_PATH]\Tony Hidayat\AQ_OpenWorld_Codec_Provenance\42_bh_derivatives\encoded\e162fe4667c3d6e34789d512.mp3"" -map_metadata -1 -vn -sn -dn -ac 1 -ar 48000 -sample_fmt s16 ""[REDACTED_LOCAL_PATH]\Tony Hidayat\AQ_OpenWorld_Codec_Provenance\42_bh_derivatives\decoded_raw\e162fe4667c3d6e34789d512.wav"""
b1dfd16e557e9b296758dd8b,cb64a1b3483e5ac11da667770eb787a7,672,MP3,libmp3lame,libmp3lame,96,99.248,aab53360d4df9a7c111a24a975087b637db71d2dfacc26d74ed27df4314e891a,d95ed8b01470d2338d0b8b84f6f0b47e8d8ef5cfa7207f11e67fccb0b07aae86,0,0.9998703014358775,96000,24812,[REDACTED_LOCAL_PATH]\Tony Hidayat\AQ_OpenWorld_Codec_Provenance\42_bh_derivatives\encoded\b1dfd16e557e9b296758dd8b.mp3,[REDACTED_LOCAL_PATH]\Tony Hidayat\AQ_OpenWorld_Codec_Provenance\42_bh_derivatives\decoded_raw\b1dfd16e557e9b296758dd8b.wav,[REDACTED_LOCAL_PATH]\Tony Hidayat\AQ_OpenWorld_Codec_Provenance\42_bh_derivatives\aligned_pcm\b1dfd16e557e9b296758dd8b.wav,AQ2D0BH_DERIV_V1|cb64a1b3483e5ac11da667770eb787a7|MP3|96|libmp3lame|57c56e369d5b4873b4d93fc1a1d833cb7cd8bc9325c14b05c34ce60b22842d8a,0,0,0,mp3,PASS,"""[REDACTED_LOCAL_PATH]\Tony Hidayat\AQ_OpenWorld_Codec_Provenance\tools\gyan_ffmpeg_9.0_full\bin\ffmpeg.exe"" -y -hide_banner -i ""[REDACTED_LOCAL_PATH]\Tony Hidayat\AQ_OpenWorld_Codec_Provenance\39_bh_speech\canonical_selected\672-122797-0008.wav"" -map_metadata -1 -vn -sn -dn -c:a libmp3lame -b:a 96k ""[REDACTED_LOCAL_PATH]\Tony Hidayat\AQ_OpenWorld_Codec_Provenance\42_bh_derivatives\encoded\b1dfd16e557e9b296758dd8b.mp3""","""[REDACTED_LOCAL_PATH]\Tony Hidayat\AQ_OpenWorld_Codec_Provenance\tools\gyan_ffmpeg_9.0_full\bin\ffprobe.exe"" -v error -show_entries stream=codec_name,sample_rate,channels,duration,bit_rate:format=format_name,duration,bit_rate -of json ""[REDACTED_LOCAL_PATH]\Tony Hidayat\AQ_OpenWorld_Codec_Provenance\42_bh_derivatives\encoded\b1dfd16e557e9b296758dd8b.mp3""","[REDACTED_LOCAL_PATH]\AppData\Local\CapCut\Apps\7.7.0.3143\ffmpeg.exe -y -hide_banner -i ""[REDACTED_LOCAL_PATH]\Tony Hidayat\AQ_OpenWorld_Codec_Provenance\42_bh_derivatives\encoded\b1dfd16e557e9b296758dd8b.mp3"" -map_metadata -1 -vn -sn -dn -ac 1 -ar 48000 -sample_fmt s16 ""[REDACTED_LOCAL_PATH]\Tony Hidayat\AQ_OpenWorld_Codec_Provenance\42_bh_derivatives\decoded_raw\b1dfd16e557e9b296758dd8b.wav"""
c001af911d347524d4cd6d6d,cb64a1b3483e5ac11da667770eb787a7,672,MP3,libmp3lame,libmp3lame,128,132.272,52661b374aa4cb65eb00c41cda3b015c01292532347209e5cfe159cebc1b214c,aae3fe2dd5fd49bd5a0398ac6ace429ec0c9fdc0c0f3aa3a2ff8e5edd392ae0c,0,0.9999861499987619,96000,33068,[REDACTED_LOCAL_PATH]\Tony Hidayat\AQ_OpenWorld_Codec_Provenance\42_bh_derivatives\encoded\c001af911d347524d4cd6d6d.mp3,[REDACTED_LOCAL_PATH]\Tony Hidayat\AQ_OpenWorld_Codec_Provenance\42_bh_derivatives\decoded_raw\c001af911d347524d4cd6d6d.wav,[REDACTED_LOCAL_PATH]\Tony Hidayat\AQ_OpenWorld_Codec_Provenance\42_bh_derivatives\aligned_pcm\c001af911d347524d4cd6d6d.wav,AQ2D0BH_DERIV_V1|cb64a1b3483e5ac11da667770eb787a7|MP3|128|libmp3lame|57c56e369d5b4873b4d93fc1a1d833cb7cd8bc9325c14b05c34ce60b22842d8a,0,0,0,mp3,PASS,"""[REDACTED_LOCAL_PATH]\Tony Hidayat\AQ_OpenWorld_Codec_Provenance\tools\gyan_ffmpeg_9.0_full\bin\ffmpeg.exe"" -y -hide_banner -i ""[REDACTED_LOCAL_PATH]\Tony Hidayat\AQ_OpenWorld_Codec_Provenance\39_bh_speech\canonical_selected\672-122797-0008.wav"" -map_metadata -1 -vn -sn -dn -c:a libmp3lame -b:a 128k ""[REDACTED_LOCAL_PATH]\Tony Hidayat\AQ_OpenWorld_Codec_Provenance\42_bh_derivatives\encoded\c001af911d347524d4cd6d6d.mp3""","""[REDACTED_LOCAL_PATH]\Tony Hidayat\AQ_OpenWorld_Codec_Provenance\tools\gyan_ffmpeg_9.0_full\bin\ffprobe.exe"" -v error -show_entries stream=codec_name,sample_rate,channels,duration,bit_rate:format=format_name,duration,bit_rate -of json ""[REDACTED_LOCAL_PATH]\Tony Hidayat\AQ_OpenWorld_Codec_Provenance\42_bh_derivatives\encoded\c001af911d347524d4cd6d6d.mp3""","[REDACTED_LOCAL_PATH]\AppData\Local\CapCut\Apps\7.7.0.3143\ffmpeg.exe -y -hide_banner -i ""[REDACTED_LOCAL_PATH]\Tony Hidayat\AQ_OpenWorld_Codec_Provenance\42_bh_derivatives\encoded\c001af911d347524d4cd6d6d.mp3"" -map_metadata -1 -vn -sn -dn -ac 1 -ar 48000 -sample_fmt s16 ""[REDACTED_LOCAL_PATH]\Tony Hidayat\AQ_OpenWorld_Codec_Provenance\42_bh_derivatives\decoded_raw\c001af911d347524d4cd6d6d.wav"""
98552bfdb4b53be0ef996783,cb64a1b3483e5ac11da667770eb787a7,672,Opus,libopus,libopus,32,33.588,3a531fb8f7c0f4f8b914c2ccd1c8b120e77bcaf86f95becb080d3ee7cfd10053,b4dcf398d6a0655354635a1699e31f0b3eb1f9fa18a9dc20fa39af364c3e385f,0,0.9682286596759154,96000,8397,[REDACTED_LOCAL_PATH]\Tony Hidayat\AQ_OpenWorld_Codec_Provenance\42_bh_derivatives\encoded\98552bfdb4b53be0ef996783.opus,[REDACTED_LOCAL_PATH]\Tony Hidayat\AQ_OpenWorld_Codec_Provenance\42_bh_derivatives\decoded_raw\98552bfdb4b53be0ef996783.wav,[REDACTED_LOCAL_PATH]\Tony Hidayat\AQ_OpenWorld_Codec_Provenance\42_bh_derivatives\aligned_pcm\98552bfdb4b53be0ef996783.wav,AQ2D0BH_DERIV_V1|cb64a1b3483e5ac11da667770eb787a7|Opus|32|libopus|57c56e369d5b4873b4d93fc1a1d833cb7cd8bc9325c14b05c34ce60b22842d8a,0,0,0,opus,PASS,"""[REDACTED_LOCAL_PATH]\Tony Hidayat\AQ_OpenWorld_Codec_Provenance\tools\gyan_ffmpeg_9.0_full\bin\ffmpeg.exe"" -y -hide_banner -i ""[REDACTED_LOCAL_PATH]\Tony Hidayat\AQ_OpenWorld_Codec_Provenance\39_bh_speech\canonical_selected\672-122797-0008.wav"" -map_metadata -1 -vn -sn -dn -c:a libopus -b:a 32k -vbr off ""[REDACTED_LOCAL_PATH]\Tony Hidayat\AQ_OpenWorld_Codec_Provenance\42_bh_derivatives\encoded\98552bfdb4b53be0ef996783.opus""","""[REDACTED_LOCAL_PATH]\Tony Hidayat\AQ_OpenWorld_Codec_Provenance\tools\gyan_ffmpeg_9.0_full\bin\ffprobe.exe"" -v error -show_entries stream=codec_name,sample_rate,channels,duration,bit_rate:format=format_name,duration,bit_rate -of json ""[REDACTED_LOCAL_PATH]\Tony Hidayat\AQ_OpenWorld_Codec_Provenance\42_bh_derivatives\encoded\98552bfdb4b53be0ef996783.opus""","[REDACTED_LOCAL_PATH]\AppData\Local\CapCut\Apps\7.7.0.3143\ffmpeg.exe -y -hide_banner -i ""[REDACTED_LOCAL_PATH]\Tony Hidayat\AQ_OpenWorld_Codec_Provenance\42_bh_derivatives\encoded\98552bfdb4b53be0ef996783.opus"" -map_metadata -1 -vn -sn -dn -ac 1 -ar 48000 -sample_fmt s16 ""[REDACTED_LOCAL_PATH]\Tony Hidayat\AQ_OpenWorld_Codec_Provenance\42_bh_derivatives\decoded_raw\98552bfdb4b53be0ef996783.wav"""
070bb574047139f3a18d2e80,cb64a1b3483e5ac11da667770eb787a7,672,Opus,libopus,libopus,80,82.068,5fe0120acabe9871c3bb24572a001a626786c68fdcab7c54a1cf873e30d7aa5f,410d5f68ad9e0bfadb46229d911e94eccc1f3f4412409188a666c124e83f301b,0,0.9958415523543005,96000,20517,[REDACTED_LOCAL_PATH]\Tony Hidayat\AQ_OpenWorld_Codec_Provenance\42_bh_derivatives\encoded\070bb574047139f3a18d2e80.opus,[REDACTED_LOCAL_PATH]\Tony Hidayat\AQ_OpenWorld_Codec_Provenance\42_bh_derivatives\decoded_raw\070bb574047139f3a18d2e80.wav,[REDACTED_LOCAL_PATH]\Tony Hidayat\AQ_OpenWorld_Codec_Provenance\42_bh_derivatives\aligned_pcm\070bb574047139f3a18d2e80.wav,AQ2D0BH_DERIV_V1|cb64a1b3483e5ac11da667770eb787a7|Opus|80|libopus|57c56e369d5b4873b4d93fc1a1d833cb7cd8bc9325c14b05c34ce60b22842d8a,0,0,0,opus,PASS,"""[REDACTED_LOCAL_PATH]\Tony Hidayat\AQ_OpenWorld_Codec_Provenance\tools\gyan_ffmpeg_9.0_full\bin\ffmpeg.exe"" -y -hide_banner -i ""[REDACTED_LOCAL_PATH]\Tony Hidayat\AQ_OpenWorld_Codec_Provenance\39_bh_speech\canonical_selected\672-122797-0008.wav"" -map_metadata -1 -vn -sn -dn -c:a libopus -b:a 80k -vbr off ""[REDACTED_LOCAL_PATH]\Tony Hidayat\AQ_OpenWorld_Codec_Provenance\42_bh_derivatives\encoded\070bb574047139f3a18d2e80.opus""","""[REDACTED_LOCAL_PATH]\Tony Hidayat\AQ_OpenWorld_Codec_Provenance\tools\gyan_ffmpeg_9.0_full\bin\ffprobe.exe"" -v error -show_entries stream=codec_name,sample_rate,channels,duration,bit_rate:format=format_name,duration,bit_rate -of json ""[REDACTED_LOCAL_PATH]\Tony Hidayat\AQ_OpenWorld_Codec_Provenance\42_bh_derivatives\encoded\070bb574047139f3a18d2e80.opus""","[REDACTED_LOCAL_PATH]\AppData\Local\CapCut\Apps\7.7.0.3143\ffmpeg.exe -y -hide_banner -i ""[REDACTED_LOCAL_PATH]\Tony Hidayat\AQ_OpenWorld_Codec_Provenance\42_bh_derivatives\encoded\070bb574047139f3a18d2e80.opus"" -map_metadata -1 -vn -sn -dn -ac 1 -ar 48000 -sample_fmt s16 ""[REDACTED_LOCAL_PATH]\Tony Hidayat\AQ_OpenWorld_Codec_Provenance\42_bh_derivatives\decoded_raw\070bb574047139f3a18d2e80.wav"""
920dc75bb193dceef942585c,cb64a1b3483e5ac11da667770eb787a7,672,Opus,libopus,libopus,96,98.228,285352e7302d2e196abb0a5e93c95cec53e73ca5f69678b223dcd411ab06339c,c699d1d004a6c58deb58698e5b9057723bb8baec9445d26b38ec0c08567d72cb,0,0.9965834850084078,96000,24557,[REDACTED_LOCAL_PATH]\Tony Hidayat\AQ_OpenWorld_Codec_Provenance\42_bh_derivatives\encoded\920dc75bb193dceef942585c.opus,[REDACTED_LOCAL_PATH]\Tony Hidayat\AQ_OpenWorld_Codec_Provenance\42_bh_derivatives\decoded_raw\920dc75bb193dceef942585c.wav,[REDACTED_LOCAL_PATH]\Tony Hidayat\AQ_OpenWorld_Codec_Provenance\42_bh_derivatives\aligned_pcm\920dc75bb193dceef942585c.wav,AQ2D0BH_DERIV_V1|cb64a1b3483e5ac11da667770eb787a7|Opus|96|libopus|57c56e369d5b4873b4d93fc1a1d833cb7cd8bc9325c14b05c34ce60b22842d8a,0,0,0,opus,PASS,"""[REDACTED_LOCAL_PATH]\Tony Hidayat\AQ_OpenWorld_Codec_Provenance\tools\gyan_ffmpeg_9.0_full\bin\ffmpeg.exe"" -y -hide_banner -i ""[REDACTED_LOCAL_PATH]\Tony Hidayat\AQ_OpenWorld_Codec_Provenance\39_bh_speech\canonical_selected\672-122797-0008.wav"" -map_metadata -1 -vn -sn -dn -c:a libopus -b:a 96k -vbr off ""[REDACTED_LOCAL_PATH]\Tony Hidayat\AQ_OpenWorld_Codec_Provenance\42_bh_derivatives\encoded\920dc75bb193dceef942585c.opus""","""[REDACTED_LOCAL_PATH]\Tony Hidayat\AQ_OpenWorld_Codec_Provenance\tools\gyan_ffmpeg_9.0_full\bin\ffprobe.exe"" -v error -show_entries stream=codec_name,sample_rate,channels,duration,bit_rate:format=format_name,duration,bit_rate -of json ""[REDACTED_LOCAL_PATH]\Tony Hidayat\AQ_OpenWorld_Codec_Provenance\42_bh_derivatives\encoded\920dc75bb193dceef942585c.opus""","[REDACTED_LOCAL_PATH]\AppData\Local\CapCut\Apps\7.7.0.3143\ffmpeg.exe -y -hide_banner -i ""[REDACTED_LOCAL_PATH]\Tony Hidayat\AQ_OpenWorld_Codec_Provenance\42_bh_derivatives\encoded\920dc75bb193dceef942585c.opus"" -map_metadata -1 -vn -sn -dn -ac 1 -ar 48000 -sample_fmt s16 ""[REDACTED_LOCAL_PATH]\Tony Hidayat\AQ_OpenWorld_Codec_Provenance\42_bh_derivatives\decoded_raw\920dc75bb193dceef942585c.wav"""
d4460497c2108f2f3249c310,cb64a1b3483e5ac11da667770eb787a7,672,Opus,libopus,libopus,128,130.952,cfa2af01e9a3a8d76b9442b6bfd4a7e21b9b9fc1739f35d98d4e3231bd9a85e3,cd03e95015def55c3687c73ef7ed4aef1024e8c7650bdec98a964a7b86b7fe9a,0,0.9985882783760522,96000,32738,[REDACTED_LOCAL_PATH]\Tony Hidayat\AQ_OpenWorld_Codec_Provenance\42_bh_derivatives\encoded\d4460497c2108f2f3249c310.opus,[REDACTED_LOCAL_PATH]\Tony Hidayat\AQ_OpenWorld_Codec_Provenance\42_bh_derivatives\decoded_raw\d4460497c2108f2f3249c310.wav,[REDACTED_LOCAL_PATH]\Tony Hidayat\AQ_OpenWorld_Codec_Provenance\42_bh_derivatives\aligned_pcm\d4460497c2108f2f3249c310.wav,AQ2D0BH_DERIV_V1|cb64a1b3483e5ac11da667770eb787a7|Opus|128|libopus|57c56e369d5b4873b4d93fc1a1d833cb7cd8bc9325c14b05c34ce60b22842d8a,0,0,0,opus,PASS,"""[REDACTED_LOCAL_PATH]\Tony Hidayat\AQ_OpenWorld_Codec_Provenance\tools\gyan_ffmpeg_9.0_full\bin\ffmpeg.exe"" -y -hide_banner -i ""[REDACTED_LOCAL_PATH]\Tony Hidayat\AQ_OpenWorld_Codec_Provenance\39_bh_speech\canonical_selected\672-122797-0008.wav"" -map_metadata -1 -vn -sn -dn -c:a libopus -b:a 128k -vbr off ""[REDACTED_LOCAL_PATH]\Tony Hidayat\AQ_OpenWorld_Codec_Provenance\42_bh_derivatives\encoded\d4460497c2108f2f3249c310.opus""","""[REDACTED_LOCAL_PATH]\Tony Hidayat\AQ_OpenWorld_Codec_Provenance\tools\gyan_ffmpeg_9.0_full\bin\ffprobe.exe"" -v error -show_entries stream=codec_name,sample_rate,channels,duration,bit_rate:format=format_name,duration,bit_rate -of json ""[REDACTED_LOCAL_PATH]\Tony Hidayat\AQ_OpenWorld_Codec_Provenance\42_bh_derivatives\encoded\d4460497c2108f2f3249c310.opus""","[REDACTED_LOCAL_PATH]\AppData\Local\CapCut\Apps\7.7.0.3143\ffmpeg.exe -y -hide_banner -i ""[REDACTED_LOCAL_PATH]\Tony Hidayat\AQ_OpenWorld_Codec_Provenance\42_bh_derivatives\encoded\d4460497c2108f2f3249c310.opus"" -map_metadata -1 -vn -sn -dn -ac 1 -ar 48000 -sample_fmt s16 ""[REDACTED_LOCAL_PATH]\Tony Hidayat\AQ_OpenWorld_Codec_Provenance\42_bh_derivatives\decoded_raw\d4460497c2108f2f3249c310.wav"""
939c769e53004e70f24739e6,cdf9125c6eb1f2f6361c334351522975,5639,AAC,aac,FFmpeg-native AAC,32,37.02,604d2848f01f762266c11820139fc52ad2707890d0770a73f525eafbc921087c,bbaeb3f983d19358fa49622cb412ab239e3683ecfb49fe700aa30648ffbe9ded,0,0.9662815274946029,96000,9255,[REDACTED_LOCAL_PATH]\Tony Hidayat\AQ_OpenWorld_Codec_Provenance\42_bh_derivatives\encoded\939c769e53004e70f24739e6.m4a,[REDACTED_LOCAL_PATH]\Tony Hidayat\AQ_OpenWorld_Codec_Provenance\42_bh_derivatives\decoded_raw\939c769e53004e70f24739e6.wav,[REDACTED_LOCAL_PATH]\Tony Hidayat\AQ_OpenWorld_Codec_Provenance\42_bh_derivatives\aligned_pcm\939c769e53004e70f24739e6.wav,AQ2D0BH_DERIV_V1|cdf9125c6eb1f2f6361c334351522975|AAC|32|FFmpeg-native AAC|57c56e369d5b4873b4d93fc1a1d833cb7cd8bc9325c14b05c34ce60b22842d8a,0,0,0,aac,PASS,"""[REDACTED_LOCAL_PATH]\Tony Hidayat\AQ_OpenWorld_Codec_Provenance\tools\gyan_ffmpeg_9.0_full\bin\ffmpeg.exe"" -y -hide_banner -i ""[REDACTED_LOCAL_PATH]\Tony Hidayat\AQ_OpenWorld_Codec_Provenance\39_bh_speech\canonical_selected\5639-40744-0013.wav"" -map_metadata -1 -vn -sn -dn -c:a aac -b:a 32k ""[REDACTED_LOCAL_PATH]\Tony Hidayat\AQ_OpenWorld_Codec_Provenance\42_bh_derivatives\encoded\939c769e53004e70f24739e6.m4a""","""[REDACTED_LOCAL_PATH]\Tony Hidayat\AQ_OpenWorld_Codec_Provenance\tools\gyan_ffmpeg_9.0_full\bin\ffprobe.exe"" -v error -show_entries stream=codec_name,sample_rate,channels,duration,bit_rate:format=format_name,duration,bit_rate -of json ""[REDACTED_LOCAL_PATH]\Tony Hidayat\AQ_OpenWorld_Codec_Provenance\42_bh_derivatives\encoded\939c769e53004e70f24739e6.m4a""","[REDACTED_LOCAL_PATH]\AppData\Local\CapCut\Apps\7.7.0.3143\ffmpeg.exe -y -hide_banner -i ""[REDACTED_LOCAL_PATH]\Tony Hidayat\AQ_OpenWorld_Codec_Provenance\42_bh_derivatives\encoded\939c769e53004e70f24739e6.m4a"" -map_metadata -1 -vn -sn -dn -ac 1 -ar 48000 -sample_fmt s16 ""[REDACTED_LOCAL_PATH]\Tony Hidayat\AQ_OpenWorld_Codec_Provenance\42_bh_derivatives\decoded_raw\939c769e53004e70f24739e6.wav"""
8f301f39ae6cf22ee17a5bf7,cdf9125c6eb1f2f6361c334351522975,5639,AAC,aac,FFmpeg-native AAC,80,86.328,793085d1c98880e2cb67446c89b0d1d87e6f2e2f17e7255f72484f1676f3d5b5,491ff738c0de5d44696b93d3aed774d0ff5f5337b5858578eaed73766492e240,0,0.9922955362452414,96000,21582,[REDACTED_LOCAL_PATH]\Tony Hidayat\AQ_OpenWorld_Codec_Provenance\42_bh_derivatives\encoded\8f301f39ae6cf22ee17a5bf7.m4a,[REDACTED_LOCAL_PATH]\Tony Hidayat\AQ_OpenWorld_Codec_Provenance\42_bh_derivatives\decoded_raw\8f301f39ae6cf22ee17a5bf7.wav,[REDACTED_LOCAL_PATH]\Tony Hidayat\AQ_OpenWorld_Codec_Provenance\42_bh_derivatives\aligned_pcm\8f301f39ae6cf22ee17a5bf7.wav,AQ2D0BH_DERIV_V1|cdf9125c6eb1f2f6361c334351522975|AAC|80|FFmpeg-native AAC|57c56e369d5b4873b4d93fc1a1d833cb7cd8bc9325c14b05c34ce60b22842d8a,0,0,0,aac,PASS,"""[REDACTED_LOCAL_PATH]\Tony Hidayat\AQ_OpenWorld_Codec_Provenance\tools\gyan_ffmpeg_9.0_full\bin\ffmpeg.exe"" -y -hide_banner -i ""[REDACTED_LOCAL_PATH]\Tony Hidayat\AQ_OpenWorld_Codec_Provenance\39_bh_speech\canonical_selected\5639-40744-0013.wav"" -map_metadata -1 -vn -sn -dn -c:a aac -b:a 80k ""[REDACTED_LOCAL_PATH]\Tony Hidayat\AQ_OpenWorld_Codec_Provenance\42_bh_derivatives\encoded\8f301f39ae6cf22ee17a5bf7.m4a""","""[REDACTED_LOCAL_PATH]\Tony Hidayat\AQ_OpenWorld_Codec_Provenance\tools\gyan_ffmpeg_9.0_full\bin\ffprobe.exe"" -v error -show_entries stream=codec_name,sample_rate,channels,duration,bit_rate:format=format_name,duration,bit_rate -of json ""[REDACTED_LOCAL_PATH]\Tony Hidayat\AQ_OpenWorld_Codec_Provenance\42_bh_derivatives\encoded\8f301f39ae6cf22ee17a5bf7.m4a""","[REDACTED_LOCAL_PATH]\AppData\Local\CapCut\Apps\7.7.0.3143\ffmpeg.exe -y -hide_banner -i ""[REDACTED_LOCAL_PATH]\Tony Hidayat\AQ_OpenWorld_Codec_Provenance\42_bh_derivatives\encoded\8f301f39ae6cf22ee17a5bf7.m4a"" -map_metadata -1 -vn -sn -dn -ac 1 -ar 48000 -sample_fmt s16 ""[REDACTED_LOCAL_PATH]\Tony Hidayat\AQ_OpenWorld_Codec_Provenance\42_bh_derivatives\decoded_raw\8f301f39ae6cf22ee17a5bf7.wav"""
87e43f3522c90022265f8263,cdf9125c6eb1f2f6361c334351522975,5639,AAC,aac,FFmpeg-native AAC,96,102.84,c17db5f5c8e746ff248e967451d3558c44c1b8acb0057b79b087d4857f67781e,b2f7d06f9ce4ce7120438287d94dabc2ff444e52d4bc040c25dc30c3a8bbd2f6,0,0.9986862921604819,96000,25710,[REDACTED_LOCAL_PATH]\Tony Hidayat\AQ_OpenWorld_Codec_Provenance\42_bh_derivatives\encoded\87e43f3522c90022265f8263.m4a,[REDACTED_LOCAL_PATH]\Tony Hidayat\AQ_OpenWorld_Codec_Provenance\42_bh_derivatives\decoded_raw\87e43f3522c90022265f8263.wav,[REDACTED_LOCAL_PATH]\Tony Hidayat\AQ_OpenWorld_Codec_Provenance\42_bh_derivatives\aligned_pcm\87e43f3522c90022265f8263.wav,AQ2D0BH_DERIV_V1|cdf9125c6eb1f2f6361c334351522975|AAC|96|FFmpeg-native AAC|57c56e369d5b4873b4d93fc1a1d833cb7cd8bc9325c14b05c34ce60b22842d8a,0,0,0,aac,PASS,"""[REDACTED_LOCAL_PATH]\Tony Hidayat\AQ_OpenWorld_Codec_Provenance\tools\gyan_ffmpeg_9.0_full\bin\ffmpeg.exe"" -y -hide_banner -i ""[REDACTED_LOCAL_PATH]\Tony Hidayat\AQ_OpenWorld_Codec_Provenance\39_bh_speech\canonical_selected\5639-40744-0013.wav"" -map_metadata -1 -vn -sn -dn -c:a aac -b:a 96k ""[REDACTED_LOCAL_PATH]\Tony Hidayat\AQ_OpenWorld_Codec_Provenance\42_bh_derivatives\encoded\87e43f3522c90022265f8263.m4a""","""[REDACTED_LOCAL_PATH]\Tony Hidayat\AQ_OpenWorld_Codec_Provenance\tools\gyan_ffmpeg_9.0_full\bin\ffprobe.exe"" -v error -show_entries stream=codec_name,sample_rate,channels,duration,bit_rate:format=format_name,duration,bit_rate -of json ""[REDACTED_LOCAL_PATH]\Tony Hidayat\AQ_OpenWorld_Codec_Provenance\42_bh_derivatives\encoded\87e43f3522c90022265f8263.m4a""","[REDACTED_LOCAL_PATH]\AppData\Local\CapCut\Apps\7.7.0.3143\ffmpeg.exe -y -hide_banner -i ""[REDACTED_LOCAL_PATH]\Tony Hidayat\AQ_OpenWorld_Codec_Provenance\42_bh_derivatives\encoded\87e43f3522c90022265f8263.m4a"" -map_metadata -1 -vn -sn -dn -ac 1 -ar 48000 -sample_fmt s16 ""[REDACTED_LOCAL_PATH]\Tony Hidayat\AQ_OpenWorld_Codec_Provenance\42_bh_derivatives\decoded_raw\87e43f3522c90022265f8263.wav"""
578851167cb42c1c8f538b12,cdf9125c6eb1f2f6361c334351522975,5639,AAC,aac,FFmpeg-native AAC,128,128.616,c9f6b8409f3d239a4d45c8ee71ec4a8cf0f2ee6b5e4c1ced368a3c03b5e290db,fed75df4f034e5e73712bc7bb59740bc165b0e2b9edaffc0bdc68a31b9d29472,0,0.9988590521598999,96000,32154,[REDACTED_LOCAL_PATH]\Tony Hidayat\AQ_OpenWorld_Codec_Provenance\42_bh_derivatives\encoded\578851167cb42c1c8f538b12.m4a,[REDACTED_LOCAL_PATH]\Tony Hidayat\AQ_OpenWorld_Codec_Provenance\42_bh_derivatives\decoded_raw\578851167cb42c1c8f538b12.wav,[REDACTED_LOCAL_PATH]\Tony Hidayat\AQ_OpenWorld_Codec_Provenance\42_bh_derivatives\aligned_pcm\578851167cb42c1c8f538b12.wav,AQ2D0BH_DERIV_V1|cdf9125c6eb1f2f6361c334351522975|AAC|128|FFmpeg-native AAC|57c56e369d5b4873b4d93fc1a1d833cb7cd8bc9325c14b05c34ce60b22842d8a,0,0,0,aac,PASS,"""[REDACTED_LOCAL_PATH]\Tony Hidayat\AQ_OpenWorld_Codec_Provenance\tools\gyan_ffmpeg_9.0_full\bin\ffmpeg.exe"" -y -hide_banner -i ""[REDACTED_LOCAL_PATH]\Tony Hidayat\AQ_OpenWorld_Codec_Provenance\39_bh_speech\canonical_selected\5639-40744-0013.wav"" -map_metadata -1 -vn -sn -dn -c:a aac -b:a 128k ""[REDACTED_LOCAL_PATH]\Tony Hidayat\AQ_OpenWorld_Codec_Provenance\42_bh_derivatives\encoded\578851167cb42c1c8f538b12.m4a""","""[REDACTED_LOCAL_PATH]\Tony Hidayat\AQ_OpenWorld_Codec_Provenance\tools\gyan_ffmpeg_9.0_full\bin\ffprobe.exe"" -v error -show_entries stream=codec_name,sample_rate,channels,duration,bit_rate:format=format_name,duration,bit_rate -of json ""[REDACTED_LOCAL_PATH]\Tony Hidayat\AQ_OpenWorld_Codec_Provenance\42_bh_derivatives\encoded\578851167cb42c1c8f538b12.m4a""","[REDACTED_LOCAL_PATH]\AppData\Local\CapCut\Apps\7.7.0.3143\ffmpeg.exe -y -hide_banner -i ""[REDACTED_LOCAL_PATH]\Tony Hidayat\AQ_OpenWorld_Codec_Provenance\42_bh_derivatives\encoded\578851167cb42c1c8f538b12.m4a"" -map_metadata -1 -vn -sn -dn -ac 1 -ar 48000 -sample_fmt s16 ""[REDACTED_LOCAL_PATH]\Tony Hidayat\AQ_OpenWorld_Codec_Provenance\42_bh_derivatives\decoded_raw\578851167cb42c1c8f538b12.wav"""
d32d9a54d3c687c3e32e9b66,cdf9125c6eb1f2f6361c334351522975,5639,MP3,libmp3lame,libmp3lame,32,33.584,0ac2d40201e27880014188eccc1615bbc8288421f9e417185a116661eb25bf96,4381da5fe7aa15c49586873a63d5e6487e5a6f6a317fd4ef82ae008eb8b1defc,0,0.9917418116008296,96000,8396,[REDACTED_LOCAL_PATH]\Tony Hidayat\AQ_OpenWorld_Codec_Provenance\42_bh_derivatives\encoded\d32d9a54d3c687c3e32e9b66.mp3,[REDACTED_LOCAL_PATH]\Tony Hidayat\AQ_OpenWorld_Codec_Provenance\42_bh_derivatives\decoded_raw\d32d9a54d3c687c3e32e9b66.wav,[REDACTED_LOCAL_PATH]\Tony Hidayat\AQ_OpenWorld_Codec_Provenance\42_bh_derivatives\aligned_pcm\d32d9a54d3c687c3e32e9b66.wav,AQ2D0BH_DERIV_V1|cdf9125c6eb1f2f6361c334351522975|MP3|32|libmp3lame|57c56e369d5b4873b4d93fc1a1d833cb7cd8bc9325c14b05c34ce60b22842d8a,0,0,0,mp3,PASS,"""[REDACTED_LOCAL_PATH]\Tony Hidayat\AQ_OpenWorld_Codec_Provenance\tools\gyan_ffmpeg_9.0_full\bin\ffmpeg.exe"" -y -hide_banner -i ""[REDACTED_LOCAL_PATH]\Tony Hidayat\AQ_OpenWorld_Codec_Provenance\39_bh_speech\canonical_selected\5639-40744-0013.wav"" -map_metadata -1 -vn -sn -dn -c:a libmp3lame -b:a 32k ""[REDACTED_LOCAL_PATH]\Tony Hidayat\AQ_OpenWorld_Codec_Provenance\42_bh_derivatives\encoded\d32d9a54d3c687c3e32e9b66.mp3""","""[REDACTED_LOCAL_PATH]\Tony Hidayat\AQ_OpenWorld_Codec_Provenance\tools\gyan_ffmpeg_9.0_full\bin\ffprobe.exe"" -v error -show_entries stream=codec_name,sample_rate,channels,duration,bit_rate:format=format_name,duration,bit_rate -of json ""[REDACTED_LOCAL_PATH]\Tony Hidayat\AQ_OpenWorld_Codec_Provenance\42_bh_derivatives\encoded\d32d9a54d3c687c3e32e9b66.mp3""","[REDACTED_LOCAL_PATH]\AppData\Local\CapCut\Apps\7.7.0.3143\ffmpeg.exe -y -hide_banner -i ""[REDACTED_LOCAL_PATH]\Tony Hidayat\AQ_OpenWorld_Codec_Provenance\42_bh_derivatives\encoded\d32d9a54d3c687c3e32e9b66.mp3"" -map_metadata -1 -vn -sn -dn -ac 1 -ar 48000 -sample_fmt s16 ""[REDACTED_LOCAL_PATH]\Tony Hidayat\AQ_OpenWorld_Codec_Provenance\42_bh_derivatives\decoded_raw\d32d9a54d3c687c3e32e9b66.wav"""
c2e4ae340edc80c4c1395996,cdf9125c6eb1f2f6361c334351522975,5639,MP3,libmp3lame,libmp3lame,80,82.736,5ce58b38dca0cbeb4e4a983e286aec8afae5fc752a1c5c201eff7d8c1a7286fa,a3b90e90d8156d9226327619062af21645df6e69890cb6c69b2d3a56d8d3c1d5,0,0.9998896300218643,96000,20684,[REDACTED_LOCAL_PATH]\Tony Hidayat\AQ_OpenWorld_Codec_Provenance\42_bh_derivatives\encoded\c2e4ae340edc80c4c1395996.mp3,[REDACTED_LOCAL_PATH]\Tony Hidayat\AQ_OpenWorld_Codec_Provenance\42_bh_derivatives\decoded_raw\c2e4ae340edc80c4c1395996.wav,[REDACTED_LOCAL_PATH]\Tony Hidayat\AQ_OpenWorld_Codec_Provenance\42_bh_derivatives\aligned_pcm\c2e4ae340edc80c4c1395996.wav,AQ2D0BH_DERIV_V1|cdf9125c6eb1f2f6361c334351522975|MP3|80|libmp3lame|57c56e369d5b4873b4d93fc1a1d833cb7cd8bc9325c14b05c34ce60b22842d8a,0,0,0,mp3,PASS,"""[REDACTED_LOCAL_PATH]\Tony Hidayat\AQ_OpenWorld_Codec_Provenance\tools\gyan_ffmpeg_9.0_full\bin\ffmpeg.exe"" -y -hide_banner -i ""[REDACTED_LOCAL_PATH]\Tony Hidayat\AQ_OpenWorld_Codec_Provenance\39_bh_speech\canonical_selected\5639-40744-0013.wav"" -map_metadata -1 -vn -sn -dn -c:a libmp3lame -b:a 80k ""[REDACTED_LOCAL_PATH]\Tony Hidayat\AQ_OpenWorld_Codec_Provenance\42_bh_derivatives\encoded\c2e4ae340edc80c4c1395996.mp3""","""[REDACTED_LOCAL_PATH]\Tony Hidayat\AQ_OpenWorld_Codec_Provenance\tools\gyan_ffmpeg_9.0_full\bin\ffprobe.exe"" -v error -show_entries stream=codec_name,sample_rate,channels,duration,bit_rate:format=format_name,duration,bit_rate -of json ""[REDACTED_LOCAL_PATH]\Tony Hidayat\AQ_OpenWorld_Codec_Provenance\42_bh_derivatives\encoded\c2e4ae340edc80c4c1395996.mp3""","[REDACTED_LOCAL_PATH]\AppData\Local\CapCut\Apps\7.7.0.3143\ffmpeg.exe -y -hide_banner -i ""[REDACTED_LOCAL_PATH]\Tony Hidayat\AQ_OpenWorld_Codec_Provenance\42_bh_derivatives\encoded\c2e4ae340edc80c4c1395996.mp3"" -map_metadata -1 -vn -sn -dn -ac 1 -ar 48000 -sample_fmt s16 ""[REDACTED_LOCAL_PATH]\Tony Hidayat\AQ_OpenWorld_Codec_Provenance\42_bh_derivatives\decoded_raw\c2e4ae340edc80c4c1395996.wav"""
fddd7fb3f18fa7656a7fe064,cdf9125c6eb1f2f6361c334351522975,5639,MP3,libmp3lame,libmp3lame,96,99.248,5867ad0db1250879cfb6b600c76e46887c7b8b6f6c6b2024d071d25491ea2dc1,541711c721f1f65b480e8014857fa275ec161cd686cce6e8e84f59036a084f38,0,0.9999741595820926,96000,24812,[REDACTED_LOCAL_PATH]\Tony Hidayat\AQ_OpenWorld_Codec_Provenance\42_bh_derivatives\encoded\fddd7fb3f18fa7656a7fe064.mp3,[REDACTED_LOCAL_PATH]\Tony Hidayat\AQ_OpenWorld_Codec_Provenance\42_bh_derivatives\decoded_raw\fddd7fb3f18fa7656a7fe064.wav,[REDACTED_LOCAL_PATH]\Tony Hidayat\AQ_OpenWorld_Codec_Provenance\42_bh_derivatives\aligned_pcm\fddd7fb3f18fa7656a7fe064.wav,AQ2D0BH_DERIV_V1|cdf9125c6eb1f2f6361c334351522975|MP3|96|libmp3lame|57c56e369d5b4873b4d93fc1a1d833cb7cd8bc9325c14b05c34ce60b22842d8a,0,0,0,mp3,PASS,"""[REDACTED_LOCAL_PATH]\Tony Hidayat\AQ_OpenWorld_Codec_Provenance\tools\gyan_ffmpeg_9.0_full\bin\ffmpeg.exe"" -y -hide_banner -i ""[REDACTED_LOCAL_PATH]\Tony Hidayat\AQ_OpenWorld_Codec_Provenance\39_bh_speech\canonical_selected\5639-40744-0013.wav"" -map_metadata -1 -vn -sn -dn -c:a libmp3lame -b:a 96k ""[REDACTED_LOCAL_PATH]\Tony Hidayat\AQ_OpenWorld_Codec_Provenance\42_bh_derivatives\encoded\fddd7fb3f18fa7656a7fe064.mp3""","""[REDACTED_LOCAL_PATH]\Tony Hidayat\AQ_OpenWorld_Codec_Provenance\tools\gyan_ffmpeg_9.0_full\bin\ffprobe.exe"" -v error -show_entries stream=codec_name,sample_rate,channels,duration,bit_rate:format=format_name,duration,bit_rate -of json ""[REDACTED_LOCAL_PATH]\Tony Hidayat\AQ_OpenWorld_Codec_Provenance\42_bh_derivatives\encoded\fddd7fb3f18fa7656a7fe064.mp3""","[REDACTED_LOCAL_PATH]\AppData\Local\CapCut\Apps\7.7.0.3143\ffmpeg.exe -y -hide_banner -i ""[REDACTED_LOCAL_PATH]\Tony Hidayat\AQ_OpenWorld_Codec_Provenance\42_bh_derivatives\encoded\fddd7fb3f18fa7656a7fe064.mp3"" -map_metadata -1 -vn -sn -dn -ac 1 -ar 48000 -sample_fmt s16 ""[REDACTED_LOCAL_PATH]\Tony Hidayat\AQ_OpenWorld_Codec_Provenance\42_bh_derivatives\decoded_raw\fddd7fb3f18fa7656a7fe064.wav"""
c070319db5e87da23ab6ab2f,cdf9125c6eb1f2f6361c334351522975,5639,MP3,libmp3lame,libmp3lame,128,132.272,b4031fbcaf7c7f3356ee27ac085b5b5c4563d419b4aaaeb6e09dde202dfff668,081d2d80534a35a0007b10008ecce90bb664435fbcf58360cff8195bddec2550,0,0.9999937586503225,96000,33068,[REDACTED_LOCAL_PATH]\Tony Hidayat\AQ_OpenWorld_Codec_Provenance\42_bh_derivatives\encoded\c070319db5e87da23ab6ab2f.mp3,[REDACTED_LOCAL_PATH]\Tony Hidayat\AQ_OpenWorld_Codec_Provenance\42_bh_derivatives\decoded_raw\c070319db5e87da23ab6ab2f.wav,[REDACTED_LOCAL_PATH]\Tony Hidayat\AQ_OpenWorld_Codec_Provenance\42_bh_derivatives\aligned_pcm\c070319db5e87da23ab6ab2f.wav,AQ2D0BH_DERIV_V1|cdf9125c6eb1f2f6361c334351522975|MP3|128|libmp3lame|57c56e369d5b4873b4d93fc1a1d833cb7cd8bc9325c14b05c34ce60b22842d8a,0,0,0,mp3,PASS,"""[REDACTED_LOCAL_PATH]\Tony Hidayat\AQ_OpenWorld_Codec_Provenance\tools\gyan_ffmpeg_9.0_full\bin\ffmpeg.exe"" -y -hide_banner -i ""[REDACTED_LOCAL_PATH]\Tony Hidayat\AQ_OpenWorld_Codec_Provenance\39_bh_speech\canonical_selected\5639-40744-0013.wav"" -map_metadata -1 -vn -sn -dn -c:a libmp3lame -b:a 128k ""[REDACTED_LOCAL_PATH]\Tony Hidayat\AQ_OpenWorld_Codec_Provenance\42_bh_derivatives\encoded\c070319db5e87da23ab6ab2f.mp3""","""[REDACTED_LOCAL_PATH]\Tony Hidayat\AQ_OpenWorld_Codec_Provenance\tools\gyan_ffmpeg_9.0_full\bin\ffprobe.exe"" -v error -show_entries stream=codec_name,sample_rate,channels,duration,bit_rate:format=format_name,duration,bit_rate -of json ""[REDACTED_LOCAL_PATH]\Tony Hidayat\AQ_OpenWorld_Codec_Provenance\42_bh_derivatives\encoded\c070319db5e87da23ab6ab2f.mp3""","[REDACTED_LOCAL_PATH]\AppData\Local\CapCut\Apps\7.7.0.3143\ffmpeg.exe -y -hide_banner -i ""[REDACTED_LOCAL_PATH]\Tony Hidayat\AQ_OpenWorld_Codec_Provenance\42_bh_derivatives\encoded\c070319db5e87da23ab6ab2f.mp3"" -map_metadata -1 -vn -sn -dn -ac 1 -ar 48000 -sample_fmt s16 ""[REDACTED_LOCAL_PATH]\Tony Hidayat\AQ_OpenWorld_Codec_Provenance\42_bh_derivatives\decoded_raw\c070319db5e87da23ab6ab2f.wav"""
bc76c3c26ee907e20c570794,cdf9125c6eb1f2f6361c334351522975,5639,Opus,libopus,libopus,32,33.588,273e76d33920daccdb9514feae8903788798a2ae9a43987ec5633c037b343b33,481dc7dd12b2917758887fb720cba52bf7620a81507ffa6046247752af881775,0,0.9929739335044344,96000,8397,[REDACTED_LOCAL_PATH]\Tony Hidayat\AQ_OpenWorld_Codec_Provenance\42_bh_derivatives\encoded\bc76c3c26ee907e20c570794.opus,[REDACTED_LOCAL_PATH]\Tony Hidayat\AQ_OpenWorld_Codec_Provenance\42_bh_derivatives\decoded_raw\bc76c3c26ee907e20c570794.wav,[REDACTED_LOCAL_PATH]\Tony Hidayat\AQ_OpenWorld_Codec_Provenance\42_bh_derivatives\aligned_pcm\bc76c3c26ee907e20c570794.wav,AQ2D0BH_DERIV_V1|cdf9125c6eb1f2f6361c334351522975|Opus|32|libopus|57c56e369d5b4873b4d93fc1a1d833cb7cd8bc9325c14b05c34ce60b22842d8a,0,0,0,opus,PASS,"""[REDACTED_LOCAL_PATH]\Tony Hidayat\AQ_OpenWorld_Codec_Provenance\tools\gyan_ffmpeg_9.0_full\bin\ffmpeg.exe"" -y -hide_banner -i ""[REDACTED_LOCAL_PATH]\Tony Hidayat\AQ_OpenWorld_Codec_Provenance\39_bh_speech\canonical_selected\5639-40744-0013.wav"" -map_metadata -1 -vn -sn -dn -c:a libopus -b:a 32k -vbr off ""[REDACTED_LOCAL_PATH]\Tony Hidayat\AQ_OpenWorld_Codec_Provenance\42_bh_derivatives\encoded\bc76c3c26ee907e20c570794.opus""","""[REDACTED_LOCAL_PATH]\Tony Hidayat\AQ_OpenWorld_Codec_Provenance\tools\gyan_ffmpeg_9.0_full\bin\ffprobe.exe"" -v error -show_entries stream=codec_name,sample_rate,channels,duration,bit_rate:format=format_name,duration,bit_rate -of json ""[REDACTED_LOCAL_PATH]\Tony Hidayat\AQ_OpenWorld_Codec_Provenance\42_bh_derivatives\encoded\bc76c3c26ee907e20c570794.opus""","[REDACTED_LOCAL_PATH]\AppData\Local\CapCut\Apps\7.7.0.3143\ffmpeg.exe -y -hide_banner -i ""[REDACTED_LOCAL_PATH]\Tony Hidayat\AQ_OpenWorld_Codec_Provenance\42_bh_derivatives\encoded\bc76c3c26ee907e20c570794.opus"" -map_metadata -1 -vn -sn -dn -ac 1 -ar 48000 -sample_fmt s16 ""[REDACTED_LOCAL_PATH]\Tony Hidayat\AQ_OpenWorld_Codec_Provenance\42_bh_derivatives\decoded_raw\bc76c3c26ee907e20c570794.wav"""
bf4120097ea6f26cfc2d50fc,cdf9125c6eb1f2f6361c334351522975,5639,Opus,libopus,libopus,80,82.068,029d8894f5ede189c612cee4a56bbd4395016733fbe5a7e5862c2c90a4802b54,7f052fe36945b7c187ac5ff524bd02b69802b83c9780647624c9f8c070931487,0,0.9986361852561549,96000,20517,[REDACTED_LOCAL_PATH]\Tony Hidayat\AQ_OpenWorld_Codec_Provenance\42_bh_derivatives\encoded\bf4120097ea6f26cfc2d50fc.opus,[REDACTED_LOCAL_PATH]\Tony Hidayat\AQ_OpenWorld_Codec_Provenance\42_bh_derivatives\decoded_raw\bf4120097ea6f26cfc2d50fc.wav,[REDACTED_LOCAL_PATH]\Tony Hidayat\AQ_OpenWorld_Codec_Provenance\42_bh_derivatives\aligned_pcm\bf4120097ea6f26cfc2d50fc.wav,AQ2D0BH_DERIV_V1|cdf9125c6eb1f2f6361c334351522975|Opus|80|libopus|57c56e369d5b4873b4d93fc1a1d833cb7cd8bc9325c14b05c34ce60b22842d8a,0,0,0,opus,PASS,"""[REDACTED_LOCAL_PATH]\Tony Hidayat\AQ_OpenWorld_Codec_Provenance\tools\gyan_ffmpeg_9.0_full\bin\ffmpeg.exe"" -y -hide_banner -i ""[REDACTED_LOCAL_PATH]\Tony Hidayat\AQ_OpenWorld_Codec_Provenance\39_bh_speech\canonical_selected\5639-40744-0013.wav"" -map_metadata -1 -vn -sn -dn -c:a libopus -b:a 80k -vbr off ""[REDACTED_LOCAL_PATH]\Tony Hidayat\AQ_OpenWorld_Codec_Provenance\42_bh_derivatives\encoded\bf4120097ea6f26cfc2d50fc.opus""","""[REDACTED_LOCAL_PATH]\Tony Hidayat\AQ_OpenWorld_Codec_Provenance\tools\gyan_ffmpeg_9.0_full\bin\ffprobe.exe"" -v error -show_entries stream=codec_name,sample_rate,channels,duration,bit_rate:format=format_name,duration,bit_rate -of json ""[REDACTED_LOCAL_PATH]\Tony Hidayat\AQ_OpenWorld_Codec_Provenance\42_bh_derivatives\encoded\bf4120097ea6f26cfc2d50fc.opus""","[REDACTED_LOCAL_PATH]\AppData\Local\CapCut\Apps\7.7.0.3143\ffmpeg.exe -y -hide_banner -i ""[REDACTED_LOCAL_PATH]\Tony Hidayat\AQ_OpenWorld_Codec_Provenance\42_bh_derivatives\encoded\bf4120097ea6f26cfc2d50fc.opus"" -map_metadata -1 -vn -sn -dn -ac 1 -ar 48000 -sample_fmt s16 ""[REDACTED_LOCAL_PATH]\Tony Hidayat\AQ_OpenWorld_Codec_Provenance\42_bh_derivatives\decoded_raw\bf4120097ea6f26cfc2d50fc.wav"""
0ff582f4a7eacc9231c93604,cdf9125c6eb1f2f6361c334351522975,5639,Opus,libopus,libopus,96,98.228,b697f5634aa3f4a359f87b97964efb797a3f23413e091e3128518a07029da8a2,ac48e964f6da1f82c587495003540b478e3a29156cdf41ff961f8e9425e2071d,0,0.9989037738905195,96000,24557,[REDACTED_LOCAL_PATH]\Tony Hidayat\AQ_OpenWorld_Codec_Provenance\42_bh_derivatives\encoded\0ff582f4a7eacc9231c93604.opus,[REDACTED_LOCAL_PATH]\Tony Hidayat\AQ_OpenWorld_Codec_Provenance\42_bh_derivatives\decoded_raw\0ff582f4a7eacc9231c93604.wav,[REDACTED_LOCAL_PATH]\Tony Hidayat\AQ_OpenWorld_Codec_Provenance\42_bh_derivatives\aligned_pcm\0ff582f4a7eacc9231c93604.wav,AQ2D0BH_DERIV_V1|cdf9125c6eb1f2f6361c334351522975|Opus|96|libopus|57c56e369d5b4873b4d93fc1a1d833cb7cd8bc9325c14b05c34ce60b22842d8a,0,0,0,opus,PASS,"""[REDACTED_LOCAL_PATH]\Tony Hidayat\AQ_OpenWorld_Codec_Provenance\tools\gyan_ffmpeg_9.0_full\bin\ffmpeg.exe"" -y -hide_banner -i ""[REDACTED_LOCAL_PATH]\Tony Hidayat\AQ_OpenWorld_Codec_Provenance\39_bh_speech\canonical_selected\5639-40744-0013.wav"" -map_metadata -1 -vn -sn -dn -c:a libopus -b:a 96k -vbr off ""[REDACTED_LOCAL_PATH]\Tony Hidayat\AQ_OpenWorld_Codec_Provenance\42_bh_derivatives\encoded\0ff582f4a7eacc9231c93604.opus""","""[REDACTED_LOCAL_PATH]\Tony Hidayat\AQ_OpenWorld_Codec_Provenance\tools\gyan_ffmpeg_9.0_full\bin\ffprobe.exe"" -v error -show_entries stream=codec_name,sample_rate,channels,duration,bit_rate:format=format_name,duration,bit_rate -of json ""[REDACTED_LOCAL_PATH]\Tony Hidayat\AQ_OpenWorld_Codec_Provenance\42_bh_derivatives\encoded\0ff582f4a7eacc9231c93604.opus""","[REDACTED_LOCAL_PATH]\AppData\Local\CapCut\Apps\7.7.0.3143\ffmpeg.exe -y -hide_banner -i ""[REDACTED_LOCAL_PATH]\Tony Hidayat\AQ_OpenWorld_Codec_Provenance\42_bh_derivatives\encoded\0ff582f4a7eacc9231c93604.opus"" -map_metadata -1 -vn -sn -dn -ac 1 -ar 48000 -sample_fmt s16 ""[REDACTED_LOCAL_PATH]\Tony Hidayat\AQ_OpenWorld_Codec_Provenance\42_bh_derivatives\decoded_raw\0ff582f4a7eacc9231c93604.wav"""
8278d1fe1564c63f6ef8de3d,cdf9125c6eb1f2f6361c334351522975,5639,Opus,libopus,libopus,128,130.952,93c2987a9a72cf37c14481e94419e3b36257a1511ceb00338738c593f7decae4,964fa555308bfd5e65cbe40722719c1e4e766c1d9530a449da8b51b4668b92d2,0,0.9994664390732,96000,32738,[REDACTED_LOCAL_PATH]\Tony Hidayat\AQ_OpenWorld_Codec_Provenance\42_bh_derivatives\encoded\8278d1fe1564c63f6ef8de3d.opus,[REDACTED_LOCAL_PATH]\Tony Hidayat\AQ_OpenWorld_Codec_Provenance\42_bh_derivatives\decoded_raw\8278d1fe1564c63f6ef8de3d.wav,[REDACTED_LOCAL_PATH]\Tony Hidayat\AQ_OpenWorld_Codec_Provenance\42_bh_derivatives\aligned_pcm\8278d1fe1564c63f6ef8de3d.wav,AQ2D0BH_DERIV_V1|cdf9125c6eb1f2f6361c334351522975|Opus|128|libopus|57c56e369d5b4873b4d93fc1a1d833cb7cd8bc9325c14b05c34ce60b22842d8a,0,0,0,opus,PASS,"""[REDACTED_LOCAL_PATH]\Tony Hidayat\AQ_OpenWorld_Codec_Provenance\tools\gyan_ffmpeg_9.0_full\bin\ffmpeg.exe"" -y -hide_banner -i ""[REDACTED_LOCAL_PATH]\Tony Hidayat\AQ_OpenWorld_Codec_Provenance\39_bh_speech\canonical_selected\5639-40744-0013.wav"" -map_metadata -1 -vn -sn -dn -c:a libopus -b:a 128k -vbr off ""[REDACTED_LOCAL_PATH]\Tony Hidayat\AQ_OpenWorld_Codec_Provenance\42_bh_derivatives\encoded\8278d1fe1564c63f6ef8de3d.opus""","""[REDACTED_LOCAL_PATH]\Tony Hidayat\AQ_OpenWorld_Codec_Provenance\tools\gyan_ffmpeg_9.0_full\bin\ffprobe.exe"" -v error -show_entries stream=codec_name,sample_rate,channels,duration,bit_rate:format=format_name,duration,bit_rate -of json ""[REDACTED_LOCAL_PATH]\Tony Hidayat\AQ_OpenWorld_Codec_Provenance\42_bh_derivatives\encoded\8278d1fe1564c63f6ef8de3d.opus""","[REDACTED_LOCAL_PATH]\AppData\Local\CapCut\Apps\7.7.0.3143\ffmpeg.exe -y -hide_banner -i ""[REDACTED_LOCAL_PATH]\Tony Hidayat\AQ_OpenWorld_Codec_Provenance\42_bh_derivatives\encoded\8278d1fe1564c63f6ef8de3d.opus"" -map_metadata -1 -vn -sn -dn -ac 1 -ar 48000 -sample_fmt s16 ""[REDACTED_LOCAL_PATH]\Tony Hidayat\AQ_OpenWorld_Codec_Provenance\42_bh_derivatives\decoded_raw\8278d1fe1564c63f6ef8de3d.wav"""
33d07f38e11452b9a09ca83e,d5d485246626a70f86ce612a2d3d8ba9,3570,AAC,aac,FFmpeg-native AAC,32,38.064,9f20f15834eff7caeea8721d59ae8f57f7e4739ae04bce6a66efe6f63b6670b9,a6a7747101df700c9d9fa66c5aa4e905a22c3d2c7bb9946c82a27f19ebcae315,0,0.981902448897101,96000,9516,[REDACTED_LOCAL_PATH]\Tony Hidayat\AQ_OpenWorld_Codec_Provenance\42_bh_derivatives\encoded\33d07f38e11452b9a09ca83e.m4a,[REDACTED_LOCAL_PATH]\Tony Hidayat\AQ_OpenWorld_Codec_Provenance\42_bh_derivatives\decoded_raw\33d07f38e11452b9a09ca83e.wav,[REDACTED_LOCAL_PATH]\Tony Hidayat\AQ_OpenWorld_Codec_Provenance\42_bh_derivatives\aligned_pcm\33d07f38e11452b9a09ca83e.wav,AQ2D0BH_DERIV_V1|d5d485246626a70f86ce612a2d3d8ba9|AAC|32|FFmpeg-native AAC|57c56e369d5b4873b4d93fc1a1d833cb7cd8bc9325c14b05c34ce60b22842d8a,0,0,0,aac,PASS,"""[REDACTED_LOCAL_PATH]\Tony Hidayat\AQ_OpenWorld_Codec_Provenance\tools\gyan_ffmpeg_9.0_full\bin\ffmpeg.exe"" -y -hide_banner -i ""[REDACTED_LOCAL_PATH]\Tony Hidayat\AQ_OpenWorld_Codec_Provenance\39_bh_speech\canonical_selected\3570-5694-0006.wav"" -map_metadata -1 -vn -sn -dn -c:a aac -b:a 32k ""[REDACTED_LOCAL_PATH]\Tony Hidayat\AQ_OpenWorld_Codec_Provenance\42_bh_derivatives\encoded\33d07f38e11452b9a09ca83e.m4a""","""[REDACTED_LOCAL_PATH]\Tony Hidayat\AQ_OpenWorld_Codec_Provenance\tools\gyan_ffmpeg_9.0_full\bin\ffprobe.exe"" -v error -show_entries stream=codec_name,sample_rate,channels,duration,bit_rate:format=format_name,duration,bit_rate -of json ""[REDACTED_LOCAL_PATH]\Tony Hidayat\AQ_OpenWorld_Codec_Provenance\42_bh_derivatives\encoded\33d07f38e11452b9a09ca83e.m4a""","[REDACTED_LOCAL_PATH]\AppData\Local\CapCut\Apps\7.7.0.3143\ffmpeg.exe -y -hide_banner -i ""[REDACTED_LOCAL_PATH]\Tony Hidayat\AQ_OpenWorld_Codec_Provenance\42_bh_derivatives\encoded\33d07f38e11452b9a09ca83e.m4a"" -map_metadata -1 -vn -sn -dn -ac 1 -ar 48000 -sample_fmt s16 ""[REDACTED_LOCAL_PATH]\Tony Hidayat\AQ_OpenWorld_Codec_Provenance\42_bh_derivatives\decoded_raw\33d07f38e11452b9a09ca83e.wav"""
e27e4324d4c8957c57b32110,d5d485246626a70f86ce612a2d3d8ba9,3570,AAC,aac,FFmpeg-native AAC,80,86.672,77b61022b4d7ff1284ae278bd1107f7d7c54b9fdf0bdd27334fa75b0ceb1250a,44be5cecea3d7118a28c072de6ab29736e4f1cfcf01477267f62441497a0cba9,0,0.9994045342736423,96000,21668,[REDACTED_LOCAL_PATH]\Tony Hidayat\AQ_OpenWorld_Codec_Provenance\42_bh_derivatives\encoded\e27e4324d4c8957c57b32110.m4a,[REDACTED_LOCAL_PATH]\Tony Hidayat\AQ_OpenWorld_Codec_Provenance\42_bh_derivatives\decoded_raw\e27e4324d4c8957c57b32110.wav,[REDACTED_LOCAL_PATH]\Tony Hidayat\AQ_OpenWorld_Codec_Provenance\42_bh_derivatives\aligned_pcm\e27e4324d4c8957c57b32110.wav,AQ2D0BH_DERIV_V1|d5d485246626a70f86ce612a2d3d8ba9|AAC|80|FFmpeg-native AAC|57c56e369d5b4873b4d93fc1a1d833cb7cd8bc9325c14b05c34ce60b22842d8a,0,0,0,aac,PASS,"""[REDACTED_LOCAL_PATH]\Tony Hidayat\AQ_OpenWorld_Codec_Provenance\tools\gyan_ffmpeg_9.0_full\bin\ffmpeg.exe"" -y -hide_banner -i ""[REDACTED_LOCAL_PATH]\Tony Hidayat\AQ_OpenWorld_Codec_Provenance\39_bh_speech\canonical_selected\3570-5694-0006.wav"" -map_metadata -1 -vn -sn -dn -c:a aac -b:a 80k ""[REDACTED_LOCAL_PATH]\Tony Hidayat\AQ_OpenWorld_Codec_Provenance\42_bh_derivatives\encoded\e27e4324d4c8957c57b32110.m4a""","""[REDACTED_LOCAL_PATH]\Tony Hidayat\AQ_OpenWorld_Codec_Provenance\tools\gyan_ffmpeg_9.0_full\bin\ffprobe.exe"" -v error -show_entries stream=codec_name,sample_rate,channels,duration,bit_rate:format=format_name,duration,bit_rate -of json ""[REDACTED_LOCAL_PATH]\Tony Hidayat\AQ_OpenWorld_Codec_Provenance\42_bh_derivatives\encoded\e27e4324d4c8957c57b32110.m4a""","[REDACTED_LOCAL_PATH]\AppData\Local\CapCut\Apps\7.7.0.3143\ffmpeg.exe -y -hide_banner -i ""[REDACTED_LOCAL_PATH]\Tony Hidayat\AQ_OpenWorld_Codec_Provenance\42_bh_derivatives\encoded\e27e4324d4c8957c57b32110.m4a"" -map_metadata -1 -vn -sn -dn -ac 1 -ar 48000 -sample_fmt s16 ""[REDACTED_LOCAL_PATH]\Tony Hidayat\AQ_OpenWorld_Codec_Provenance\42_bh_derivatives\decoded_raw\e27e4324d4c8957c57b32110.wav"""
bd4f43f57aa12efa389aa490,d5d485246626a70f86ce612a2d3d8ba9,3570,AAC,aac,FFmpeg-native AAC,96,103.276,c7de21520ab749d6396b95c24646e931758731b5d234020e8bf71c09134c4fc0,a2af4634d9f3698921d5925c7be2f658111bc06e85844b65f4ef8f34d88d94c8,0,0.9880472532116141,96000,25819,[REDACTED_LOCAL_PATH]\Tony Hidayat\AQ_OpenWorld_Codec_Provenance\42_bh_derivatives\encoded\bd4f43f57aa12efa389aa490.m4a,[REDACTED_LOCAL_PATH]\Tony Hidayat\AQ_OpenWorld_Codec_Provenance\42_bh_derivatives\decoded_raw\bd4f43f57aa12efa389aa490.wav,[REDACTED_LOCAL_PATH]\Tony Hidayat\AQ_OpenWorld_Codec_Provenance\42_bh_derivatives\aligned_pcm\bd4f43f57aa12efa389aa490.wav,AQ2D0BH_DERIV_V1|d5d485246626a70f86ce612a2d3d8ba9|AAC|96|FFmpeg-native AAC|57c56e369d5b4873b4d93fc1a1d833cb7cd8bc9325c14b05c34ce60b22842d8a,0,0,0,aac,PASS,"""[REDACTED_LOCAL_PATH]\Tony Hidayat\AQ_OpenWorld_Codec_Provenance\tools\gyan_ffmpeg_9.0_full\bin\ffmpeg.exe"" -y -hide_banner -i ""[REDACTED_LOCAL_PATH]\Tony Hidayat\AQ_OpenWorld_Codec_Provenance\39_bh_speech\canonical_selected\3570-5694-0006.wav"" -map_metadata -1 -vn -sn -dn -c:a aac -b:a 96k ""[REDACTED_LOCAL_PATH]\Tony Hidayat\AQ_OpenWorld_Codec_Provenance\42_bh_derivatives\encoded\bd4f43f57aa12efa389aa490.m4a""","""[REDACTED_LOCAL_PATH]\Tony Hidayat\AQ_OpenWorld_Codec_Provenance\tools\gyan_ffmpeg_9.0_full\bin\ffprobe.exe"" -v error -show_entries stream=codec_name,sample_rate,channels,duration,bit_rate:format=format_name,duration,bit_rate -of json ""[REDACTED_LOCAL_PATH]\Tony Hidayat\AQ_OpenWorld_Codec_Provenance\42_bh_derivatives\encoded\bd4f43f57aa12efa389aa490.m4a""","[REDACTED_LOCAL_PATH]\AppData\Local\CapCut\Apps\7.7.0.3143\ffmpeg.exe -y -hide_banner -i ""[REDACTED_LOCAL_PATH]\Tony Hidayat\AQ_OpenWorld_Codec_Provenance\42_bh_derivatives\encoded\bd4f43f57aa12efa389aa490.m4a"" -map_metadata -1 -vn -sn -dn -ac 1 -ar 48000 -sample_fmt s16 ""[REDACTED_LOCAL_PATH]\Tony Hidayat\AQ_OpenWorld_Codec_Provenance\42_bh_derivatives\decoded_raw\bd4f43f57aa12efa389aa490.wav"""
fe824ef1211f6d5a92589a7d,d5d485246626a70f86ce612a2d3d8ba9,3570,AAC,aac,FFmpeg-native AAC,128,133.604,527fde21ef97351265465d5101650dbaaf0129eb8e8db1052f003981ba8991b7,2ae68aea80a0848e1276c41220133d40461823e98ee833d066919f39fbd09cb0,0,0.9970517524607174,96000,33401,[REDACTED_LOCAL_PATH]\Tony Hidayat\AQ_OpenWorld_Codec_Provenance\42_bh_derivatives\encoded\fe824ef1211f6d5a92589a7d.m4a,[REDACTED_LOCAL_PATH]\Tony Hidayat\AQ_OpenWorld_Codec_Provenance\42_bh_derivatives\decoded_raw\fe824ef1211f6d5a92589a7d.wav,[REDACTED_LOCAL_PATH]\Tony Hidayat\AQ_OpenWorld_Codec_Provenance\42_bh_derivatives\aligned_pcm\fe824ef1211f6d5a92589a7d.wav,AQ2D0BH_DERIV_V1|d5d485246626a70f86ce612a2d3d8ba9|AAC|128|FFmpeg-native AAC|57c56e369d5b4873b4d93fc1a1d833cb7cd8bc9325c14b05c34ce60b22842d8a,0,0,0,aac,PASS,"""[REDACTED_LOCAL_PATH]\Tony Hidayat\AQ_OpenWorld_Codec_Provenance\tools\gyan_ffmpeg_9.0_full\bin\ffmpeg.exe"" -y -hide_banner -i ""[REDACTED_LOCAL_PATH]\Tony Hidayat\AQ_OpenWorld_Codec_Provenance\39_bh_speech\canonical_selected\3570-5694-0006.wav"" -map_metadata -1 -vn -sn -dn -c:a aac -b:a 128k ""[REDACTED_LOCAL_PATH]\Tony Hidayat\AQ_OpenWorld_Codec_Provenance\42_bh_derivatives\encoded\fe824ef1211f6d5a92589a7d.m4a""","""[REDACTED_LOCAL_PATH]\Tony Hidayat\AQ_OpenWorld_Codec_Provenance\tools\gyan_ffmpeg_9.0_full\bin\ffprobe.exe"" -v error -show_entries stream=codec_name,sample_rate,channels,duration,bit_rate:format=format_name,duration,bit_rate -of json ""[REDACTED_LOCAL_PATH]\Tony Hidayat\AQ_OpenWorld_Codec_Provenance\42_bh_derivatives\encoded\fe824ef1211f6d5a92589a7d.m4a""","[REDACTED_LOCAL_PATH]\AppData\Local\CapCut\Apps\7.7.0.3143\ffmpeg.exe -y -hide_banner -i ""[REDACTED_LOCAL_PATH]\Tony Hidayat\AQ_OpenWorld_Codec_Provenance\42_bh_derivatives\encoded\fe824ef1211f6d5a92589a7d.m4a"" -map_metadata -1 -vn -sn -dn -ac 1 -ar 48000 -sample_fmt s16 ""[REDACTED_LOCAL_PATH]\Tony Hidayat\AQ_OpenWorld_Codec_Provenance\42_bh_derivatives\decoded_raw\fe824ef1211f6d5a92589a7d.wav"""
9c6f82bec7cd9be890937940,d5d485246626a70f86ce612a2d3d8ba9,3570,MP3,libmp3lame,libmp3lame,32,33.584,1806ba2621afc120152c71526759503bbff1e31c9f170886b87d859b707db644,eaa5a1b5f2a3951cfe6c25d3a567cbad417ca4e2bc9279782ea624ceff3d5136,0,0.9958789263809681,96000,8396,[REDACTED_LOCAL_PATH]\Tony Hidayat\AQ_OpenWorld_Codec_Provenance\42_bh_derivatives\encoded\9c6f82bec7cd9be890937940.mp3,[REDACTED_LOCAL_PATH]\Tony Hidayat\AQ_OpenWorld_Codec_Provenance\42_bh_derivatives\decoded_raw\9c6f82bec7cd9be890937940.wav,[REDACTED_LOCAL_PATH]\Tony Hidayat\AQ_OpenWorld_Codec_Provenance\42_bh_derivatives\aligned_pcm\9c6f82bec7cd9be890937940.wav,AQ2D0BH_DERIV_V1|d5d485246626a70f86ce612a2d3d8ba9|MP3|32|libmp3lame|57c56e369d5b4873b4d93fc1a1d833cb7cd8bc9325c14b05c34ce60b22842d8a,0,0,0,mp3,PASS,"""[REDACTED_LOCAL_PATH]\Tony Hidayat\AQ_OpenWorld_Codec_Provenance\tools\gyan_ffmpeg_9.0_full\bin\ffmpeg.exe"" -y -hide_banner -i ""[REDACTED_LOCAL_PATH]\Tony Hidayat\AQ_OpenWorld_Codec_Provenance\39_bh_speech\canonical_selected\3570-5694-0006.wav"" -map_metadata -1 -vn -sn -dn -c:a libmp3lame -b:a 32k ""[REDACTED_LOCAL_PATH]\Tony Hidayat\AQ_OpenWorld_Codec_Provenance\42_bh_derivatives\encoded\9c6f82bec7cd9be890937940.mp3""","""[REDACTED_LOCAL_PATH]\Tony Hidayat\AQ_OpenWorld_Codec_Provenance\tools\gyan_ffmpeg_9.0_full\bin\ffprobe.exe"" -v error -show_entries stream=codec_name,sample_rate,channels,duration,bit_rate:format=format_name,duration,bit_rate -of json ""[REDACTED_LOCAL_PATH]\Tony Hidayat\AQ_OpenWorld_Codec_Provenance\42_bh_derivatives\encoded\9c6f82bec7cd9be890937940.mp3""","[REDACTED_LOCAL_PATH]\AppData\Local\CapCut\Apps\7.7.0.3143\ffmpeg.exe -y -hide_banner -i ""[REDACTED_LOCAL_PATH]\Tony Hidayat\AQ_OpenWorld_Codec_Provenance\42_bh_derivatives\encoded\9c6f82bec7cd9be890937940.mp3"" -map_metadata -1 -vn -sn -dn -ac 1 -ar 48000 -sample_fmt s16 ""[REDACTED_LOCAL_PATH]\Tony Hidayat\AQ_OpenWorld_Codec_Provenance\42_bh_derivatives\decoded_raw\9c6f82bec7cd9be890937940.wav"""
13f86f80772b30023a7e2ac3,d5d485246626a70f86ce612a2d3d8ba9,3570,MP3,libmp3lame,libmp3lame,80,82.736,f696aead0f7d94ace4e89d8243ac2b8cbf133305b5baca14856b6f337f7e68e7,be377506fa91baab8a60b792ead86802ae35d07eccc0c77590b7a300102687c3,0,0.9999255667594005,96000,20684,[REDACTED_LOCAL_PATH]\Tony Hidayat\AQ_OpenWorld_Codec_Provenance\42_bh_derivatives\encoded\13f86f80772b30023a7e2ac3.mp3,[REDACTED_LOCAL_PATH]\Tony Hidayat\AQ_OpenWorld_Codec_Provenance\42_bh_derivatives\decoded_raw\13f86f80772b30023a7e2ac3.wav,[REDACTED_LOCAL_PATH]\Tony Hidayat\AQ_OpenWorld_Codec_Provenance\42_bh_derivatives\aligned_pcm\13f86f80772b30023a7e2ac3.wav,AQ2D0BH_DERIV_V1|d5d485246626a70f86ce612a2d3d8ba9|MP3|80|libmp3lame|57c56e369d5b4873b4d93fc1a1d833cb7cd8bc9325c14b05c34ce60b22842d8a,0,0,0,mp3,PASS,"""[REDACTED_LOCAL_PATH]\Tony Hidayat\AQ_OpenWorld_Codec_Provenance\tools\gyan_ffmpeg_9.0_full\bin\ffmpeg.exe"" -y -hide_banner -i ""[REDACTED_LOCAL_PATH]\Tony Hidayat\AQ_OpenWorld_Codec_Provenance\39_bh_speech\canonical_selected\3570-5694-0006.wav"" -map_metadata -1 -vn -sn -dn -c:a libmp3lame -b:a 80k ""[REDACTED_LOCAL_PATH]\Tony Hidayat\AQ_OpenWorld_Codec_Provenance\42_bh_derivatives\encoded\13f86f80772b30023a7e2ac3.mp3""","""[REDACTED_LOCAL_PATH]\Tony Hidayat\AQ_OpenWorld_Codec_Provenance\tools\gyan_ffmpeg_9.0_full\bin\ffprobe.exe"" -v error -show_entries stream=codec_name,sample_rate,channels,duration,bit_rate:format=format_name,duration,bit_rate -of json ""[REDACTED_LOCAL_PATH]\Tony Hidayat\AQ_OpenWorld_Codec_Provenance\42_bh_derivatives\encoded\13f86f80772b30023a7e2ac3.mp3""","[REDACTED_LOCAL_PATH]\AppData\Local\CapCut\Apps\7.7.0.3143\ffmpeg.exe -y -hide_banner -i ""[REDACTED_LOCAL_PATH]\Tony Hidayat\AQ_OpenWorld_Codec_Provenance\42_bh_derivatives\encoded\13f86f80772b30023a7e2ac3.mp3"" -map_metadata -1 -vn -sn -dn -ac 1 -ar 48000 -sample_fmt s16 ""[REDACTED_LOCAL_PATH]\Tony Hidayat\AQ_OpenWorld_Codec_Provenance\42_bh_derivatives\decoded_raw\13f86f80772b30023a7e2ac3.wav"""
f869bd2fb40fac88fd74d0ed,d5d485246626a70f86ce612a2d3d8ba9,3570,MP3,libmp3lame,libmp3lame,96,99.248,9d5d62a63211c9315b62d53ed559bdd90f4c7f292fd7386ac718e6c6ccf8155c,149aabcd4a895fd000d1d02027fbe7b049b6f51e1561bb0af77146da18718bdd,0,0.999988416473633,96000,24812,[REDACTED_LOCAL_PATH]\Tony Hidayat\AQ_OpenWorld_Codec_Provenance\42_bh_derivatives\encoded\f869bd2fb40fac88fd74d0ed.mp3,[REDACTED_LOCAL_PATH]\Tony Hidayat\AQ_OpenWorld_Codec_Provenance\42_bh_derivatives\decoded_raw\f869bd2fb40fac88fd74d0ed.wav,[REDACTED_LOCAL_PATH]\Tony Hidayat\AQ_OpenWorld_Codec_Provenance\42_bh_derivatives\aligned_pcm\f869bd2fb40fac88fd74d0ed.wav,AQ2D0BH_DERIV_V1|d5d485246626a70f86ce612a2d3d8ba9|MP3|96|libmp3lame|57c56e369d5b4873b4d93fc1a1d833cb7cd8bc9325c14b05c34ce60b22842d8a,0,0,0,mp3,PASS,"""[REDACTED_LOCAL_PATH]\Tony Hidayat\AQ_OpenWorld_Codec_Provenance\tools\gyan_ffmpeg_9.0_full\bin\ffmpeg.exe"" -y -hide_banner -i ""[REDACTED_LOCAL_PATH]\Tony Hidayat\AQ_OpenWorld_Codec_Provenance\39_bh_speech\canonical_selected\3570-5694-0006.wav"" -map_metadata -1 -vn -sn -dn -c:a libmp3lame -b:a 96k ""[REDACTED_LOCAL_PATH]\Tony Hidayat\AQ_OpenWorld_Codec_Provenance\42_bh_derivatives\encoded\f869bd2fb40fac88fd74d0ed.mp3""","""[REDACTED_LOCAL_PATH]\Tony Hidayat\AQ_OpenWorld_Codec_Provenance\tools\gyan_ffmpeg_9.0_full\bin\ffprobe.exe"" -v error -show_entries stream=codec_name,sample_rate,channels,duration,bit_rate:format=format_name,duration,bit_rate -of json ""[REDACTED_LOCAL_PATH]\Tony Hidayat\AQ_OpenWorld_Codec_Provenance\42_bh_derivatives\encoded\f869bd2fb40fac88fd74d0ed.mp3""","[REDACTED_LOCAL_PATH]\AppData\Local\CapCut\Apps\7.7.0.3143\ffmpeg.exe -y -hide_banner -i ""[REDACTED_LOCAL_PATH]\Tony Hidayat\AQ_OpenWorld_Codec_Provenance\42_bh_derivatives\encoded\f869bd2fb40fac88fd74d0ed.mp3"" -map_metadata -1 -vn -sn -dn -ac 1 -ar 48000 -sample_fmt s16 ""[REDACTED_LOCAL_PATH]\Tony Hidayat\AQ_OpenWorld_Codec_Provenance\42_bh_derivatives\decoded_raw\f869bd2fb40fac88fd74d0ed.wav"""
b3c2e08a2be50c8a7a924268,d5d485246626a70f86ce612a2d3d8ba9,3570,MP3,libmp3lame,libmp3lame,128,132.272,e363d724ac0a834b22b86181f9ea1cd4c0f0cc8cd9f1fc24a543eb040bd94a5f,7ec7d3b64c649ee7ef48ab6a998fb538204b985be7cd1f62caabbcc47d7fc4b9,0,0.9999968089852691,96000,33068,[REDACTED_LOCAL_PATH]\Tony Hidayat\AQ_OpenWorld_Codec_Provenance\42_bh_derivatives\encoded\b3c2e08a2be50c8a7a924268.mp3,[REDACTED_LOCAL_PATH]\Tony Hidayat\AQ_OpenWorld_Codec_Provenance\42_bh_derivatives\decoded_raw\b3c2e08a2be50c8a7a924268.wav,[REDACTED_LOCAL_PATH]\Tony Hidayat\AQ_OpenWorld_Codec_Provenance\42_bh_derivatives\aligned_pcm\b3c2e08a2be50c8a7a924268.wav,AQ2D0BH_DERIV_V1|d5d485246626a70f86ce612a2d3d8ba9|MP3|128|libmp3lame|57c56e369d5b4873b4d93fc1a1d833cb7cd8bc9325c14b05c34ce60b22842d8a,0,0,0,mp3,PASS,"""[REDACTED_LOCAL_PATH]\Tony Hidayat\AQ_OpenWorld_Codec_Provenance\tools\gyan_ffmpeg_9.0_full\bin\ffmpeg.exe"" -y -hide_banner -i ""[REDACTED_LOCAL_PATH]\Tony Hidayat\AQ_OpenWorld_Codec_Provenance\39_bh_speech\canonical_selected\3570-5694-0006.wav"" -map_metadata -1 -vn -sn -dn -c:a libmp3lame -b:a 128k ""[REDACTED_LOCAL_PATH]\Tony Hidayat\AQ_OpenWorld_Codec_Provenance\42_bh_derivatives\encoded\b3c2e08a2be50c8a7a924268.mp3""","""[REDACTED_LOCAL_PATH]\Tony Hidayat\AQ_OpenWorld_Codec_Provenance\tools\gyan_ffmpeg_9.0_full\bin\ffprobe.exe"" -v error -show_entries stream=codec_name,sample_rate,channels,duration,bit_rate:format=format_name,duration,bit_rate -of json ""[REDACTED_LOCAL_PATH]\Tony Hidayat\AQ_OpenWorld_Codec_Provenance\42_bh_derivatives\encoded\b3c2e08a2be50c8a7a924268.mp3""","[REDACTED_LOCAL_PATH]\AppData\Local\CapCut\Apps\7.7.0.3143\ffmpeg.exe -y -hide_banner -i ""[REDACTED_LOCAL_PATH]\Tony Hidayat\AQ_OpenWorld_Codec_Provenance\42_bh_derivatives\encoded\b3c2e08a2be50c8a7a924268.mp3"" -map_metadata -1 -vn -sn -dn -ac 1 -ar 48000 -sample_fmt s16 ""[REDACTED_LOCAL_PATH]\Tony Hidayat\AQ_OpenWorld_Codec_Provenance\42_bh_derivatives\decoded_raw\b3c2e08a2be50c8a7a924268.wav"""
0d97891b3100c519655fd0f2,d5d485246626a70f86ce612a2d3d8ba9,3570,Opus,libopus,libopus,32,33.588,858242a5c02b5a658cc000af7119e1b82e89a546f522f704bea40823db9dfdb5,8e8fb74dd197b908b448a2224e1cefc4cc8ba457052143089442a82da14ebfa4,0,0.9959938402521673,96000,8397,[REDACTED_LOCAL_PATH]\Tony Hidayat\AQ_OpenWorld_Codec_Provenance\42_bh_derivatives\encoded\0d97891b3100c519655fd0f2.opus,[REDACTED_LOCAL_PATH]\Tony Hidayat\AQ_OpenWorld_Codec_Provenance\42_bh_derivatives\decoded_raw\0d97891b3100c519655fd0f2.wav,[REDACTED_LOCAL_PATH]\Tony Hidayat\AQ_OpenWorld_Codec_Provenance\42_bh_derivatives\aligned_pcm\0d97891b3100c519655fd0f2.wav,AQ2D0BH_DERIV_V1|d5d485246626a70f86ce612a2d3d8ba9|Opus|32|libopus|57c56e369d5b4873b4d93fc1a1d833cb7cd8bc9325c14b05c34ce60b22842d8a,0,0,0,opus,PASS,"""[REDACTED_LOCAL_PATH]\Tony Hidayat\AQ_OpenWorld_Codec_Provenance\tools\gyan_ffmpeg_9.0_full\bin\ffmpeg.exe"" -y -hide_banner -i ""[REDACTED_LOCAL_PATH]\Tony Hidayat\AQ_OpenWorld_Codec_Provenance\39_bh_speech\canonical_selected\3570-5694-0006.wav"" -map_metadata -1 -vn -sn -dn -c:a libopus -b:a 32k -vbr off ""[REDACTED_LOCAL_PATH]\Tony Hidayat\AQ_OpenWorld_Codec_Provenance\42_bh_derivatives\encoded\0d97891b3100c519655fd0f2.opus""","""[REDACTED_LOCAL_PATH]\Tony Hidayat\AQ_OpenWorld_Codec_Provenance\tools\gyan_ffmpeg_9.0_full\bin\ffprobe.exe"" -v error -show_entries stream=codec_name,sample_rate,channels,duration,bit_rate:format=format_name,duration,bit_rate -of json ""[REDACTED_LOCAL_PATH]\Tony Hidayat\AQ_OpenWorld_Codec_Provenance\42_bh_derivatives\encoded\0d97891b3100c519655fd0f2.opus""","[REDACTED_LOCAL_PATH]\AppData\Local\CapCut\Apps\7.7.0.3143\ffmpeg.exe -y -hide_banner -i ""[REDACTED_LOCAL_PATH]\Tony Hidayat\AQ_OpenWorld_Codec_Provenance\42_bh_derivatives\encoded\0d97891b3100c519655fd0f2.opus"" -map_metadata -1 -vn -sn -dn -ac 1 -ar 48000 -sample_fmt s16 ""[REDACTED_LOCAL_PATH]\Tony Hidayat\AQ_OpenWorld_Codec_Provenance\42_bh_derivatives\decoded_raw\0d97891b3100c519655fd0f2.wav"""
29f4a28bde10dc6b9dee34e2,d5d485246626a70f86ce612a2d3d8ba9,3570,Opus,libopus,libopus,80,82.068,8a22c49a81b3d4a431a11452175de84c08f64ab59c22dc68e2d9b41b630640a8,3828ac4778dea17910640b7d49013a162498ca72b0f6f318c936cb6ef28a73c3,0,0.9993326603242081,96000,20517,[REDACTED_LOCAL_PATH]\Tony Hidayat\AQ_OpenWorld_Codec_Provenance\42_bh_derivatives\encoded\29f4a28bde10dc6b9dee34e2.opus,[REDACTED_LOCAL_PATH]\Tony Hidayat\AQ_OpenWorld_Codec_Provenance\42_bh_derivatives\decoded_raw\29f4a28bde10dc6b9dee34e2.wav,[REDACTED_LOCAL_PATH]\Tony Hidayat\AQ_OpenWorld_Codec_Provenance\42_bh_derivatives\aligned_pcm\29f4a28bde10dc6b9dee34e2.wav,AQ2D0BH_DERIV_V1|d5d485246626a70f86ce612a2d3d8ba9|Opus|80|libopus|57c56e369d5b4873b4d93fc1a1d833cb7cd8bc9325c14b05c34ce60b22842d8a,0,0,0,opus,PASS,"""[REDACTED_LOCAL_PATH]\Tony Hidayat\AQ_OpenWorld_Codec_Provenance\tools\gyan_ffmpeg_9.0_full\bin\ffmpeg.exe"" -y -hide_banner -i ""[REDACTED_LOCAL_PATH]\Tony Hidayat\AQ_OpenWorld_Codec_Provenance\39_bh_speech\canonical_selected\3570-5694-0006.wav"" -map_metadata -1 -vn -sn -dn -c:a libopus -b:a 80k -vbr off ""[REDACTED_LOCAL_PATH]\Tony Hidayat\AQ_OpenWorld_Codec_Provenance\42_bh_derivatives\encoded\29f4a28bde10dc6b9dee34e2.opus""","""[REDACTED_LOCAL_PATH]\Tony Hidayat\AQ_OpenWorld_Codec_Provenance\tools\gyan_ffmpeg_9.0_full\bin\ffprobe.exe"" -v error -show_entries stream=codec_name,sample_rate,channels,duration,bit_rate:format=format_name,duration,bit_rate -of json ""[REDACTED_LOCAL_PATH]\Tony Hidayat\AQ_OpenWorld_Codec_Provenance\42_bh_derivatives\encoded\29f4a28bde10dc6b9dee34e2.opus""","[REDACTED_LOCAL_PATH]\AppData\Local\CapCut\Apps\7.7.0.3143\ffmpeg.exe -y -hide_banner -i ""[REDACTED_LOCAL_PATH]\Tony Hidayat\AQ_OpenWorld_Codec_Provenance\42_bh_derivatives\encoded\29f4a28bde10dc6b9dee34e2.opus"" -map_metadata -1 -vn -sn -dn -ac 1 -ar 48000 -sample_fmt s16 ""[REDACTED_LOCAL_PATH]\Tony Hidayat\AQ_OpenWorld_Codec_Provenance\42_bh_derivatives\decoded_raw\29f4a28bde10dc6b9dee34e2.wav"""
3e576e61d1b45f7b24f27334,d5d485246626a70f86ce612a2d3d8ba9,3570,Opus,libopus,libopus,96,98.228,e269c6db90dfaf7a80064197e5ef74a79acfbfb72d076279deb89bca979bcaf8,0574e6be0360dd4d8f850bc6c38ea812e040923d06aaf8253ba07669932b9c33,0,0.999398763956898,96000,24557,[REDACTED_LOCAL_PATH]\Tony Hidayat\AQ_OpenWorld_Codec_Provenance\42_bh_derivatives\encoded\3e576e61d1b45f7b24f27334.opus,[REDACTED_LOCAL_PATH]\Tony Hidayat\AQ_OpenWorld_Codec_Provenance\42_bh_derivatives\decoded_raw\3e576e61d1b45f7b24f27334.wav,[REDACTED_LOCAL_PATH]\Tony Hidayat\AQ_OpenWorld_Codec_Provenance\42_bh_derivatives\aligned_pcm\3e576e61d1b45f7b24f27334.wav,AQ2D0BH_DERIV_V1|d5d485246626a70f86ce612a2d3d8ba9|Opus|96|libopus|57c56e369d5b4873b4d93fc1a1d833cb7cd8bc9325c14b05c34ce60b22842d8a,0,0,0,opus,PASS,"""[REDACTED_LOCAL_PATH]\Tony Hidayat\AQ_OpenWorld_Codec_Provenance\tools\gyan_ffmpeg_9.0_full\bin\ffmpeg.exe"" -y -hide_banner -i ""[REDACTED_LOCAL_PATH]\Tony Hidayat\AQ_OpenWorld_Codec_Provenance\39_bh_speech\canonical_selected\3570-5694-0006.wav"" -map_metadata -1 -vn -sn -dn -c:a libopus -b:a 96k -vbr off ""[REDACTED_LOCAL_PATH]\Tony Hidayat\AQ_OpenWorld_Codec_Provenance\42_bh_derivatives\encoded\3e576e61d1b45f7b24f27334.opus""","""[REDACTED_LOCAL_PATH]\Tony Hidayat\AQ_OpenWorld_Codec_Provenance\tools\gyan_ffmpeg_9.0_full\bin\ffprobe.exe"" -v error -show_entries stream=codec_name,sample_rate,channels,duration,bit_rate:format=format_name,duration,bit_rate -of json ""[REDACTED_LOCAL_PATH]\Tony Hidayat\AQ_OpenWorld_Codec_Provenance\42_bh_derivatives\encoded\3e576e61d1b45f7b24f27334.opus""","[REDACTED_LOCAL_PATH]\AppData\Local\CapCut\Apps\7.7.0.3143\ffmpeg.exe -y -hide_banner -i ""[REDACTED_LOCAL_PATH]\Tony Hidayat\AQ_OpenWorld_Codec_Provenance\42_bh_derivatives\encoded\3e576e61d1b45f7b24f27334.opus"" -map_metadata -1 -vn -sn -dn -ac 1 -ar 48000 -sample_fmt s16 ""[REDACTED_LOCAL_PATH]\Tony Hidayat\AQ_OpenWorld_Codec_Provenance\42_bh_derivatives\decoded_raw\3e576e61d1b45f7b24f27334.wav"""
7b67f4bfdba798abafc0cb87,d5d485246626a70f86ce612a2d3d8ba9,3570,Opus,libopus,libopus,128,130.952,36140452ae274ce5e0bd039cd5f006b1f2274bf4e172cedad9061d0909c3135a,c255a4e18930b3ea2949e47413e30cafc7263425b6ae39d15ac82ebd44a1c010,0,0.9996155097121561,96000,32738,[REDACTED_LOCAL_PATH]\Tony Hidayat\AQ_OpenWorld_Codec_Provenance\42_bh_derivatives\encoded\7b67f4bfdba798abafc0cb87.opus,[REDACTED_LOCAL_PATH]\Tony Hidayat\AQ_OpenWorld_Codec_Provenance\42_bh_derivatives\decoded_raw\7b67f4bfdba798abafc0cb87.wav,[REDACTED_LOCAL_PATH]\Tony Hidayat\AQ_OpenWorld_Codec_Provenance\42_bh_derivatives\aligned_pcm\7b67f4bfdba798abafc0cb87.wav,AQ2D0BH_DERIV_V1|d5d485246626a70f86ce612a2d3d8ba9|Opus|128|libopus|57c56e369d5b4873b4d93fc1a1d833cb7cd8bc9325c14b05c34ce60b22842d8a,0,0,0,opus,PASS,"""[REDACTED_LOCAL_PATH]\Tony Hidayat\AQ_OpenWorld_Codec_Provenance\tools\gyan_ffmpeg_9.0_full\bin\ffmpeg.exe"" -y -hide_banner -i ""[REDACTED_LOCAL_PATH]\Tony Hidayat\AQ_OpenWorld_Codec_Provenance\39_bh_speech\canonical_selected\3570-5694-0006.wav"" -map_metadata -1 -vn -sn -dn -c:a libopus -b:a 128k -vbr off ""[REDACTED_LOCAL_PATH]\Tony Hidayat\AQ_OpenWorld_Codec_Provenance\42_bh_derivatives\encoded\7b67f4bfdba798abafc0cb87.opus""","""[REDACTED_LOCAL_PATH]\Tony Hidayat\AQ_OpenWorld_Codec_Provenance\tools\gyan_ffmpeg_9.0_full\bin\ffprobe.exe"" -v error -show_entries stream=codec_name,sample_rate,channels,duration,bit_rate:format=format_name,duration,bit_rate -of json ""[REDACTED_LOCAL_PATH]\Tony Hidayat\AQ_OpenWorld_Codec_Provenance\42_bh_derivatives\encoded\7b67f4bfdba798abafc0cb87.opus""","[REDACTED_LOCAL_PATH]\AppData\Local\CapCut\Apps\7.7.0.3143\ffmpeg.exe -y -hide_banner -i ""[REDACTED_LOCAL_PATH]\Tony Hidayat\AQ_OpenWorld_Codec_Provenance\42_bh_derivatives\encoded\7b67f4bfdba798abafc0cb87.opus"" -map_metadata -1 -vn -sn -dn -ac 1 -ar 48000 -sample_fmt s16 ""[REDACTED_LOCAL_PATH]\Tony Hidayat\AQ_OpenWorld_Codec_Provenance\42_bh_derivatives\decoded_raw\7b67f4bfdba798abafc0cb87.wav"""
e0aa10965e54771ee31c8a90,ec9806beecbdb3159e264723dd09a309,2094,AAC,aac,FFmpeg-native AAC,32,36.8,df0023eb4be91d55a0c40f9eafc4d623f4a1d4fe592871308c638c77e071f713,5a74f17a088e4ebd578c2dbb6edd63e9bf0f1063ddcbc7c2a672793f6a68cb9f,0,0.9538654668562745,96000,9200,[REDACTED_LOCAL_PATH]\Tony Hidayat\AQ_OpenWorld_Codec_Provenance\42_bh_derivatives\encoded\e0aa10965e54771ee31c8a90.m4a,[REDACTED_LOCAL_PATH]\Tony Hidayat\AQ_OpenWorld_Codec_Provenance\42_bh_derivatives\decoded_raw\e0aa10965e54771ee31c8a90.wav,[REDACTED_LOCAL_PATH]\Tony Hidayat\AQ_OpenWorld_Codec_Provenance\42_bh_derivatives\aligned_pcm\e0aa10965e54771ee31c8a90.wav,AQ2D0BH_DERIV_V1|ec9806beecbdb3159e264723dd09a309|AAC|32|FFmpeg-native AAC|57c56e369d5b4873b4d93fc1a1d833cb7cd8bc9325c14b05c34ce60b22842d8a,0,0,0,aac,PASS,"""[REDACTED_LOCAL_PATH]\Tony Hidayat\AQ_OpenWorld_Codec_Provenance\tools\gyan_ffmpeg_9.0_full\bin\ffmpeg.exe"" -y -hide_banner -i ""[REDACTED_LOCAL_PATH]\Tony Hidayat\AQ_OpenWorld_Codec_Provenance\39_bh_speech\canonical_selected\2094-142345-0030.wav"" -map_metadata -1 -vn -sn -dn -c:a aac -b:a 32k ""[REDACTED_LOCAL_PATH]\Tony Hidayat\AQ_OpenWorld_Codec_Provenance\42_bh_derivatives\encoded\e0aa10965e54771ee31c8a90.m4a""","""[REDACTED_LOCAL_PATH]\Tony Hidayat\AQ_OpenWorld_Codec_Provenance\tools\gyan_ffmpeg_9.0_full\bin\ffprobe.exe"" -v error -show_entries stream=codec_name,sample_rate,channels,duration,bit_rate:format=format_name,duration,bit_rate -of json ""[REDACTED_LOCAL_PATH]\Tony Hidayat\AQ_OpenWorld_Codec_Provenance\42_bh_derivatives\encoded\e0aa10965e54771ee31c8a90.m4a""","[REDACTED_LOCAL_PATH]\AppData\Local\CapCut\Apps\7.7.0.3143\ffmpeg.exe -y -hide_banner -i ""[REDACTED_LOCAL_PATH]\Tony Hidayat\AQ_OpenWorld_Codec_Provenance\42_bh_derivatives\encoded\e0aa10965e54771ee31c8a90.m4a"" -map_metadata -1 -vn -sn -dn -ac 1 -ar 48000 -sample_fmt s16 ""[REDACTED_LOCAL_PATH]\Tony Hidayat\AQ_OpenWorld_Codec_Provenance\42_bh_derivatives\decoded_raw\e0aa10965e54771ee31c8a90.wav"""
df9fc777413cd8c4a6e4563f,ec9806beecbdb3159e264723dd09a309,2094,AAC,aac,FFmpeg-native AAC,80,86.432,6c3a59e4fef1ba3e7713c62373c3eecb5167227366cb31f5c1917e106ad8f1dd,a6d2acd255cd35fb616ae49e4b196837798aeae70c981e584da545199cb975d5,0,0.9994172825812584,96000,21608,[REDACTED_LOCAL_PATH]\Tony Hidayat\AQ_OpenWorld_Codec_Provenance\42_bh_derivatives\encoded\df9fc777413cd8c4a6e4563f.m4a,[REDACTED_LOCAL_PATH]\Tony Hidayat\AQ_OpenWorld_Codec_Provenance\42_bh_derivatives\decoded_raw\df9fc777413cd8c4a6e4563f.wav,[REDACTED_LOCAL_PATH]\Tony Hidayat\AQ_OpenWorld_Codec_Provenance\42_bh_derivatives\aligned_pcm\df9fc777413cd8c4a6e4563f.wav,AQ2D0BH_DERIV_V1|ec9806beecbdb3159e264723dd09a309|AAC|80|FFmpeg-native AAC|57c56e369d5b4873b4d93fc1a1d833cb7cd8bc9325c14b05c34ce60b22842d8a,0,0,0,aac,PASS,"""[REDACTED_LOCAL_PATH]\Tony Hidayat\AQ_OpenWorld_Codec_Provenance\tools\gyan_ffmpeg_9.0_full\bin\ffmpeg.exe"" -y -hide_banner -i ""[REDACTED_LOCAL_PATH]\Tony Hidayat\AQ_OpenWorld_Codec_Provenance\39_bh_speech\canonical_selected\2094-142345-0030.wav"" -map_metadata -1 -vn -sn -dn -c:a aac -b:a 80k ""[REDACTED_LOCAL_PATH]\Tony Hidayat\AQ_OpenWorld_Codec_Provenance\42_bh_derivatives\encoded\df9fc777413cd8c4a6e4563f.m4a""","""[REDACTED_LOCAL_PATH]\Tony Hidayat\AQ_OpenWorld_Codec_Provenance\tools\gyan_ffmpeg_9.0_full\bin\ffprobe.exe"" -v error -show_entries stream=codec_name,sample_rate,channels,duration,bit_rate:format=format_name,duration,bit_rate -of json ""[REDACTED_LOCAL_PATH]\Tony Hidayat\AQ_OpenWorld_Codec_Provenance\42_bh_derivatives\encoded\df9fc777413cd8c4a6e4563f.m4a""","[REDACTED_LOCAL_PATH]\AppData\Local\CapCut\Apps\7.7.0.3143\ffmpeg.exe -y -hide_banner -i ""[REDACTED_LOCAL_PATH]\Tony Hidayat\AQ_OpenWorld_Codec_Provenance\42_bh_derivatives\encoded\df9fc777413cd8c4a6e4563f.m4a"" -map_metadata -1 -vn -sn -dn -ac 1 -ar 48000 -sample_fmt s16 ""[REDACTED_LOCAL_PATH]\Tony Hidayat\AQ_OpenWorld_Codec_Provenance\42_bh_derivatives\decoded_raw\df9fc777413cd8c4a6e4563f.wav"""
c7a13669e5a8bcb1edd513a4,ec9806beecbdb3159e264723dd09a309,2094,AAC,aac,FFmpeg-native AAC,96,102.928,86db7c140c747c1b10973cd76b387460fea98821d5fa28185469696b7db68d10,d15700024d6705ea1b2ded8accaccbb19cd112cb537329bf0ebfefe420c0cf10,0,0.9991841799730341,96000,25732,[REDACTED_LOCAL_PATH]\Tony Hidayat\AQ_OpenWorld_Codec_Provenance\42_bh_derivatives\encoded\c7a13669e5a8bcb1edd513a4.m4a,[REDACTED_LOCAL_PATH]\Tony Hidayat\AQ_OpenWorld_Codec_Provenance\42_bh_derivatives\decoded_raw\c7a13669e5a8bcb1edd513a4.wav,[REDACTED_LOCAL_PATH]\Tony Hidayat\AQ_OpenWorld_Codec_Provenance\42_bh_derivatives\aligned_pcm\c7a13669e5a8bcb1edd513a4.wav,AQ2D0BH_DERIV_V1|ec9806beecbdb3159e264723dd09a309|AAC|96|FFmpeg-native AAC|57c56e369d5b4873b4d93fc1a1d833cb7cd8bc9325c14b05c34ce60b22842d8a,0,0,0,aac,PASS,"""[REDACTED_LOCAL_PATH]\Tony Hidayat\AQ_OpenWorld_Codec_Provenance\tools\gyan_ffmpeg_9.0_full\bin\ffmpeg.exe"" -y -hide_banner -i ""[REDACTED_LOCAL_PATH]\Tony Hidayat\AQ_OpenWorld_Codec_Provenance\39_bh_speech\canonical_selected\2094-142345-0030.wav"" -map_metadata -1 -vn -sn -dn -c:a aac -b:a 96k ""[REDACTED_LOCAL_PATH]\Tony Hidayat\AQ_OpenWorld_Codec_Provenance\42_bh_derivatives\encoded\c7a13669e5a8bcb1edd513a4.m4a""","""[REDACTED_LOCAL_PATH]\Tony Hidayat\AQ_OpenWorld_Codec_Provenance\tools\gyan_ffmpeg_9.0_full\bin\ffprobe.exe"" -v error -show_entries stream=codec_name,sample_rate,channels,duration,bit_rate:format=format_name,duration,bit_rate -of json ""[REDACTED_LOCAL_PATH]\Tony Hidayat\AQ_OpenWorld_Codec_Provenance\42_bh_derivatives\encoded\c7a13669e5a8bcb1edd513a4.m4a""","[REDACTED_LOCAL_PATH]\AppData\Local\CapCut\Apps\7.7.0.3143\ffmpeg.exe -y -hide_banner -i ""[REDACTED_LOCAL_PATH]\Tony Hidayat\AQ_OpenWorld_Codec_Provenance\42_bh_derivatives\encoded\c7a13669e5a8bcb1edd513a4.m4a"" -map_metadata -1 -vn -sn -dn -ac 1 -ar 48000 -sample_fmt s16 ""[REDACTED_LOCAL_PATH]\Tony Hidayat\AQ_OpenWorld_Codec_Provenance\42_bh_derivatives\decoded_raw\c7a13669e5a8bcb1edd513a4.wav"""
a3ef2ef96f6611ecbe6d0f39,ec9806beecbdb3159e264723dd09a309,2094,AAC,aac,FFmpeg-native AAC,128,133.304,2cd83726ac6a76c7b20783a3cbbb3a85b6e56fef3913959b94f9f63fc990b23b,42c8fbcbf5ae200fd77dc65b0e769eb5dd5db7be1085e0852d6b57eb676da1e3,0,0.9911227177568273,96000,33326,[REDACTED_LOCAL_PATH]\Tony Hidayat\AQ_OpenWorld_Codec_Provenance\42_bh_derivatives\encoded\a3ef2ef96f6611ecbe6d0f39.m4a,[REDACTED_LOCAL_PATH]\Tony Hidayat\AQ_OpenWorld_Codec_Provenance\42_bh_derivatives\decoded_raw\a3ef2ef96f6611ecbe6d0f39.wav,[REDACTED_LOCAL_PATH]\Tony Hidayat\AQ_OpenWorld_Codec_Provenance\42_bh_derivatives\aligned_pcm\a3ef2ef96f6611ecbe6d0f39.wav,AQ2D0BH_DERIV_V1|ec9806beecbdb3159e264723dd09a309|AAC|128|FFmpeg-native AAC|57c56e369d5b4873b4d93fc1a1d833cb7cd8bc9325c14b05c34ce60b22842d8a,0,0,0,aac,PASS,"""[REDACTED_LOCAL_PATH]\Tony Hidayat\AQ_OpenWorld_Codec_Provenance\tools\gyan_ffmpeg_9.0_full\bin\ffmpeg.exe"" -y -hide_banner -i ""[REDACTED_LOCAL_PATH]\Tony Hidayat\AQ_OpenWorld_Codec_Provenance\39_bh_speech\canonical_selected\2094-142345-0030.wav"" -map_metadata -1 -vn -sn -dn -c:a aac -b:a 128k ""[REDACTED_LOCAL_PATH]\Tony Hidayat\AQ_OpenWorld_Codec_Provenance\42_bh_derivatives\encoded\a3ef2ef96f6611ecbe6d0f39.m4a""","""[REDACTED_LOCAL_PATH]\Tony Hidayat\AQ_OpenWorld_Codec_Provenance\tools\gyan_ffmpeg_9.0_full\bin\ffprobe.exe"" -v error -show_entries stream=codec_name,sample_rate,channels,duration,bit_rate:format=format_name,duration,bit_rate -of json ""[REDACTED_LOCAL_PATH]\Tony Hidayat\AQ_OpenWorld_Codec_Provenance\42_bh_derivatives\encoded\a3ef2ef96f6611ecbe6d0f39.m4a""","[REDACTED_LOCAL_PATH]\AppData\Local\CapCut\Apps\7.7.0.3143\ffmpeg.exe -y -hide_banner -i ""[REDACTED_LOCAL_PATH]\Tony Hidayat\AQ_OpenWorld_Codec_Provenance\42_bh_derivatives\encoded\a3ef2ef96f6611ecbe6d0f39.m4a"" -map_metadata -1 -vn -sn -dn -ac 1 -ar 48000 -sample_fmt s16 ""[REDACTED_LOCAL_PATH]\Tony Hidayat\AQ_OpenWorld_Codec_Provenance\42_bh_derivatives\decoded_raw\a3ef2ef96f6611ecbe6d0f39.wav"""
cd73f3c6d180e9de28616f35,ec9806beecbdb3159e264723dd09a309,2094,MP3,libmp3lame,libmp3lame,32,33.584,6fb40fcaa8df6c65a5b662a9d5d12ca64fdb4b43849b19f44701941984260f93,8223e96893a46b9e4e251e6c13d5fc5c9ba4f218fe0dfa454cd5dcb430cfd9f5,0,0.9812661117924536,96000,8396,[REDACTED_LOCAL_PATH]\Tony Hidayat\AQ_OpenWorld_Codec_Provenance\42_bh_derivatives\encoded\cd73f3c6d180e9de28616f35.mp3,[REDACTED_LOCAL_PATH]\Tony Hidayat\AQ_OpenWorld_Codec_Provenance\42_bh_derivatives\decoded_raw\cd73f3c6d180e9de28616f35.wav,[REDACTED_LOCAL_PATH]\Tony Hidayat\AQ_OpenWorld_Codec_Provenance\42_bh_derivatives\aligned_pcm\cd73f3c6d180e9de28616f35.wav,AQ2D0BH_DERIV_V1|ec9806beecbdb3159e264723dd09a309|MP3|32|libmp3lame|57c56e369d5b4873b4d93fc1a1d833cb7cd8bc9325c14b05c34ce60b22842d8a,0,0,0,mp3,PASS,"""[REDACTED_LOCAL_PATH]\Tony Hidayat\AQ_OpenWorld_Codec_Provenance\tools\gyan_ffmpeg_9.0_full\bin\ffmpeg.exe"" -y -hide_banner -i ""[REDACTED_LOCAL_PATH]\Tony Hidayat\AQ_OpenWorld_Codec_Provenance\39_bh_speech\canonical_selected\2094-142345-0030.wav"" -map_metadata -1 -vn -sn -dn -c:a libmp3lame -b:a 32k ""[REDACTED_LOCAL_PATH]\Tony Hidayat\AQ_OpenWorld_Codec_Provenance\42_bh_derivatives\encoded\cd73f3c6d180e9de28616f35.mp3""","""[REDACTED_LOCAL_PATH]\Tony Hidayat\AQ_OpenWorld_Codec_Provenance\tools\gyan_ffmpeg_9.0_full\bin\ffprobe.exe"" -v error -show_entries stream=codec_name,sample_rate,channels,duration,bit_rate:format=format_name,duration,bit_rate -of json ""[REDACTED_LOCAL_PATH]\Tony Hidayat\AQ_OpenWorld_Codec_Provenance\42_bh_derivatives\encoded\cd73f3c6d180e9de28616f35.mp3""","[REDACTED_LOCAL_PATH]\AppData\Local\CapCut\Apps\7.7.0.3143\ffmpeg.exe -y -hide_banner -i ""[REDACTED_LOCAL_PATH]\Tony Hidayat\AQ_OpenWorld_Codec_Provenance\42_bh_derivatives\encoded\cd73f3c6d180e9de28616f35.mp3"" -map_metadata -1 -vn -sn -dn -ac 1 -ar 48000 -sample_fmt s16 ""[REDACTED_LOCAL_PATH]\Tony Hidayat\AQ_OpenWorld_Codec_Provenance\42_bh_derivatives\decoded_raw\cd73f3c6d180e9de28616f35.wav"""
2bcb8d431a2cd5beca904e08,ec9806beecbdb3159e264723dd09a309,2094,MP3,libmp3lame,libmp3lame,80,82.736,8b491e71b77c7825db6461e52e50e512a07148c2671f40fecba47e924e4a2fbc,2b710cc617c53678c1c6f55524591e555efd0e89c8bb8e67698fc54042275c13,0,0.9996252419993331,96000,20684,[REDACTED_LOCAL_PATH]\Tony Hidayat\AQ_OpenWorld_Codec_Provenance\42_bh_derivatives\encoded\2bcb8d431a2cd5beca904e08.mp3,[REDACTED_LOCAL_PATH]\Tony Hidayat\AQ_OpenWorld_Codec_Provenance\42_bh_derivatives\decoded_raw\2bcb8d431a2cd5beca904e08.wav,[REDACTED_LOCAL_PATH]\Tony Hidayat\AQ_OpenWorld_Codec_Provenance\42_bh_derivatives\aligned_pcm\2bcb8d431a2cd5beca904e08.wav,AQ2D0BH_DERIV_V1|ec9806beecbdb3159e264723dd09a309|MP3|80|libmp3lame|57c56e369d5b4873b4d93fc1a1d833cb7cd8bc9325c14b05c34ce60b22842d8a,0,0,0,mp3,PASS,"""[REDACTED_LOCAL_PATH]\Tony Hidayat\AQ_OpenWorld_Codec_Provenance\tools\gyan_ffmpeg_9.0_full\bin\ffmpeg.exe"" -y -hide_banner -i ""[REDACTED_LOCAL_PATH]\Tony Hidayat\AQ_OpenWorld_Codec_Provenance\39_bh_speech\canonical_selected\2094-142345-0030.wav"" -map_metadata -1 -vn -sn -dn -c:a libmp3lame -b:a 80k ""[REDACTED_LOCAL_PATH]\Tony Hidayat\AQ_OpenWorld_Codec_Provenance\42_bh_derivatives\encoded\2bcb8d431a2cd5beca904e08.mp3""","""[REDACTED_LOCAL_PATH]\Tony Hidayat\AQ_OpenWorld_Codec_Provenance\tools\gyan_ffmpeg_9.0_full\bin\ffprobe.exe"" -v error -show_entries stream=codec_name,sample_rate,channels,duration,bit_rate:format=format_name,duration,bit_rate -of json ""[REDACTED_LOCAL_PATH]\Tony Hidayat\AQ_OpenWorld_Codec_Provenance\42_bh_derivatives\encoded\2bcb8d431a2cd5beca904e08.mp3""","[REDACTED_LOCAL_PATH]\AppData\Local\CapCut\Apps\7.7.0.3143\ffmpeg.exe -y -hide_banner -i ""[REDACTED_LOCAL_PATH]\Tony Hidayat\AQ_OpenWorld_Codec_Provenance\42_bh_derivatives\encoded\2bcb8d431a2cd5beca904e08.mp3"" -map_metadata -1 -vn -sn -dn -ac 1 -ar 48000 -sample_fmt s16 ""[REDACTED_LOCAL_PATH]\Tony Hidayat\AQ_OpenWorld_Codec_Provenance\42_bh_derivatives\decoded_raw\2bcb8d431a2cd5beca904e08.wav"""
a66442e4a58cc41aed5e75cb,ec9806beecbdb3159e264723dd09a309,2094,MP3,libmp3lame,libmp3lame,96,99.248,2982c30fbbdec830128d62f1bf1821cb05d1dbe3b7890e1d67e65e90ee059b13,5505bd76a3456ee468d79bc1fd576165bcfc409148c487012059ed44d37ec770,0,0.9999105788903475,96000,24812,[REDACTED_LOCAL_PATH]\Tony Hidayat\AQ_OpenWorld_Codec_Provenance\42_bh_derivatives\encoded\a66442e4a58cc41aed5e75cb.mp3,[REDACTED_LOCAL_PATH]\Tony Hidayat\AQ_OpenWorld_Codec_Provenance\42_bh_derivatives\decoded_raw\a66442e4a58cc41aed5e75cb.wav,[REDACTED_LOCAL_PATH]\Tony Hidayat\AQ_OpenWorld_Codec_Provenance\42_bh_derivatives\aligned_pcm\a66442e4a58cc41aed5e75cb.wav,AQ2D0BH_DERIV_V1|ec9806beecbdb3159e264723dd09a309|MP3|96|libmp3lame|57c56e369d5b4873b4d93fc1a1d833cb7cd8bc9325c14b05c34ce60b22842d8a,0,0,0,mp3,PASS,"""[REDACTED_LOCAL_PATH]\Tony Hidayat\AQ_OpenWorld_Codec_Provenance\tools\gyan_ffmpeg_9.0_full\bin\ffmpeg.exe"" -y -hide_banner -i ""[REDACTED_LOCAL_PATH]\Tony Hidayat\AQ_OpenWorld_Codec_Provenance\39_bh_speech\canonical_selected\2094-142345-0030.wav"" -map_metadata -1 -vn -sn -dn -c:a libmp3lame -b:a 96k ""[REDACTED_LOCAL_PATH]\Tony Hidayat\AQ_OpenWorld_Codec_Provenance\42_bh_derivatives\encoded\a66442e4a58cc41aed5e75cb.mp3""","""[REDACTED_LOCAL_PATH]\Tony Hidayat\AQ_OpenWorld_Codec_Provenance\tools\gyan_ffmpeg_9.0_full\bin\ffprobe.exe"" -v error -show_entries stream=codec_name,sample_rate,channels,duration,bit_rate:format=format_name,duration,bit_rate -of json ""[REDACTED_LOCAL_PATH]\Tony Hidayat\AQ_OpenWorld_Codec_Provenance\42_bh_derivatives\encoded\a66442e4a58cc41aed5e75cb.mp3""","[REDACTED_LOCAL_PATH]\AppData\Local\CapCut\Apps\7.7.0.3143\ffmpeg.exe -y -hide_banner -i ""[REDACTED_LOCAL_PATH]\Tony Hidayat\AQ_OpenWorld_Codec_Provenance\42_bh_derivatives\encoded\a66442e4a58cc41aed5e75cb.mp3"" -map_metadata -1 -vn -sn -dn -ac 1 -ar 48000 -sample_fmt s16 ""[REDACTED_LOCAL_PATH]\Tony Hidayat\AQ_OpenWorld_Codec_Provenance\42_bh_derivatives\decoded_raw\a66442e4a58cc41aed5e75cb.wav"""
2979cf9a84c1f2c990706fef,ec9806beecbdb3159e264723dd09a309,2094,MP3,libmp3lame,libmp3lame,128,132.272,31584f5f458a93d032382a6f39faecf168f18bf66ab26370a66cd8f710e73c7c,9b58f4aac6b6d8a9fa3c13d46fe1b106b1cfee3ec5075924d7dd6f89706ae430,0,0.9999893008499391,96000,33068,[REDACTED_LOCAL_PATH]\Tony Hidayat\AQ_OpenWorld_Codec_Provenance\42_bh_derivatives\encoded\2979cf9a84c1f2c990706fef.mp3,[REDACTED_LOCAL_PATH]\Tony Hidayat\AQ_OpenWorld_Codec_Provenance\42_bh_derivatives\decoded_raw\2979cf9a84c1f2c990706fef.wav,[REDACTED_LOCAL_PATH]\Tony Hidayat\AQ_OpenWorld_Codec_Provenance\42_bh_derivatives\aligned_pcm\2979cf9a84c1f2c990706fef.wav,AQ2D0BH_DERIV_V1|ec9806beecbdb3159e264723dd09a309|MP3|128|libmp3lame|57c56e369d5b4873b4d93fc1a1d833cb7cd8bc9325c14b05c34ce60b22842d8a,0,0,0,mp3,PASS,"""[REDACTED_LOCAL_PATH]\Tony Hidayat\AQ_OpenWorld_Codec_Provenance\tools\gyan_ffmpeg_9.0_full\bin\ffmpeg.exe"" -y -hide_banner -i ""[REDACTED_LOCAL_PATH]\Tony Hidayat\AQ_OpenWorld_Codec_Provenance\39_bh_speech\canonical_selected\2094-142345-0030.wav"" -map_metadata -1 -vn -sn -dn -c:a libmp3lame -b:a 128k ""[REDACTED_LOCAL_PATH]\Tony Hidayat\AQ_OpenWorld_Codec_Provenance\42_bh_derivatives\encoded\2979cf9a84c1f2c990706fef.mp3""","""[REDACTED_LOCAL_PATH]\Tony Hidayat\AQ_OpenWorld_Codec_Provenance\tools\gyan_ffmpeg_9.0_full\bin\ffprobe.exe"" -v error -show_entries stream=codec_name,sample_rate,channels,duration,bit_rate:format=format_name,duration,bit_rate -of json ""[REDACTED_LOCAL_PATH]\Tony Hidayat\AQ_OpenWorld_Codec_Provenance\42_bh_derivatives\encoded\2979cf9a84c1f2c990706fef.mp3""","[REDACTED_LOCAL_PATH]\AppData\Local\CapCut\Apps\7.7.0.3143\ffmpeg.exe -y -hide_banner -i ""[REDACTED_LOCAL_PATH]\Tony Hidayat\AQ_OpenWorld_Codec_Provenance\42_bh_derivatives\encoded\2979cf9a84c1f2c990706fef.mp3"" -map_metadata -1 -vn -sn -dn -ac 1 -ar 48000 -sample_fmt s16 ""[REDACTED_LOCAL_PATH]\Tony Hidayat\AQ_OpenWorld_Codec_Provenance\42_bh_derivatives\decoded_raw\2979cf9a84c1f2c990706fef.wav"""
003cd6f5d9a04ebf94ff0958,ec9806beecbdb3159e264723dd09a309,2094,Opus,libopus,libopus,32,33.588,5f023d938010a9f07265b12965810aeb75caa2f5162b07b76c7fdcdabc23ad8b,f4979c5cfef1ef37dfc633d82adb1471fa8333db808cee049a098b7a09ed3685,0,0.9845195662994118,96000,8397,[REDACTED_LOCAL_PATH]\Tony Hidayat\AQ_OpenWorld_Codec_Provenance\42_bh_derivatives\encoded\003cd6f5d9a04ebf94ff0958.opus,[REDACTED_LOCAL_PATH]\Tony Hidayat\AQ_OpenWorld_Codec_Provenance\42_bh_derivatives\decoded_raw\003cd6f5d9a04ebf94ff0958.wav,[REDACTED_LOCAL_PATH]\Tony Hidayat\AQ_OpenWorld_Codec_Provenance\42_bh_derivatives\aligned_pcm\003cd6f5d9a04ebf94ff0958.wav,AQ2D0BH_DERIV_V1|ec9806beecbdb3159e264723dd09a309|Opus|32|libopus|57c56e369d5b4873b4d93fc1a1d833cb7cd8bc9325c14b05c34ce60b22842d8a,0,0,0,opus,PASS,"""[REDACTED_LOCAL_PATH]\Tony Hidayat\AQ_OpenWorld_Codec_Provenance\tools\gyan_ffmpeg_9.0_full\bin\ffmpeg.exe"" -y -hide_banner -i ""[REDACTED_LOCAL_PATH]\Tony Hidayat\AQ_OpenWorld_Codec_Provenance\39_bh_speech\canonical_selected\2094-142345-0030.wav"" -map_metadata -1 -vn -sn -dn -c:a libopus -b:a 32k -vbr off ""[REDACTED_LOCAL_PATH]\Tony Hidayat\AQ_OpenWorld_Codec_Provenance\42_bh_derivatives\encoded\003cd6f5d9a04ebf94ff0958.opus""","""[REDACTED_LOCAL_PATH]\Tony Hidayat\AQ_OpenWorld_Codec_Provenance\tools\gyan_ffmpeg_9.0_full\bin\ffprobe.exe"" -v error -show_entries stream=codec_name,sample_rate,channels,duration,bit_rate:format=format_name,duration,bit_rate -of json ""[REDACTED_LOCAL_PATH]\Tony Hidayat\AQ_OpenWorld_Codec_Provenance\42_bh_derivatives\encoded\003cd6f5d9a04ebf94ff0958.opus""","[REDACTED_LOCAL_PATH]\AppData\Local\CapCut\Apps\7.7.0.3143\ffmpeg.exe -y -hide_banner -i ""[REDACTED_LOCAL_PATH]\Tony Hidayat\AQ_OpenWorld_Codec_Provenance\42_bh_derivatives\encoded\003cd6f5d9a04ebf94ff0958.opus"" -map_metadata -1 -vn -sn -dn -ac 1 -ar 48000 -sample_fmt s16 ""[REDACTED_LOCAL_PATH]\Tony Hidayat\AQ_OpenWorld_Codec_Provenance\42_bh_derivatives\decoded_raw\003cd6f5d9a04ebf94ff0958.wav"""
127e77a40d1f16341d537b37,ec9806beecbdb3159e264723dd09a309,2094,Opus,libopus,libopus,80,82.068,e7ab96366849b23cd7615091c086834ee4eeb0e1b8f1059e50954415e8a6d67d,e6f19fc5e4d8daa7baf6e6b087ea93021d578aeeb3f59f675e287b0679d5bd28,0,0.9952665223869439,96000,20517,[REDACTED_LOCAL_PATH]\Tony Hidayat\AQ_OpenWorld_Codec_Provenance\42_bh_derivatives\encoded\127e77a40d1f16341d537b37.opus,[REDACTED_LOCAL_PATH]\Tony Hidayat\AQ_OpenWorld_Codec_Provenance\42_bh_derivatives\decoded_raw\127e77a40d1f16341d537b37.wav,[REDACTED_LOCAL_PATH]\Tony Hidayat\AQ_OpenWorld_Codec_Provenance\42_bh_derivatives\aligned_pcm\127e77a40d1f16341d537b37.wav,AQ2D0BH_DERIV_V1|ec9806beecbdb3159e264723dd09a309|Opus|80|libopus|57c56e369d5b4873b4d93fc1a1d833cb7cd8bc9325c14b05c34ce60b22842d8a,0,0,0,opus,PASS,"""[REDACTED_LOCAL_PATH]\Tony Hidayat\AQ_OpenWorld_Codec_Provenance\tools\gyan_ffmpeg_9.0_full\bin\ffmpeg.exe"" -y -hide_banner -i ""[REDACTED_LOCAL_PATH]\Tony Hidayat\AQ_OpenWorld_Codec_Provenance\39_bh_speech\canonical_selected\2094-142345-0030.wav"" -map_metadata -1 -vn -sn -dn -c:a libopus -b:a 80k -vbr off ""[REDACTED_LOCAL_PATH]\Tony Hidayat\AQ_OpenWorld_Codec_Provenance\42_bh_derivatives\encoded\127e77a40d1f16341d537b37.opus""","""[REDACTED_LOCAL_PATH]\Tony Hidayat\AQ_OpenWorld_Codec_Provenance\tools\gyan_ffmpeg_9.0_full\bin\ffprobe.exe"" -v error -show_entries stream=codec_name,sample_rate,channels,duration,bit_rate:format=format_name,duration,bit_rate -of json ""[REDACTED_LOCAL_PATH]\Tony Hidayat\AQ_OpenWorld_Codec_Provenance\42_bh_derivatives\encoded\127e77a40d1f16341d537b37.opus""","[REDACTED_LOCAL_PATH]\AppData\Local\CapCut\Apps\7.7.0.3143\ffmpeg.exe -y -hide_banner -i ""[REDACTED_LOCAL_PATH]\Tony Hidayat\AQ_OpenWorld_Codec_Provenance\42_bh_derivatives\encoded\127e77a40d1f16341d537b37.opus"" -map_metadata -1 -vn -sn -dn -ac 1 -ar 48000 -sample_fmt s16 ""[REDACTED_LOCAL_PATH]\Tony Hidayat\AQ_OpenWorld_Codec_Provenance\42_bh_derivatives\decoded_raw\127e77a40d1f16341d537b37.wav"""
1e00b6f437cf8f236ebd3871,ec9806beecbdb3159e264723dd09a309,2094,Opus,libopus,libopus,96,98.228,6b9a870b41e7cdd5eb1b6cff15d58104751832dd28d5faed44f00bdedc84dc72,d19080ff13371e4d0370101f75738a3c7567ee01aa627ebbe0370557e7dac7ee,0,0.9960495546972785,96000,24557,[REDACTED_LOCAL_PATH]\Tony Hidayat\AQ_OpenWorld_Codec_Provenance\42_bh_derivatives\encoded\1e00b6f437cf8f236ebd3871.opus,[REDACTED_LOCAL_PATH]\Tony Hidayat\AQ_OpenWorld_Codec_Provenance\42_bh_derivatives\decoded_raw\1e00b6f437cf8f236ebd3871.wav,[REDACTED_LOCAL_PATH]\Tony Hidayat\AQ_OpenWorld_Codec_Provenance\42_bh_derivatives\aligned_pcm\1e00b6f437cf8f236ebd3871.wav,AQ2D0BH_DERIV_V1|ec9806beecbdb3159e264723dd09a309|Opus|96|libopus|57c56e369d5b4873b4d93fc1a1d833cb7cd8bc9325c14b05c34ce60b22842d8a,0,0,0,opus,PASS,"""[REDACTED_LOCAL_PATH]\Tony Hidayat\AQ_OpenWorld_Codec_Provenance\tools\gyan_ffmpeg_9.0_full\bin\ffmpeg.exe"" -y -hide_banner -i ""[REDACTED_LOCAL_PATH]\Tony Hidayat\AQ_OpenWorld_Codec_Provenance\39_bh_speech\canonical_selected\2094-142345-0030.wav"" -map_metadata -1 -vn -sn -dn -c:a libopus -b:a 96k -vbr off ""[REDACTED_LOCAL_PATH]\Tony Hidayat\AQ_OpenWorld_Codec_Provenance\42_bh_derivatives\encoded\1e00b6f437cf8f236ebd3871.opus""","""[REDACTED_LOCAL_PATH]\Tony Hidayat\AQ_OpenWorld_Codec_Provenance\tools\gyan_ffmpeg_9.0_full\bin\ffprobe.exe"" -v error -show_entries stream=codec_name,sample_rate,channels,duration,bit_rate:format=format_name,duration,bit_rate -of json ""[REDACTED_LOCAL_PATH]\Tony Hidayat\AQ_OpenWorld_Codec_Provenance\42_bh_derivatives\encoded\1e00b6f437cf8f236ebd3871.opus""","[REDACTED_LOCAL_PATH]\AppData\Local\CapCut\Apps\7.7.0.3143\ffmpeg.exe -y -hide_banner -i ""[REDACTED_LOCAL_PATH]\Tony Hidayat\AQ_OpenWorld_Codec_Provenance\42_bh_derivatives\encoded\1e00b6f437cf8f236ebd3871.opus"" -map_metadata -1 -vn -sn -dn -ac 1 -ar 48000 -sample_fmt s16 ""[REDACTED_LOCAL_PATH]\Tony Hidayat\AQ_OpenWorld_Codec_Provenance\42_bh_derivatives\decoded_raw\1e00b6f437cf8f236ebd3871.wav"""
a740c6a9ac9f9b0b9ee560b0,ec9806beecbdb3159e264723dd09a309,2094,Opus,libopus,libopus,128,130.952,7e38c5bb95b1b78e74b3dc40ab337f1890dd84159113416206c6d6bc31b76a87,457ca9ac46d711ce72740abe6ad6b699101919d504fbb64b2f617670db404e52,0,0.9967100704914093,96000,32738,[REDACTED_LOCAL_PATH]\Tony Hidayat\AQ_OpenWorld_Codec_Provenance\42_bh_derivatives\encoded\a740c6a9ac9f9b0b9ee560b0.opus,[REDACTED_LOCAL_PATH]\Tony Hidayat\AQ_OpenWorld_Codec_Provenance\42_bh_derivatives\decoded_raw\a740c6a9ac9f9b0b9ee560b0.wav,[REDACTED_LOCAL_PATH]\Tony Hidayat\AQ_OpenWorld_Codec_Provenance\42_bh_derivatives\aligned_pcm\a740c6a9ac9f9b0b9ee560b0.wav,AQ2D0BH_DERIV_V1|ec9806beecbdb3159e264723dd09a309|Opus|128|libopus|57c56e369d5b4873b4d93fc1a1d833cb7cd8bc9325c14b05c34ce60b22842d8a,0,0,0,opus,PASS,"""[REDACTED_LOCAL_PATH]\Tony Hidayat\AQ_OpenWorld_Codec_Provenance\tools\gyan_ffmpeg_9.0_full\bin\ffmpeg.exe"" -y -hide_banner -i ""[REDACTED_LOCAL_PATH]\Tony Hidayat\AQ_OpenWorld_Codec_Provenance\39_bh_speech\canonical_selected\2094-142345-0030.wav"" -map_metadata -1 -vn -sn -dn -c:a libopus -b:a 128k -vbr off ""[REDACTED_LOCAL_PATH]\Tony Hidayat\AQ_OpenWorld_Codec_Provenance\42_bh_derivatives\encoded\a740c6a9ac9f9b0b9ee560b0.opus""","""[REDACTED_LOCAL_PATH]\Tony Hidayat\AQ_OpenWorld_Codec_Provenance\tools\gyan_ffmpeg_9.0_full\bin\ffprobe.exe"" -v error -show_entries stream=codec_name,sample_rate,channels,duration,bit_rate:format=format_name,duration,bit_rate -of json ""[REDACTED_LOCAL_PATH]\Tony Hidayat\AQ_OpenWorld_Codec_Provenance\42_bh_derivatives\encoded\a740c6a9ac9f9b0b9ee560b0.opus""","[REDACTED_LOCAL_PATH]\AppData\Local\CapCut\Apps\7.7.0.3143\ffmpeg.exe -y -hide_banner -i ""[REDACTED_LOCAL_PATH]\Tony Hidayat\AQ_OpenWorld_Codec_Provenance\42_bh_derivatives\encoded\a740c6a9ac9f9b0b9ee560b0.opus"" -map_metadata -1 -vn -sn -dn -ac 1 -ar 48000 -sample_fmt s16 ""[REDACTED_LOCAL_PATH]\Tony Hidayat\AQ_OpenWorld_Codec_Provenance\42_bh_derivatives\decoded_raw\a740c6a9ac9f9b0b9ee560b0.wav"""
b817c4853a94dcd312dc77af,f1c417689c789e4a32a73ada0258c056,61,AAC,aac,FFmpeg-native AAC,32,37.66,2076af8118ec09d96c81e9d264d8f9e1cb433dfa14e767f5c9b83e5d0293cf08,35ba2aa2625b241f8239f87a0ed4917530bf5eefcd9dcfe87eedac8cf05c02e4,0,0.9783645516552072,96000,9415,[REDACTED_LOCAL_PATH]\Tony Hidayat\AQ_OpenWorld_Codec_Provenance\42_bh_derivatives\encoded\b817c4853a94dcd312dc77af.m4a,[REDACTED_LOCAL_PATH]\Tony Hidayat\AQ_OpenWorld_Codec_Provenance\42_bh_derivatives\decoded_raw\b817c4853a94dcd312dc77af.wav,[REDACTED_LOCAL_PATH]\Tony Hidayat\AQ_OpenWorld_Codec_Provenance\42_bh_derivatives\aligned_pcm\b817c4853a94dcd312dc77af.wav,AQ2D0BH_DERIV_V1|f1c417689c789e4a32a73ada0258c056|AAC|32|FFmpeg-native AAC|57c56e369d5b4873b4d93fc1a1d833cb7cd8bc9325c14b05c34ce60b22842d8a,0,0,0,aac,PASS,"""[REDACTED_LOCAL_PATH]\Tony Hidayat\AQ_OpenWorld_Codec_Provenance\tools\gyan_ffmpeg_9.0_full\bin\ffmpeg.exe"" -y -hide_banner -i ""[REDACTED_LOCAL_PATH]\Tony Hidayat\AQ_OpenWorld_Codec_Provenance\39_bh_speech\canonical_selected\61-70968-0015.wav"" -map_metadata -1 -vn -sn -dn -c:a aac -b:a 32k ""[REDACTED_LOCAL_PATH]\Tony Hidayat\AQ_OpenWorld_Codec_Provenance\42_bh_derivatives\encoded\b817c4853a94dcd312dc77af.m4a""","""[REDACTED_LOCAL_PATH]\Tony Hidayat\AQ_OpenWorld_Codec_Provenance\tools\gyan_ffmpeg_9.0_full\bin\ffprobe.exe"" -v error -show_entries stream=codec_name,sample_rate,channels,duration,bit_rate:format=format_name,duration,bit_rate -of json ""[REDACTED_LOCAL_PATH]\Tony Hidayat\AQ_OpenWorld_Codec_Provenance\42_bh_derivatives\encoded\b817c4853a94dcd312dc77af.m4a""","[REDACTED_LOCAL_PATH]\AppData\Local\CapCut\Apps\7.7.0.3143\ffmpeg.exe -y -hide_banner -i ""[REDACTED_LOCAL_PATH]\Tony Hidayat\AQ_OpenWorld_Codec_Provenance\42_bh_derivatives\encoded\b817c4853a94dcd312dc77af.m4a"" -map_metadata -1 -vn -sn -dn -ac 1 -ar 48000 -sample_fmt s16 ""[REDACTED_LOCAL_PATH]\Tony Hidayat\AQ_OpenWorld_Codec_Provenance\42_bh_derivatives\decoded_raw\b817c4853a94dcd312dc77af.wav"""
ee0d17fc5a6bd309a8cc0972,f1c417689c789e4a32a73ada0258c056,61,AAC,aac,FFmpeg-native AAC,80,87.092,cc5c3b35a88ae18611e74b74ce8e1127d9c370f5528a8ced71cae69a935b6f2d,f2bb192a52ed2a37294b8749e6895c7b7db79a1684ae7d8691ff92ee96009aa6,0,0.9988111721787999,96000,21773,[REDACTED_LOCAL_PATH]\Tony Hidayat\AQ_OpenWorld_Codec_Provenance\42_bh_derivatives\encoded\ee0d17fc5a6bd309a8cc0972.m4a,[REDACTED_LOCAL_PATH]\Tony Hidayat\AQ_OpenWorld_Codec_Provenance\42_bh_derivatives\decoded_raw\ee0d17fc5a6bd309a8cc0972.wav,[REDACTED_LOCAL_PATH]\Tony Hidayat\AQ_OpenWorld_Codec_Provenance\42_bh_derivatives\aligned_pcm\ee0d17fc5a6bd309a8cc0972.wav,AQ2D0BH_DERIV_V1|f1c417689c789e4a32a73ada0258c056|AAC|80|FFmpeg-native AAC|57c56e369d5b4873b4d93fc1a1d833cb7cd8bc9325c14b05c34ce60b22842d8a,0,0,0,aac,PASS,"""[REDACTED_LOCAL_PATH]\Tony Hidayat\AQ_OpenWorld_Codec_Provenance\tools\gyan_ffmpeg_9.0_full\bin\ffmpeg.exe"" -y -hide_banner -i ""[REDACTED_LOCAL_PATH]\Tony Hidayat\AQ_OpenWorld_Codec_Provenance\39_bh_speech\canonical_selected\61-70968-0015.wav"" -map_metadata -1 -vn -sn -dn -c:a aac -b:a 80k ""[REDACTED_LOCAL_PATH]\Tony Hidayat\AQ_OpenWorld_Codec_Provenance\42_bh_derivatives\encoded\ee0d17fc5a6bd309a8cc0972.m4a""","""[REDACTED_LOCAL_PATH]\Tony Hidayat\AQ_OpenWorld_Codec_Provenance\tools\gyan_ffmpeg_9.0_full\bin\ffprobe.exe"" -v error -show_entries stream=codec_name,sample_rate,channels,duration,bit_rate:format=format_name,duration,bit_rate -of json ""[REDACTED_LOCAL_PATH]\Tony Hidayat\AQ_OpenWorld_Codec_Provenance\42_bh_derivatives\encoded\ee0d17fc5a6bd309a8cc0972.m4a""","[REDACTED_LOCAL_PATH]\AppData\Local\CapCut\Apps\7.7.0.3143\ffmpeg.exe -y -hide_banner -i ""[REDACTED_LOCAL_PATH]\Tony Hidayat\AQ_OpenWorld_Codec_Provenance\42_bh_derivatives\encoded\ee0d17fc5a6bd309a8cc0972.m4a"" -map_metadata -1 -vn -sn -dn -ac 1 -ar 48000 -sample_fmt s16 ""[REDACTED_LOCAL_PATH]\Tony Hidayat\AQ_OpenWorld_Codec_Provenance\42_bh_derivatives\decoded_raw\ee0d17fc5a6bd309a8cc0972.wav"""
2212e9e9b5642ae2a93d32c4,f1c417689c789e4a32a73ada0258c056,61,AAC,aac,FFmpeg-native AAC,96,103.06,ca929cf38e1e1ebcdcfd3cf546e89be190e2a368d7221fe0f6c4eeb713f64537,2f02f409de34c26a26a5297552752bd45b5f578e770d129f57aeb51117f4eb84,0,0.998969395428715,96000,25765,[REDACTED_LOCAL_PATH]\Tony Hidayat\AQ_OpenWorld_Codec_Provenance\42_bh_derivatives\encoded\2212e9e9b5642ae2a93d32c4.m4a,[REDACTED_LOCAL_PATH]\Tony Hidayat\AQ_OpenWorld_Codec_Provenance\42_bh_derivatives\decoded_raw\2212e9e9b5642ae2a93d32c4.wav,[REDACTED_LOCAL_PATH]\Tony Hidayat\AQ_OpenWorld_Codec_Provenance\42_bh_derivatives\aligned_pcm\2212e9e9b5642ae2a93d32c4.wav,AQ2D0BH_DERIV_V1|f1c417689c789e4a32a73ada0258c056|AAC|96|FFmpeg-native AAC|57c56e369d5b4873b4d93fc1a1d833cb7cd8bc9325c14b05c34ce60b22842d8a,0,0,0,aac,PASS,"""[REDACTED_LOCAL_PATH]\Tony Hidayat\AQ_OpenWorld_Codec_Provenance\tools\gyan_ffmpeg_9.0_full\bin\ffmpeg.exe"" -y -hide_banner -i ""[REDACTED_LOCAL_PATH]\Tony Hidayat\AQ_OpenWorld_Codec_Provenance\39_bh_speech\canonical_selected\61-70968-0015.wav"" -map_metadata -1 -vn -sn -dn -c:a aac -b:a 96k ""[REDACTED_LOCAL_PATH]\Tony Hidayat\AQ_OpenWorld_Codec_Provenance\42_bh_derivatives\encoded\2212e9e9b5642ae2a93d32c4.m4a""","""[REDACTED_LOCAL_PATH]\Tony Hidayat\AQ_OpenWorld_Codec_Provenance\tools\gyan_ffmpeg_9.0_full\bin\ffprobe.exe"" -v error -show_entries stream=codec_name,sample_rate,channels,duration,bit_rate:format=format_name,duration,bit_rate -of json ""[REDACTED_LOCAL_PATH]\Tony Hidayat\AQ_OpenWorld_Codec_Provenance\42_bh_derivatives\encoded\2212e9e9b5642ae2a93d32c4.m4a""","[REDACTED_LOCAL_PATH]\AppData\Local\CapCut\Apps\7.7.0.3143\ffmpeg.exe -y -hide_banner -i ""[REDACTED_LOCAL_PATH]\Tony Hidayat\AQ_OpenWorld_Codec_Provenance\42_bh_derivatives\encoded\2212e9e9b5642ae2a93d32c4.m4a"" -map_metadata -1 -vn -sn -dn -ac 1 -ar 48000 -sample_fmt s16 ""[REDACTED_LOCAL_PATH]\Tony Hidayat\AQ_OpenWorld_Codec_Provenance\42_bh_derivatives\decoded_raw\2212e9e9b5642ae2a93d32c4.wav"""
68f5123c5efe1102c071402c,f1c417689c789e4a32a73ada0258c056,61,AAC,aac,FFmpeg-native AAC,128,136.116,084021d5fda25bdff7543f8d304e3f726ec26eec09af4942b09d9be9865a196d,84431b4d699cf85eb2e30cb86c1f500d315ce53ec8fe0e8a2ee6bfaf4c8316c0,0,0.9947116284887174,96000,34029,[REDACTED_LOCAL_PATH]\Tony Hidayat\AQ_OpenWorld_Codec_Provenance\42_bh_derivatives\encoded\68f5123c5efe1102c071402c.m4a,[REDACTED_LOCAL_PATH]\Tony Hidayat\AQ_OpenWorld_Codec_Provenance\42_bh_derivatives\decoded_raw\68f5123c5efe1102c071402c.wav,[REDACTED_LOCAL_PATH]\Tony Hidayat\AQ_OpenWorld_Codec_Provenance\42_bh_derivatives\aligned_pcm\68f5123c5efe1102c071402c.wav,AQ2D0BH_DERIV_V1|f1c417689c789e4a32a73ada0258c056|AAC|128|FFmpeg-native AAC|57c56e369d5b4873b4d93fc1a1d833cb7cd8bc9325c14b05c34ce60b22842d8a,0,0,0,aac,PASS,"""[REDACTED_LOCAL_PATH]\Tony Hidayat\AQ_OpenWorld_Codec_Provenance\tools\gyan_ffmpeg_9.0_full\bin\ffmpeg.exe"" -y -hide_banner -i ""[REDACTED_LOCAL_PATH]\Tony Hidayat\AQ_OpenWorld_Codec_Provenance\39_bh_speech\canonical_selected\61-70968-0015.wav"" -map_metadata -1 -vn -sn -dn -c:a aac -b:a 128k ""[REDACTED_LOCAL_PATH]\Tony Hidayat\AQ_OpenWorld_Codec_Provenance\42_bh_derivatives\encoded\68f5123c5efe1102c071402c.m4a""","""[REDACTED_LOCAL_PATH]\Tony Hidayat\AQ_OpenWorld_Codec_Provenance\tools\gyan_ffmpeg_9.0_full\bin\ffprobe.exe"" -v error -show_entries stream=codec_name,sample_rate,channels,duration,bit_rate:format=format_name,duration,bit_rate -of json ""[REDACTED_LOCAL_PATH]\Tony Hidayat\AQ_OpenWorld_Codec_Provenance\42_bh_derivatives\encoded\68f5123c5efe1102c071402c.m4a""","[REDACTED_LOCAL_PATH]\AppData\Local\CapCut\Apps\7.7.0.3143\ffmpeg.exe -y -hide_banner -i ""[REDACTED_LOCAL_PATH]\Tony Hidayat\AQ_OpenWorld_Codec_Provenance\42_bh_derivatives\encoded\68f5123c5efe1102c071402c.m4a"" -map_metadata -1 -vn -sn -dn -ac 1 -ar 48000 -sample_fmt s16 ""[REDACTED_LOCAL_PATH]\Tony Hidayat\AQ_OpenWorld_Codec_Provenance\42_bh_derivatives\decoded_raw\68f5123c5efe1102c071402c.wav"""
f98563e0a8b11864f04c142c,f1c417689c789e4a32a73ada0258c056,61,MP3,libmp3lame,libmp3lame,32,33.584,9bc85b4845b96578a13b1f4d3110faa25e0d3587ae9e9e16cbc2d9620f06efef,84e9ab22f541786ac4d0e6eb261182fcbe6e8503c1b58577a7c18d09e9e88279,0,0.9957449885198002,96000,8396,[REDACTED_LOCAL_PATH]\Tony Hidayat\AQ_OpenWorld_Codec_Provenance\42_bh_derivatives\encoded\f98563e0a8b11864f04c142c.mp3,[REDACTED_LOCAL_PATH]\Tony Hidayat\AQ_OpenWorld_Codec_Provenance\42_bh_derivatives\decoded_raw\f98563e0a8b11864f04c142c.wav,[REDACTED_LOCAL_PATH]\Tony Hidayat\AQ_OpenWorld_Codec_Provenance\42_bh_derivatives\aligned_pcm\f98563e0a8b11864f04c142c.wav,AQ2D0BH_DERIV_V1|f1c417689c789e4a32a73ada0258c056|MP3|32|libmp3lame|57c56e369d5b4873b4d93fc1a1d833cb7cd8bc9325c14b05c34ce60b22842d8a,0,0,0,mp3,PASS,"""[REDACTED_LOCAL_PATH]\Tony Hidayat\AQ_OpenWorld_Codec_Provenance\tools\gyan_ffmpeg_9.0_full\bin\ffmpeg.exe"" -y -hide_banner -i ""[REDACTED_LOCAL_PATH]\Tony Hidayat\AQ_OpenWorld_Codec_Provenance\39_bh_speech\canonical_selected\61-70968-0015.wav"" -map_metadata -1 -vn -sn -dn -c:a libmp3lame -b:a 32k ""[REDACTED_LOCAL_PATH]\Tony Hidayat\AQ_OpenWorld_Codec_Provenance\42_bh_derivatives\encoded\f98563e0a8b11864f04c142c.mp3""","""[REDACTED_LOCAL_PATH]\Tony Hidayat\AQ_OpenWorld_Codec_Provenance\tools\gyan_ffmpeg_9.0_full\bin\ffprobe.exe"" -v error -show_entries stream=codec_name,sample_rate,channels,duration,bit_rate:format=format_name,duration,bit_rate -of json ""[REDACTED_LOCAL_PATH]\Tony Hidayat\AQ_OpenWorld_Codec_Provenance\42_bh_derivatives\encoded\f98563e0a8b11864f04c142c.mp3""","[REDACTED_LOCAL_PATH]\AppData\Local\CapCut\Apps\7.7.0.3143\ffmpeg.exe -y -hide_banner -i ""[REDACTED_LOCAL_PATH]\Tony Hidayat\AQ_OpenWorld_Codec_Provenance\42_bh_derivatives\encoded\f98563e0a8b11864f04c142c.mp3"" -map_metadata -1 -vn -sn -dn -ac 1 -ar 48000 -sample_fmt s16 ""[REDACTED_LOCAL_PATH]\Tony Hidayat\AQ_OpenWorld_Codec_Provenance\42_bh_derivatives\decoded_raw\f98563e0a8b11864f04c142c.wav"""
051c6e2016eb03fd7ad194cb,f1c417689c789e4a32a73ada0258c056,61,MP3,libmp3lame,libmp3lame,80,82.736,7cdc0397aaa701ff9f466f743dbe664929ba65be1ae4d547415d5b4d4f0e51c8,b4784a9235e5918bce2a69f23d888630fdfaf6354ed4ff147ed8a3c989a94513,0,0.9997443038775585,96000,20684,[REDACTED_LOCAL_PATH]\Tony Hidayat\AQ_OpenWorld_Codec_Provenance\42_bh_derivatives\encoded\051c6e2016eb03fd7ad194cb.mp3,[REDACTED_LOCAL_PATH]\Tony Hidayat\AQ_OpenWorld_Codec_Provenance\42_bh_derivatives\decoded_raw\051c6e2016eb03fd7ad194cb.wav,[REDACTED_LOCAL_PATH]\Tony Hidayat\AQ_OpenWorld_Codec_Provenance\42_bh_derivatives\aligned_pcm\051c6e2016eb03fd7ad194cb.wav,AQ2D0BH_DERIV_V1|f1c417689c789e4a32a73ada0258c056|MP3|80|libmp3lame|57c56e369d5b4873b4d93fc1a1d833cb7cd8bc9325c14b05c34ce60b22842d8a,0,0,0,mp3,PASS,"""[REDACTED_LOCAL_PATH]\Tony Hidayat\AQ_OpenWorld_Codec_Provenance\tools\gyan_ffmpeg_9.0_full\bin\ffmpeg.exe"" -y -hide_banner -i ""[REDACTED_LOCAL_PATH]\Tony Hidayat\AQ_OpenWorld_Codec_Provenance\39_bh_speech\canonical_selected\61-70968-0015.wav"" -map_metadata -1 -vn -sn -dn -c:a libmp3lame -b:a 80k ""[REDACTED_LOCAL_PATH]\Tony Hidayat\AQ_OpenWorld_Codec_Provenance\42_bh_derivatives\encoded\051c6e2016eb03fd7ad194cb.mp3""","""[REDACTED_LOCAL_PATH]\Tony Hidayat\AQ_OpenWorld_Codec_Provenance\tools\gyan_ffmpeg_9.0_full\bin\ffprobe.exe"" -v error -show_entries stream=codec_name,sample_rate,channels,duration,bit_rate:format=format_name,duration,bit_rate -of json ""[REDACTED_LOCAL_PATH]\Tony Hidayat\AQ_OpenWorld_Codec_Provenance\42_bh_derivatives\encoded\051c6e2016eb03fd7ad194cb.mp3""","[REDACTED_LOCAL_PATH]\AppData\Local\CapCut\Apps\7.7.0.3143\ffmpeg.exe -y -hide_banner -i ""[REDACTED_LOCAL_PATH]\Tony Hidayat\AQ_OpenWorld_Codec_Provenance\42_bh_derivatives\encoded\051c6e2016eb03fd7ad194cb.mp3"" -map_metadata -1 -vn -sn -dn -ac 1 -ar 48000 -sample_fmt s16 ""[REDACTED_LOCAL_PATH]\Tony Hidayat\AQ_OpenWorld_Codec_Provenance\42_bh_derivatives\decoded_raw\051c6e2016eb03fd7ad194cb.wav"""
873326d89abac7971477ce33,f1c417689c789e4a32a73ada0258c056,61,MP3,libmp3lame,libmp3lame,96,99.248,c949002464303d20f3ba4788d49ea030ba9951f37a7215eb3cc9bd6f3d613abc,f25d4297c62937d3dcb225a1a6bef7d71d9ae8111e5723fdb275fdb99deb5871,0,0.9999282149847044,96000,24812,[REDACTED_LOCAL_PATH]\Tony Hidayat\AQ_OpenWorld_Codec_Provenance\42_bh_derivatives\encoded\873326d89abac7971477ce33.mp3,[REDACTED_LOCAL_PATH]\Tony Hidayat\AQ_OpenWorld_Codec_Provenance\42_bh_derivatives\decoded_raw\873326d89abac7971477ce33.wav,[REDACTED_LOCAL_PATH]\Tony Hidayat\AQ_OpenWorld_Codec_Provenance\42_bh_derivatives\aligned_pcm\873326d89abac7971477ce33.wav,AQ2D0BH_DERIV_V1|f1c417689c789e4a32a73ada0258c056|MP3|96|libmp3lame|57c56e369d5b4873b4d93fc1a1d833cb7cd8bc9325c14b05c34ce60b22842d8a,0,0,0,mp3,PASS,"""[REDACTED_LOCAL_PATH]\Tony Hidayat\AQ_OpenWorld_Codec_Provenance\tools\gyan_ffmpeg_9.0_full\bin\ffmpeg.exe"" -y -hide_banner -i ""[REDACTED_LOCAL_PATH]\Tony Hidayat\AQ_OpenWorld_Codec_Provenance\39_bh_speech\canonical_selected\61-70968-0015.wav"" -map_metadata -1 -vn -sn -dn -c:a libmp3lame -b:a 96k ""[REDACTED_LOCAL_PATH]\Tony Hidayat\AQ_OpenWorld_Codec_Provenance\42_bh_derivatives\encoded\873326d89abac7971477ce33.mp3""","""[REDACTED_LOCAL_PATH]\Tony Hidayat\AQ_OpenWorld_Codec_Provenance\tools\gyan_ffmpeg_9.0_full\bin\ffprobe.exe"" -v error -show_entries stream=codec_name,sample_rate,channels,duration,bit_rate:format=format_name,duration,bit_rate -of json ""[REDACTED_LOCAL_PATH]\Tony Hidayat\AQ_OpenWorld_Codec_Provenance\42_bh_derivatives\encoded\873326d89abac7971477ce33.mp3""","[REDACTED_LOCAL_PATH]\AppData\Local\CapCut\Apps\7.7.0.3143\ffmpeg.exe -y -hide_banner -i ""[REDACTED_LOCAL_PATH]\Tony Hidayat\AQ_OpenWorld_Codec_Provenance\42_bh_derivatives\encoded\873326d89abac7971477ce33.mp3"" -map_metadata -1 -vn -sn -dn -ac 1 -ar 48000 -sample_fmt s16 ""[REDACTED_LOCAL_PATH]\Tony Hidayat\AQ_OpenWorld_Codec_Provenance\42_bh_derivatives\decoded_raw\873326d89abac7971477ce33.wav"""
b1b9aab35cab49ac22f0f915,f1c417689c789e4a32a73ada0258c056,61,MP3,libmp3lame,libmp3lame,128,132.272,e7419e94105445822170d93e8faea24d5a10fcf9285449423b4fbadcb58fe5d0,3c72199c38fcf2c846fabf49b4fe456348fa903bf5a496e945c4ec4620878a9c,0,0.9999928269518303,96000,33068,[REDACTED_LOCAL_PATH]\Tony Hidayat\AQ_OpenWorld_Codec_Provenance\42_bh_derivatives\encoded\b1b9aab35cab49ac22f0f915.mp3,[REDACTED_LOCAL_PATH]\Tony Hidayat\AQ_OpenWorld_Codec_Provenance\42_bh_derivatives\decoded_raw\b1b9aab35cab49ac22f0f915.wav,[REDACTED_LOCAL_PATH]\Tony Hidayat\AQ_OpenWorld_Codec_Provenance\42_bh_derivatives\aligned_pcm\b1b9aab35cab49ac22f0f915.wav,AQ2D0BH_DERIV_V1|f1c417689c789e4a32a73ada0258c056|MP3|128|libmp3lame|57c56e369d5b4873b4d93fc1a1d833cb7cd8bc9325c14b05c34ce60b22842d8a,0,0,0,mp3,PASS,"""[REDACTED_LOCAL_PATH]\Tony Hidayat\AQ_OpenWorld_Codec_Provenance\tools\gyan_ffmpeg_9.0_full\bin\ffmpeg.exe"" -y -hide_banner -i ""[REDACTED_LOCAL_PATH]\Tony Hidayat\AQ_OpenWorld_Codec_Provenance\39_bh_speech\canonical_selected\61-70968-0015.wav"" -map_metadata -1 -vn -sn -dn -c:a libmp3lame -b:a 128k ""[REDACTED_LOCAL_PATH]\Tony Hidayat\AQ_OpenWorld_Codec_Provenance\42_bh_derivatives\encoded\b1b9aab35cab49ac22f0f915.mp3""","""[REDACTED_LOCAL_PATH]\Tony Hidayat\AQ_OpenWorld_Codec_Provenance\tools\gyan_ffmpeg_9.0_full\bin\ffprobe.exe"" -v error -show_entries stream=codec_name,sample_rate,channels,duration,bit_rate:format=format_name,duration,bit_rate -of json ""[REDACTED_LOCAL_PATH]\Tony Hidayat\AQ_OpenWorld_Codec_Provenance\42_bh_derivatives\encoded\b1b9aab35cab49ac22f0f915.mp3""","[REDACTED_LOCAL_PATH]\AppData\Local\CapCut\Apps\7.7.0.3143\ffmpeg.exe -y -hide_banner -i ""[REDACTED_LOCAL_PATH]\Tony Hidayat\AQ_OpenWorld_Codec_Provenance\42_bh_derivatives\encoded\b1b9aab35cab49ac22f0f915.mp3"" -map_metadata -1 -vn -sn -dn -ac 1 -ar 48000 -sample_fmt s16 ""[REDACTED_LOCAL_PATH]\Tony Hidayat\AQ_OpenWorld_Codec_Provenance\42_bh_derivatives\decoded_raw\b1b9aab35cab49ac22f0f915.wav"""
d2e4d22fcf1badc4d9eb257b,f1c417689c789e4a32a73ada0258c056,61,Opus,libopus,libopus,32,33.588,13cb5076eeca5d7e49def7f118145b88139e62788c9beea75a5ae64cd2e5877b,59163f174b4fb1e2133bd4b18d96af3c76a25fdb3a3e2869d82a53e57fcaf4b0,0,0.9919370679344531,96000,8397,[REDACTED_LOCAL_PATH]\Tony Hidayat\AQ_OpenWorld_Codec_Provenance\42_bh_derivatives\encoded\d2e4d22fcf1badc4d9eb257b.opus,[REDACTED_LOCAL_PATH]\Tony Hidayat\AQ_OpenWorld_Codec_Provenance\42_bh_derivatives\decoded_raw\d2e4d22fcf1badc4d9eb257b.wav,[REDACTED_LOCAL_PATH]\Tony Hidayat\AQ_OpenWorld_Codec_Provenance\42_bh_derivatives\aligned_pcm\d2e4d22fcf1badc4d9eb257b.wav,AQ2D0BH_DERIV_V1|f1c417689c789e4a32a73ada0258c056|Opus|32|libopus|57c56e369d5b4873b4d93fc1a1d833cb7cd8bc9325c14b05c34ce60b22842d8a,0,0,0,opus,PASS,"""[REDACTED_LOCAL_PATH]\Tony Hidayat\AQ_OpenWorld_Codec_Provenance\tools\gyan_ffmpeg_9.0_full\bin\ffmpeg.exe"" -y -hide_banner -i ""[REDACTED_LOCAL_PATH]\Tony Hidayat\AQ_OpenWorld_Codec_Provenance\39_bh_speech\canonical_selected\61-70968-0015.wav"" -map_metadata -1 -vn -sn -dn -c:a libopus -b:a 32k -vbr off ""[REDACTED_LOCAL_PATH]\Tony Hidayat\AQ_OpenWorld_Codec_Provenance\42_bh_derivatives\encoded\d2e4d22fcf1badc4d9eb257b.opus""","""[REDACTED_LOCAL_PATH]\Tony Hidayat\AQ_OpenWorld_Codec_Provenance\tools\gyan_ffmpeg_9.0_full\bin\ffprobe.exe"" -v error -show_entries stream=codec_name,sample_rate,channels,duration,bit_rate:format=format_name,duration,bit_rate -of json ""[REDACTED_LOCAL_PATH]\Tony Hidayat\AQ_OpenWorld_Codec_Provenance\42_bh_derivatives\encoded\d2e4d22fcf1badc4d9eb257b.opus""","[REDACTED_LOCAL_PATH]\AppData\Local\CapCut\Apps\7.7.0.3143\ffmpeg.exe -y -hide_banner -i ""[REDACTED_LOCAL_PATH]\Tony Hidayat\AQ_OpenWorld_Codec_Provenance\42_bh_derivatives\encoded\d2e4d22fcf1badc4d9eb257b.opus"" -map_metadata -1 -vn -sn -dn -ac 1 -ar 48000 -sample_fmt s16 ""[REDACTED_LOCAL_PATH]\Tony Hidayat\AQ_OpenWorld_Codec_Provenance\42_bh_derivatives\decoded_raw\d2e4d22fcf1badc4d9eb257b.wav"""
793c8e3f552c7b3beb5cee68,f1c417689c789e4a32a73ada0258c056,61,Opus,libopus,libopus,80,82.068,b6bb233c4ece4e2540f583d05d37ad5dcb541861560f7271c6910f33f03c9562,7378c3a05b827e0098c4b333f21fe13cb4d5112d1682d4a6d4bea185cd6b7ecd,0,0.9977792977890714,96000,20517,[REDACTED_LOCAL_PATH]\Tony Hidayat\AQ_OpenWorld_Codec_Provenance\42_bh_derivatives\encoded\793c8e3f552c7b3beb5cee68.opus,[REDACTED_LOCAL_PATH]\Tony Hidayat\AQ_OpenWorld_Codec_Provenance\42_bh_derivatives\decoded_raw\793c8e3f552c7b3beb5cee68.wav,[REDACTED_LOCAL_PATH]\Tony Hidayat\AQ_OpenWorld_Codec_Provenance\42_bh_derivatives\aligned_pcm\793c8e3f552c7b3beb5cee68.wav,AQ2D0BH_DERIV_V1|f1c417689c789e4a32a73ada0258c056|Opus|80|libopus|57c56e369d5b4873b4d93fc1a1d833cb7cd8bc9325c14b05c34ce60b22842d8a,0,0,0,opus,PASS,"""[REDACTED_LOCAL_PATH]\Tony Hidayat\AQ_OpenWorld_Codec_Provenance\tools\gyan_ffmpeg_9.0_full\bin\ffmpeg.exe"" -y -hide_banner -i ""[REDACTED_LOCAL_PATH]\Tony Hidayat\AQ_OpenWorld_Codec_Provenance\39_bh_speech\canonical_selected\61-70968-0015.wav"" -map_metadata -1 -vn -sn -dn -c:a libopus -b:a 80k -vbr off ""[REDACTED_LOCAL_PATH]\Tony Hidayat\AQ_OpenWorld_Codec_Provenance\42_bh_derivatives\encoded\793c8e3f552c7b3beb5cee68.opus""","""[REDACTED_LOCAL_PATH]\Tony Hidayat\AQ_OpenWorld_Codec_Provenance\tools\gyan_ffmpeg_9.0_full\bin\ffprobe.exe"" -v error -show_entries stream=codec_name,sample_rate,channels,duration,bit_rate:format=format_name,duration,bit_rate -of json ""[REDACTED_LOCAL_PATH]\Tony Hidayat\AQ_OpenWorld_Codec_Provenance\42_bh_derivatives\encoded\793c8e3f552c7b3beb5cee68.opus""","[REDACTED_LOCAL_PATH]\AppData\Local\CapCut\Apps\7.7.0.3143\ffmpeg.exe -y -hide_banner -i ""[REDACTED_LOCAL_PATH]\Tony Hidayat\AQ_OpenWorld_Codec_Provenance\42_bh_derivatives\encoded\793c8e3f552c7b3beb5cee68.opus"" -map_metadata -1 -vn -sn -dn -ac 1 -ar 48000 -sample_fmt s16 ""[REDACTED_LOCAL_PATH]\Tony Hidayat\AQ_OpenWorld_Codec_Provenance\42_bh_derivatives\decoded_raw\793c8e3f552c7b3beb5cee68.wav"""
ba46236adbb45db252a58198,f1c417689c789e4a32a73ada0258c056,61,Opus,libopus,libopus,96,98.228,a51046f59bd2a1fc2f49dd81f5ad2dd447a08f645a7b49f0923a47c2c3f90e4e,cdaaf8ea5af616cb6d3f5b5133f09dd9b2d80581fef36d5046cee456ae232f4b,0,0.9980666884766617,96000,24557,[REDACTED_LOCAL_PATH]\Tony Hidayat\AQ_OpenWorld_Codec_Provenance\42_bh_derivatives\encoded\ba46236adbb45db252a58198.opus,[REDACTED_LOCAL_PATH]\Tony Hidayat\AQ_OpenWorld_Codec_Provenance\42_bh_derivatives\decoded_raw\ba46236adbb45db252a58198.wav,[REDACTED_LOCAL_PATH]\Tony Hidayat\AQ_OpenWorld_Codec_Provenance\42_bh_derivatives\aligned_pcm\ba46236adbb45db252a58198.wav,AQ2D0BH_DERIV_V1|f1c417689c789e4a32a73ada0258c056|Opus|96|libopus|57c56e369d5b4873b4d93fc1a1d833cb7cd8bc9325c14b05c34ce60b22842d8a,0,0,0,opus,PASS,"""[REDACTED_LOCAL_PATH]\Tony Hidayat\AQ_OpenWorld_Codec_Provenance\tools\gyan_ffmpeg_9.0_full\bin\ffmpeg.exe"" -y -hide_banner -i ""[REDACTED_LOCAL_PATH]\Tony Hidayat\AQ_OpenWorld_Codec_Provenance\39_bh_speech\canonical_selected\61-70968-0015.wav"" -map_metadata -1 -vn -sn -dn -c:a libopus -b:a 96k -vbr off ""[REDACTED_LOCAL_PATH]\Tony Hidayat\AQ_OpenWorld_Codec_Provenance\42_bh_derivatives\encoded\ba46236adbb45db252a58198.opus""","""[REDACTED_LOCAL_PATH]\Tony Hidayat\AQ_OpenWorld_Codec_Provenance\tools\gyan_ffmpeg_9.0_full\bin\ffprobe.exe"" -v error -show_entries stream=codec_name,sample_rate,channels,duration,bit_rate:format=format_name,duration,bit_rate -of json ""[REDACTED_LOCAL_PATH]\Tony Hidayat\AQ_OpenWorld_Codec_Provenance\42_bh_derivatives\encoded\ba46236adbb45db252a58198.opus""","[REDACTED_LOCAL_PATH]\AppData\Local\CapCut\Apps\7.7.0.3143\ffmpeg.exe -y -hide_banner -i ""[REDACTED_LOCAL_PATH]\Tony Hidayat\AQ_OpenWorld_Codec_Provenance\42_bh_derivatives\encoded\ba46236adbb45db252a58198.opus"" -map_metadata -1 -vn -sn -dn -ac 1 -ar 48000 -sample_fmt s16 ""[REDACTED_LOCAL_PATH]\Tony Hidayat\AQ_OpenWorld_Codec_Provenance\42_bh_derivatives\decoded_raw\ba46236adbb45db252a58198.wav"""
ec7c8e5234736ce9dded5b85,f1c417689c789e4a32a73ada0258c056,61,Opus,libopus,libopus,128,130.952,2278f4326a906e5b9c84a245ab1c30fc2396038e7216ced2ecf787696868c3c4,7c42859949505c37e3545c45484099bc5a30ae8af581659a4f548620527f7d43,0,0.9984570439400476,96000,32738,[REDACTED_LOCAL_PATH]\Tony Hidayat\AQ_OpenWorld_Codec_Provenance\42_bh_derivatives\encoded\ec7c8e5234736ce9dded5b85.opus,[REDACTED_LOCAL_PATH]\Tony Hidayat\AQ_OpenWorld_Codec_Provenance\42_bh_derivatives\decoded_raw\ec7c8e5234736ce9dded5b85.wav,[REDACTED_LOCAL_PATH]\Tony Hidayat\AQ_OpenWorld_Codec_Provenance\42_bh_derivatives\aligned_pcm\ec7c8e5234736ce9dded5b85.wav,AQ2D0BH_DERIV_V1|f1c417689c789e4a32a73ada0258c056|Opus|128|libopus|57c56e369d5b4873b4d93fc1a1d833cb7cd8bc9325c14b05c34ce60b22842d8a,0,0,0,opus,PASS,"""[REDACTED_LOCAL_PATH]\Tony Hidayat\AQ_OpenWorld_Codec_Provenance\tools\gyan_ffmpeg_9.0_full\bin\ffmpeg.exe"" -y -hide_banner -i ""[REDACTED_LOCAL_PATH]\Tony Hidayat\AQ_OpenWorld_Codec_Provenance\39_bh_speech\canonical_selected\61-70968-0015.wav"" -map_metadata -1 -vn -sn -dn -c:a libopus -b:a 128k -vbr off ""[REDACTED_LOCAL_PATH]\Tony Hidayat\AQ_OpenWorld_Codec_Provenance\42_bh_derivatives\encoded\ec7c8e5234736ce9dded5b85.opus""","""[REDACTED_LOCAL_PATH]\Tony Hidayat\AQ_OpenWorld_Codec_Provenance\tools\gyan_ffmpeg_9.0_full\bin\ffprobe.exe"" -v error -show_entries stream=codec_name,sample_rate,channels,duration,bit_rate:format=format_name,duration,bit_rate -of json ""[REDACTED_LOCAL_PATH]\Tony Hidayat\AQ_OpenWorld_Codec_Provenance\42_bh_derivatives\encoded\ec7c8e5234736ce9dded5b85.opus""","[REDACTED_LOCAL_PATH]\AppData\Local\CapCut\Apps\7.7.0.3143\ffmpeg.exe -y -hide_banner -i ""[REDACTED_LOCAL_PATH]\Tony Hidayat\AQ_OpenWorld_Codec_Provenance\42_bh_derivatives\encoded\ec7c8e5234736ce9dded5b85.opus"" -map_metadata -1 -vn -sn -dn -ac 1 -ar 48000 -sample_fmt s16 ""[REDACTED_LOCAL_PATH]\Tony Hidayat\AQ_OpenWorld_Codec_Provenance\42_bh_derivatives\decoded_raw\ec7c8e5234736ce9dded5b85.wav"""
c556395c8966507d27e4f8e7,f485605689aad123333ce792cd3411cb,8224,AAC,aac,FFmpeg-native AAC,32,36.576,434f8c5c5b38a0ae05bffafed54f4bb311edb0951e09503915d7e8eee64a6e2e,ee807711d5cded5854d217b31e86e84d4bc68e361333b7ee9e7b725ca58af46d,0,0.9528880349964592,96000,9144,[REDACTED_LOCAL_PATH]\Tony Hidayat\AQ_OpenWorld_Codec_Provenance\42_bh_derivatives\encoded\c556395c8966507d27e4f8e7.m4a,[REDACTED_LOCAL_PATH]\Tony Hidayat\AQ_OpenWorld_Codec_Provenance\42_bh_derivatives\decoded_raw\c556395c8966507d27e4f8e7.wav,[REDACTED_LOCAL_PATH]\Tony Hidayat\AQ_OpenWorld_Codec_Provenance\42_bh_derivatives\aligned_pcm\c556395c8966507d27e4f8e7.wav,AQ2D0BH_DERIV_V1|f485605689aad123333ce792cd3411cb|AAC|32|FFmpeg-native AAC|57c56e369d5b4873b4d93fc1a1d833cb7cd8bc9325c14b05c34ce60b22842d8a,0,0,0,aac,PASS,"""[REDACTED_LOCAL_PATH]\Tony Hidayat\AQ_OpenWorld_Codec_Provenance\tools\gyan_ffmpeg_9.0_full\bin\ffmpeg.exe"" -y -hide_banner -i ""[REDACTED_LOCAL_PATH]\Tony Hidayat\AQ_OpenWorld_Codec_Provenance\39_bh_speech\canonical_selected\8224-274381-0013.wav"" -map_metadata -1 -vn -sn -dn -c:a aac -b:a 32k ""[REDACTED_LOCAL_PATH]\Tony Hidayat\AQ_OpenWorld_Codec_Provenance\42_bh_derivatives\encoded\c556395c8966507d27e4f8e7.m4a""","""[REDACTED_LOCAL_PATH]\Tony Hidayat\AQ_OpenWorld_Codec_Provenance\tools\gyan_ffmpeg_9.0_full\bin\ffprobe.exe"" -v error -show_entries stream=codec_name,sample_rate,channels,duration,bit_rate:format=format_name,duration,bit_rate -of json ""[REDACTED_LOCAL_PATH]\Tony Hidayat\AQ_OpenWorld_Codec_Provenance\42_bh_derivatives\encoded\c556395c8966507d27e4f8e7.m4a""","[REDACTED_LOCAL_PATH]\AppData\Local\CapCut\Apps\7.7.0.3143\ffmpeg.exe -y -hide_banner -i ""[REDACTED_LOCAL_PATH]\Tony Hidayat\AQ_OpenWorld_Codec_Provenance\42_bh_derivatives\encoded\c556395c8966507d27e4f8e7.m4a"" -map_metadata -1 -vn -sn -dn -ac 1 -ar 48000 -sample_fmt s16 ""[REDACTED_LOCAL_PATH]\Tony Hidayat\AQ_OpenWorld_Codec_Provenance\42_bh_derivatives\decoded_raw\c556395c8966507d27e4f8e7.wav"""
0ad46e0e8a8368d5a27e4b98,f485605689aad123333ce792cd3411cb,8224,AAC,aac,FFmpeg-native AAC,80,86.512,254e1f34b4896b5bf0572bad3f34e056a78e4eaf07f3b8960bfe9eba0ca685d7,57313f925cc3382dcea28f053c87c8620ea6570e845d9be529f054552241c25c,0,0.9996269816266432,96000,21628,[REDACTED_LOCAL_PATH]\Tony Hidayat\AQ_OpenWorld_Codec_Provenance\42_bh_derivatives\encoded\0ad46e0e8a8368d5a27e4b98.m4a,[REDACTED_LOCAL_PATH]\Tony Hidayat\AQ_OpenWorld_Codec_Provenance\42_bh_derivatives\decoded_raw\0ad46e0e8a8368d5a27e4b98.wav,[REDACTED_LOCAL_PATH]\Tony Hidayat\AQ_OpenWorld_Codec_Provenance\42_bh_derivatives\aligned_pcm\0ad46e0e8a8368d5a27e4b98.wav,AQ2D0BH_DERIV_V1|f485605689aad123333ce792cd3411cb|AAC|80|FFmpeg-native AAC|57c56e369d5b4873b4d93fc1a1d833cb7cd8bc9325c14b05c34ce60b22842d8a,0,0,0,aac,PASS,"""[REDACTED_LOCAL_PATH]\Tony Hidayat\AQ_OpenWorld_Codec_Provenance\tools\gyan_ffmpeg_9.0_full\bin\ffmpeg.exe"" -y -hide_banner -i ""[REDACTED_LOCAL_PATH]\Tony Hidayat\AQ_OpenWorld_Codec_Provenance\39_bh_speech\canonical_selected\8224-274381-0013.wav"" -map_metadata -1 -vn -sn -dn -c:a aac -b:a 80k ""[REDACTED_LOCAL_PATH]\Tony Hidayat\AQ_OpenWorld_Codec_Provenance\42_bh_derivatives\encoded\0ad46e0e8a8368d5a27e4b98.m4a""","""[REDACTED_LOCAL_PATH]\Tony Hidayat\AQ_OpenWorld_Codec_Provenance\tools\gyan_ffmpeg_9.0_full\bin\ffprobe.exe"" -v error -show_entries stream=codec_name,sample_rate,channels,duration,bit_rate:format=format_name,duration,bit_rate -of json ""[REDACTED_LOCAL_PATH]\Tony Hidayat\AQ_OpenWorld_Codec_Provenance\42_bh_derivatives\encoded\0ad46e0e8a8368d5a27e4b98.m4a""","[REDACTED_LOCAL_PATH]\AppData\Local\CapCut\Apps\7.7.0.3143\ffmpeg.exe -y -hide_banner -i ""[REDACTED_LOCAL_PATH]\Tony Hidayat\AQ_OpenWorld_Codec_Provenance\42_bh_derivatives\encoded\0ad46e0e8a8368d5a27e4b98.m4a"" -map_metadata -1 -vn -sn -dn -ac 1 -ar 48000 -sample_fmt s16 ""[REDACTED_LOCAL_PATH]\Tony Hidayat\AQ_OpenWorld_Codec_Provenance\42_bh_derivatives\decoded_raw\0ad46e0e8a8368d5a27e4b98.wav"""
ae5eb117d94b0d0e834f45cb,f485605689aad123333ce792cd3411cb,8224,AAC,aac,FFmpeg-native AAC,96,102.592,218c085d90539d1c78f25e7360398a48824f36cb6355db1c9dfe6324de3d3b2e,399a0a3b1112baf0c52d3fb33f9bbe09a9feaf3aff97adaea14815ec7e0c4035,0,0.9997152142149843,96000,25648,[REDACTED_LOCAL_PATH]\Tony Hidayat\AQ_OpenWorld_Codec_Provenance\42_bh_derivatives\encoded\ae5eb117d94b0d0e834f45cb.m4a,[REDACTED_LOCAL_PATH]\Tony Hidayat\AQ_OpenWorld_Codec_Provenance\42_bh_derivatives\decoded_raw\ae5eb117d94b0d0e834f45cb.wav,[REDACTED_LOCAL_PATH]\Tony Hidayat\AQ_OpenWorld_Codec_Provenance\42_bh_derivatives\aligned_pcm\ae5eb117d94b0d0e834f45cb.wav,AQ2D0BH_DERIV_V1|f485605689aad123333ce792cd3411cb|AAC|96|FFmpeg-native AAC|57c56e369d5b4873b4d93fc1a1d833cb7cd8bc9325c14b05c34ce60b22842d8a,0,0,0,aac,PASS,"""[REDACTED_LOCAL_PATH]\Tony Hidayat\AQ_OpenWorld_Codec_Provenance\tools\gyan_ffmpeg_9.0_full\bin\ffmpeg.exe"" -y -hide_banner -i ""[REDACTED_LOCAL_PATH]\Tony Hidayat\AQ_OpenWorld_Codec_Provenance\39_bh_speech\canonical_selected\8224-274381-0013.wav"" -map_metadata -1 -vn -sn -dn -c:a aac -b:a 96k ""[REDACTED_LOCAL_PATH]\Tony Hidayat\AQ_OpenWorld_Codec_Provenance\42_bh_derivatives\encoded\ae5eb117d94b0d0e834f45cb.m4a""","""[REDACTED_LOCAL_PATH]\Tony Hidayat\AQ_OpenWorld_Codec_Provenance\tools\gyan_ffmpeg_9.0_full\bin\ffprobe.exe"" -v error -show_entries stream=codec_name,sample_rate,channels,duration,bit_rate:format=format_name,duration,bit_rate -of json ""[REDACTED_LOCAL_PATH]\Tony Hidayat\AQ_OpenWorld_Codec_Provenance\42_bh_derivatives\encoded\ae5eb117d94b0d0e834f45cb.m4a""","[REDACTED_LOCAL_PATH]\AppData\Local\CapCut\Apps\7.7.0.3143\ffmpeg.exe -y -hide_banner -i ""[REDACTED_LOCAL_PATH]\Tony Hidayat\AQ_OpenWorld_Codec_Provenance\42_bh_derivatives\encoded\ae5eb117d94b0d0e834f45cb.m4a"" -map_metadata -1 -vn -sn -dn -ac 1 -ar 48000 -sample_fmt s16 ""[REDACTED_LOCAL_PATH]\Tony Hidayat\AQ_OpenWorld_Codec_Provenance\42_bh_derivatives\decoded_raw\ae5eb117d94b0d0e834f45cb.wav"""
d091443892d2ac99a55fed01,f485605689aad123333ce792cd3411cb,8224,AAC,aac,FFmpeg-native AAC,128,131.544,e865c1d67c8782381d1d62d5fd34976baee9d4a3153c45e1539ad08881ddf0bc,8b191565f1b4604b2bf6b4174a82ad2072f83c59f653f9512bf474469ac03402,0,0.999446308767626,96000,32886,[REDACTED_LOCAL_PATH]\Tony Hidayat\AQ_OpenWorld_Codec_Provenance\42_bh_derivatives\encoded\d091443892d2ac99a55fed01.m4a,[REDACTED_LOCAL_PATH]\Tony Hidayat\AQ_OpenWorld_Codec_Provenance\42_bh_derivatives\decoded_raw\d091443892d2ac99a55fed01.wav,[REDACTED_LOCAL_PATH]\Tony Hidayat\AQ_OpenWorld_Codec_Provenance\42_bh_derivatives\aligned_pcm\d091443892d2ac99a55fed01.wav,AQ2D0BH_DERIV_V1|f485605689aad123333ce792cd3411cb|AAC|128|FFmpeg-native AAC|57c56e369d5b4873b4d93fc1a1d833cb7cd8bc9325c14b05c34ce60b22842d8a,0,0,0,aac,PASS,"""[REDACTED_LOCAL_PATH]\Tony Hidayat\AQ_OpenWorld_Codec_Provenance\tools\gyan_ffmpeg_9.0_full\bin\ffmpeg.exe"" -y -hide_banner -i ""[REDACTED_LOCAL_PATH]\Tony Hidayat\AQ_OpenWorld_Codec_Provenance\39_bh_speech\canonical_selected\8224-274381-0013.wav"" -map_metadata -1 -vn -sn -dn -c:a aac -b:a 128k ""[REDACTED_LOCAL_PATH]\Tony Hidayat\AQ_OpenWorld_Codec_Provenance\42_bh_derivatives\encoded\d091443892d2ac99a55fed01.m4a""","""[REDACTED_LOCAL_PATH]\Tony Hidayat\AQ_OpenWorld_Codec_Provenance\tools\gyan_ffmpeg_9.0_full\bin\ffprobe.exe"" -v error -show_entries stream=codec_name,sample_rate,channels,duration,bit_rate:format=format_name,duration,bit_rate -of json ""[REDACTED_LOCAL_PATH]\Tony Hidayat\AQ_OpenWorld_Codec_Provenance\42_bh_derivatives\encoded\d091443892d2ac99a55fed01.m4a""","[REDACTED_LOCAL_PATH]\AppData\Local\CapCut\Apps\7.7.0.3143\ffmpeg.exe -y -hide_banner -i ""[REDACTED_LOCAL_PATH]\Tony Hidayat\AQ_OpenWorld_Codec_Provenance\42_bh_derivatives\encoded\d091443892d2ac99a55fed01.m4a"" -map_metadata -1 -vn -sn -dn -ac 1 -ar 48000 -sample_fmt s16 ""[REDACTED_LOCAL_PATH]\Tony Hidayat\AQ_OpenWorld_Codec_Provenance\42_bh_derivatives\decoded_raw\d091443892d2ac99a55fed01.wav"""
7e9abcbc24ab2bd3aa2eba3c,f485605689aad123333ce792cd3411cb,8224,MP3,libmp3lame,libmp3lame,32,33.584,69a9157e3276dfb91f8658ea8967e2b393491c0c7fc6cda93ba7f83e0dbc31a9,73ef63a3713e2d3b3ebeabd46f1b12e611d6b13f4fd576060ea92583b90da587,0,0.9928725959761591,96000,8396,[REDACTED_LOCAL_PATH]\Tony Hidayat\AQ_OpenWorld_Codec_Provenance\42_bh_derivatives\encoded\7e9abcbc24ab2bd3aa2eba3c.mp3,[REDACTED_LOCAL_PATH]\Tony Hidayat\AQ_OpenWorld_Codec_Provenance\42_bh_derivatives\decoded_raw\7e9abcbc24ab2bd3aa2eba3c.wav,[REDACTED_LOCAL_PATH]\Tony Hidayat\AQ_OpenWorld_Codec_Provenance\42_bh_derivatives\aligned_pcm\7e9abcbc24ab2bd3aa2eba3c.wav,AQ2D0BH_DERIV_V1|f485605689aad123333ce792cd3411cb|MP3|32|libmp3lame|57c56e369d5b4873b4d93fc1a1d833cb7cd8bc9325c14b05c34ce60b22842d8a,0,0,0,mp3,PASS,"""[REDACTED_LOCAL_PATH]\Tony Hidayat\AQ_OpenWorld_Codec_Provenance\tools\gyan_ffmpeg_9.0_full\bin\ffmpeg.exe"" -y -hide_banner -i ""[REDACTED_LOCAL_PATH]\Tony Hidayat\AQ_OpenWorld_Codec_Provenance\39_bh_speech\canonical_selected\8224-274381-0013.wav"" -map_metadata -1 -vn -sn -dn -c:a libmp3lame -b:a 32k ""[REDACTED_LOCAL_PATH]\Tony Hidayat\AQ_OpenWorld_Codec_Provenance\42_bh_derivatives\encoded\7e9abcbc24ab2bd3aa2eba3c.mp3""","""[REDACTED_LOCAL_PATH]\Tony Hidayat\AQ_OpenWorld_Codec_Provenance\tools\gyan_ffmpeg_9.0_full\bin\ffprobe.exe"" -v error -show_entries stream=codec_name,sample_rate,channels,duration,bit_rate:format=format_name,duration,bit_rate -of json ""[REDACTED_LOCAL_PATH]\Tony Hidayat\AQ_OpenWorld_Codec_Provenance\42_bh_derivatives\encoded\7e9abcbc24ab2bd3aa2eba3c.mp3""","[REDACTED_LOCAL_PATH]\AppData\Local\CapCut\Apps\7.7.0.3143\ffmpeg.exe -y -hide_banner -i ""[REDACTED_LOCAL_PATH]\Tony Hidayat\AQ_OpenWorld_Codec_Provenance\42_bh_derivatives\encoded\7e9abcbc24ab2bd3aa2eba3c.mp3"" -map_metadata -1 -vn -sn -dn -ac 1 -ar 48000 -sample_fmt s16 ""[REDACTED_LOCAL_PATH]\Tony Hidayat\AQ_OpenWorld_Codec_Provenance\42_bh_derivatives\decoded_raw\7e9abcbc24ab2bd3aa2eba3c.wav"""
29de7bc219a57e6f5d263d58,f485605689aad123333ce792cd3411cb,8224,MP3,libmp3lame,libmp3lame,80,82.736,67e0b5afc83b4192296cdbd6add449826111b0f3adba105d06bebdc04573f7ce,e5607d1e686d610bc428ad777ce51675e717bdbdb5db1f717ddda8d9a9e1333b,0,0.9998680706456418,96000,20684,[REDACTED_LOCAL_PATH]\Tony Hidayat\AQ_OpenWorld_Codec_Provenance\42_bh_derivatives\encoded\29de7bc219a57e6f5d263d58.mp3,[REDACTED_LOCAL_PATH]\Tony Hidayat\AQ_OpenWorld_Codec_Provenance\42_bh_derivatives\decoded_raw\29de7bc219a57e6f5d263d58.wav,[REDACTED_LOCAL_PATH]\Tony Hidayat\AQ_OpenWorld_Codec_Provenance\42_bh_derivatives\aligned_pcm\29de7bc219a57e6f5d263d58.wav,AQ2D0BH_DERIV_V1|f485605689aad123333ce792cd3411cb|MP3|80|libmp3lame|57c56e369d5b4873b4d93fc1a1d833cb7cd8bc9325c14b05c34ce60b22842d8a,0,0,0,mp3,PASS,"""[REDACTED_LOCAL_PATH]\Tony Hidayat\AQ_OpenWorld_Codec_Provenance\tools\gyan_ffmpeg_9.0_full\bin\ffmpeg.exe"" -y -hide_banner -i ""[REDACTED_LOCAL_PATH]\Tony Hidayat\AQ_OpenWorld_Codec_Provenance\39_bh_speech\canonical_selected\8224-274381-0013.wav"" -map_metadata -1 -vn -sn -dn -c:a libmp3lame -b:a 80k ""[REDACTED_LOCAL_PATH]\Tony Hidayat\AQ_OpenWorld_Codec_Provenance\42_bh_derivatives\encoded\29de7bc219a57e6f5d263d58.mp3""","""[REDACTED_LOCAL_PATH]\Tony Hidayat\AQ_OpenWorld_Codec_Provenance\tools\gyan_ffmpeg_9.0_full\bin\ffprobe.exe"" -v error -show_entries stream=codec_name,sample_rate,channels,duration,bit_rate:format=format_name,duration,bit_rate -of json ""[REDACTED_LOCAL_PATH]\Tony Hidayat\AQ_OpenWorld_Codec_Provenance\42_bh_derivatives\encoded\29de7bc219a57e6f5d263d58.mp3""","[REDACTED_LOCAL_PATH]\AppData\Local\CapCut\Apps\7.7.0.3143\ffmpeg.exe -y -hide_banner -i ""[REDACTED_LOCAL_PATH]\Tony Hidayat\AQ_OpenWorld_Codec_Provenance\42_bh_derivatives\encoded\29de7bc219a57e6f5d263d58.mp3"" -map_metadata -1 -vn -sn -dn -ac 1 -ar 48000 -sample_fmt s16 ""[REDACTED_LOCAL_PATH]\Tony Hidayat\AQ_OpenWorld_Codec_Provenance\42_bh_derivatives\decoded_raw\29de7bc219a57e6f5d263d58.wav"""
eac35f67ee8362cc581b590c,f485605689aad123333ce792cd3411cb,8224,MP3,libmp3lame,libmp3lame,96,99.248,273d3a033023eb948c4ae42a95fe662a320b490c175a3ef6ac89015b3d056b66,e6162c252d349e7e17fe31d2a223360f6cf4fa05033ae6efca30dc6356e09129,0,0.999966800164754,96000,24812,[REDACTED_LOCAL_PATH]\Tony Hidayat\AQ_OpenWorld_Codec_Provenance\42_bh_derivatives\encoded\eac35f67ee8362cc581b590c.mp3,[REDACTED_LOCAL_PATH]\Tony Hidayat\AQ_OpenWorld_Codec_Provenance\42_bh_derivatives\decoded_raw\eac35f67ee8362cc581b590c.wav,[REDACTED_LOCAL_PATH]\Tony Hidayat\AQ_OpenWorld_Codec_Provenance\42_bh_derivatives\aligned_pcm\eac35f67ee8362cc581b590c.wav,AQ2D0BH_DERIV_V1|f485605689aad123333ce792cd3411cb|MP3|96|libmp3lame|57c56e369d5b4873b4d93fc1a1d833cb7cd8bc9325c14b05c34ce60b22842d8a,0,0,0,mp3,PASS,"""[REDACTED_LOCAL_PATH]\Tony Hidayat\AQ_OpenWorld_Codec_Provenance\tools\gyan_ffmpeg_9.0_full\bin\ffmpeg.exe"" -y -hide_banner -i ""[REDACTED_LOCAL_PATH]\Tony Hidayat\AQ_OpenWorld_Codec_Provenance\39_bh_speech\canonical_selected\8224-274381-0013.wav"" -map_metadata -1 -vn -sn -dn -c:a libmp3lame -b:a 96k ""[REDACTED_LOCAL_PATH]\Tony Hidayat\AQ_OpenWorld_Codec_Provenance\42_bh_derivatives\encoded\eac35f67ee8362cc581b590c.mp3""","""[REDACTED_LOCAL_PATH]\Tony Hidayat\AQ_OpenWorld_Codec_Provenance\tools\gyan_ffmpeg_9.0_full\bin\ffprobe.exe"" -v error -show_entries stream=codec_name,sample_rate,channels,duration,bit_rate:format=format_name,duration,bit_rate -of json ""[REDACTED_LOCAL_PATH]\Tony Hidayat\AQ_OpenWorld_Codec_Provenance\42_bh_derivatives\encoded\eac35f67ee8362cc581b590c.mp3""","[REDACTED_LOCAL_PATH]\AppData\Local\CapCut\Apps\7.7.0.3143\ffmpeg.exe -y -hide_banner -i ""[REDACTED_LOCAL_PATH]\Tony Hidayat\AQ_OpenWorld_Codec_Provenance\42_bh_derivatives\encoded\eac35f67ee8362cc581b590c.mp3"" -map_metadata -1 -vn -sn -dn -ac 1 -ar 48000 -sample_fmt s16 ""[REDACTED_LOCAL_PATH]\Tony Hidayat\AQ_OpenWorld_Codec_Provenance\42_bh_derivatives\decoded_raw\eac35f67ee8362cc581b590c.wav"""
74936b0968d1bb407b42f157,f485605689aad123333ce792cd3411cb,8224,MP3,libmp3lame,libmp3lame,128,132.272,3285cb0e439ef452846fe56752f2d33b767a8de5c006fb07787730f125cbc2c2,6c482891af7138a8e1f855578c0b049cb87a58a46afd1b59b995c7a449c8fc78,0,0.9999946985739803,96000,33068,[REDACTED_LOCAL_PATH]\Tony Hidayat\AQ_OpenWorld_Codec_Provenance\42_bh_derivatives\encoded\74936b0968d1bb407b42f157.mp3,[REDACTED_LOCAL_PATH]\Tony Hidayat\AQ_OpenWorld_Codec_Provenance\42_bh_derivatives\decoded_raw\74936b0968d1bb407b42f157.wav,[REDACTED_LOCAL_PATH]\Tony Hidayat\AQ_OpenWorld_Codec_Provenance\42_bh_derivatives\aligned_pcm\74936b0968d1bb407b42f157.wav,AQ2D0BH_DERIV_V1|f485605689aad123333ce792cd3411cb|MP3|128|libmp3lame|57c56e369d5b4873b4d93fc1a1d833cb7cd8bc9325c14b05c34ce60b22842d8a,0,0,0,mp3,PASS,"""[REDACTED_LOCAL_PATH]\Tony Hidayat\AQ_OpenWorld_Codec_Provenance\tools\gyan_ffmpeg_9.0_full\bin\ffmpeg.exe"" -y -hide_banner -i ""[REDACTED_LOCAL_PATH]\Tony Hidayat\AQ_OpenWorld_Codec_Provenance\39_bh_speech\canonical_selected\8224-274381-0013.wav"" -map_metadata -1 -vn -sn -dn -c:a libmp3lame -b:a 128k ""[REDACTED_LOCAL_PATH]\Tony Hidayat\AQ_OpenWorld_Codec_Provenance\42_bh_derivatives\encoded\74936b0968d1bb407b42f157.mp3""","""[REDACTED_LOCAL_PATH]\Tony Hidayat\AQ_OpenWorld_Codec_Provenance\tools\gyan_ffmpeg_9.0_full\bin\ffprobe.exe"" -v error -show_entries stream=codec_name,sample_rate,channels,duration,bit_rate:format=format_name,duration,bit_rate -of json ""[REDACTED_LOCAL_PATH]\Tony Hidayat\AQ_OpenWorld_Codec_Provenance\42_bh_derivatives\encoded\74936b0968d1bb407b42f157.mp3""","[REDACTED_LOCAL_PATH]\AppData\Local\CapCut\Apps\7.7.0.3143\ffmpeg.exe -y -hide_banner -i ""[REDACTED_LOCAL_PATH]\Tony Hidayat\AQ_OpenWorld_Codec_Provenance\42_bh_derivatives\encoded\74936b0968d1bb407b42f157.mp3"" -map_metadata -1 -vn -sn -dn -ac 1 -ar 48000 -sample_fmt s16 ""[REDACTED_LOCAL_PATH]\Tony Hidayat\AQ_OpenWorld_Codec_Provenance\42_bh_derivatives\decoded_raw\74936b0968d1bb407b42f157.wav"""
8e579a27ed26b428f4a2d5e6,f485605689aad123333ce792cd3411cb,8224,Opus,libopus,libopus,32,33.588,7722fefaccff2ba4ee8fdd18417e6ed46726c4fa5eb990717e555e11be2f9e8d,3eb10243d36497d6ffa4ec1e68e4850130d268c2db40d6b5e66a942f32a49943,0,0.9940595207097633,96000,8397,[REDACTED_LOCAL_PATH]\Tony Hidayat\AQ_OpenWorld_Codec_Provenance\42_bh_derivatives\encoded\8e579a27ed26b428f4a2d5e6.opus,[REDACTED_LOCAL_PATH]\Tony Hidayat\AQ_OpenWorld_Codec_Provenance\42_bh_derivatives\decoded_raw\8e579a27ed26b428f4a2d5e6.wav,[REDACTED_LOCAL_PATH]\Tony Hidayat\AQ_OpenWorld_Codec_Provenance\42_bh_derivatives\aligned_pcm\8e579a27ed26b428f4a2d5e6.wav,AQ2D0BH_DERIV_V1|f485605689aad123333ce792cd3411cb|Opus|32|libopus|57c56e369d5b4873b4d93fc1a1d833cb7cd8bc9325c14b05c34ce60b22842d8a,0,0,0,opus,PASS,"""[REDACTED_LOCAL_PATH]\Tony Hidayat\AQ_OpenWorld_Codec_Provenance\tools\gyan_ffmpeg_9.0_full\bin\ffmpeg.exe"" -y -hide_banner -i ""[REDACTED_LOCAL_PATH]\Tony Hidayat\AQ_OpenWorld_Codec_Provenance\39_bh_speech\canonical_selected\8224-274381-0013.wav"" -map_metadata -1 -vn -sn -dn -c:a libopus -b:a 32k -vbr off ""[REDACTED_LOCAL_PATH]\Tony Hidayat\AQ_OpenWorld_Codec_Provenance\42_bh_derivatives\encoded\8e579a27ed26b428f4a2d5e6.opus""","""[REDACTED_LOCAL_PATH]\Tony Hidayat\AQ_OpenWorld_Codec_Provenance\tools\gyan_ffmpeg_9.0_full\bin\ffprobe.exe"" -v error -show_entries stream=codec_name,sample_rate,channels,duration,bit_rate:format=format_name,duration,bit_rate -of json ""[REDACTED_LOCAL_PATH]\Tony Hidayat\AQ_OpenWorld_Codec_Provenance\42_bh_derivatives\encoded\8e579a27ed26b428f4a2d5e6.opus""","[REDACTED_LOCAL_PATH]\AppData\Local\CapCut\Apps\7.7.0.3143\ffmpeg.exe -y -hide_banner -i ""[REDACTED_LOCAL_PATH]\Tony Hidayat\AQ_OpenWorld_Codec_Provenance\42_bh_derivatives\encoded\8e579a27ed26b428f4a2d5e6.opus"" -map_metadata -1 -vn -sn -dn -ac 1 -ar 48000 -sample_fmt s16 ""[REDACTED_LOCAL_PATH]\Tony Hidayat\AQ_OpenWorld_Codec_Provenance\42_bh_derivatives\decoded_raw\8e579a27ed26b428f4a2d5e6.wav"""
f14d70800e1cc7c05669f92e,f485605689aad123333ce792cd3411cb,8224,Opus,libopus,libopus,80,82.068,503d897a8ee2a1015e42430a411f9732c12129dba7452c3d13dbe5e04a94f5b7,01eda18daced26bb3d5bf96d123b6197559d2db27e9425251d755ffaab586871,0,0.9982959860092652,96000,20517,[REDACTED_LOCAL_PATH]\Tony Hidayat\AQ_OpenWorld_Codec_Provenance\42_bh_derivatives\encoded\f14d70800e1cc7c05669f92e.opus,[REDACTED_LOCAL_PATH]\Tony Hidayat\AQ_OpenWorld_Codec_Provenance\42_bh_derivatives\decoded_raw\f14d70800e1cc7c05669f92e.wav,[REDACTED_LOCAL_PATH]\Tony Hidayat\AQ_OpenWorld_Codec_Provenance\42_bh_derivatives\aligned_pcm\f14d70800e1cc7c05669f92e.wav,AQ2D0BH_DERIV_V1|f485605689aad123333ce792cd3411cb|Opus|80|libopus|57c56e369d5b4873b4d93fc1a1d833cb7cd8bc9325c14b05c34ce60b22842d8a,0,0,0,opus,PASS,"""[REDACTED_LOCAL_PATH]\Tony Hidayat\AQ_OpenWorld_Codec_Provenance\tools\gyan_ffmpeg_9.0_full\bin\ffmpeg.exe"" -y -hide_banner -i ""[REDACTED_LOCAL_PATH]\Tony Hidayat\AQ_OpenWorld_Codec_Provenance\39_bh_speech\canonical_selected\8224-274381-0013.wav"" -map_metadata -1 -vn -sn -dn -c:a libopus -b:a 80k -vbr off ""[REDACTED_LOCAL_PATH]\Tony Hidayat\AQ_OpenWorld_Codec_Provenance\42_bh_derivatives\encoded\f14d70800e1cc7c05669f92e.opus""","""[REDACTED_LOCAL_PATH]\Tony Hidayat\AQ_OpenWorld_Codec_Provenance\tools\gyan_ffmpeg_9.0_full\bin\ffprobe.exe"" -v error -show_entries stream=codec_name,sample_rate,channels,duration,bit_rate:format=format_name,duration,bit_rate -of json ""[REDACTED_LOCAL_PATH]\Tony Hidayat\AQ_OpenWorld_Codec_Provenance\42_bh_derivatives\encoded\f14d70800e1cc7c05669f92e.opus""","[REDACTED_LOCAL_PATH]\AppData\Local\CapCut\Apps\7.7.0.3143\ffmpeg.exe -y -hide_banner -i ""[REDACTED_LOCAL_PATH]\Tony Hidayat\AQ_OpenWorld_Codec_Provenance\42_bh_derivatives\encoded\f14d70800e1cc7c05669f92e.opus"" -map_metadata -1 -vn -sn -dn -ac 1 -ar 48000 -sample_fmt s16 ""[REDACTED_LOCAL_PATH]\Tony Hidayat\AQ_OpenWorld_Codec_Provenance\42_bh_derivatives\decoded_raw\f14d70800e1cc7c05669f92e.wav"""
b86d9f8c015c0e8bf86e4e55,f485605689aad123333ce792cd3411cb,8224,Opus,libopus,libopus,96,98.228,359218304873cf74713f46e13e9cbf0577cb9c683ddfb3533ab1f3c003d830df,af0533dc9753eb4c3aa9d49b4c17a5582026d2ddbc9a2cf76aec8c3e7fdae1f5,0,0.9985291150225469,96000,24557,[REDACTED_LOCAL_PATH]\Tony Hidayat\AQ_OpenWorld_Codec_Provenance\42_bh_derivatives\encoded\b86d9f8c015c0e8bf86e4e55.opus,[REDACTED_LOCAL_PATH]\Tony Hidayat\AQ_OpenWorld_Codec_Provenance\42_bh_derivatives\decoded_raw\b86d9f8c015c0e8bf86e4e55.wav,[REDACTED_LOCAL_PATH]\Tony Hidayat\AQ_OpenWorld_Codec_Provenance\42_bh_derivatives\aligned_pcm\b86d9f8c015c0e8bf86e4e55.wav,AQ2D0BH_DERIV_V1|f485605689aad123333ce792cd3411cb|Opus|96|libopus|57c56e369d5b4873b4d93fc1a1d833cb7cd8bc9325c14b05c34ce60b22842d8a,0,0,0,opus,PASS,"""[REDACTED_LOCAL_PATH]\Tony Hidayat\AQ_OpenWorld_Codec_Provenance\tools\gyan_ffmpeg_9.0_full\bin\ffmpeg.exe"" -y -hide_banner -i ""[REDACTED_LOCAL_PATH]\Tony Hidayat\AQ_OpenWorld_Codec_Provenance\39_bh_speech\canonical_selected\8224-274381-0013.wav"" -map_metadata -1 -vn -sn -dn -c:a libopus -b:a 96k -vbr off ""[REDACTED_LOCAL_PATH]\Tony Hidayat\AQ_OpenWorld_Codec_Provenance\42_bh_derivatives\encoded\b86d9f8c015c0e8bf86e4e55.opus""","""[REDACTED_LOCAL_PATH]\Tony Hidayat\AQ_OpenWorld_Codec_Provenance\tools\gyan_ffmpeg_9.0_full\bin\ffprobe.exe"" -v error -show_entries stream=codec_name,sample_rate,channels,duration,bit_rate:format=format_name,duration,bit_rate -of json ""[REDACTED_LOCAL_PATH]\Tony Hidayat\AQ_OpenWorld_Codec_Provenance\42_bh_derivatives\encoded\b86d9f8c015c0e8bf86e4e55.opus""","[REDACTED_LOCAL_PATH]\AppData\Local\CapCut\Apps\7.7.0.3143\ffmpeg.exe -y -hide_banner -i ""[REDACTED_LOCAL_PATH]\Tony Hidayat\AQ_OpenWorld_Codec_Provenance\42_bh_derivatives\encoded\b86d9f8c015c0e8bf86e4e55.opus"" -map_metadata -1 -vn -sn -dn -ac 1 -ar 48000 -sample_fmt s16 ""[REDACTED_LOCAL_PATH]\Tony Hidayat\AQ_OpenWorld_Codec_Provenance\42_bh_derivatives\decoded_raw\b86d9f8c015c0e8bf86e4e55.wav"""
28cb43e408cb4a064c214d36,f485605689aad123333ce792cd3411cb,8224,Opus,libopus,libopus,128,130.952,41ebb76e0671cf138350f71682c1fbd346436518abfdfd772a25e795eeae0bc6,d9ee112db00c2de4186d59ea893bb16e706b4745e3f37f2eff32c5af2ca35210,0,0.9988893639745147,96000,32738,[REDACTED_LOCAL_PATH]\Tony Hidayat\AQ_OpenWorld_Codec_Provenance\42_bh_derivatives\encoded\28cb43e408cb4a064c214d36.opus,[REDACTED_LOCAL_PATH]\Tony Hidayat\AQ_OpenWorld_Codec_Provenance\42_bh_derivatives\decoded_raw\28cb43e408cb4a064c214d36.wav,[REDACTED_LOCAL_PATH]\Tony Hidayat\AQ_OpenWorld_Codec_Provenance\42_bh_derivatives\aligned_pcm\28cb43e408cb4a064c214d36.wav,AQ2D0BH_DERIV_V1|f485605689aad123333ce792cd3411cb|Opus|128|libopus|57c56e369d5b4873b4d93fc1a1d833cb7cd8bc9325c14b05c34ce60b22842d8a,0,0,0,opus,PASS,"""[REDACTED_LOCAL_PATH]\Tony Hidayat\AQ_OpenWorld_Codec_Provenance\tools\gyan_ffmpeg_9.0_full\bin\ffmpeg.exe"" -y -hide_banner -i ""[REDACTED_LOCAL_PATH]\Tony Hidayat\AQ_OpenWorld_Codec_Provenance\39_bh_speech\canonical_selected\8224-274381-0013.wav"" -map_metadata -1 -vn -sn -dn -c:a libopus -b:a 128k -vbr off ""[REDACTED_LOCAL_PATH]\Tony Hidayat\AQ_OpenWorld_Codec_Provenance\42_bh_derivatives\encoded\28cb43e408cb4a064c214d36.opus""","""[REDACTED_LOCAL_PATH]\Tony Hidayat\AQ_OpenWorld_Codec_Provenance\tools\gyan_ffmpeg_9.0_full\bin\ffprobe.exe"" -v error -show_entries stream=codec_name,sample_rate,channels,duration,bit_rate:format=format_name,duration,bit_rate -of json ""[REDACTED_LOCAL_PATH]\Tony Hidayat\AQ_OpenWorld_Codec_Provenance\42_bh_derivatives\encoded\28cb43e408cb4a064c214d36.opus""","[REDACTED_LOCAL_PATH]\AppData\Local\CapCut\Apps\7.7.0.3143\ffmpeg.exe -y -hide_banner -i ""[REDACTED_LOCAL_PATH]\Tony Hidayat\AQ_OpenWorld_Codec_Provenance\42_bh_derivatives\encoded\28cb43e408cb4a064c214d36.opus"" -map_metadata -1 -vn -sn -dn -ac 1 -ar 48000 -sample_fmt s16 ""[REDACTED_LOCAL_PATH]\Tony Hidayat\AQ_OpenWorld_Codec_Provenance\42_bh_derivatives\decoded_raw\28cb43e408cb4a064c214d36.wav"""
469508bb023f537ebeeb6abf,fe5d84f7038707d4055def12adb6f6f6,5105,AAC,aac,FFmpeg-native AAC,32,37.932,058674582f2a7efb7b701b607f0a2e871c563234fd8976a156f1f76c2eb72103,ddd0da2cfa8f4d827c695f53727c88a08f02d185a0260e4960ae5ef76764766a,0,0.9366874345618615,96000,9483,[REDACTED_LOCAL_PATH]\Tony Hidayat\AQ_OpenWorld_Codec_Provenance\42_bh_derivatives\encoded\469508bb023f537ebeeb6abf.m4a,[REDACTED_LOCAL_PATH]\Tony Hidayat\AQ_OpenWorld_Codec_Provenance\42_bh_derivatives\decoded_raw\469508bb023f537ebeeb6abf.wav,[REDACTED_LOCAL_PATH]\Tony Hidayat\AQ_OpenWorld_Codec_Provenance\42_bh_derivatives\aligned_pcm\469508bb023f537ebeeb6abf.wav,AQ2D0BH_DERIV_V1|fe5d84f7038707d4055def12adb6f6f6|AAC|32|FFmpeg-native AAC|57c56e369d5b4873b4d93fc1a1d833cb7cd8bc9325c14b05c34ce60b22842d8a,0,0,0,aac,PASS,"""[REDACTED_LOCAL_PATH]\Tony Hidayat\AQ_OpenWorld_Codec_Provenance\tools\gyan_ffmpeg_9.0_full\bin\ffmpeg.exe"" -y -hide_banner -i ""[REDACTED_LOCAL_PATH]\Tony Hidayat\AQ_OpenWorld_Codec_Provenance\39_bh_speech\canonical_selected\5105-28233-0010.wav"" -map_metadata -1 -vn -sn -dn -c:a aac -b:a 32k ""[REDACTED_LOCAL_PATH]\Tony Hidayat\AQ_OpenWorld_Codec_Provenance\42_bh_derivatives\encoded\469508bb023f537ebeeb6abf.m4a""","""[REDACTED_LOCAL_PATH]\Tony Hidayat\AQ_OpenWorld_Codec_Provenance\tools\gyan_ffmpeg_9.0_full\bin\ffprobe.exe"" -v error -show_entries stream=codec_name,sample_rate,channels,duration,bit_rate:format=format_name,duration,bit_rate -of json ""[REDACTED_LOCAL_PATH]\Tony Hidayat\AQ_OpenWorld_Codec_Provenance\42_bh_derivatives\encoded\469508bb023f537ebeeb6abf.m4a""","[REDACTED_LOCAL_PATH]\AppData\Local\CapCut\Apps\7.7.0.3143\ffmpeg.exe -y -hide_banner -i ""[REDACTED_LOCAL_PATH]\Tony Hidayat\AQ_OpenWorld_Codec_Provenance\42_bh_derivatives\encoded\469508bb023f537ebeeb6abf.m4a"" -map_metadata -1 -vn -sn -dn -ac 1 -ar 48000 -sample_fmt s16 ""[REDACTED_LOCAL_PATH]\Tony Hidayat\AQ_OpenWorld_Codec_Provenance\42_bh_derivatives\decoded_raw\469508bb023f537ebeeb6abf.wav"""
6d366204b961b58b9679d161,fe5d84f7038707d4055def12adb6f6f6,5105,AAC,aac,FFmpeg-native AAC,80,88.172,86bd44c082b3fa29899ae285ed290135ff148cfd9ae383af9c0f45209fc33728,11ec9a511628a3f24cbb30be09529ffd48f907e09fdb152c0cd258dedd2ed3d9,0,0.9977672406123961,96000,22043,[REDACTED_LOCAL_PATH]\Tony Hidayat\AQ_OpenWorld_Codec_Provenance\42_bh_derivatives\encoded\6d366204b961b58b9679d161.m4a,[REDACTED_LOCAL_PATH]\Tony Hidayat\AQ_OpenWorld_Codec_Provenance\42_bh_derivatives\decoded_raw\6d366204b961b58b9679d161.wav,[REDACTED_LOCAL_PATH]\Tony Hidayat\AQ_OpenWorld_Codec_Provenance\42_bh_derivatives\aligned_pcm\6d366204b961b58b9679d161.wav,AQ2D0BH_DERIV_V1|fe5d84f7038707d4055def12adb6f6f6|AAC|80|FFmpeg-native AAC|57c56e369d5b4873b4d93fc1a1d833cb7cd8bc9325c14b05c34ce60b22842d8a,0,0,0,aac,PASS,"""[REDACTED_LOCAL_PATH]\Tony Hidayat\AQ_OpenWorld_Codec_Provenance\tools\gyan_ffmpeg_9.0_full\bin\ffmpeg.exe"" -y -hide_banner -i ""[REDACTED_LOCAL_PATH]\Tony Hidayat\AQ_OpenWorld_Codec_Provenance\39_bh_speech\canonical_selected\5105-28233-0010.wav"" -map_metadata -1 -vn -sn -dn -c:a aac -b:a 80k ""[REDACTED_LOCAL_PATH]\Tony Hidayat\AQ_OpenWorld_Codec_Provenance\42_bh_derivatives\encoded\6d366204b961b58b9679d161.m4a""","""[REDACTED_LOCAL_PATH]\Tony Hidayat\AQ_OpenWorld_Codec_Provenance\tools\gyan_ffmpeg_9.0_full\bin\ffprobe.exe"" -v error -show_entries stream=codec_name,sample_rate,channels,duration,bit_rate:format=format_name,duration,bit_rate -of json ""[REDACTED_LOCAL_PATH]\Tony Hidayat\AQ_OpenWorld_Codec_Provenance\42_bh_derivatives\encoded\6d366204b961b58b9679d161.m4a""","[REDACTED_LOCAL_PATH]\AppData\Local\CapCut\Apps\7.7.0.3143\ffmpeg.exe -y -hide_banner -i ""[REDACTED_LOCAL_PATH]\Tony Hidayat\AQ_OpenWorld_Codec_Provenance\42_bh_derivatives\encoded\6d366204b961b58b9679d161.m4a"" -map_metadata -1 -vn -sn -dn -ac 1 -ar 48000 -sample_fmt s16 ""[REDACTED_LOCAL_PATH]\Tony Hidayat\AQ_OpenWorld_Codec_Provenance\42_bh_derivatives\decoded_raw\6d366204b961b58b9679d161.wav"""
bebb619772554701dc39179e,fe5d84f7038707d4055def12adb6f6f6,5105,AAC,aac,FFmpeg-native AAC,96,105.152,eb101f0c8ba787cbe35c9741e889b88b81ccb735d205b03d181db1074eae20bd,5b91f221ac7625260605f4e7a40dbdd736a31d26425123159cf05318f0889925,0,0.995516975006078,96000,26288,[REDACTED_LOCAL_PATH]\Tony Hidayat\AQ_OpenWorld_Codec_Provenance\42_bh_derivatives\encoded\bebb619772554701dc39179e.m4a,[REDACTED_LOCAL_PATH]\Tony Hidayat\AQ_OpenWorld_Codec_Provenance\42_bh_derivatives\decoded_raw\bebb619772554701dc39179e.wav,[REDACTED_LOCAL_PATH]\Tony Hidayat\AQ_OpenWorld_Codec_Provenance\42_bh_derivatives\aligned_pcm\bebb619772554701dc39179e.wav,AQ2D0BH_DERIV_V1|fe5d84f7038707d4055def12adb6f6f6|AAC|96|FFmpeg-native AAC|57c56e369d5b4873b4d93fc1a1d833cb7cd8bc9325c14b05c34ce60b22842d8a,0,0,0,aac,PASS,"""[REDACTED_LOCAL_PATH]\Tony Hidayat\AQ_OpenWorld_Codec_Provenance\tools\gyan_ffmpeg_9.0_full\bin\ffmpeg.exe"" -y -hide_banner -i ""[REDACTED_LOCAL_PATH]\Tony Hidayat\AQ_OpenWorld_Codec_Provenance\39_bh_speech\canonical_selected\5105-28233-0010.wav"" -map_metadata -1 -vn -sn -dn -c:a aac -b:a 96k ""[REDACTED_LOCAL_PATH]\Tony Hidayat\AQ_OpenWorld_Codec_Provenance\42_bh_derivatives\encoded\bebb619772554701dc39179e.m4a""","""[REDACTED_LOCAL_PATH]\Tony Hidayat\AQ_OpenWorld_Codec_Provenance\tools\gyan_ffmpeg_9.0_full\bin\ffprobe.exe"" -v error -show_entries stream=codec_name,sample_rate,channels,duration,bit_rate:format=format_name,duration,bit_rate -of json ""[REDACTED_LOCAL_PATH]\Tony Hidayat\AQ_OpenWorld_Codec_Provenance\42_bh_derivatives\encoded\bebb619772554701dc39179e.m4a""","[REDACTED_LOCAL_PATH]\AppData\Local\CapCut\Apps\7.7.0.3143\ffmpeg.exe -y -hide_banner -i ""[REDACTED_LOCAL_PATH]\Tony Hidayat\AQ_OpenWorld_Codec_Provenance\42_bh_derivatives\encoded\bebb619772554701dc39179e.m4a"" -map_metadata -1 -vn -sn -dn -ac 1 -ar 48000 -sample_fmt s16 ""[REDACTED_LOCAL_PATH]\Tony Hidayat\AQ_OpenWorld_Codec_Provenance\42_bh_derivatives\decoded_raw\bebb619772554701dc39179e.wav"""
ceb3701c6a188ec756c94860,fe5d84f7038707d4055def12adb6f6f6,5105,AAC,aac,FFmpeg-native AAC,128,138.248,53e8643cc2e021019fd70a6d769deae87616eb13d284f36e54f62650c20ff2c8,245f633a1e5f797d1de88e1f446c71f79e13abbb945fac6fc049fc21ce152e91,0,0.997896929089315,96000,34562,[REDACTED_LOCAL_PATH]\Tony Hidayat\AQ_OpenWorld_Codec_Provenance\42_bh_derivatives\encoded\ceb3701c6a188ec756c94860.m4a,[REDACTED_LOCAL_PATH]\Tony Hidayat\AQ_OpenWorld_Codec_Provenance\42_bh_derivatives\decoded_raw\ceb3701c6a188ec756c94860.wav,[REDACTED_LOCAL_PATH]\Tony Hidayat\AQ_OpenWorld_Codec_Provenance\42_bh_derivatives\aligned_pcm\ceb3701c6a188ec756c94860.wav,AQ2D0BH_DERIV_V1|fe5d84f7038707d4055def12adb6f6f6|AAC|128|FFmpeg-native AAC|57c56e369d5b4873b4d93fc1a1d833cb7cd8bc9325c14b05c34ce60b22842d8a,0,0,0,aac,PASS,"""[REDACTED_LOCAL_PATH]\Tony Hidayat\AQ_OpenWorld_Codec_Provenance\tools\gyan_ffmpeg_9.0_full\bin\ffmpeg.exe"" -y -hide_banner -i ""[REDACTED_LOCAL_PATH]\Tony Hidayat\AQ_OpenWorld_Codec_Provenance\39_bh_speech\canonical_selected\5105-28233-0010.wav"" -map_metadata -1 -vn -sn -dn -c:a aac -b:a 128k ""[REDACTED_LOCAL_PATH]\Tony Hidayat\AQ_OpenWorld_Codec_Provenance\42_bh_derivatives\encoded\ceb3701c6a188ec756c94860.m4a""","""[REDACTED_LOCAL_PATH]\Tony Hidayat\AQ_OpenWorld_Codec_Provenance\tools\gyan_ffmpeg_9.0_full\bin\ffprobe.exe"" -v error -show_entries stream=codec_name,sample_rate,channels,duration,bit_rate:format=format_name,duration,bit_rate -of json ""[REDACTED_LOCAL_PATH]\Tony Hidayat\AQ_OpenWorld_Codec_Provenance\42_bh_derivatives\encoded\ceb3701c6a188ec756c94860.m4a""","[REDACTED_LOCAL_PATH]\AppData\Local\CapCut\Apps\7.7.0.3143\ffmpeg.exe -y -hide_banner -i ""[REDACTED_LOCAL_PATH]\Tony Hidayat\AQ_OpenWorld_Codec_Provenance\42_bh_derivatives\encoded\ceb3701c6a188ec756c94860.m4a"" -map_metadata -1 -vn -sn -dn -ac 1 -ar 48000 -sample_fmt s16 ""[REDACTED_LOCAL_PATH]\Tony Hidayat\AQ_OpenWorld_Codec_Provenance\42_bh_derivatives\decoded_raw\ceb3701c6a188ec756c94860.wav"""
8d8efb97798027e7d1029ae5,fe5d84f7038707d4055def12adb6f6f6,5105,MP3,libmp3lame,libmp3lame,32,33.584,bc62f74886c6219e87b89cda59bb75dd975df0cdfccd3f55ed2f2d605aa64734,986cd42496b4190c15bbbdf98baf6830a0c3014d6b8d9f11471125551008d204,0,0.9851481049209526,96000,8396,[REDACTED_LOCAL_PATH]\Tony Hidayat\AQ_OpenWorld_Codec_Provenance\42_bh_derivatives\encoded\8d8efb97798027e7d1029ae5.mp3,[REDACTED_LOCAL_PATH]\Tony Hidayat\AQ_OpenWorld_Codec_Provenance\42_bh_derivatives\decoded_raw\8d8efb97798027e7d1029ae5.wav,[REDACTED_LOCAL_PATH]\Tony Hidayat\AQ_OpenWorld_Codec_Provenance\42_bh_derivatives\aligned_pcm\8d8efb97798027e7d1029ae5.wav,AQ2D0BH_DERIV_V1|fe5d84f7038707d4055def12adb6f6f6|MP3|32|libmp3lame|57c56e369d5b4873b4d93fc1a1d833cb7cd8bc9325c14b05c34ce60b22842d8a,0,0,0,mp3,PASS,"""[REDACTED_LOCAL_PATH]\Tony Hidayat\AQ_OpenWorld_Codec_Provenance\tools\gyan_ffmpeg_9.0_full\bin\ffmpeg.exe"" -y -hide_banner -i ""[REDACTED_LOCAL_PATH]\Tony Hidayat\AQ_OpenWorld_Codec_Provenance\39_bh_speech\canonical_selected\5105-28233-0010.wav"" -map_metadata -1 -vn -sn -dn -c:a libmp3lame -b:a 32k ""[REDACTED_LOCAL_PATH]\Tony Hidayat\AQ_OpenWorld_Codec_Provenance\42_bh_derivatives\encoded\8d8efb97798027e7d1029ae5.mp3""","""[REDACTED_LOCAL_PATH]\Tony Hidayat\AQ_OpenWorld_Codec_Provenance\tools\gyan_ffmpeg_9.0_full\bin\ffprobe.exe"" -v error -show_entries stream=codec_name,sample_rate,channels,duration,bit_rate:format=format_name,duration,bit_rate -of json ""[REDACTED_LOCAL_PATH]\Tony Hidayat\AQ_OpenWorld_Codec_Provenance\42_bh_derivatives\encoded\8d8efb97798027e7d1029ae5.mp3""","[REDACTED_LOCAL_PATH]\AppData\Local\CapCut\Apps\7.7.0.3143\ffmpeg.exe -y -hide_banner -i ""[REDACTED_LOCAL_PATH]\Tony Hidayat\AQ_OpenWorld_Codec_Provenance\42_bh_derivatives\encoded\8d8efb97798027e7d1029ae5.mp3"" -map_metadata -1 -vn -sn -dn -ac 1 -ar 48000 -sample_fmt s16 ""[REDACTED_LOCAL_PATH]\Tony Hidayat\AQ_OpenWorld_Codec_Provenance\42_bh_derivatives\decoded_raw\8d8efb97798027e7d1029ae5.wav"""
aad6b67bd93fafe694ff0733,fe5d84f7038707d4055def12adb6f6f6,5105,MP3,libmp3lame,libmp3lame,80,82.736,f6f700434cd9755eaebb46672899959f0e9331941dad6632ad647b822eabc3f8,8b2b5fc6ef8f47609eae602934d0ac45b2a5354b833b1e9634753788ec64755f,0,0.9996303040882144,96000,20684,[REDACTED_LOCAL_PATH]\Tony Hidayat\AQ_OpenWorld_Codec_Provenance\42_bh_derivatives\encoded\aad6b67bd93fafe694ff0733.mp3,[REDACTED_LOCAL_PATH]\Tony Hidayat\AQ_OpenWorld_Codec_Provenance\42_bh_derivatives\decoded_raw\aad6b67bd93fafe694ff0733.wav,[REDACTED_LOCAL_PATH]\Tony Hidayat\AQ_OpenWorld_Codec_Provenance\42_bh_derivatives\aligned_pcm\aad6b67bd93fafe694ff0733.wav,AQ2D0BH_DERIV_V1|fe5d84f7038707d4055def12adb6f6f6|MP3|80|libmp3lame|57c56e369d5b4873b4d93fc1a1d833cb7cd8bc9325c14b05c34ce60b22842d8a,0,0,0,mp3,PASS,"""[REDACTED_LOCAL_PATH]\Tony Hidayat\AQ_OpenWorld_Codec_Provenance\tools\gyan_ffmpeg_9.0_full\bin\ffmpeg.exe"" -y -hide_banner -i ""[REDACTED_LOCAL_PATH]\Tony Hidayat\AQ_OpenWorld_Codec_Provenance\39_bh_speech\canonical_selected\5105-28233-0010.wav"" -map_metadata -1 -vn -sn -dn -c:a libmp3lame -b:a 80k ""[REDACTED_LOCAL_PATH]\Tony Hidayat\AQ_OpenWorld_Codec_Provenance\42_bh_derivatives\encoded\aad6b67bd93fafe694ff0733.mp3""","""[REDACTED_LOCAL_PATH]\Tony Hidayat\AQ_OpenWorld_Codec_Provenance\tools\gyan_ffmpeg_9.0_full\bin\ffprobe.exe"" -v error -show_entries stream=codec_name,sample_rate,channels,duration,bit_rate:format=format_name,duration,bit_rate -of json ""[REDACTED_LOCAL_PATH]\Tony Hidayat\AQ_OpenWorld_Codec_Provenance\42_bh_derivatives\encoded\aad6b67bd93fafe694ff0733.mp3""","[REDACTED_LOCAL_PATH]\AppData\Local\CapCut\Apps\7.7.0.3143\ffmpeg.exe -y -hide_banner -i ""[REDACTED_LOCAL_PATH]\Tony Hidayat\AQ_OpenWorld_Codec_Provenance\42_bh_derivatives\encoded\aad6b67bd93fafe694ff0733.mp3"" -map_metadata -1 -vn -sn -dn -ac 1 -ar 48000 -sample_fmt s16 ""[REDACTED_LOCAL_PATH]\Tony Hidayat\AQ_OpenWorld_Codec_Provenance\42_bh_derivatives\decoded_raw\aad6b67bd93fafe694ff0733.wav"""
cb2d25849f54bf6e6750f19c,fe5d84f7038707d4055def12adb6f6f6,5105,MP3,libmp3lame,libmp3lame,96,99.248,362a20473e5a165888c1d279e206c46b9fd1390130650fea23ab8508d53e5d8e,70840d74127117bd8dc6d0c54a4e9dfffcddf6fc115e29ec7f57de986ef1daf7,0,0.9998715659054099,96000,24812,[REDACTED_LOCAL_PATH]\Tony Hidayat\AQ_OpenWorld_Codec_Provenance\42_bh_derivatives\encoded\cb2d25849f54bf6e6750f19c.mp3,[REDACTED_LOCAL_PATH]\Tony Hidayat\AQ_OpenWorld_Codec_Provenance\42_bh_derivatives\decoded_raw\cb2d25849f54bf6e6750f19c.wav,[REDACTED_LOCAL_PATH]\Tony Hidayat\AQ_OpenWorld_Codec_Provenance\42_bh_derivatives\aligned_pcm\cb2d25849f54bf6e6750f19c.wav,AQ2D0BH_DERIV_V1|fe5d84f7038707d4055def12adb6f6f6|MP3|96|libmp3lame|57c56e369d5b4873b4d93fc1a1d833cb7cd8bc9325c14b05c34ce60b22842d8a,0,0,0,mp3,PASS,"""[REDACTED_LOCAL_PATH]\Tony Hidayat\AQ_OpenWorld_Codec_Provenance\tools\gyan_ffmpeg_9.0_full\bin\ffmpeg.exe"" -y -hide_banner -i ""[REDACTED_LOCAL_PATH]\Tony Hidayat\AQ_OpenWorld_Codec_Provenance\39_bh_speech\canonical_selected\5105-28233-0010.wav"" -map_metadata -1 -vn -sn -dn -c:a libmp3lame -b:a 96k ""[REDACTED_LOCAL_PATH]\Tony Hidayat\AQ_OpenWorld_Codec_Provenance\42_bh_derivatives\encoded\cb2d25849f54bf6e6750f19c.mp3""","""[REDACTED_LOCAL_PATH]\Tony Hidayat\AQ_OpenWorld_Codec_Provenance\tools\gyan_ffmpeg_9.0_full\bin\ffprobe.exe"" -v error -show_entries stream=codec_name,sample_rate,channels,duration,bit_rate:format=format_name,duration,bit_rate -of json ""[REDACTED_LOCAL_PATH]\Tony Hidayat\AQ_OpenWorld_Codec_Provenance\42_bh_derivatives\encoded\cb2d25849f54bf6e6750f19c.mp3""","[REDACTED_LOCAL_PATH]\AppData\Local\CapCut\Apps\7.7.0.3143\ffmpeg.exe -y -hide_banner -i ""[REDACTED_LOCAL_PATH]\Tony Hidayat\AQ_OpenWorld_Codec_Provenance\42_bh_derivatives\encoded\cb2d25849f54bf6e6750f19c.mp3"" -map_metadata -1 -vn -sn -dn -ac 1 -ar 48000 -sample_fmt s16 ""[REDACTED_LOCAL_PATH]\Tony Hidayat\AQ_OpenWorld_Codec_Provenance\42_bh_derivatives\decoded_raw\cb2d25849f54bf6e6750f19c.wav"""
db8b8015a2575377b4863aaa,fe5d84f7038707d4055def12adb6f6f6,5105,MP3,libmp3lame,libmp3lame,128,132.272,d1b276320fa0eb09d1113bbafede13d18dcfe0ae9743df285c652fb97208e697,55cbb893b8e41e389d907feea2639ffa1d87bec4f9f79718863938d127ac70df,0,0.9999867920146085,96000,33068,[REDACTED_LOCAL_PATH]\Tony Hidayat\AQ_OpenWorld_Codec_Provenance\42_bh_derivatives\encoded\db8b8015a2575377b4863aaa.mp3,[REDACTED_LOCAL_PATH]\Tony Hidayat\AQ_OpenWorld_Codec_Provenance\42_bh_derivatives\decoded_raw\db8b8015a2575377b4863aaa.wav,[REDACTED_LOCAL_PATH]\Tony Hidayat\AQ_OpenWorld_Codec_Provenance\42_bh_derivatives\aligned_pcm\db8b8015a2575377b4863aaa.wav,AQ2D0BH_DERIV_V1|fe5d84f7038707d4055def12adb6f6f6|MP3|128|libmp3lame|57c56e369d5b4873b4d93fc1a1d833cb7cd8bc9325c14b05c34ce60b22842d8a,0,0,0,mp3,PASS,"""[REDACTED_LOCAL_PATH]\Tony Hidayat\AQ_OpenWorld_Codec_Provenance\tools\gyan_ffmpeg_9.0_full\bin\ffmpeg.exe"" -y -hide_banner -i ""[REDACTED_LOCAL_PATH]\Tony Hidayat\AQ_OpenWorld_Codec_Provenance\39_bh_speech\canonical_selected\5105-28233-0010.wav"" -map_metadata -1 -vn -sn -dn -c:a libmp3lame -b:a 128k ""[REDACTED_LOCAL_PATH]\Tony Hidayat\AQ_OpenWorld_Codec_Provenance\42_bh_derivatives\encoded\db8b8015a2575377b4863aaa.mp3""","""[REDACTED_LOCAL_PATH]\Tony Hidayat\AQ_OpenWorld_Codec_Provenance\tools\gyan_ffmpeg_9.0_full\bin\ffprobe.exe"" -v error -show_entries stream=codec_name,sample_rate,channels,duration,bit_rate:format=format_name,duration,bit_rate -of json ""[REDACTED_LOCAL_PATH]\Tony Hidayat\AQ_OpenWorld_Codec_Provenance\42_bh_derivatives\encoded\db8b8015a2575377b4863aaa.mp3""","[REDACTED_LOCAL_PATH]\AppData\Local\CapCut\Apps\7.7.0.3143\ffmpeg.exe -y -hide_banner -i ""[REDACTED_LOCAL_PATH]\Tony Hidayat\AQ_OpenWorld_Codec_Provenance\42_bh_derivatives\encoded\db8b8015a2575377b4863aaa.mp3"" -map_metadata -1 -vn -sn -dn -ac 1 -ar 48000 -sample_fmt s16 ""[REDACTED_LOCAL_PATH]\Tony Hidayat\AQ_OpenWorld_Codec_Provenance\42_bh_derivatives\decoded_raw\db8b8015a2575377b4863aaa.wav"""
5c2ef959a60f52aa2114882c,fe5d84f7038707d4055def12adb6f6f6,5105,Opus,libopus,libopus,32,33.588,23fb937dc6c31069af82c79e420d2c015e6eda6e2590dba8d0ca7608dcf29988,081467287b440ff5dcbde1003f9f9d4803f85187f254d3458dc19b430565de66,0,0.9838703835472643,96000,8397,[REDACTED_LOCAL_PATH]\Tony Hidayat\AQ_OpenWorld_Codec_Provenance\42_bh_derivatives\encoded\5c2ef959a60f52aa2114882c.opus,[REDACTED_LOCAL_PATH]\Tony Hidayat\AQ_OpenWorld_Codec_Provenance\42_bh_derivatives\decoded_raw\5c2ef959a60f52aa2114882c.wav,[REDACTED_LOCAL_PATH]\Tony Hidayat\AQ_OpenWorld_Codec_Provenance\42_bh_derivatives\aligned_pcm\5c2ef959a60f52aa2114882c.wav,AQ2D0BH_DERIV_V1|fe5d84f7038707d4055def12adb6f6f6|Opus|32|libopus|57c56e369d5b4873b4d93fc1a1d833cb7cd8bc9325c14b05c34ce60b22842d8a,0,0,0,opus,PASS,"""[REDACTED_LOCAL_PATH]\Tony Hidayat\AQ_OpenWorld_Codec_Provenance\tools\gyan_ffmpeg_9.0_full\bin\ffmpeg.exe"" -y -hide_banner -i ""[REDACTED_LOCAL_PATH]\Tony Hidayat\AQ_OpenWorld_Codec_Provenance\39_bh_speech\canonical_selected\5105-28233-0010.wav"" -map_metadata -1 -vn -sn -dn -c:a libopus -b:a 32k -vbr off ""[REDACTED_LOCAL_PATH]\Tony Hidayat\AQ_OpenWorld_Codec_Provenance\42_bh_derivatives\encoded\5c2ef959a60f52aa2114882c.opus""","""[REDACTED_LOCAL_PATH]\Tony Hidayat\AQ_OpenWorld_Codec_Provenance\tools\gyan_ffmpeg_9.0_full\bin\ffprobe.exe"" -v error -show_entries stream=codec_name,sample_rate,channels,duration,bit_rate:format=format_name,duration,bit_rate -of json ""[REDACTED_LOCAL_PATH]\Tony Hidayat\AQ_OpenWorld_Codec_Provenance\42_bh_derivatives\encoded\5c2ef959a60f52aa2114882c.opus""","[REDACTED_LOCAL_PATH]\AppData\Local\CapCut\Apps\7.7.0.3143\ffmpeg.exe -y -hide_banner -i ""[REDACTED_LOCAL_PATH]\Tony Hidayat\AQ_OpenWorld_Codec_Provenance\42_bh_derivatives\encoded\5c2ef959a60f52aa2114882c.opus"" -map_metadata -1 -vn -sn -dn -ac 1 -ar 48000 -sample_fmt s16 ""[REDACTED_LOCAL_PATH]\Tony Hidayat\AQ_OpenWorld_Codec_Provenance\42_bh_derivatives\decoded_raw\5c2ef959a60f52aa2114882c.wav"""
a07e232649cb7a6f8f6d7ae8,fe5d84f7038707d4055def12adb6f6f6,5105,Opus,libopus,libopus,80,82.068,e9d16d43f23af7a7ac3cc1f46129bfa929f679daae0c9a6ac2463693b4ff8fb3,dcf28b9e3ef6a8871141dfdf8f56ea30bd2d371471deeb16029e766d43a23c50,0,0.9972763785839242,96000,20517,[REDACTED_LOCAL_PATH]\Tony Hidayat\AQ_OpenWorld_Codec_Provenance\42_bh_derivatives\encoded\a07e232649cb7a6f8f6d7ae8.opus,[REDACTED_LOCAL_PATH]\Tony Hidayat\AQ_OpenWorld_Codec_Provenance\42_bh_derivatives\decoded_raw\a07e232649cb7a6f8f6d7ae8.wav,[REDACTED_LOCAL_PATH]\Tony Hidayat\AQ_OpenWorld_Codec_Provenance\42_bh_derivatives\aligned_pcm\a07e232649cb7a6f8f6d7ae8.wav,AQ2D0BH_DERIV_V1|fe5d84f7038707d4055def12adb6f6f6|Opus|80|libopus|57c56e369d5b4873b4d93fc1a1d833cb7cd8bc9325c14b05c34ce60b22842d8a,0,0,0,opus,PASS,"""[REDACTED_LOCAL_PATH]\Tony Hidayat\AQ_OpenWorld_Codec_Provenance\tools\gyan_ffmpeg_9.0_full\bin\ffmpeg.exe"" -y -hide_banner -i ""[REDACTED_LOCAL_PATH]\Tony Hidayat\AQ_OpenWorld_Codec_Provenance\39_bh_speech\canonical_selected\5105-28233-0010.wav"" -map_metadata -1 -vn -sn -dn -c:a libopus -b:a 80k -vbr off ""[REDACTED_LOCAL_PATH]\Tony Hidayat\AQ_OpenWorld_Codec_Provenance\42_bh_derivatives\encoded\a07e232649cb7a6f8f6d7ae8.opus""","""[REDACTED_LOCAL_PATH]\Tony Hidayat\AQ_OpenWorld_Codec_Provenance\tools\gyan_ffmpeg_9.0_full\bin\ffprobe.exe"" -v error -show_entries stream=codec_name,sample_rate,channels,duration,bit_rate:format=format_name,duration,bit_rate -of json ""[REDACTED_LOCAL_PATH]\Tony Hidayat\AQ_OpenWorld_Codec_Provenance\42_bh_derivatives\encoded\a07e232649cb7a6f8f6d7ae8.opus""","[REDACTED_LOCAL_PATH]\AppData\Local\CapCut\Apps\7.7.0.3143\ffmpeg.exe -y -hide_banner -i ""[REDACTED_LOCAL_PATH]\Tony Hidayat\AQ_OpenWorld_Codec_Provenance\42_bh_derivatives\encoded\a07e232649cb7a6f8f6d7ae8.opus"" -map_metadata -1 -vn -sn -dn -ac 1 -ar 48000 -sample_fmt s16 ""[REDACTED_LOCAL_PATH]\Tony Hidayat\AQ_OpenWorld_Codec_Provenance\42_bh_derivatives\decoded_raw\a07e232649cb7a6f8f6d7ae8.wav"""
79e449b61c99f360ed4ebfb4,fe5d84f7038707d4055def12adb6f6f6,5105,Opus,libopus,libopus,96,98.228,049542299928f63858e538daf1c0c41031a94d34567d79b310afa9120083a1c9,2eb6117c121e4a4f2105d100f343a058f692d565c2754ffe311806a13b38c702,0,0.9981296770624211,96000,24557,[REDACTED_LOCAL_PATH]\Tony Hidayat\AQ_OpenWorld_Codec_Provenance\42_bh_derivatives\encoded\79e449b61c99f360ed4ebfb4.opus,[REDACTED_LOCAL_PATH]\Tony Hidayat\AQ_OpenWorld_Codec_Provenance\42_bh_derivatives\decoded_raw\79e449b61c99f360ed4ebfb4.wav,[REDACTED_LOCAL_PATH]\Tony Hidayat\AQ_OpenWorld_Codec_Provenance\42_bh_derivatives\aligned_pcm\79e449b61c99f360ed4ebfb4.wav,AQ2D0BH_DERIV_V1|fe5d84f7038707d4055def12adb6f6f6|Opus|96|libopus|57c56e369d5b4873b4d93fc1a1d833cb7cd8bc9325c14b05c34ce60b22842d8a,0,0,0,opus,PASS,"""[REDACTED_LOCAL_PATH]\Tony Hidayat\AQ_OpenWorld_Codec_Provenance\tools\gyan_ffmpeg_9.0_full\bin\ffmpeg.exe"" -y -hide_banner -i ""[REDACTED_LOCAL_PATH]\Tony Hidayat\AQ_OpenWorld_Codec_Provenance\39_bh_speech\canonical_selected\5105-28233-0010.wav"" -map_metadata -1 -vn -sn -dn -c:a libopus -b:a 96k -vbr off ""[REDACTED_LOCAL_PATH]\Tony Hidayat\AQ_OpenWorld_Codec_Provenance\42_bh_derivatives\encoded\79e449b61c99f360ed4ebfb4.opus""","""[REDACTED_LOCAL_PATH]\Tony Hidayat\AQ_OpenWorld_Codec_Provenance\tools\gyan_ffmpeg_9.0_full\bin\ffprobe.exe"" -v error -show_entries stream=codec_name,sample_rate,channels,duration,bit_rate:format=format_name,duration,bit_rate -of json ""[REDACTED_LOCAL_PATH]\Tony Hidayat\AQ_OpenWorld_Codec_Provenance\42_bh_derivatives\encoded\79e449b61c99f360ed4ebfb4.opus""","[REDACTED_LOCAL_PATH]\AppData\Local\CapCut\Apps\7.7.0.3143\ffmpeg.exe -y -hide_banner -i ""[REDACTED_LOCAL_PATH]\Tony Hidayat\AQ_OpenWorld_Codec_Provenance\42_bh_derivatives\encoded\79e449b61c99f360ed4ebfb4.opus"" -map_metadata -1 -vn -sn -dn -ac 1 -ar 48000 -sample_fmt s16 ""[REDACTED_LOCAL_PATH]\Tony Hidayat\AQ_OpenWorld_Codec_Provenance\42_bh_derivatives\decoded_raw\79e449b61c99f360ed4ebfb4.wav"""
0688365cea58688dc4b80a1f,fe5d84f7038707d4055def12adb6f6f6,5105,Opus,libopus,libopus,128,130.952,8853a94cb57cfe34381e13e513c071bb205f18c0e39eb35fb14d623f444e2fcc,3565b98737ee3927d2a21ca9e8669e7b6bab7f4e3b2ab41c9d115faf6710523d,0,0.9991555208191986,96000,32738,[REDACTED_LOCAL_PATH]\Tony Hidayat\AQ_OpenWorld_Codec_Provenance\42_bh_derivatives\encoded\0688365cea58688dc4b80a1f.opus,[REDACTED_LOCAL_PATH]\Tony Hidayat\AQ_OpenWorld_Codec_Provenance\42_bh_derivatives\decoded_raw\0688365cea58688dc4b80a1f.wav,[REDACTED_LOCAL_PATH]\Tony Hidayat\AQ_OpenWorld_Codec_Provenance\42_bh_derivatives\aligned_pcm\0688365cea58688dc4b80a1f.wav,AQ2D0BH_DERIV_V1|fe5d84f7038707d4055def12adb6f6f6|Opus|128|libopus|57c56e369d5b4873b4d93fc1a1d833cb7cd8bc9325c14b05c34ce60b22842d8a,0,0,0,opus,PASS,"""[REDACTED_LOCAL_PATH]\Tony Hidayat\AQ_OpenWorld_Codec_Provenance\tools\gyan_ffmpeg_9.0_full\bin\ffmpeg.exe"" -y -hide_banner -i ""[REDACTED_LOCAL_PATH]\Tony Hidayat\AQ_OpenWorld_Codec_Provenance\39_bh_speech\canonical_selected\5105-28233-0010.wav"" -map_metadata -1 -vn -sn -dn -c:a libopus -b:a 128k -vbr off ""[REDACTED_LOCAL_PATH]\Tony Hidayat\AQ_OpenWorld_Codec_Provenance\42_bh_derivatives\encoded\0688365cea58688dc4b80a1f.opus""","""[REDACTED_LOCAL_PATH]\Tony Hidayat\AQ_OpenWorld_Codec_Provenance\tools\gyan_ffmpeg_9.0_full\bin\ffprobe.exe"" -v error -show_entries stream=codec_name,sample_rate,channels,duration,bit_rate:format=format_name,duration,bit_rate -of json ""[REDACTED_LOCAL_PATH]\Tony Hidayat\AQ_OpenWorld_Codec_Provenance\42_bh_derivatives\encoded\0688365cea58688dc4b80a1f.opus""","[REDACTED_LOCAL_PATH]\AppData\Local\CapCut\Apps\7.7.0.3143\ffmpeg.exe -y -hide_banner -i ""[REDACTED_LOCAL_PATH]\Tony Hidayat\AQ_OpenWorld_Codec_Provenance\42_bh_derivatives\encoded\0688365cea58688dc4b80a1f.opus"" -map_metadata -1 -vn -sn -dn -ac 1 -ar 48000 -sample_fmt s16 ""[REDACTED_LOCAL_PATH]\Tony Hidayat\AQ_OpenWorld_Codec_Provenance\42_bh_derivatives\decoded_raw\0688365cea58688dc4b80a1f.wav"""
