derivative_uid,array_sha256,npy_file_sha256,shape,dtype,finite_check,npy_path
013a0e49710fe6a0a71e1b66,55e381acbccfdf52a4bd30339439a03db3c127496051e35eb5f099d32cd53bee,56ce61fb1242b9782e44da1d12416fb0f8e1655ced5275cba083ba60d9227678,256,float64,True,[REDACTED_LOCAL_PATH]\Tony Hidayat\AQ_OpenWorld_Codec_Provenance\17_features_b1\representation_a\013a0e49710fe6a0a71e1b66.npy
35dddf2edf0a6f8b249aa776,ed281fe9533e7afbd1b5b65793d2f97fac133e28769714c336dd8c7378b473e1,8caea5cb2d32c2b9e674831b20f9f304f5ef2aa3bdc9c0d52489a90985a2873d,256,float64,True,[REDACTED_LOCAL_PATH]\Tony Hidayat\AQ_OpenWorld_Codec_Provenance\17_features_b1\representation_a\35dddf2edf0a6f8b249aa776.npy
32e7a676c3003b92d4b4b219,61ff8b6dd81169478cb125ffd48f953ef4b59882a14d99434e407d07b932554d,cc5197cf646b1ac2e0a57ce503ae20677084e89d67491a6f90e6dd3445389ad2,256,float64,True,[REDACTED_LOCAL_PATH]\Tony Hidayat\AQ_OpenWorld_Codec_Provenance\17_features_b1\representation_a\32e7a676c3003b92d4b4b219.npy
6378e9a925d55dcbf5968319,38f979baa59b6e57e549b942869f043d4eda8c786c98b7e1dd5ee84393ead2b6,e6a985791a2e5b3c7644497b45f741ee7d2658835eedf7e175d26a0e6c50177f,256,float64,True,[REDACTED_LOCAL_PATH]\Tony Hidayat\AQ_OpenWorld_Codec_Provenance\17_features_b1\representation_a\6378e9a925d55dcbf5968319.npy
834485dcd05d6c5a7c9f5a75,6387ab6b770eed36695813fa4fe8a0b9af09578791aae83cb8926619f2e2ca97,52c9e74ee69cb4657e16a036b39eb0e53f522a8aa35756867f2419645840bec1,256,float64,True,[REDACTED_LOCAL_PATH]\Tony Hidayat\AQ_OpenWorld_Codec_Provenance\17_features_b1\representation_a\834485dcd05d6c5a7c9f5a75.npy
8a27d19b6429642cdeb2273c,e62448e342b94399c23b62945c904f0b2fa1a96effc0b4790631ef84df3e9a7e,2c7d9c04a4a00028669b957775cd9c19df9ebf66450edb6ed21940a6ff263b8f,256,float64,True,[REDACTED_LOCAL_PATH]\Tony Hidayat\AQ_OpenWorld_Codec_Provenance\17_features_b1\representation_a\8a27d19b6429642cdeb2273c.npy
bf83e855ae8c224c90412f3b,106992c07ad79de89b1a3fe7fbfd7f8e5752ba19d15db852083a11ec8aac7ae8,2879d6d4f25207d6ebc7f083409d8c5d62847c422cfcd7549850e2234de41dbb,256,float64,True,[REDACTED_LOCAL_PATH]\Tony Hidayat\AQ_OpenWorld_Codec_Provenance\17_features_b1\representation_a\bf83e855ae8c224c90412f3b.npy
8938418c339d849e3f767e82,6588a93c47413605af397327fd5e28e082991275961b5087f1be90d41a57d9e9,b23f0e3a0d19bc39926820a9d174bfa66fdad6fa15b2b73bbc46700fea88b935,256,float64,True,[REDACTED_LOCAL_PATH]\Tony Hidayat\AQ_OpenWorld_Codec_Provenance\17_features_b1\representation_a\8938418c339d849e3f767e82.npy
1881cb95f31dcf5d91933ec7,d652eaab052fcecc7d39d6a8408bd51654fc6ac4040e46633ec8a3953a25a2ca,efba87abf818bcf73af880d9c5dc8db41247c8310b47cb8e7f034a753adaad33,256,float64,True,[REDACTED_LOCAL_PATH]\Tony Hidayat\AQ_OpenWorld_Codec_Provenance\17_features_b1\representation_a\1881cb95f31dcf5d91933ec7.npy
ad55ffb17ae5af47a308cd64,5909b551d04d6471c05ed3f6d70b0e34800cc7364dec340566d1202c33c8cba0,f1763fe43345d4c07bd31498652827da4af65107c6f9523eb56dea6d4e542f7d,256,float64,True,[REDACTED_LOCAL_PATH]\Tony Hidayat\AQ_OpenWorld_Codec_Provenance\17_features_b1\representation_a\ad55ffb17ae5af47a308cd64.npy
46aad5fce860f5cc72b0bc15,1cad641712b34a0dfe073ac7f999d6f9078c54aa30a0242dcdefc4c348052ef1,aeb37a416fedfd24bc7c60b2a33bc74fb4e3991864b23364915679b733d71ffe,256,float64,True,[REDACTED_LOCAL_PATH]\Tony Hidayat\AQ_OpenWorld_Codec_Provenance\17_features_b1\representation_a\46aad5fce860f5cc72b0bc15.npy
2b3a8f44da14b4fcefda448c,12115fa2fac3f6f053e243928167106111315cf5140a88b7312e47c32ba8208e,d469221f63129e4aeb26cd5570292f40b8dbdd10c6ec9dbb22dbb36efe640733,256,float64,True,[REDACTED_LOCAL_PATH]\Tony Hidayat\AQ_OpenWorld_Codec_Provenance\17_features_b1\representation_a\2b3a8f44da14b4fcefda448c.npy
1f368828746d79ab6919a3ff,399b1ba87260e6980c5f5153c0c07254f9e6176409a106fa8b90c72c19f14c89,12ccbf2d47330ff95cd36693423fb11f4e555e35f1005d57302ef9a2c5e29ae4,256,float64,True,[REDACTED_LOCAL_PATH]\Tony Hidayat\AQ_OpenWorld_Codec_Provenance\17_features_b1\representation_a\1f368828746d79ab6919a3ff.npy
763b0d69c26d1f2a817668d5,2410ca55dd72ad900f96deba4b24ad0255e195fb39e981cef1ce4c1089cf9a18,1a51c4bd1e1ab1581f7746f99bd3906ea7ba51fdede6f6bd04f1c394e06c2b69,256,float64,True,[REDACTED_LOCAL_PATH]\Tony Hidayat\AQ_OpenWorld_Codec_Provenance\17_features_b1\representation_a\763b0d69c26d1f2a817668d5.npy
b9a77fe3c9d1964b03308a81,c9aa90a4cc658a25715eb0c66437e0f8a0e89d0c174ea0f0885558fa488bfa9d,e118ff6ed7fd8c6ee61c49099f2cefb1c4065c7c2a1e096a9e47bb457594dbcd,256,float64,True,[REDACTED_LOCAL_PATH]\Tony Hidayat\AQ_OpenWorld_Codec_Provenance\17_features_b1\representation_a\b9a77fe3c9d1964b03308a81.npy
91f02603ea8425ed0bfe5b68,37c76e42ae4a852139112029a804ad04d294286e3b8356dad19c040c4947b1ed,8213b3640a40ec8b16267843dca59aa81337f954a106b4cc4c56b7dd0f3fe6b2,256,float64,True,[REDACTED_LOCAL_PATH]\Tony Hidayat\AQ_OpenWorld_Codec_Provenance\17_features_b1\representation_a\91f02603ea8425ed0bfe5b68.npy
44e2669a8a14163a21edc3b4,9a86f15d2b0e87ae6491689bca29fe775e38f499e36c08ae4d57d0cd045e7bc9,515d5997bdb794c0cd6b036034d3e5b748ebe03c4de16931e5465e27d2acde71,256,float64,True,[REDACTED_LOCAL_PATH]\Tony Hidayat\AQ_OpenWorld_Codec_Provenance\17_features_b1\representation_a\44e2669a8a14163a21edc3b4.npy
0ddcf66efed5e05cf5d58037,1adee362235bbf250831e6d5c85914452a4858fa72b03735d30e251ae0d311c8,b6e6b1f369983d408ca6d773df8ed01cbd4bb0bee857129fa34adef82908f758,256,float64,True,[REDACTED_LOCAL_PATH]\Tony Hidayat\AQ_OpenWorld_Codec_Provenance\17_features_b1\representation_a\0ddcf66efed5e05cf5d58037.npy
04fd64ca7ba57a6570c9b657,aab8cd14b4541e825237c01bfd42b29432bcc11eb0870486fd40f7180a394a7c,a0f9ffa6682fc722a7d4a8c357cf9766d031ed711b492b5db486a01f5a0ce88a,256,float64,True,[REDACTED_LOCAL_PATH]\Tony Hidayat\AQ_OpenWorld_Codec_Provenance\17_features_b1\representation_a\04fd64ca7ba57a6570c9b657.npy
a151fc8e52173f5bac1658fc,a1cc5ac0aa5e4102d6f2a1179bee573b8084d404001004bf100c66d362217a8a,81dacf134c90d4435b16d452203b8139b5355099812d0ebdb74c7e8540730e0c,256,float64,True,[REDACTED_LOCAL_PATH]\Tony Hidayat\AQ_OpenWorld_Codec_Provenance\17_features_b1\representation_a\a151fc8e52173f5bac1658fc.npy
2b646955af22ae47d63e6968,97a082dd9f55fc4db14d3183bf32a6f1ade7af47cad09f0e04dcdbf71050de63,5cf80df6829684d4111656c4eb51e3c03bf14584f0b337bac6b872fbf09cd91d,256,float64,True,[REDACTED_LOCAL_PATH]\Tony Hidayat\AQ_OpenWorld_Codec_Provenance\17_features_b1\representation_a\2b646955af22ae47d63e6968.npy
111c7a81a08d4257bd29dac7,41249d47c26e4adc1553ee18f1fc7381b5ec9fafe82d19c962616b222a336483,8a5d9f930a4420500bd2c647aeb83c65015063e1c0312418f29fb166c57cd8e6,256,float64,True,[REDACTED_LOCAL_PATH]\Tony Hidayat\AQ_OpenWorld_Codec_Provenance\17_features_b1\representation_a\111c7a81a08d4257bd29dac7.npy
e3e2803db2514122dbc19c74,c8d8d753cc4655c64af602c35d2d28bb6ddcfad73e2994d113e3a8043e8e739c,971a8ec897ed416408d3a8cf95ce328ac0f694ec7606e2da7f6fd2302a5bc196,256,float64,True,[REDACTED_LOCAL_PATH]\Tony Hidayat\AQ_OpenWorld_Codec_Provenance\17_features_b1\representation_a\e3e2803db2514122dbc19c74.npy
6aee870b0ed68f0db437d4b2,0add8baffa364a620282c59875174efb9887459eea5926eefa4d60aff90a427d,3a86c0f6540293e638190bb3d348dcbc29519cee266470902743deeffb9399dd,256,float64,True,[REDACTED_LOCAL_PATH]\Tony Hidayat\AQ_OpenWorld_Codec_Provenance\17_features_b1\representation_a\6aee870b0ed68f0db437d4b2.npy
6fa3932e06530b109a99acba,e17366b9715253728291e74985d4d6013f7874e480d981e77d50253b9b6149df,a8d0f70781dc79d58df689788fff2e607523ac56f7eca56cd330d30144152370,256,float64,True,[REDACTED_LOCAL_PATH]\Tony Hidayat\AQ_OpenWorld_Codec_Provenance\17_features_b1\representation_a\6fa3932e06530b109a99acba.npy
1ea3b51758cac15638407630,3c7c3b6347951d19943518e825ea601a8c047f46a97ee4edfc54939475cee8d3,70768907da1b4c94e047e3a5cb51f21f47fd2f40e1fee6bdfd6f824abf475600,256,float64,True,[REDACTED_LOCAL_PATH]\Tony Hidayat\AQ_OpenWorld_Codec_Provenance\17_features_b1\representation_a\1ea3b51758cac15638407630.npy
851e5b3051cb4da8a9068dee,47ab0e75651e3ca55ac73a85627105d399902cdd686591b025f12ac300feda4f,96ba96fac39ee25293050e224c8f0cdfa699698b783277aa0f6785977069fbe6,256,float64,True,[REDACTED_LOCAL_PATH]\Tony Hidayat\AQ_OpenWorld_Codec_Provenance\17_features_b1\representation_a\851e5b3051cb4da8a9068dee.npy
edfc69fd385908b7c5c1ddd1,103e0722a24d4c835d4ba7a6525d39a31b125eccae282ef8386d4bebb09dda12,38d34ad6d20376272420033245eaa58569db678045ded0ef6a26ec693ab23864,256,float64,True,[REDACTED_LOCAL_PATH]\Tony Hidayat\AQ_OpenWorld_Codec_Provenance\17_features_b1\representation_a\edfc69fd385908b7c5c1ddd1.npy
258de7df0403e8b503cfcbfc,283c4dc07c8f0695830da2ed2939b431ea93c279c7eb5fcd084b809907b78b30,2fccd62027dde89da8849a58331e98c1ce5d8a7da0e06c11d52fd65b4eaf803e,256,float64,True,[REDACTED_LOCAL_PATH]\Tony Hidayat\AQ_OpenWorld_Codec_Provenance\17_features_b1\representation_a\258de7df0403e8b503cfcbfc.npy
c0f71d2d1c17b2af8c0cb169,541a61dcf13c2f9ad8aea152e1aa06bc6f769fdbb966200d59688d3370ff54db,0887c484204483dc187f363cef87c7c9e6a611123053e7dd5b1ca66cddc8b5dd,256,float64,True,[REDACTED_LOCAL_PATH]\Tony Hidayat\AQ_OpenWorld_Codec_Provenance\17_features_b1\representation_a\c0f71d2d1c17b2af8c0cb169.npy
97680ef5b3971a3ebc54399c,aa770cdc1e520efece3abce830dcc133dd7e48ce9301f49ee5c2ba692c0e995d,e923db2789abdb788ffd8c5f0d8ed864e268cb535a6c9d1aabe3d5afe432ca02,256,float64,True,[REDACTED_LOCAL_PATH]\Tony Hidayat\AQ_OpenWorld_Codec_Provenance\17_features_b1\representation_a\97680ef5b3971a3ebc54399c.npy
44445a4e415bbdc3ffc2803b,6ec48ad163b8f6489e9b2260849be1d537eef502804ee685c4e44ee8c634b5cc,77906cfe87054a4401645ebb029688bb7f63274044220cdb2918e8fd0596ebd6,256,float64,True,[REDACTED_LOCAL_PATH]\Tony Hidayat\AQ_OpenWorld_Codec_Provenance\17_features_b1\representation_a\44445a4e415bbdc3ffc2803b.npy
53a347a3f04b674ad69940c9,c3c1c33c8a22076bbe6eff9e868ca5adfea773514305d77bba327e817c012636,6f60b6e71b10ef373c9ebff2f2ab7af1f71c563b6eacc034cf2e213d7198a2b7,256,float64,True,[REDACTED_LOCAL_PATH]\Tony Hidayat\AQ_OpenWorld_Codec_Provenance\17_features_b1\representation_a\53a347a3f04b674ad69940c9.npy
ea722703df52023db13b468a,57236665d496155d3fd965a28ef1077732cd7f5d9695a079d9d1e99aa1aa3089,1263414ca954b38da9a94c9569774aea375b59fb3d1e9b48b630bb27f0ca298a,256,float64,True,[REDACTED_LOCAL_PATH]\Tony Hidayat\AQ_OpenWorld_Codec_Provenance\17_features_b1\representation_a\ea722703df52023db13b468a.npy
f01ba3ac94aabd3d8267fa76,be8631e9db870266b110eeb20e7bc8ad829920b181d2e05c74f1406a70b883ed,c0b92079ba2cdf7ef6e0aa4559924bcc04a84cfdf15670d9ff8e7127346c3ede,256,float64,True,[REDACTED_LOCAL_PATH]\Tony Hidayat\AQ_OpenWorld_Codec_Provenance\17_features_b1\representation_a\f01ba3ac94aabd3d8267fa76.npy
b55b76dbc967e6c4ca957505,2a84930eb77bf184928949a3272cc37f5c300da711f191796efbe75b1cf54e50,1b7b3a478958f88da642afa7cd616b009efd86529400931904030864641682b7,256,float64,True,[REDACTED_LOCAL_PATH]\Tony Hidayat\AQ_OpenWorld_Codec_Provenance\17_features_b1\representation_a\b55b76dbc967e6c4ca957505.npy
4ed818dbd9e6d1101daa8541,7c24291327978e30f303a0cbdb4e1c13379337b12509a53070535d9c37857700,2235b043a4d2f9b185d39dc324c9f6ecd9af55aba16e39318c5b73e0af8f2a17,256,float64,True,[REDACTED_LOCAL_PATH]\Tony Hidayat\AQ_OpenWorld_Codec_Provenance\17_features_b1\representation_a\4ed818dbd9e6d1101daa8541.npy
907e898eaec01d84c226401c,03d812431bbd55d96d9f9d0d8715b88b8646d396bb7ffe8c38c6df133589fc64,9609847d27b42840a0a2165355acc9e408d70a8270fd01f53b7ea3570fa2d0f6,256,float64,True,[REDACTED_LOCAL_PATH]\Tony Hidayat\AQ_OpenWorld_Codec_Provenance\17_features_b1\representation_a\907e898eaec01d84c226401c.npy
cd1cf1cef09b8d80d436d346,b97c7d6d7e03d42a1588b38293bd4f13552e20668314f3ca75ac132e17b7f81e,05407befcfd8fe6aeafa9bf4d386d9ea3062dc1f766b0501765b9c4351fa49be,256,float64,True,[REDACTED_LOCAL_PATH]\Tony Hidayat\AQ_OpenWorld_Codec_Provenance\17_features_b1\representation_a\cd1cf1cef09b8d80d436d346.npy
e3b0049c55c40e0494ae997d,b70195fe18cd7ebad8246b08e38bfe0222f4d57eff6600a4e4ab5067410c0f9d,4a2d5ad9f0be5218c00142c527c1a9d589030de81b5319c3d4f8a0ac6d8df896,256,float64,True,[REDACTED_LOCAL_PATH]\Tony Hidayat\AQ_OpenWorld_Codec_Provenance\17_features_b1\representation_a\e3b0049c55c40e0494ae997d.npy
3c09b32603748f0f6f9496d3,1e9c2e588a4f7fb9f0d306a3f9c829e2c0c1c7ae5b06186af36ea353075e423a,885f86f59155fefb54a889b752c36a1bdb2f8cf687c8429f5ed7c2075a4d4c37,256,float64,True,[REDACTED_LOCAL_PATH]\Tony Hidayat\AQ_OpenWorld_Codec_Provenance\17_features_b1\representation_a\3c09b32603748f0f6f9496d3.npy
c00848852e6d3aa4cc6900c8,db016afddd09c3a36b9b4fa439d89218f31c13d2b50f53df7546d57fa00b8635,e6d61d65e6afe7adf675917cc4dd9bb4a67bb50eb883565a3b3853fe40478402,256,float64,True,[REDACTED_LOCAL_PATH]\Tony Hidayat\AQ_OpenWorld_Codec_Provenance\17_features_b1\representation_a\c00848852e6d3aa4cc6900c8.npy
1eab6309a9117ab21b6357f8,1e9b421b6e7107c748548a4d111bf912a3bb179504a886beae13d96091b42069,94cf75ef73b32d2f035bace850c0c9f0e3ed3532c0812d15d76649ee0ceb6255,256,float64,True,[REDACTED_LOCAL_PATH]\Tony Hidayat\AQ_OpenWorld_Codec_Provenance\17_features_b1\representation_a\1eab6309a9117ab21b6357f8.npy
d3561072c115edd313dac797,8f75eed9b51e9073fa989ef1d9c88a83f34675a6f90963d22e9e3fbd6e5563ad,9e1da52a6323ec85575a870927ad5ad4bef4b43fef9e60f534d9c095e4ecf9f5,256,float64,True,[REDACTED_LOCAL_PATH]\Tony Hidayat\AQ_OpenWorld_Codec_Provenance\17_features_b1\representation_a\d3561072c115edd313dac797.npy
526354d714811ea03103751a,ba898a8ced96a38dfa65eb3a8f3d8a19cd3fa5d667c83baf54efec577f5de5f5,58efc5fa79df6c0290cd1fc878980dcc0f852b203e13bf488f9d99e085b7616e,256,float64,True,[REDACTED_LOCAL_PATH]\Tony Hidayat\AQ_OpenWorld_Codec_Provenance\17_features_b1\representation_a\526354d714811ea03103751a.npy
24aec4c4f5249583884052cb,de95c6911f5a1609d8692dda5db5d58c7681478352224b2c52ce820d9a85cb03,4c7ec96b1220ec3d2263d9969907fd8715ff799395bcd2658a0bff889b3b6ea1,256,float64,True,[REDACTED_LOCAL_PATH]\Tony Hidayat\AQ_OpenWorld_Codec_Provenance\17_features_b1\representation_a\24aec4c4f5249583884052cb.npy
5f8174545158a41429d98030,12e4a7914b40f4a55bf2244ad740299098886e472ba2ba3ffec5766fc3dab81f,31b6e974b5005e68bb9157af40ba475cddedc3683dae2e4ac036a9dadcc65d34,256,float64,True,[REDACTED_LOCAL_PATH]\Tony Hidayat\AQ_OpenWorld_Codec_Provenance\17_features_b1\representation_a\5f8174545158a41429d98030.npy
e7874fb2fe7d8f2cae9f77a5,b37bafc09abf6caf4cf3feaf39e657bcd8f81b00cb70821fc38a5ee922a1f6ab,3905752dd71917b92395c98d48e2f93bb826a184c11d3e59190915f05c293b39,256,float64,True,[REDACTED_LOCAL_PATH]\Tony Hidayat\AQ_OpenWorld_Codec_Provenance\17_features_b1\representation_a\e7874fb2fe7d8f2cae9f77a5.npy
08aca98c54af170bcf84da8f,a20b2b0287f7975a8a4bccad2db3f997ad65df3df9fc25fdfc8dde8d733ef039,aec52a57c8d87bdaeb627b284c050f1c533508400f64636da77af2554ef13b0f,256,float64,True,[REDACTED_LOCAL_PATH]\Tony Hidayat\AQ_OpenWorld_Codec_Provenance\17_features_b1\representation_a\08aca98c54af170bcf84da8f.npy
dd4222a19ec6aa735754ae74,b8e31a53566429a69d06400c38ed270dc9af8b80ecf622d6f638d646dfb3e61d,7305c37e47efc685031dc87c39f5c88ff3f6029ff35076d9adf488f9aaf5b47e,256,float64,True,[REDACTED_LOCAL_PATH]\Tony Hidayat\AQ_OpenWorld_Codec_Provenance\17_features_b1\representation_a\dd4222a19ec6aa735754ae74.npy
3a75b54eba60c984e35470c3,fe2f014b60a9a3926dfab3e05f27e9d368b45b0333d29e25a1906cb1037689e5,0d08856954d019ff501188bccec367dd6f3e507202edc7d01b46f1c1598cc199,256,float64,True,[REDACTED_LOCAL_PATH]\Tony Hidayat\AQ_OpenWorld_Codec_Provenance\17_features_b1\representation_a\3a75b54eba60c984e35470c3.npy
a4d79ef175bcf2972359fb39,ef0ac407f2db346598e068d75ebf272ff07f63fc483dbdecd72f7536082875b5,1fe6af3db8c5ba6c05628daf8d0a47b35b7c21c9b91639a299216100d99ab29c,256,float64,True,[REDACTED_LOCAL_PATH]\Tony Hidayat\AQ_OpenWorld_Codec_Provenance\17_features_b1\representation_a\a4d79ef175bcf2972359fb39.npy
b2f26a43fefb110ea569bd1f,30cda6f694962a87c34a7ee0bf561c5713a689bb2cd3673097a061c1adbb5810,23c536d56380a75446b7d3360e81da170bfa3789fc4eae4b621732061543e88f,256,float64,True,[REDACTED_LOCAL_PATH]\Tony Hidayat\AQ_OpenWorld_Codec_Provenance\17_features_b1\representation_a\b2f26a43fefb110ea569bd1f.npy
41812dc6de69ebab49cd26e6,a143e0dd318fdcbacbf5a8ed40ac9b2ee08e24c982c823e16499a028aca7e976,852e2fe506527503546eb441d25fc9ae95310c8c68e2b9ab84c13f7918a6a6cc,256,float64,True,[REDACTED_LOCAL_PATH]\Tony Hidayat\AQ_OpenWorld_Codec_Provenance\17_features_b1\representation_a\41812dc6de69ebab49cd26e6.npy
e4da8f2c1f2dd5dbf7ce2d27,d6a81762baf1beb4a0b4980cc25f8d83962d181426b7e77f8a84e4a264ffbd0b,84c67f145ee775045dc82ed14f02f3467b315bcd65eff3c7e58a54e0745bb92a,256,float64,True,[REDACTED_LOCAL_PATH]\Tony Hidayat\AQ_OpenWorld_Codec_Provenance\17_features_b1\representation_a\e4da8f2c1f2dd5dbf7ce2d27.npy
72a9a752ee9f1bfd1a450db0,b779792469fed3cafd44bfc3a2b7d5f7be50106a7c514f0cce45221815c25211,f4d8c069b910b23de93841bd177699034de17e39d7f384ad8d85c487f59605ef,256,float64,True,[REDACTED_LOCAL_PATH]\Tony Hidayat\AQ_OpenWorld_Codec_Provenance\17_features_b1\representation_a\72a9a752ee9f1bfd1a450db0.npy
28850862fcaf60c212ae4131,ee7ffa4501c2d110302013e8c6eb23ac9531baab4ec198b0cbf1650899fd6d89,361e1cb1465ced28f555b9de62272d52a06e1731ada27589f332db788cb1baca,256,float64,True,[REDACTED_LOCAL_PATH]\Tony Hidayat\AQ_OpenWorld_Codec_Provenance\17_features_b1\representation_a\28850862fcaf60c212ae4131.npy
ed1243fde5d7906d57971561,4f3fdd6c7576ef1d7f46ca40c5369a98b7ee5831b2b1f1c5e04917769e2a87dc,01e8a0852a4bc93f6990be731d0a1a978147e48682482eb64aba31bb63c1a487,256,float64,True,[REDACTED_LOCAL_PATH]\Tony Hidayat\AQ_OpenWorld_Codec_Provenance\17_features_b1\representation_a\ed1243fde5d7906d57971561.npy
bdf3ff30e3261c1627e6f8db,592746832223b1bb543d6f6473394ba7f220d11e97751d4beea82bb5ea7139ce,8e34ccc3d408edf91d209b42387e95fb3c4bf84fd3e7270e7f59c360d3ee4019,256,float64,True,[REDACTED_LOCAL_PATH]\Tony Hidayat\AQ_OpenWorld_Codec_Provenance\17_features_b1\representation_a\bdf3ff30e3261c1627e6f8db.npy
40ce47b042acf188ae40cd57,76b9d97736b640469e0488476a131b6fb32de9ef4f2149fc7755977154d5f7f4,a640bf387cd3754d9816159ec74840b4c302d275b6ca3633f4ee3c898ae9d15b,256,float64,True,[REDACTED_LOCAL_PATH]\Tony Hidayat\AQ_OpenWorld_Codec_Provenance\17_features_b1\representation_a\40ce47b042acf188ae40cd57.npy
5cebd7a5bae32fed3c390158,59acfa60a019c2e12b0e804c3eb8edc3a249e46fbfe44a8594303192a89ed22d,f979268291b5a8092197c754973e90229e049a73bc028029567fa595e2b64def,256,float64,True,[REDACTED_LOCAL_PATH]\Tony Hidayat\AQ_OpenWorld_Codec_Provenance\17_features_b1\representation_a\5cebd7a5bae32fed3c390158.npy
f6c7a89c243df56a8573065a,53d09fad0968cd746104d95cad38c2a344ff218e007b08af6cca66b5035cb233,7227d566a42706a16293cfe3b078b0607fb6e243be55827b1a376939c9cef30a,256,float64,True,[REDACTED_LOCAL_PATH]\Tony Hidayat\AQ_OpenWorld_Codec_Provenance\17_features_b1\representation_a\f6c7a89c243df56a8573065a.npy
5fabc84082b4e23f1950d995,1c4160849080781d39169ace3abc2ca7092fe0dba071b293a7b2110827f5e4fc,1fd6e8e0418ee47c02b79a34fbee1a0a22bbaeb2c0646287655fc9bb62399344,256,float64,True,[REDACTED_LOCAL_PATH]\Tony Hidayat\AQ_OpenWorld_Codec_Provenance\17_features_b1\representation_a\5fabc84082b4e23f1950d995.npy
543e761449790b2029d2f540,19002229169b431d15da8b763b63de47ec130c55f4ca034f5d9d75f16990f0e8,a03e97b66f73fc1e892ab968f070b5358a5b534c16434753245fd8b767415286,256,float64,True,[REDACTED_LOCAL_PATH]\Tony Hidayat\AQ_OpenWorld_Codec_Provenance\17_features_b1\representation_a\543e761449790b2029d2f540.npy
72f836ce49c7a9764dfef5ee,be3c3d0560df5a433a6f4a1812c2e57209af3008b5015917888a90d96d314785,a66b7a26c4679e5777a0ba7b91f87e750635fde2e8012016cb6f0598f9863978,256,float64,True,[REDACTED_LOCAL_PATH]\Tony Hidayat\AQ_OpenWorld_Codec_Provenance\17_features_b1\representation_a\72f836ce49c7a9764dfef5ee.npy
b93a5dcd9f7f971b5cb70014,8b9e30e443ceade93c740eeb98996357a0d3ed50b00621392754602efca02699,df50d3a8d13a67ebb0871dfac2708cb1ff8a4f58dad7b59159afc6c6a7e051db,256,float64,True,[REDACTED_LOCAL_PATH]\Tony Hidayat\AQ_OpenWorld_Codec_Provenance\17_features_b1\representation_a\b93a5dcd9f7f971b5cb70014.npy
f02d245e31f23549f4dda3e5,c2ce0a380728f2f5a4a9245d22d6deb9204862645da76a2b00495ba74781460c,60eeab7bb6df6711e4d646de020fc2bad05289d9c57a1ff86537f3bc759df1f1,256,float64,True,[REDACTED_LOCAL_PATH]\Tony Hidayat\AQ_OpenWorld_Codec_Provenance\17_features_b1\representation_a\f02d245e31f23549f4dda3e5.npy
4b150fcf9f6e4514516c01a3,8947dc3675e4a1ce3f019b7e6f900170753aeccfc57f72b8e873f4c5d0be97eb,34fc825f9ddabbc268f771559e4858d824e2788466895a32650461a440e2bb87,256,float64,True,[REDACTED_LOCAL_PATH]\Tony Hidayat\AQ_OpenWorld_Codec_Provenance\17_features_b1\representation_a\4b150fcf9f6e4514516c01a3.npy
ee86fe028711d03bbc72253b,2e8ee932078933d48217f0aca98dfabfb97ba2eb2f4214b76d9d86b6f06ad68b,77148e8c06668f248ec842aa02a371618309d90e4dc86958e51a0eda20ac23d9,256,float64,True,[REDACTED_LOCAL_PATH]\Tony Hidayat\AQ_OpenWorld_Codec_Provenance\17_features_b1\representation_a\ee86fe028711d03bbc72253b.npy
8294e8fc8d2f1329eb9e0326,b5f65fecaec5ee798c12f39291d480f39e47bf183116595704aeb111d84e63b6,c8009e2e7c6426ac64dc63f4e2af79d42dfd88550ff1d0159b49a2b74ce8174a,256,float64,True,[REDACTED_LOCAL_PATH]\Tony Hidayat\AQ_OpenWorld_Codec_Provenance\17_features_b1\representation_a\8294e8fc8d2f1329eb9e0326.npy
85bd77905fbd0e59fbbd3298,bb3013baf5684d99c5cedc4815973d9c3abbb32f61426234c2790b514db27059,ce7ee1ee9b27b41b7a198ef2c894f2b5859c66c8b193baeec6be783f29170faa,256,float64,True,[REDACTED_LOCAL_PATH]\Tony Hidayat\AQ_OpenWorld_Codec_Provenance\17_features_b1\representation_a\85bd77905fbd0e59fbbd3298.npy
ff0afcafdc2581853a0079b1,012c5e155e2b61d64510e3fd7fa1bcb0c18e5b3d4ca391665051cebe56ef4570,31550d84d2570867fba8771b6531554c5cf8af928c0b568ca56a1cf8a9e5eb86,256,float64,True,[REDACTED_LOCAL_PATH]\Tony Hidayat\AQ_OpenWorld_Codec_Provenance\17_features_b1\representation_a\ff0afcafdc2581853a0079b1.npy
1f33391356305e4b0da9f7ef,9e47ac39a8fb82cd8b4f9ae0a58cc02995ad489f30df612b09f1a65d36bcdebd,e1e5c88e75c2ccb44624e2bcf81b3da11777f6a2539c7e3004f5c28cc490a145,256,float64,True,[REDACTED_LOCAL_PATH]\Tony Hidayat\AQ_OpenWorld_Codec_Provenance\17_features_b1\representation_a\1f33391356305e4b0da9f7ef.npy
c3ba9de23c958c101ca6b779,84f13a678a2954c88d01d294e10794ce03af257f259b1c1d9e339825b73dc448,838a9eb732007a1de4d7a8d21ea1bcf472bd3756ff07b86f2b191e834b8a4612,256,float64,True,[REDACTED_LOCAL_PATH]\Tony Hidayat\AQ_OpenWorld_Codec_Provenance\17_features_b1\representation_a\c3ba9de23c958c101ca6b779.npy
e542b84d521112eb9566aa61,991a23a21df9fca5291fb126cd75c6e5398f85ec9fcd48d63740b00266de8ae3,6cdae0dcdf231fd0282339fbaeec28251f4709f1fa85bf099fa6800e6c080597,256,float64,True,[REDACTED_LOCAL_PATH]\Tony Hidayat\AQ_OpenWorld_Codec_Provenance\17_features_b1\representation_a\e542b84d521112eb9566aa61.npy
33acd74e6523e2fefd3eebd6,edb19ff20b148be75a0442d6d66bcb4fc402b793f6bdee146f11a150a2ca6c6f,dc93c05455b070d8b29ce1a2e4a8864c79abedda0143fc9b7b381c631fde0890,256,float64,True,[REDACTED_LOCAL_PATH]\Tony Hidayat\AQ_OpenWorld_Codec_Provenance\17_features_b1\representation_a\33acd74e6523e2fefd3eebd6.npy
7d628df587e8b0ac7cc7ae69,5dc7ec512352dca7bf5a373ea44d2ce166a6794c7414b4b68716587f163d40b6,556f323f6a0a657fff74c501399734e14c5a5ee271c20ad37f6ad1e366f80b8f,256,float64,True,[REDACTED_LOCAL_PATH]\Tony Hidayat\AQ_OpenWorld_Codec_Provenance\17_features_b1\representation_a\7d628df587e8b0ac7cc7ae69.npy
3194944c1820feafb8592998,238a81cbbdb4fcd4c69f9d7e5ed9f6ec2529f38ef5655c48faf4c2a129b03d1f,d154bb86dd0ada5d290ccf726009fbf497991d886dd235a0b67da05cd525ca8f,256,float64,True,[REDACTED_LOCAL_PATH]\Tony Hidayat\AQ_OpenWorld_Codec_Provenance\17_features_b1\representation_a\3194944c1820feafb8592998.npy
948ffe07fa0f4c66dcb17459,89bb6a131e5be99e2a1bf67bf500eb190a0e741346d9e8086cfc84fc83f5bc0c,b8b076eedc87842ee150219a026c879f80cf51743f7347ed0d9458fdf4af6d73,256,float64,True,[REDACTED_LOCAL_PATH]\Tony Hidayat\AQ_OpenWorld_Codec_Provenance\17_features_b1\representation_a\948ffe07fa0f4c66dcb17459.npy
d8ef748b71c49cce57800330,2c996e4a63ec0a9212453b9b1203c46ec3576b01d73ceb981d06e6edfc65e108,3597af296f3ad96c6782c5fe0adf84201f347e40d86bdcb747bbd82b9bf2e84f,256,float64,True,[REDACTED_LOCAL_PATH]\Tony Hidayat\AQ_OpenWorld_Codec_Provenance\17_features_b1\representation_a\d8ef748b71c49cce57800330.npy
49e503d654dd64a87e6f4022,3a2356597b28559ba6e1b21ab7c19376883a001cb328ae706f92e5f1ea2b8e9f,26b3810c97d0d28784fcdff389dab6e8fbf14e57e88ac704acd77c1284cb9d2a,256,float64,True,[REDACTED_LOCAL_PATH]\Tony Hidayat\AQ_OpenWorld_Codec_Provenance\17_features_b1\representation_a\49e503d654dd64a87e6f4022.npy
9dad7b06e3018c40c2344c75,40f131dab8e942b47d199292d7dab33829827df4e8d389305bdb2d52082b0873,b8b8f42724488e9aceae47ccb02d92a03ef8a43b8e40823122b28ab2a7dc7bb9,256,float64,True,[REDACTED_LOCAL_PATH]\Tony Hidayat\AQ_OpenWorld_Codec_Provenance\17_features_b1\representation_a\9dad7b06e3018c40c2344c75.npy
64c0ea832fd2640870a46352,d55cb4673c98f0774baf78291ddafbedf77ff80e3903c85aa77909d67a43780f,a30db09e01285f4d02b5a3cb52095ade01e32f9e386684420c0c6ebc1d8570fc,256,float64,True,[REDACTED_LOCAL_PATH]\Tony Hidayat\AQ_OpenWorld_Codec_Provenance\17_features_b1\representation_a\64c0ea832fd2640870a46352.npy
a84a521a5da52420e24ad11e,d3153553e03074159fa0cdaa01712bb859a145b26a021ce1fa54717091b70a11,ca01103d22ab20213a5cace1eea4564e7cb9cc22e943e43980415feff571dce2,256,float64,True,[REDACTED_LOCAL_PATH]\Tony Hidayat\AQ_OpenWorld_Codec_Provenance\17_features_b1\representation_a\a84a521a5da52420e24ad11e.npy
0b3d95077152d7d27a57cd48,1aa2bc166ef3d8c9ec70244df049ddbcbb1f81ea5c4bc76ca234e99cfad184c8,8e2df348994ee4c43e3026c63468857dccfe4b64daad62a8d4ae98dca6a6b058,256,float64,True,[REDACTED_LOCAL_PATH]\Tony Hidayat\AQ_OpenWorld_Codec_Provenance\17_features_b1\representation_a\0b3d95077152d7d27a57cd48.npy
930e1a37e553ec99024e3452,20327422185f61523a90927913ae10694e24708b13518c7f4a5dcfb9f0cea241,9795433ca50fb3ae70499152620e0643d83e0fd0651268af762c7c3e001e8519,256,float64,True,[REDACTED_LOCAL_PATH]\Tony Hidayat\AQ_OpenWorld_Codec_Provenance\17_features_b1\representation_a\930e1a37e553ec99024e3452.npy
cf2f88cc7bb7552cc0648671,fc8e9829b2fefceb829a31152b65722a1a560fc4584cc10fbc5656b848da95eb,665fa30f62a979067967321485d00558e54d278159207ec09e89783ac0b78c94,256,float64,True,[REDACTED_LOCAL_PATH]\Tony Hidayat\AQ_OpenWorld_Codec_Provenance\17_features_b1\representation_a\cf2f88cc7bb7552cc0648671.npy
3d9f737423a99bece82446c7,9398a663cf881a83a1406685feeb84e3351e8f6530227b62637e1e9e3dcf9cbc,e0bc186d6f640db663fe63abb6b82546feb078f68fc96a7d668c3175651c6ca2,256,float64,True,[REDACTED_LOCAL_PATH]\Tony Hidayat\AQ_OpenWorld_Codec_Provenance\17_features_b1\representation_a\3d9f737423a99bece82446c7.npy
8c103dea0b37138232f26273,c6897f9875fb0e23f5e419eb0db1ab46cc2a961606bb8239c0b4cfe5216c9129,96a414e04149817cfbee7a1dc011fc1fdc5de66259c69cd417b8d524f85cf219,256,float64,True,[REDACTED_LOCAL_PATH]\Tony Hidayat\AQ_OpenWorld_Codec_Provenance\17_features_b1\representation_a\8c103dea0b37138232f26273.npy
94e6db2fb9f8097b560512d0,bd444df80e26d21880f0307dd746110157c7ec9d072420967b48df2f2d0e0de8,3c29dd4d65de647f8a108964abe903614afc11c724b7973bb6622972d38f10c0,256,float64,True,[REDACTED_LOCAL_PATH]\Tony Hidayat\AQ_OpenWorld_Codec_Provenance\17_features_b1\representation_a\94e6db2fb9f8097b560512d0.npy
9ff57e49a6dd87d4f638e38a,16a71d23c60ed1e4f94d2b4bdfa7a2f94862f92ee81d9e78715cd298fec1d59c,c45c4909076765ddaefcea61474907c3263a24033572e16ec786844c978c26fa,256,float64,True,[REDACTED_LOCAL_PATH]\Tony Hidayat\AQ_OpenWorld_Codec_Provenance\17_features_b1\representation_a\9ff57e49a6dd87d4f638e38a.npy
8c1c163a9d72cad573fc2875,c74d1bb6654d0c27793af38a657512971cd296db1ad9a53646b7dfa22cdf017a,cc342b4f8c8dd4cefe2452750677980a207b0599ae914771e33c1a501a29950e,256,float64,True,[REDACTED_LOCAL_PATH]\Tony Hidayat\AQ_OpenWorld_Codec_Provenance\17_features_b1\representation_a\8c1c163a9d72cad573fc2875.npy
149bfc832f99f235feb786ac,515232b3e17834b5f268861819d656cb0f8140b525f328cb9d2ada585451e678,5f78aef4df8c35cf6de1137c3be9defd609d3490e54be4752d52221439c994c0,256,float64,True,[REDACTED_LOCAL_PATH]\Tony Hidayat\AQ_OpenWorld_Codec_Provenance\17_features_b1\representation_a\149bfc832f99f235feb786ac.npy
4689ba917662947140669be6,dd41fb52a54575e98b47c6fec9a19659bb4db66a4917cbbef05bfc3528a3fd4c,1a3cbb90912a21c6abcc034be549ce3a93a61176b3659262f3c0c08906eb98c8,256,float64,True,[REDACTED_LOCAL_PATH]\Tony Hidayat\AQ_OpenWorld_Codec_Provenance\17_features_b1\representation_a\4689ba917662947140669be6.npy
58177605f4de04f1aae2d2db,0f36af1b115d0d6edd60284aebce595ed7efc89432754cb011d9d3809e4c7ae6,48bba02ad1f9c1c9e302b0dbbe74cb589625450f47dcf3c48ac15b146b153592,256,float64,True,[REDACTED_LOCAL_PATH]\Tony Hidayat\AQ_OpenWorld_Codec_Provenance\17_features_b1\representation_a\58177605f4de04f1aae2d2db.npy
3192837a585c7cbc8072e023,ea8fb4c638b7a3ea10b68e4cb79a4e95e747e414526613582dbef2aac4c386f9,1518268a58e4f3bb5a1da84befca6e393c7db209d7e3d3d735295af1a810065d,256,float64,True,[REDACTED_LOCAL_PATH]\Tony Hidayat\AQ_OpenWorld_Codec_Provenance\17_features_b1\representation_a\3192837a585c7cbc8072e023.npy
0020f42d05266a086b63725e,05e28d1af6a87b14006c9884d38b18d53dfa0804dca3b17048c0fe1c6abee2db,1a5b2b3b88728a38c34e2b35043479b487dd7c7e8348aa8526bd01ee185c0f02,256,float64,True,[REDACTED_LOCAL_PATH]\Tony Hidayat\AQ_OpenWorld_Codec_Provenance\17_features_b1\representation_a\0020f42d05266a086b63725e.npy
d619501658e4d5ba80fc9f08,57f2596324542a049f4ae3aa5ee6ec62492502f997792794df4b2316d5bd2c1b,f20cfceccdbaf2e6a1193fec81976fc1c79f298267de44d1536b206a5ffb9121,256,float64,True,[REDACTED_LOCAL_PATH]\Tony Hidayat\AQ_OpenWorld_Codec_Provenance\17_features_b1\representation_a\d619501658e4d5ba80fc9f08.npy
712405955f64d260d81d07c4,af5812dabdc39476fc2cca3e7cc64bb4fba9342c68eeb5a6c323fedd7855de65,79cb4f19cdffcf5b4fdb661c992bc6de5d43348e473749b344cf77c7a2ce8a8c,256,float64,True,[REDACTED_LOCAL_PATH]\Tony Hidayat\AQ_OpenWorld_Codec_Provenance\17_features_b1\representation_a\712405955f64d260d81d07c4.npy
2bf401c7c70553eb2b2b0208,bd32f9176f0e796c32c05369efcd1a1cfb47a20ea2d19d2e51c02f22910acade,822943feb7dc6a6420b4848c6ab53bf92c6071dd59dc770027d325d1540b5df5,256,float64,True,[REDACTED_LOCAL_PATH]\Tony Hidayat\AQ_OpenWorld_Codec_Provenance\17_features_b1\representation_a\2bf401c7c70553eb2b2b0208.npy
a275c540ef37e7c5ace40bda,c48a81691cac0e51158bb92bc764d45a11cacea258ac06682771953047c2cba8,76030151f0eb360f281af3deab751bea12128eee1158c3c4579ed1fb1ad7f11a,256,float64,True,[REDACTED_LOCAL_PATH]\Tony Hidayat\AQ_OpenWorld_Codec_Provenance\17_features_b1\representation_a\a275c540ef37e7c5ace40bda.npy
1bf31f831a251ab67082f5b8,8c79ef117db2fae977d536e91b3c36e7f5b00637f2029e4ba25659a4fd72a258,399d1757005d3a916703665b4321bcee5e42fd975c4bdd3f6ce48fb892bfb299,256,float64,True,[REDACTED_LOCAL_PATH]\Tony Hidayat\AQ_OpenWorld_Codec_Provenance\17_features_b1\representation_a\1bf31f831a251ab67082f5b8.npy
a4970d5cee5210c10ec6ec2c,84102469c1fbdd27c8d7a9ce0d9d1df3b058df05e7941de2eab2b3fb81942878,0bcd2dba045f9755b32ae8b1bca3d0b33d99ad8b21c9fbb1ef59d58b7e8b51ae,256,float64,True,[REDACTED_LOCAL_PATH]\Tony Hidayat\AQ_OpenWorld_Codec_Provenance\17_features_b1\representation_a\a4970d5cee5210c10ec6ec2c.npy
c7a78e86b943e2001bc251dc,3cdd417e539fdeba98eb61f5b68ac564e9a3a3660a3b1f82bbe03a9143ce9a04,6df2226cbf78fbedbb530dfb0b746a830f2ec3ab3663cd52d615c21210e763d7,256,float64,True,[REDACTED_LOCAL_PATH]\Tony Hidayat\AQ_OpenWorld_Codec_Provenance\17_features_b1\representation_a\c7a78e86b943e2001bc251dc.npy
4c94f4667fdc5da92f7dec84,9e444f88bf54dbc9dbbfa97239deaf0b55ace9dac5e78b735750ee5ab859dc43,7fa471674c00b203aa5420dbb5b3825cddbf0b10d64ec17552a5bb7b3e1e59f5,256,float64,True,[REDACTED_LOCAL_PATH]\Tony Hidayat\AQ_OpenWorld_Codec_Provenance\17_features_b1\representation_a\4c94f4667fdc5da92f7dec84.npy
1110ecb050ab27cfa0f75269,1c41eb2bb674eb15ac8d64267ea9649eb7f630b2f97c64a32182da3960d9abaf,44a9f9878219fa5136430e0508184a9037e8838b7edf58d9865f9000ba4b00bc,256,float64,True,[REDACTED_LOCAL_PATH]\Tony Hidayat\AQ_OpenWorld_Codec_Provenance\17_features_b1\representation_a\1110ecb050ab27cfa0f75269.npy
9b381a0568ff8622f20abe41,ec33571ea2f8fccf5120d4e357662a9e2ec619fe8923c71367984a66d85160e9,a9dad80c6c73285ec1a0a439afe0504855bd017cd67f7c59c66fb584c33ef877,256,float64,True,[REDACTED_LOCAL_PATH]\Tony Hidayat\AQ_OpenWorld_Codec_Provenance\17_features_b1\representation_a\9b381a0568ff8622f20abe41.npy
2a281bbb0062f761f7928783,8d95cce495dddf62a6f2b0198a84f555c57ca0016ec55d4e185be73122307b9a,3f8a6fe4aad18384ae8e6e455b500c84c6bf7df537240ec9f9e8bdc46e901a43,256,float64,True,[REDACTED_LOCAL_PATH]\Tony Hidayat\AQ_OpenWorld_Codec_Provenance\17_features_b1\representation_a\2a281bbb0062f761f7928783.npy
75e24c68f018f85866c00090,8504661eeebb23302023b736aab0a42346b65182a42d69d27a56922f2082ef91,3f15bc662fc497cd18053c7d5d9e834d8b62831f3a6586eb38bc4f772cb4b4ad,256,float64,True,[REDACTED_LOCAL_PATH]\Tony Hidayat\AQ_OpenWorld_Codec_Provenance\17_features_b1\representation_a\75e24c68f018f85866c00090.npy
dd4ac7ba1335712f31fca5a5,983f0d3d4b60b9b047ccbafde99a6d7dfeae9c56c9b0cfc0e92e15e9deba6807,636fe287dc09a22553bc46c6e81f55cd06eb4adf637e8528a369638eaf5c5259,256,float64,True,[REDACTED_LOCAL_PATH]\Tony Hidayat\AQ_OpenWorld_Codec_Provenance\17_features_b1\representation_a\dd4ac7ba1335712f31fca5a5.npy
b0c96006efa369a07feed0fa,8e3477733675d0043a89ada04723bb75f388f7a5cc56555aaea56bffb2ad26f4,7d44b98ae4ced8ecf711f554b05f63c46db0564efdb3124b8fd941897826c51c,256,float64,True,[REDACTED_LOCAL_PATH]\Tony Hidayat\AQ_OpenWorld_Codec_Provenance\17_features_b1\representation_a\b0c96006efa369a07feed0fa.npy
412bc59f2920e41547a85557,c3e28fe9202ffe063093e505bebce70938a8421b3f630bbb60b70e84db17ee8a,df35b669e448feac03644c0ca8474a5f8d143ebd060ccd30b4dc60c555d98722,256,float64,True,[REDACTED_LOCAL_PATH]\Tony Hidayat\AQ_OpenWorld_Codec_Provenance\17_features_b1\representation_a\412bc59f2920e41547a85557.npy
26af847a3f5f8b5e64964b83,c8f0b7713ad3a8a1bb0abb1e8917441576a87ec3e2e400ae5193c8997cce812b,b6e5221725e1292da0159a755add85b3d156450f675d5d33ec6174d4476086b2,256,float64,True,[REDACTED_LOCAL_PATH]\Tony Hidayat\AQ_OpenWorld_Codec_Provenance\17_features_b1\representation_a\26af847a3f5f8b5e64964b83.npy
f0421cbd11fa044dddc4ea5c,0eddc70722086101c1bb5615d6088ca43936977a5ab6b4d1b11cf913b5c217dc,9645c351207a2fbae51a2b40f5593565e40d6a1da4ecb88b7e84bb894bc6cfb1,256,float64,True,[REDACTED_LOCAL_PATH]\Tony Hidayat\AQ_OpenWorld_Codec_Provenance\17_features_b1\representation_a\f0421cbd11fa044dddc4ea5c.npy
0011d53aed75671364ffced9,7c46d9f60916b4db694f7c89c58fb4ad567b92b630f08e1566ec9295417eda7e,d5b12d8757f373daefbacdf526349fa28c2d11e36b55d17dd8ee2ef826fe35d9,256,float64,True,[REDACTED_LOCAL_PATH]\Tony Hidayat\AQ_OpenWorld_Codec_Provenance\17_features_b1\representation_a\0011d53aed75671364ffced9.npy
9bddec29d8ee469f9ca55026,78c339351cc2d8b4d238cbe7e44275b404f45dfb15ae23f9b82129fc8cf864b1,8780301b85106166b0f6bae6901f3d1b0b46a8056d3d4d13ea251bd20c59fad0,256,float64,True,[REDACTED_LOCAL_PATH]\Tony Hidayat\AQ_OpenWorld_Codec_Provenance\17_features_b1\representation_a\9bddec29d8ee469f9ca55026.npy
f2bde36c0e03e75781593bce,7a13fc28414519913e4a09fe70bde5ed4422c7fd04fb7e1cefcb8f72a5ac139d,3d497ce764fe77dd5b1392748a42152d74c9665f49a61ee3b8dec023a3996bd8,256,float64,True,[REDACTED_LOCAL_PATH]\Tony Hidayat\AQ_OpenWorld_Codec_Provenance\17_features_b1\representation_a\f2bde36c0e03e75781593bce.npy
6fdf0b8963e19a611661f000,f0128fe5f98e702463d7bdb9b614ce070a430a9b774526c66e3b43b5d05f88d1,ef060fe2054834345912d1f8411081276f81b45357a6b71bbc1d4020328d01d3,256,float64,True,[REDACTED_LOCAL_PATH]\Tony Hidayat\AQ_OpenWorld_Codec_Provenance\17_features_b1\representation_a\6fdf0b8963e19a611661f000.npy
51c047c0250a03a64857d23b,374d493ad95a376e0dbe419770c5676d187d86200fe014bcf60469704cc224b3,d79365d0613651e3759ddba1b300d1bd07eece70af352f74c5f382a39c7ad12a,256,float64,True,[REDACTED_LOCAL_PATH]\Tony Hidayat\AQ_OpenWorld_Codec_Provenance\17_features_b1\representation_a\51c047c0250a03a64857d23b.npy
f011ffbf28353e2ea3ccde1d,c760690f85def72d17df66a24d15370c4a643368c474d903c2ca23371b934bbd,dbb1213609047220ef758f142cd56a4c004c286ce387f36b360e4f69c755ab68,256,float64,True,[REDACTED_LOCAL_PATH]\Tony Hidayat\AQ_OpenWorld_Codec_Provenance\17_features_b1\representation_a\f011ffbf28353e2ea3ccde1d.npy
ae8f5bf9f7736baa6d05e0d3,8879d3447a190eff264863eed0174e5e94232c24930168f369343713022f4a67,dbf8978e4c20f23c37ad1a39af0710feb5d2f3006abba95365c7c10a0885def1,256,float64,True,[REDACTED_LOCAL_PATH]\Tony Hidayat\AQ_OpenWorld_Codec_Provenance\17_features_b1\representation_a\ae8f5bf9f7736baa6d05e0d3.npy
00d5c97e35eb47bbdcf4beb7,20a3301997ee8f3d40f7b55129e1ea728aeb078567525f39af8a48cadb94b33c,995551b2d4671a1549daefb0a96391a1d67b055afdaf8e7e15b7a8ba5f6a064e,256,float64,True,[REDACTED_LOCAL_PATH]\Tony Hidayat\AQ_OpenWorld_Codec_Provenance\17_features_b1\representation_a\00d5c97e35eb47bbdcf4beb7.npy
2e587941eb543cdc0ab5f96c,4c6708c3d5da8b4deb6e0ce2351802a8d6a23b57e797d063483f85b59b06660c,a84e7f860fd9f8057d41a79cd6a32547d650f1d3e5a7f89c2abffb5f7ff31432,256,float64,True,[REDACTED_LOCAL_PATH]\Tony Hidayat\AQ_OpenWorld_Codec_Provenance\17_features_b1\representation_a\2e587941eb543cdc0ab5f96c.npy
e2164a3fd16b7ff347e5f98c,e05e38a4fa38be115bcd255fc4f07806590c79226656e44fc8d20347de239695,5b8f1e82b31223daf2811dacf64dd6e93795e28ff658a4463b6a4d4d3201d87f,256,float64,True,[REDACTED_LOCAL_PATH]\Tony Hidayat\AQ_OpenWorld_Codec_Provenance\17_features_b1\representation_a\e2164a3fd16b7ff347e5f98c.npy
685cf176836e4a28efa6a344,05d9b21395b8e224039bd2884ab3ec1d805aff9964de280f1b063f4d97bbcf5a,0bc7f1408b8c0f6bccaec24f93a66cc5a65231a20588a96d0b2f6de8ebba2614,256,float64,True,[REDACTED_LOCAL_PATH]\Tony Hidayat\AQ_OpenWorld_Codec_Provenance\17_features_b1\representation_a\685cf176836e4a28efa6a344.npy
0cc6efb33f29f47c473e2c80,23ffe3c6a1108c033f3ca6ff82509851c23351bad846faf3dc1ba39b52f33de0,500df1e7a3119e2b4b9a754c8fd3484ad69bbe64f0574abe7d07c842f36a2356,256,float64,True,[REDACTED_LOCAL_PATH]\Tony Hidayat\AQ_OpenWorld_Codec_Provenance\17_features_b1\representation_a\0cc6efb33f29f47c473e2c80.npy
d87ab672133bcc4263bc0c20,58d7b5bafe7452d540e57950f15488a7e7558149eff23132031ab5456a96ed9a,ed29a06196c165257d8d1236cfab11e047693f5b85aed6da7cdb812a860cd928,256,float64,True,[REDACTED_LOCAL_PATH]\Tony Hidayat\AQ_OpenWorld_Codec_Provenance\17_features_b1\representation_a\d87ab672133bcc4263bc0c20.npy
a2045be2bb411c6adb05f264,3925d4d6626a7cb26247b8bb3d82dd52ed1c9309d64433e78c2cfb9716334df8,9c4530ccc9a96b240dd89800e6469cc60a6d69f3fde82d9d2e70c922cbabd9e7,256,float64,True,[REDACTED_LOCAL_PATH]\Tony Hidayat\AQ_OpenWorld_Codec_Provenance\17_features_b1\representation_a\a2045be2bb411c6adb05f264.npy
9b848bd0fb438234bc1f8a06,a5d1381096bcb49476eb60820f177c31a8715e250b329908a1628e77a6411f20,aede6cd5678a57e90fec9ec1b803e79e37b50a8a1b89a0103c570f26ce7de8e3,256,float64,True,[REDACTED_LOCAL_PATH]\Tony Hidayat\AQ_OpenWorld_Codec_Provenance\17_features_b1\representation_a\9b848bd0fb438234bc1f8a06.npy
9cf4bada6d5dac7bbfcffbdb,5791df22b178eb837a09054857f929f4e48cf5f84ec440b88a99794436661d69,c342650eb0e38909022b4524e46c120019f7467f7983191a78037b001a425d5e,256,float64,True,[REDACTED_LOCAL_PATH]\Tony Hidayat\AQ_OpenWorld_Codec_Provenance\17_features_b1\representation_a\9cf4bada6d5dac7bbfcffbdb.npy
831d970309ffc4f0d32d18ad,76b6a46a053f349de2a567ad606f75d8725fa2aec1552d14a552f55d3c4679fd,c33e09e1e906b6baf6ec995bb3cbaf882063382e8c4399485bd35b48454e6e9d,256,float64,True,[REDACTED_LOCAL_PATH]\Tony Hidayat\AQ_OpenWorld_Codec_Provenance\17_features_b1\representation_a\831d970309ffc4f0d32d18ad.npy
c66574bf027f439ea227e8e5,efa3119487b052d0481e7d08725d113a9e2fdc0a52000f22d1c91aaef709405f,bfdf3251d37163db99616a0fb3aea0d61ecaa04942567523ba10a06a9733a3ad,256,float64,True,[REDACTED_LOCAL_PATH]\Tony Hidayat\AQ_OpenWorld_Codec_Provenance\17_features_b1\representation_a\c66574bf027f439ea227e8e5.npy
89fe577cb01608bff95fbacb,a5b854e8ed4eec329153c2d513dcd20daf2cc29acdf6375091fdcdb7558c0b64,61703953f6f528cf6ec4a903472080f1fa1b5f5efcfa97ccfa10c6ac9ee10d0c,256,float64,True,[REDACTED_LOCAL_PATH]\Tony Hidayat\AQ_OpenWorld_Codec_Provenance\17_features_b1\representation_a\89fe577cb01608bff95fbacb.npy
cf49f38647213e880f295557,3d6dedfb633e0aaa6b5c41d0af97baa0a549de0e3dc02cd56c0e0096aefdf50e,a97fcb417ed00e04b80b37451e4e61d6a835752d95c70f03bd2b6f3d97c0aeed,256,float64,True,[REDACTED_LOCAL_PATH]\Tony Hidayat\AQ_OpenWorld_Codec_Provenance\17_features_b1\representation_a\cf49f38647213e880f295557.npy
8424c31b5706ff30a9b3facb,1ab4f0ebe9fcf605ed748a48c286a1df0bd52ecd9eac255e3b26f7feb6d19c6e,e9415f6bb191f73569159d2d583ae11b046f7a1b2543f8c92beefd03455a3db2,256,float64,True,[REDACTED_LOCAL_PATH]\Tony Hidayat\AQ_OpenWorld_Codec_Provenance\17_features_b1\representation_a\8424c31b5706ff30a9b3facb.npy
a64d917a74aa2a2e970409c4,597ddfd3eec43d07edd2e8b753f3aa74b1ebf8b76fdd914c2a16a98866aaadb7,9e854a389891895de7873785f589d9fdd90bcd3aeeb6ac2086f56eb0d2837c18,256,float64,True,[REDACTED_LOCAL_PATH]\Tony Hidayat\AQ_OpenWorld_Codec_Provenance\17_features_b1\representation_a\a64d917a74aa2a2e970409c4.npy
b0abad1ece8b37466e0f7aae,0d87f6d3f8484e247db75fbb2940749d07247ba72ab29728aad2d75694d1521e,c183147477df0b20cd448046954295d878df0ba5f694359947860bbeda1f4bba,256,float64,True,[REDACTED_LOCAL_PATH]\Tony Hidayat\AQ_OpenWorld_Codec_Provenance\17_features_b1\representation_a\b0abad1ece8b37466e0f7aae.npy
dbba9ad8299f9be5ca6dcdef,032053cecb8145f911693a52c633ab87e90dd3307538170de1ce74a7a61b1989,9fc40541eb9cfaa9bf37852c28ea92cbea0cdc95772f95d339be178e9de102eb,256,float64,True,[REDACTED_LOCAL_PATH]\Tony Hidayat\AQ_OpenWorld_Codec_Provenance\17_features_b1\representation_a\dbba9ad8299f9be5ca6dcdef.npy
ae4730ba8cb7daca192c1709,9e8031420ab03b0c43f2d344e03f6874144ed2433d07d1d993026eb30c860bbf,7431a5fcde4526892b920a0c314f6b1e1d545bdae05ca7da005903e5be7ca4b5,256,float64,True,[REDACTED_LOCAL_PATH]\Tony Hidayat\AQ_OpenWorld_Codec_Provenance\17_features_b1\representation_a\ae4730ba8cb7daca192c1709.npy
5b68150375a101cbb643bb6e,506e5f08e7b0644795507f6cb6a95ef08bef2258a96058dfafa5adb8229d9afc,40b1b8348a66922578792ba4ebb4e935966e8ea423216563617cff2ca6777955,256,float64,True,[REDACTED_LOCAL_PATH]\Tony Hidayat\AQ_OpenWorld_Codec_Provenance\17_features_b1\representation_a\5b68150375a101cbb643bb6e.npy
008f11b28bab41c0fd2a9841,d626330da82aa60ae4960b6d180ad4864e8a7a0db21e2b4e5834e4a482445975,157416e61c07784d4309d105e6d56380ef28b00451f08ed730220f772e7a38fb,256,float64,True,[REDACTED_LOCAL_PATH]\Tony Hidayat\AQ_OpenWorld_Codec_Provenance\17_features_b1\representation_a\008f11b28bab41c0fd2a9841.npy
c383c9b2014525417c706305,45151247c7c0eb1d1aed2e02071f5c23a2c3a9aa8ecb055d4f2326c5296be35f,3757c38000530efbd457872e8f5b92494c1d88ba05d02f8865f0caadcc1fdeb4,256,float64,True,[REDACTED_LOCAL_PATH]\Tony Hidayat\AQ_OpenWorld_Codec_Provenance\17_features_b1\representation_a\c383c9b2014525417c706305.npy
45417dd11294bf7ff8d743e8,e12aadfd69b995e62ae18f97b24de9e8eb9e61bc550efc188ba9019d15e6686a,ebcb8ca7a175fea89fee7e17408f6e1e2b1eb82058d4cb5633e008ffdd1a46b0,256,float64,True,[REDACTED_LOCAL_PATH]\Tony Hidayat\AQ_OpenWorld_Codec_Provenance\17_features_b1\representation_a\45417dd11294bf7ff8d743e8.npy
a04ac565b447ade2fc989c94,4d40b6183e7d872b0c3fabfb9348652b2f589b08c8dcf3c97ba1a24f08b94689,d83d2d5e10dbbd3ccc15f5272e7c7755a80f218b50189f8b1ebb693ad9091caa,256,float64,True,[REDACTED_LOCAL_PATH]\Tony Hidayat\AQ_OpenWorld_Codec_Provenance\17_features_b1\representation_a\a04ac565b447ade2fc989c94.npy
b30ee7fd65e96c32a48b1d80,9caeeb488db2543d6e43912019e0b2db59e5f3eae28796ac0aa555bdca56bf45,ffd7363b16f78d5649412dc1e897ce03b6c6b42c1c8e3221c38348d6b26ad6ec,256,float64,True,[REDACTED_LOCAL_PATH]\Tony Hidayat\AQ_OpenWorld_Codec_Provenance\17_features_b1\representation_a\b30ee7fd65e96c32a48b1d80.npy
b5b9b6be639852f77e3e8bf3,35ca1a944617d7931dda61359599b0fffdc077507403feae6a0ca50e874462d3,60be7695a99bce3f2f8a2bfd73804ef8cadfb2dbb00b5083d15f335e12a63335,256,float64,True,[REDACTED_LOCAL_PATH]\Tony Hidayat\AQ_OpenWorld_Codec_Provenance\17_features_b1\representation_a\b5b9b6be639852f77e3e8bf3.npy
01e5bdf5b81c25bbf5391ca7,6f9f9161ff264987e484b72af79ef58c50a26cb453abd6055a01e78c027ba85d,eed8bf99c7d9c9d13e38ebfa4630fb0d7ca646b0581d3c61ded6a9992e6a88b0,256,float64,True,[REDACTED_LOCAL_PATH]\Tony Hidayat\AQ_OpenWorld_Codec_Provenance\17_features_b1\representation_a\01e5bdf5b81c25bbf5391ca7.npy
4c78674f019184ae3bd45c87,209bf4203efe5218197c637e9e34c22e503d69798999c4c6eddbac24166ff13a,ad81f8f64245be0277f580a41bd51db388ee837b911b30d4f9d8b73b4833912d,256,float64,True,[REDACTED_LOCAL_PATH]\Tony Hidayat\AQ_OpenWorld_Codec_Provenance\17_features_b1\representation_a\4c78674f019184ae3bd45c87.npy
608abed5cc013c614e5b39bf,a0c79ab69a1dffc475bdc66e037e1e61755bbb374840e354a51f65fca7e28874,07075963307e5136020a0aba87256de2515d062c7f755d609c058e736f4a2dd8,256,float64,True,[REDACTED_LOCAL_PATH]\Tony Hidayat\AQ_OpenWorld_Codec_Provenance\17_features_b1\representation_a\608abed5cc013c614e5b39bf.npy
afc9537a0b41c4418c4506c6,baeae25bd24e1b0711a90cde114b9ba813aaa3435e06f881afe492ec453018ba,fdec3819521fedc093a45a7149a9e53beb77f581c0cac3cd3e9dd9122c040a0d,256,float64,True,[REDACTED_LOCAL_PATH]\Tony Hidayat\AQ_OpenWorld_Codec_Provenance\17_features_b1\representation_a\afc9537a0b41c4418c4506c6.npy
a4552d760787f673a23d5832,964d130f1752bf93569c4f5c84bcae2c178921d27228dfb331d194e41c86d0a9,d91da8a52a36ea8de1d6dc0399c5c707206ded9a6972f87917c1db3d0b208e5f,256,float64,True,[REDACTED_LOCAL_PATH]\Tony Hidayat\AQ_OpenWorld_Codec_Provenance\17_features_b1\representation_a\a4552d760787f673a23d5832.npy
64c9016c32c1e6c910247ffd,11e417514a792049e2181b1b065550d5fb4c1c8fa240d18df8ae6275b2ad1c92,ace158aeb0881f1071f7df2516474b80b7323c884edd5779eac9d9195945f048,256,float64,True,[REDACTED_LOCAL_PATH]\Tony Hidayat\AQ_OpenWorld_Codec_Provenance\17_features_b1\representation_a\64c9016c32c1e6c910247ffd.npy
fbef762a05e0ed9ea1a0b0b5,4d9e8a45727bc277b8cb92bb91085f80f4c9f2abdd4be4c02bd68afeea87a3b8,77cddb72d62d09fdc837185e21daeb3755686e9ff14bec96b60ce226af0a803c,256,float64,True,[REDACTED_LOCAL_PATH]\Tony Hidayat\AQ_OpenWorld_Codec_Provenance\17_features_b1\representation_a\fbef762a05e0ed9ea1a0b0b5.npy
f6cfe22826639d8e29d7fd48,01a199458bef5093e16d0ec2db4416a50543afdc65a1a052972073c39bb87f9b,7fe487658042766632dcb7eb18b4424ea5bb78ec969989a21de65d1631a9908b,256,float64,True,[REDACTED_LOCAL_PATH]\Tony Hidayat\AQ_OpenWorld_Codec_Provenance\17_features_b1\representation_a\f6cfe22826639d8e29d7fd48.npy
eb76ab1de75911880cef51e6,fb5b7ff46b5521044f3cbcb1aa0051777621367710bd69f1ea25584fb57307c9,a607850485ab2636e50a82d457af0548417b396de0d97f7d71998d39ec3b6624,256,float64,True,[REDACTED_LOCAL_PATH]\Tony Hidayat\AQ_OpenWorld_Codec_Provenance\17_features_b1\representation_a\eb76ab1de75911880cef51e6.npy
f89b56998e3fd1b7681c9d1a,0637389f32ae044bcb16ee6026f959725f924ed38dc4eabe8befdde3ac83f840,2a93a4f8d7c7adadeaa95f667b9ab51373e712f999afa235b1d3038770425911,256,float64,True,[REDACTED_LOCAL_PATH]\Tony Hidayat\AQ_OpenWorld_Codec_Provenance\17_features_b1\representation_a\f89b56998e3fd1b7681c9d1a.npy
8a4842c4c5a0e8c0ac7d4f95,4f8931fe3023c3400c691c1cb7e48cc97720e84142b17b25204936169d9a58d9,7fe1fe6c1cbbea71de960544951efab774ef75921d328cb3cb71bc8acb769566,256,float64,True,[REDACTED_LOCAL_PATH]\Tony Hidayat\AQ_OpenWorld_Codec_Provenance\17_features_b1\representation_a\8a4842c4c5a0e8c0ac7d4f95.npy
93b248995e4bd81f76abeab1,105a7eb7d2536b0f67564b13ce9867205429fe81cf9f2ff2254bad14bdc56bd8,8b46c2fcd031adb2f4d494b9a561ccb20471355d110d17220b66f83afa2de9e0,256,float64,True,[REDACTED_LOCAL_PATH]\Tony Hidayat\AQ_OpenWorld_Codec_Provenance\17_features_b1\representation_a\93b248995e4bd81f76abeab1.npy
5353b0be8b149a0e07fc0296,6cae62cc26e1dd7f8145e3b5507a5abc07c6234bf123306591a7b9df7ec0bc9a,32a0f21c80cd5ac1e1688f4c0e1833412f5b7b43ccc0d2fe812d05f2c5be8e2a,256,float64,True,[REDACTED_LOCAL_PATH]\Tony Hidayat\AQ_OpenWorld_Codec_Provenance\17_features_b1\representation_a\5353b0be8b149a0e07fc0296.npy
eb25a1709d0267eceb7cfb64,21e2a309dd7a9ff596799735bd2dd12edf1813494c70a83c33859f8e659e6858,b032a3837671f9a4ad2eb479329e045b1761e0f41645801172fb4e3bf07b8401,256,float64,True,[REDACTED_LOCAL_PATH]\Tony Hidayat\AQ_OpenWorld_Codec_Provenance\17_features_b1\representation_a\eb25a1709d0267eceb7cfb64.npy
177f24154fbd1320467f190c,29bd581de99098f9502f0b715b4827b4fcde4fe29f0bb81cc9c5ecf26250d77e,439a129f3a743a839d59ef6bf50e9b47af151e4798d40512f153c3726ec54bdd,256,float64,True,[REDACTED_LOCAL_PATH]\Tony Hidayat\AQ_OpenWorld_Codec_Provenance\17_features_b1\representation_a\177f24154fbd1320467f190c.npy
98f0f7597b3082fd9839c261,7883f6814beaa83adbdc7e224018f5b0e6ec7938077868fb5a2fd46ca4c3cc0c,3d94de26844dc3042aee41f1765a8ee4abfe73bd0173ddc86a71f1caf244e4d2,256,float64,True,[REDACTED_LOCAL_PATH]\Tony Hidayat\AQ_OpenWorld_Codec_Provenance\17_features_b1\representation_a\98f0f7597b3082fd9839c261.npy
bc4cd1c66622b4add7e50c81,543f188956ed0caabcadfd238e731fa46f9ed3bcecfd77630748fc72e4d2f7ff,1eb7344d0e33c9c04e2b679a49d6209b72873ec7ba234cc7a41b839888cfc0fc,256,float64,True,[REDACTED_LOCAL_PATH]\Tony Hidayat\AQ_OpenWorld_Codec_Provenance\17_features_b1\representation_a\bc4cd1c66622b4add7e50c81.npy
ad1134eccceb7c8714cc6450,1cd717bb812e9abc07b67a0d8ce4b8d8e58439eaeac253d837622f5967399f12,3bb8f75b15effadf7e3301dc1154500f15d030e54e3c5f73c14e195cfcc37b51,256,float64,True,[REDACTED_LOCAL_PATH]\Tony Hidayat\AQ_OpenWorld_Codec_Provenance\17_features_b1\representation_a\ad1134eccceb7c8714cc6450.npy
f0dbafb0677b41a1a32fefab,b40fe5f963508abcf990cf8cb7fe2a3504dbe430730def4b539c619a14e10d90,00fc64b2710049b5382b5fdca4343ce1dcd11956e6235ddc1a0b6fce60eb8d9d,256,float64,True,[REDACTED_LOCAL_PATH]\Tony Hidayat\AQ_OpenWorld_Codec_Provenance\17_features_b1\representation_a\f0dbafb0677b41a1a32fefab.npy
69e2df3240d8f611df48da67,ba5fc849293535bf0e7a3ff244d3432a33cbf04501a44a886c408191b9274a82,eeb217e95c06e93a33cedce037d7dfb4142ed043aa606c8aa999e7bbdbe3d0e6,256,float64,True,[REDACTED_LOCAL_PATH]\Tony Hidayat\AQ_OpenWorld_Codec_Provenance\17_features_b1\representation_a\69e2df3240d8f611df48da67.npy
f16d7affc4aada68bdf461d3,518d41efdd4ef3488997776bfa73b24457b2d0cdd641a01cd3ac0478bbfb8103,9ccb0da3fcdce95ffc97d0248a0692193926bedf0a1f0a8b7bbb49e3ab65d465,256,float64,True,[REDACTED_LOCAL_PATH]\Tony Hidayat\AQ_OpenWorld_Codec_Provenance\17_features_b1\representation_a\f16d7affc4aada68bdf461d3.npy
74aef56061be302a13663204,2cf2327da3e701beadd9ec661cccaf5ed58bd37bbd65662fcca74db635ef3488,630b8745f21481872d4ff9e7f35223f4ac0708ce0fb59573bd9486382d0f883c,256,float64,True,[REDACTED_LOCAL_PATH]\Tony Hidayat\AQ_OpenWorld_Codec_Provenance\17_features_b1\representation_a\74aef56061be302a13663204.npy
6f0c9eb54c09da0b4abbac31,9b3815ba41d8385a5dfb8dbafd282172b74e40a01eab040ee4069c039f4948ed,c21b9e2c5303c287389820a9e9d4b434381d3d343fb258c4b9f423da886bc936,256,float64,True,[REDACTED_LOCAL_PATH]\Tony Hidayat\AQ_OpenWorld_Codec_Provenance\17_features_b1\representation_a\6f0c9eb54c09da0b4abbac31.npy
ca133ef40c6b749be5f6b66b,89af7ef74df1959dd4a4f60b27374d03df86b2397287358e208f09fd1cb4df6c,2ac389bb676a2e2d963bfeac35dce4b1bf4434350a15edf193184d5e440d28fd,256,float64,True,[REDACTED_LOCAL_PATH]\Tony Hidayat\AQ_OpenWorld_Codec_Provenance\17_features_b1\representation_a\ca133ef40c6b749be5f6b66b.npy
5eec74c9c1d5879b65d0c0ba,8ceb8c1868ed06b39289fcae2667a4f6cf756afccb4d866cd8fb01025fd5b013,f524d405d9edeb7d321c39075a667d4a4cb75c1094c499945c182e214f9f7dee,256,float64,True,[REDACTED_LOCAL_PATH]\Tony Hidayat\AQ_OpenWorld_Codec_Provenance\17_features_b1\representation_a\5eec74c9c1d5879b65d0c0ba.npy
9b391d45684a1a5256c6ce29,4696ee740fe13c0dde6d837dfa0fe173c79f5f52cf86c6f3aff040826bd8db2d,5a7821da3abd1259efe484b8dd98c0fc9a19147a6fd4f1969f708feed465b2b0,256,float64,True,[REDACTED_LOCAL_PATH]\Tony Hidayat\AQ_OpenWorld_Codec_Provenance\17_features_b1\representation_a\9b391d45684a1a5256c6ce29.npy
1cedab8d2f4da34f951de9aa,e4539a055835bb75452ef30464acafbcd5e2152cd872cca8dd9bedb09878bcb6,e3624e0b6147d4f724441d3169bb2d353f9a5d1efd518549389c1ea8ef37a2d4,256,float64,True,[REDACTED_LOCAL_PATH]\Tony Hidayat\AQ_OpenWorld_Codec_Provenance\17_features_b1\representation_a\1cedab8d2f4da34f951de9aa.npy
b28b49007a5539484a8340ca,a5b869cef4d9d84e900aeed42c8ac87fb1a9f722438c9c7c37b5c660a52949b7,564f6b51b5544ee03c9d2aa48686db87a367bd8b49cb494c4381ab9d482a1a0d,256,float64,True,[REDACTED_LOCAL_PATH]\Tony Hidayat\AQ_OpenWorld_Codec_Provenance\17_features_b1\representation_a\b28b49007a5539484a8340ca.npy
af57480838c1f259dee4ee70,fbee29ee5b8c10b72a048699227a3de1ced68852dd884641641de4b6e743833d,380372a204afadd9fdb9312178afab49293bf5e171c762704ae06922ff32c542,256,float64,True,[REDACTED_LOCAL_PATH]\Tony Hidayat\AQ_OpenWorld_Codec_Provenance\17_features_b1\representation_a\af57480838c1f259dee4ee70.npy
ee4efe700e7e8ce598b3fc74,779a34d894f53047fa27f9a6a9ba6cada37509b21b68630dfc15862220dd893f,138944a2fc61a7c60300b27e1cef693550783c166c01f642f23262d9109cf78e,256,float64,True,[REDACTED_LOCAL_PATH]\Tony Hidayat\AQ_OpenWorld_Codec_Provenance\17_features_b1\representation_a\ee4efe700e7e8ce598b3fc74.npy
f87a751a8619e98a0b0e62de,5e1d2de13ce1188ab5bb747ce6e8c3ecd9571b54ec1aa59ed98d4dc63a0c1eda,b6198cc0bf2e6573a08a39ea89b8c89f752f12f936e01c8b4b9ff45079323e3f,256,float64,True,[REDACTED_LOCAL_PATH]\Tony Hidayat\AQ_OpenWorld_Codec_Provenance\17_features_b1\representation_a\f87a751a8619e98a0b0e62de.npy
ee3ccac3dabbe3dbf7ddf045,bd23d09d4f10a0d4c2823bb0669b0152f91557cfe9b8c29202af202fb9066447,c471a4d8fb26d38155de8dd11f51735c495824925cacd1a39b1bc38ebbee32f1,256,float64,True,[REDACTED_LOCAL_PATH]\Tony Hidayat\AQ_OpenWorld_Codec_Provenance\17_features_b1\representation_a\ee3ccac3dabbe3dbf7ddf045.npy
ffd3625117212a3d9cd6c0df,dec91673fd8026f3647cdbb1fe4fbbf77bf6857b8a237a4e44b1cd0ffa90b09d,2233c1b0efe0f29a97b8be2f143692ebd0f829695bfc0ee63e2d8ef609b0f585,256,float64,True,[REDACTED_LOCAL_PATH]\Tony Hidayat\AQ_OpenWorld_Codec_Provenance\17_features_b1\representation_a\ffd3625117212a3d9cd6c0df.npy
dd9d456dd2027bffd6daa193,9ae469a52b7da257a4f0a9042d6c7b4443f11a0da8fe52617d27be105bc23dc3,cb7f020639c882502a8d74303c9116561731cc73dfad783fcfabd385ac8a784d,256,float64,True,[REDACTED_LOCAL_PATH]\Tony Hidayat\AQ_OpenWorld_Codec_Provenance\17_features_b1\representation_a\dd9d456dd2027bffd6daa193.npy
0bbf5ceffc29113afa62703a,fe628229fcc6c8efe732a57d72aa460a98ded034e8cee24d9e5abde41c5a1832,43c9af4b7e6cc59a061c886c208a1e1e43a55fcac5f88fe964acfd780151c242,256,float64,True,[REDACTED_LOCAL_PATH]\Tony Hidayat\AQ_OpenWorld_Codec_Provenance\17_features_b1\representation_a\0bbf5ceffc29113afa62703a.npy
d8e8411095bf2ec4891dea6d,4873309b8c3f80d3c5f77e8ce7a4eef6c5478db9ed7c75a650fc31919a6d8e5f,97b86fff50501cc2df9647ed6835eebebf3ec5fba42804f0ba88e1308225a6db,256,float64,True,[REDACTED_LOCAL_PATH]\Tony Hidayat\AQ_OpenWorld_Codec_Provenance\17_features_b1\representation_a\d8e8411095bf2ec4891dea6d.npy
4b674fdece151ae2734dfc26,088aa64947fa42340d1666e922eb1bc557cff500c766e10b935d376087b7d8e4,260a2f7c4ecd80a19210fc68e9690c324b2d6e2113b24f9640d11a69c59a1b7f,256,float64,True,[REDACTED_LOCAL_PATH]\Tony Hidayat\AQ_OpenWorld_Codec_Provenance\17_features_b1\representation_a\4b674fdece151ae2734dfc26.npy
c95e895edb53eec6ae42fab6,2a5a98449896565bdef6a0798b9db9c2e2e5569a0eb63ccd6dcc615f35fcaf74,238222b8faa6e07be40781e8cad48dd5db05f2a1f843930c2828d4d55ba976c8,256,float64,True,[REDACTED_LOCAL_PATH]\Tony Hidayat\AQ_OpenWorld_Codec_Provenance\17_features_b1\representation_a\c95e895edb53eec6ae42fab6.npy
19881b8f5936b1952d57933e,9a6e99f45d9f00478e39ef591342f4420860c39482945094fa58a76da5ea390e,629cecf900236474a9857ace9ce0c79c7a391991c61eb8aefe2fb967ffce8704,256,float64,True,[REDACTED_LOCAL_PATH]\Tony Hidayat\AQ_OpenWorld_Codec_Provenance\17_features_b1\representation_a\19881b8f5936b1952d57933e.npy
80fcc83ac10616185bdbab4a,8c8a472f0562ac9dc84d73530a683f09433f71a630bdc64fadf829cc56e43d23,62a3951b02762c58ebf6972960691f45a7262144d058e35c98b98be098cf924f,256,float64,True,[REDACTED_LOCAL_PATH]\Tony Hidayat\AQ_OpenWorld_Codec_Provenance\17_features_b1\representation_a\80fcc83ac10616185bdbab4a.npy
6ef6c743ae64e525c2ba4646,78642f6cf652519807728daf303b2d8007be45450c75130f5b6e791eebc37bc1,9c1240335b48cf9b1ac8c1b68efc46713584a4627486e7dea7ec3dfcae261986,256,float64,True,[REDACTED_LOCAL_PATH]\Tony Hidayat\AQ_OpenWorld_Codec_Provenance\17_features_b1\representation_a\6ef6c743ae64e525c2ba4646.npy
326dd29ee8fc9f5b2bf687f7,8ba7e16a3c3ae92f0cb025344561ed84251b7d9db72fbd69d6fe9d86b29e5df3,9d3cce25be490bf2306fb7a6fa5a347ee593932fc7109dc837466793485025ef,256,float64,True,[REDACTED_LOCAL_PATH]\Tony Hidayat\AQ_OpenWorld_Codec_Provenance\17_features_b1\representation_a\326dd29ee8fc9f5b2bf687f7.npy
c509362945df5bbfdcd434f0,f38ed42495862338b886b8f9ef9182038ae832e75f28b42a1e725b71a2790ec0,268cde132503f483007bcee1ea114752fd973b42fe8a3a1f1079f3b84b374a51,256,float64,True,[REDACTED_LOCAL_PATH]\Tony Hidayat\AQ_OpenWorld_Codec_Provenance\17_features_b1\representation_a\c509362945df5bbfdcd434f0.npy
d3022b0ef0594c4b3105d3b8,36cd61130fd8f3c4818bc37cfd13c7aaee753ff676a64c5bbac5c19e3b669a94,547ad7be7767ab041f4181040a3464b05003c89f32d4df3f4c654eaa965fbf14,256,float64,True,[REDACTED_LOCAL_PATH]\Tony Hidayat\AQ_OpenWorld_Codec_Provenance\17_features_b1\representation_a\d3022b0ef0594c4b3105d3b8.npy
f8e740750cf18e78f656dba5,18f3077da8dabfa243788c682abb937744ef472db6b04a9a158e7029af868216,c8bdbe69779d30d5bd1209815d48c42138b148602a162ad30ad541ebc7cdb852,256,float64,True,[REDACTED_LOCAL_PATH]\Tony Hidayat\AQ_OpenWorld_Codec_Provenance\17_features_b1\representation_a\f8e740750cf18e78f656dba5.npy
91873135191cddf1a60426a3,bff6d09345b045005a441ec1dcd35a7e89a55029a05ba59326c52141813482c6,b2375e78cfdef703bfda8debd58522cf895c859c3a5898b6ebd4ef46570e2551,256,float64,True,[REDACTED_LOCAL_PATH]\Tony Hidayat\AQ_OpenWorld_Codec_Provenance\17_features_b1\representation_a\91873135191cddf1a60426a3.npy
e2a6f05687b89c39b55e023f,0fb3f5bd2b1dd4044f0c9adc7cb49ef2ec5d31d7179ec120c02bc423e500310c,fd14edc5f0cac86437fd51c1cea76d8269b7baec5c995523b6f615b124090967,256,float64,True,[REDACTED_LOCAL_PATH]\Tony Hidayat\AQ_OpenWorld_Codec_Provenance\17_features_b1\representation_a\e2a6f05687b89c39b55e023f.npy
03c67c2138a3cdf69f8fbf72,971916338e2c45a95998e549b18c85b35fc28f1a1a04d5dd0331ad13aa171976,fcbe176cc84a96daab5d2633240314592e4d9cf486734fd0dbe54d27b4d4b703,256,float64,True,[REDACTED_LOCAL_PATH]\Tony Hidayat\AQ_OpenWorld_Codec_Provenance\17_features_b1\representation_a\03c67c2138a3cdf69f8fbf72.npy
3d2381155087d80a91ec50e9,3c285640840d40d1087889a58ba9d65aa2a1da1516ce4b462df505fe15a73abf,dea56cdd3262d495ad43ded824dd80c6e798656cc4f4f4e4753ec4181db71775,256,float64,True,[REDACTED_LOCAL_PATH]\Tony Hidayat\AQ_OpenWorld_Codec_Provenance\17_features_b1\representation_a\3d2381155087d80a91ec50e9.npy
4ad8c483f30b95ff0ba25028,3b04d6329e4ac19c7989031184289dcb3b416e037ef8ace2ba3cb6f64500acb5,7def63bcc24f6b427157ae19610b951980b86289f1e6c683645ca41bd4008624,256,float64,True,[REDACTED_LOCAL_PATH]\Tony Hidayat\AQ_OpenWorld_Codec_Provenance\17_features_b1\representation_a\4ad8c483f30b95ff0ba25028.npy
0c37add1e6ee34982c052eb8,e596d184f7b86dcffc5e8e55594e5f520d46187943ce44509adb793cceb023c9,b83fbc3211f2b522e434be12dba895b741e6738cea865da3d56be8067c3d6980,256,float64,True,[REDACTED_LOCAL_PATH]\Tony Hidayat\AQ_OpenWorld_Codec_Provenance\17_features_b1\representation_a\0c37add1e6ee34982c052eb8.npy
214389c40a88d9a87f302eee,6841b59eedda5a089ee0b506327a1a973cfd8ef7313cb60b879aa48ce4e84b25,c3f4b56b51ba8e2f4cc84ef4f88b7d0087be6f7c8b1ab0be602373ab7f1dc258,256,float64,True,[REDACTED_LOCAL_PATH]\Tony Hidayat\AQ_OpenWorld_Codec_Provenance\17_features_b1\representation_a\214389c40a88d9a87f302eee.npy
ebf102a20d1d8ca525249f85,452b781e35e82a38a1bc99a207c133054122463505bce19a3819f8def87b93a1,b322a5a83e6ef600e844b2da45a1910e9129ff76326d32276057cd0cb997d03f,256,float64,True,[REDACTED_LOCAL_PATH]\Tony Hidayat\AQ_OpenWorld_Codec_Provenance\17_features_b1\representation_a\ebf102a20d1d8ca525249f85.npy
ba0de75518f106fd002e5172,01679a4d3dd76a8b0b24a66ed3d5d5a10b2d61ba4f7e2f554e934ec31e1ebcd9,c8ca19b88f63898a650ecadafe8c42b9e1380e4fb7468bbc91dff2f41a294997,256,float64,True,[REDACTED_LOCAL_PATH]\Tony Hidayat\AQ_OpenWorld_Codec_Provenance\17_features_b1\representation_a\ba0de75518f106fd002e5172.npy
f94442c019b8161f7ffa4f77,0dd10d9ceb74c2e62172906ed7ab5dfa3c5d8e01747ac7c304ad2dfa05a1f9cc,83ad73a9ac8da8016f7e96cbf0913697fee1b2addfea9d22cdd8ad9e8309729d,256,float64,True,[REDACTED_LOCAL_PATH]\Tony Hidayat\AQ_OpenWorld_Codec_Provenance\17_features_b1\representation_a\f94442c019b8161f7ffa4f77.npy
76a347aa18aa6aaa6e5a36a3,80fadab60a74f0600827802a8ee09142adedd703063b7a4eadf87c594590716c,fc5376d33121ab96e1f004a44408517191dbee5d08900497300ab91b3856c750,256,float64,True,[REDACTED_LOCAL_PATH]\Tony Hidayat\AQ_OpenWorld_Codec_Provenance\17_features_b1\representation_a\76a347aa18aa6aaa6e5a36a3.npy
2e2d0b7be25b71e85a24a07a,786ee38b9d9307a7b4d096793d135e25a16d60065a75cce13e70e8bdbec4aa02,6b4e66f5e7c675b64a815b0325189233bd01c65f53ccfb13436421ce179f9048,256,float64,True,[REDACTED_LOCAL_PATH]\Tony Hidayat\AQ_OpenWorld_Codec_Provenance\17_features_b1\representation_a\2e2d0b7be25b71e85a24a07a.npy
b721ff4b9cdaa5d2eca24e3f,675e3afc455f65bc9a17561fe390aed4311a23efaea7d47e176dae4b0836d7bb,551048c4b1b4a38c8319768f09574304b474b2bfb04017cd229469d156c2f49d,256,float64,True,[REDACTED_LOCAL_PATH]\Tony Hidayat\AQ_OpenWorld_Codec_Provenance\17_features_b1\representation_a\b721ff4b9cdaa5d2eca24e3f.npy
4ff1914aace3bb5677f4b73a,a9c5b50efbf3f51585e4be1772f144e2f36da2f015813644e93d517cefa72848,71b15c6c1b300804bc2c297d3e2c0d6710b432b94ea35c2e3c4ba62b82693ad3,256,float64,True,[REDACTED_LOCAL_PATH]\Tony Hidayat\AQ_OpenWorld_Codec_Provenance\17_features_b1\representation_a\4ff1914aace3bb5677f4b73a.npy
aaa5586e02cd3cfd7db5e40e,7bb5b0a717b99866650bd6d71e9426d47f3438a0de285598d9ed105f7da07fe6,7df12b413fd98389782d14354353791dd9afa065cd6cb4a49890e303f4558919,256,float64,True,[REDACTED_LOCAL_PATH]\Tony Hidayat\AQ_OpenWorld_Codec_Provenance\17_features_b1\representation_a\aaa5586e02cd3cfd7db5e40e.npy
239300803541a5aaf230e009,0da81771791e9d6ad23d2ce6c20ecc5ff57e386c136322aa68679205f24fa3e6,8ff3f0b8f19d90fb2e39a67c6d846fc94512aee354d89f1ced4261236ff8f822,256,float64,True,[REDACTED_LOCAL_PATH]\Tony Hidayat\AQ_OpenWorld_Codec_Provenance\17_features_b1\representation_a\239300803541a5aaf230e009.npy
ba527ddd86908ea32f009e0c,3e8984785fa4ee156f0ce0391690a2dbec622d7e052a6f51b383befb3127031d,f85f7d4abbac77a3b9336afc7f5ef5052368e4e067335517e21669acfa769547,256,float64,True,[REDACTED_LOCAL_PATH]\Tony Hidayat\AQ_OpenWorld_Codec_Provenance\17_features_b1\representation_a\ba527ddd86908ea32f009e0c.npy
23e41e10c95fd17d5112f0a7,04aa2b6b90c52df245e685ac4aa0eeea7c9d766418a7857d882ba0cd4a962103,b1754119121b23d95ba5ed8031ba062ff86e2221b7c27336bf41cf9c6b48222b,256,float64,True,[REDACTED_LOCAL_PATH]\Tony Hidayat\AQ_OpenWorld_Codec_Provenance\17_features_b1\representation_a\23e41e10c95fd17d5112f0a7.npy
9a35c28d3db6aba1bf49c1c7,6a749c7bf98867f2685de745d8b63d1d8906599694c6de05ec48a1f5c7c4a714,0d8eb43ff0a07f72227606db560a62e4eefd934ab77aa8199ff77cd73648e36e,256,float64,True,[REDACTED_LOCAL_PATH]\Tony Hidayat\AQ_OpenWorld_Codec_Provenance\17_features_b1\representation_a\9a35c28d3db6aba1bf49c1c7.npy
39b247a4c4ff425be03250fa,8ff09ca4d273d5fe785306d40d10d117f17df435c516c71f0c95f31fe6431b9c,3cc44c817dc0247b1eab086859723b606bf7b7e0959b0b0cd87d08ef72aaaf5a,256,float64,True,[REDACTED_LOCAL_PATH]\Tony Hidayat\AQ_OpenWorld_Codec_Provenance\17_features_b1\representation_a\39b247a4c4ff425be03250fa.npy
d0bd2018c7d82c72b7e4d2c0,97187042d0569550b0d5eb53fcc7c0d495714937ad254136bdbc589f8dbc9c9f,2cb7493d1b541656295acc474b7617b8ccf81b119f61a4d97b4ef87ace557fe1,256,float64,True,[REDACTED_LOCAL_PATH]\Tony Hidayat\AQ_OpenWorld_Codec_Provenance\17_features_b1\representation_a\d0bd2018c7d82c72b7e4d2c0.npy
cac1d36438cfa27eb0e4d14e,daa8ee7e91276004d2e6c617b7229fd14f8127ac634d4b7881d3fafaa9b79d8a,d9f1363977785aad466ea992ed0a6d167e16f5747513b4a5969fbfb534350a61,256,float64,True,[REDACTED_LOCAL_PATH]\Tony Hidayat\AQ_OpenWorld_Codec_Provenance\17_features_b1\representation_a\cac1d36438cfa27eb0e4d14e.npy
8c0315030dcdfec4f5d5c561,7803c42b4cecd33f21ac2793b55ac36eaa22d33c3acd8c797ce00a3fe590e7da,6dd07cfd6d432e3f9315cb9e2cf56f43e3636c0741bfad9b58a696f2c9521c90,256,float64,True,[REDACTED_LOCAL_PATH]\Tony Hidayat\AQ_OpenWorld_Codec_Provenance\17_features_b1\representation_a\8c0315030dcdfec4f5d5c561.npy
4263fe74f75bcc03dfd77ddc,1f626ebd4fc14b70db385731a1d924dbba403b8e6031dd3f6decbdda07a0b206,75bbd7daad9bd3e6808a947058ccd221df15b91f24c4d8399976e533f04f467d,256,float64,True,[REDACTED_LOCAL_PATH]\Tony Hidayat\AQ_OpenWorld_Codec_Provenance\17_features_b1\representation_a\4263fe74f75bcc03dfd77ddc.npy
bbedd5b338dfafaef53e6ada,02ee69f1d457ca3b984922a506d9ebf0c6caa51a94c67f92778fb768e1975268,d916ad947a2530afd25565e0b6ebdfca066aa158c981315267b6ef8811974f07,256,float64,True,[REDACTED_LOCAL_PATH]\Tony Hidayat\AQ_OpenWorld_Codec_Provenance\17_features_b1\representation_a\bbedd5b338dfafaef53e6ada.npy
e7cc7c107695cdb8a2b2d07a,632d253c6b5f35e7f49a0869457258b1639ab6ca6301d8dcba4fef63eefa3c0d,ca9573365420fd34d9c709e38aba1cb8447320da99a1d0c6c544e14b6fe5c3dc,256,float64,True,[REDACTED_LOCAL_PATH]\Tony Hidayat\AQ_OpenWorld_Codec_Provenance\17_features_b1\representation_a\e7cc7c107695cdb8a2b2d07a.npy
f3e5f0d46a55e3d6a1bf7ea1,f714c94a0677f4032845a179be56542cdb35ec3f3c9c0bda6c46be5a58053a13,0db65db3ca394362524cdc1d2be346d70d24390fe52de04683b3a742eca9213c,256,float64,True,[REDACTED_LOCAL_PATH]\Tony Hidayat\AQ_OpenWorld_Codec_Provenance\17_features_b1\representation_a\f3e5f0d46a55e3d6a1bf7ea1.npy
9714ad7e053d2dbd5526a133,1f5f5b1c0081009930957483bafef1789027e68e6ac8855251ac9495835de5bd,26afbc3e45364ba9b421871872eba3d137e529402227c5a5ffa731e426a1109b,256,float64,True,[REDACTED_LOCAL_PATH]\Tony Hidayat\AQ_OpenWorld_Codec_Provenance\17_features_b1\representation_a\9714ad7e053d2dbd5526a133.npy
8a0407feca4d19296ade9eb3,9cd6c3e8873ed6067e6b37380cc4643eac3b5a22fb294fdd81139efa2770f9b9,a198ea993adb3df2fc38342f6d2ae52cd1c5710b3508bf83d04b515a868bb1dd,256,float64,True,[REDACTED_LOCAL_PATH]\Tony Hidayat\AQ_OpenWorld_Codec_Provenance\17_features_b1\representation_a\8a0407feca4d19296ade9eb3.npy
2e8062df6defe1c11655b65e,24da914ca2664fbff3ae80123647b81f349b3e9f1cb59aadd8c47e42a1ab9b97,2ac17c9f1f0768af03879c2f87d91db02d5cd86ebf33a5185f761b2f59942601,256,float64,True,[REDACTED_LOCAL_PATH]\Tony Hidayat\AQ_OpenWorld_Codec_Provenance\17_features_b1\representation_a\2e8062df6defe1c11655b65e.npy
d53792ec904109b09223a993,d95f6fbe26dacd3887d4db4f53cf4a05d92a3ad2e23387453de00adb18668e51,c29f068cf4f6f1063a73645b3edacb9de118ce6b24161414c3d46a4db992f8ba,256,float64,True,[REDACTED_LOCAL_PATH]\Tony Hidayat\AQ_OpenWorld_Codec_Provenance\17_features_b1\representation_a\d53792ec904109b09223a993.npy
3e786a1f9f84cd77a303289f,a5994c1d6e0f20876a403876e64fc201b56af08f59487bce033325bea156618e,8371211c7667b9e4aaa8c1adf9b520150a0020f74ee1d9e29eb1c98cd889a575,256,float64,True,[REDACTED_LOCAL_PATH]\Tony Hidayat\AQ_OpenWorld_Codec_Provenance\17_features_b1\representation_a\3e786a1f9f84cd77a303289f.npy
0b8710209889b4463f29bf06,edd99c57067e88883d968efc060cec09d4b28b557ea5a9cdddcebeefaf211707,e2652409fadbde334218338d336df619b19f7f4f4a71360110559f2e2564df5c,256,float64,True,[REDACTED_LOCAL_PATH]\Tony Hidayat\AQ_OpenWorld_Codec_Provenance\17_features_b1\representation_a\0b8710209889b4463f29bf06.npy
f4124331c25fa0d5fa572b24,a173ee5f2192a057de9704c4954ded12097f865816f1432deda2d712f5ecbeca,ade3d7746dd91de5f6d96b6498740d2224a98be2f62b331e4438c8fd61d05a15,256,float64,True,[REDACTED_LOCAL_PATH]\Tony Hidayat\AQ_OpenWorld_Codec_Provenance\17_features_b1\representation_a\f4124331c25fa0d5fa572b24.npy
5a4f552338e0e542b76f407e,03b62ebf12b7a2eda279b7698c6de1e7d665dc0826b17e44457b805d2b6148fa,0ef2e08b794ed251377e34415eea0a269a38f8b472993a4d0bda9779c2403f53,256,float64,True,[REDACTED_LOCAL_PATH]\Tony Hidayat\AQ_OpenWorld_Codec_Provenance\17_features_b1\representation_a\5a4f552338e0e542b76f407e.npy
956042305362e1b4f8d2faa9,a68b1002e22b0c11e109562ff545fdc92087bc178a90b2a91d5c9e98c2fb31e1,87e470574d9b7c7ebcb85302367f09c08d4f00717f007c7946253d45ec8ff6c0,256,float64,True,[REDACTED_LOCAL_PATH]\Tony Hidayat\AQ_OpenWorld_Codec_Provenance\17_features_b1\representation_a\956042305362e1b4f8d2faa9.npy
9a575c9b0bb7988828d0a70c,a2319c5fcf4c776f216fb5d11fc3930a7b4734e8b107dd95221f18c498ffd270,0df6633ded98084e1c7361d603d060978838fcc5d89717b881ed89411ec6e5ca,256,float64,True,[REDACTED_LOCAL_PATH]\Tony Hidayat\AQ_OpenWorld_Codec_Provenance\17_features_b1\representation_a\9a575c9b0bb7988828d0a70c.npy
0f859d2c59af3da35b7da2b3,ac3e8fec0d1bdb2c23aa34dbc919a3df6f8f8ca51ef5931e7a813c50cfc0874b,7a8aa9582ec6cded65168ef094a46446115f578677f521520cf575cdbb5b76b7,256,float64,True,[REDACTED_LOCAL_PATH]\Tony Hidayat\AQ_OpenWorld_Codec_Provenance\17_features_b1\representation_a\0f859d2c59af3da35b7da2b3.npy
57f7bf228efa49101e43dfda,0c00b31f726304ac49e2c2992bf7d8c658beef5dac7b8c2d271c04f04a466fe3,1bb3b1b00850a4e72cd1a9058baffab1849a18762f481af3aa78aab1be259d3c,256,float64,True,[REDACTED_LOCAL_PATH]\Tony Hidayat\AQ_OpenWorld_Codec_Provenance\17_features_b1\representation_a\57f7bf228efa49101e43dfda.npy
d4fa2938c1f95ca5bec0df35,ac083b23d9752a643bd3b4512a68506f879cf29a9c5380a5c2f15b4da467e689,fdb09b69e1668c1ee260c67d07126b7db01d96ae2baa9328ec931979279c063c,256,float64,True,[REDACTED_LOCAL_PATH]\Tony Hidayat\AQ_OpenWorld_Codec_Provenance\17_features_b1\representation_a\d4fa2938c1f95ca5bec0df35.npy
e13e4395067b9849a500f9f3,4c023a2ff6ff446992712c82f9ee97dcf26141cd11bceab946c20393526ded53,ad19ad911ebe71a5e71ea5367607bcf0da2ae8ee89b13c3beb15cb55d39b94ef,256,float64,True,[REDACTED_LOCAL_PATH]\Tony Hidayat\AQ_OpenWorld_Codec_Provenance\17_features_b1\representation_a\e13e4395067b9849a500f9f3.npy
0afb496fcbf916554fab706f,a2a92134e3b6ac494045b0cca04a75692e9e97a69b2492f5ba85c000a61cb6d3,d757e0022ee2effdb4fc429c99b3e56cd9a91d8e87282fda3221d433ba6254b4,256,float64,True,[REDACTED_LOCAL_PATH]\Tony Hidayat\AQ_OpenWorld_Codec_Provenance\17_features_b1\representation_a\0afb496fcbf916554fab706f.npy
2d8971666686cf0a4aaf611a,65d87d370f55d97cc0afd832cdad2767165b8339e3d109cbbcd964be25833882,4b6175c0b2b2f3ee0d34fc7f4b3225b57bc774bea7b3f622114274769bf10528,256,float64,True,[REDACTED_LOCAL_PATH]\Tony Hidayat\AQ_OpenWorld_Codec_Provenance\17_features_b1\representation_a\2d8971666686cf0a4aaf611a.npy
2ad16f4637d4e5fa785f7050,121c712d59484b1b3298027f9986b78d65f72004cff6437c0e0154edce3d1c1c,8a973fba9ec4654a73971eaeb9410cc6683d54afb3ccbbda00d32c05f58fd515,256,float64,True,[REDACTED_LOCAL_PATH]\Tony Hidayat\AQ_OpenWorld_Codec_Provenance\17_features_b1\representation_a\2ad16f4637d4e5fa785f7050.npy
f905f406382d08f698b49786,e721892a8edd5382a7c691925c444db2e608878210bec1ad7396d760354b8407,e8cb03745df15c480ba9a9a8470141bc575d57e03a2ab535c42c683c952f7eea,256,float64,True,[REDACTED_LOCAL_PATH]\Tony Hidayat\AQ_OpenWorld_Codec_Provenance\17_features_b1\representation_a\f905f406382d08f698b49786.npy
1e34c8b74fec494ee4de90d2,339417622d7cbf82ad9fc73ced28e72d7ff08882ee7f19d4df645c2d444fb1d0,1b90ecd5951c38f45c0e106c1773e2c0e8083de871b5e50dd28f206157dd7b24,256,float64,True,[REDACTED_LOCAL_PATH]\Tony Hidayat\AQ_OpenWorld_Codec_Provenance\17_features_b1\representation_a\1e34c8b74fec494ee4de90d2.npy
84d0fa456ac567541a59dcbc,c8d43dd965d9c09bbe902c2c2bf03786819585d7783ad4682224ef0f6ec9687e,bb4dd6153663d125ea1207b852bbf4f760e65d75b6033f8463dbbc961beef901,256,float64,True,[REDACTED_LOCAL_PATH]\Tony Hidayat\AQ_OpenWorld_Codec_Provenance\17_features_b1\representation_a\84d0fa456ac567541a59dcbc.npy
a5f2dc070563a5c77417208a,7b2b2f4209bbeef17702854e0f41fc76bf5d70ea05d2edbfed264ac6a8b598ea,b3a5358f4cfb679db17b728065f1459f864fd5c9760c3c782a7820955d714ffd,256,float64,True,[REDACTED_LOCAL_PATH]\Tony Hidayat\AQ_OpenWorld_Codec_Provenance\17_features_b1\representation_a\a5f2dc070563a5c77417208a.npy
88f9a6cf75d731eeaae34db1,5c533770f4cac61a9399a1259c13076fc3c8f63428ae2a0c2a432ec5da786c7c,4309a5501680f26b6d058a208fd3f077778ccfde0ee5d1237aab707fba0eb8dc,256,float64,True,[REDACTED_LOCAL_PATH]\Tony Hidayat\AQ_OpenWorld_Codec_Provenance\17_features_b1\representation_a\88f9a6cf75d731eeaae34db1.npy
f30ba20aacb1fe1de505bb3b,2d2577a65953b0f79e80ab4fbe957ec6314bcdb1650f02de770983fc66a837e1,0aa1f94b856b100bda561301d8e92263abd5323c2ea18f38b9ad3c72addb8cde,256,float64,True,[REDACTED_LOCAL_PATH]\Tony Hidayat\AQ_OpenWorld_Codec_Provenance\17_features_b1\representation_a\f30ba20aacb1fe1de505bb3b.npy
c4dfa6b0af6f8537847c16e2,336853177fbff57212e4e937170d6462b4d8716bfb3719ae4c9a5ca9252ea8e2,241f17ee286f6d606155f2a058919bb944b8c7f8e1f63d48b423ec2fd5aa45fd,256,float64,True,[REDACTED_LOCAL_PATH]\Tony Hidayat\AQ_OpenWorld_Codec_Provenance\17_features_b1\representation_a\c4dfa6b0af6f8537847c16e2.npy
d08569e55105ff72547b5b3f,9b1248ee9251899e68c5dcdcac0593c8999612b39d72cb4a43f06d3717e58e54,d43580597a02046b848d3cc890910c372aa30c656ac6de31aceeb46186212055,256,float64,True,[REDACTED_LOCAL_PATH]\Tony Hidayat\AQ_OpenWorld_Codec_Provenance\17_features_b1\representation_a\d08569e55105ff72547b5b3f.npy
25404aa3c4e9b3407401edbb,bedc40f69ee807b41ec2971173710bfe9aaf14b27d487b9ed2c68e03af34c3f8,f1a52c963b8c2fa87965531d1a6def649c5fd13d5a97102e1744143b76fbd9fc,256,float64,True,[REDACTED_LOCAL_PATH]\Tony Hidayat\AQ_OpenWorld_Codec_Provenance\17_features_b1\representation_a\25404aa3c4e9b3407401edbb.npy
2e53fe073f23190b69485675,a6eb36826c2a09bae52fd4e355f9468272431fddd4e7fa86ca171d7a662f9628,c54446843e405ab2dad383c8b005622f620cf4d6d9610d3096fb0b088d56e363,256,float64,True,[REDACTED_LOCAL_PATH]\Tony Hidayat\AQ_OpenWorld_Codec_Provenance\17_features_b1\representation_a\2e53fe073f23190b69485675.npy
f8006ccc9f3beab0c02743d7,2782bdfa6faf42b068b7019f39f3706fff6dc6cfd01d0b651ed6be665c94c734,2cfa9414795e8e2998d1c327d5dd3f146f8385b9793e7af15b80eb24b00f3cb2,256,float64,True,[REDACTED_LOCAL_PATH]\Tony Hidayat\AQ_OpenWorld_Codec_Provenance\17_features_b1\representation_a\f8006ccc9f3beab0c02743d7.npy
e7723aa5775005c830d216e2,5c0c983fb5fe4e6467f935c07508246015366163a25898b53b19ce0b46a1071d,6373c63e9db825c67ce92af30f91a3ca8fc7a394d7c35a1c46eb9c07d7cf4ea3,256,float64,True,[REDACTED_LOCAL_PATH]\Tony Hidayat\AQ_OpenWorld_Codec_Provenance\17_features_b1\representation_a\e7723aa5775005c830d216e2.npy
7fe738040244eb32013a7da4,bed806610581bd0d140144a5b8c4ff2c336833283201ae969640ba00cbae343d,db8e656d148de5637d89ded6c4f7a58ed9d5ffda8d4a8ac67b77bcf3271971f9,256,float64,True,[REDACTED_LOCAL_PATH]\Tony Hidayat\AQ_OpenWorld_Codec_Provenance\17_features_b1\representation_a\7fe738040244eb32013a7da4.npy
05166398f06aec8cec51e8aa,1b621352a5acaaa835ddf8c5189c91c480f56e81e8229c6141b5205f2cd89c00,f45568e3b301c7c4909d9b6c9f67652c0e766356303da4cb62c6f049db79a7a3,256,float64,True,[REDACTED_LOCAL_PATH]\Tony Hidayat\AQ_OpenWorld_Codec_Provenance\17_features_b1\representation_a\05166398f06aec8cec51e8aa.npy
f1c42ba5cdd9852f1fd63404,07e4d0e7642f2b4f1916d124cfad47f17f4053029353a851889fb7ae7a86665e,a2be4a7c4a39b5b9eec876269e97218f761beeffef24f5e435e4f0421a8086aa,256,float64,True,[REDACTED_LOCAL_PATH]\Tony Hidayat\AQ_OpenWorld_Codec_Provenance\17_features_b1\representation_a\f1c42ba5cdd9852f1fd63404.npy
0ffd3402182d7d67f703bf31,dd90c5100eed436844fd46c963319efa2bb9a81c85ec264a506448240fc89851,8b52f2c88a11d461008a810b1930814cb8796c694f408a95bb0d37c274cf2fb2,256,float64,True,[REDACTED_LOCAL_PATH]\Tony Hidayat\AQ_OpenWorld_Codec_Provenance\17_features_b1\representation_a\0ffd3402182d7d67f703bf31.npy
67cc585a71a46773c373ffd5,6adbc71b8684e2183e93b9d03ba1c6d093ad98c684ab518f8e2fc1760f86503a,30ca824f19928836ba70a12c0fd1bdcfee33f7d313f386afb58da591a3f3525f,256,float64,True,[REDACTED_LOCAL_PATH]\Tony Hidayat\AQ_OpenWorld_Codec_Provenance\17_features_b1\representation_a\67cc585a71a46773c373ffd5.npy
3e1374741b944034b6b042e6,c5a624fa4e5c4314c5aacfd18e491d9b5d26556ae3181bb0afec8b64cedb8615,cc349e594567c91eeedbb4a9aa6ae7a945c4179fb938738ebb0a06cc755ca6e0,256,float64,True,[REDACTED_LOCAL_PATH]\Tony Hidayat\AQ_OpenWorld_Codec_Provenance\17_features_b1\representation_a\3e1374741b944034b6b042e6.npy
218b8cfef90719f6b2040df7,dcf0f3db01cce97889587ad5e26e795b991cf827cdcf3bd8e749992ed30f0805,6233535c69be97b927740b804f195467a011a52a5da50199f4d2a5025bf41b87,256,float64,True,[REDACTED_LOCAL_PATH]\Tony Hidayat\AQ_OpenWorld_Codec_Provenance\17_features_b1\representation_a\218b8cfef90719f6b2040df7.npy
588e3ef36b6baba9bc7f8d38,3bbc750f1666e06c0e05cef0983e33971ab6f342a3fb1e6d9d7ab92e391b7be8,f97e5414e26058396b4329fb1ad53ae72aef571083f47fe6eb4d46f86af4eff6,256,float64,True,[REDACTED_LOCAL_PATH]\Tony Hidayat\AQ_OpenWorld_Codec_Provenance\17_features_b1\representation_a\588e3ef36b6baba9bc7f8d38.npy
2435a41cf2633c7b8883df2f,0288e64a89e6b3d3ddfa73062338da42e7e24d3a00f28f67660ff677fbd1dc65,dc70c6d5690b9292382929d96f9e87a57f92ac7522d8d2ca5d0b65d4b39b4e4f,256,float64,True,[REDACTED_LOCAL_PATH]\Tony Hidayat\AQ_OpenWorld_Codec_Provenance\17_features_b1\representation_a\2435a41cf2633c7b8883df2f.npy
0c4ef9a1999b74d4f372df1e,ff51aa9aad81d58a89f34ce7e3771ec3bf463ede8170c9903dc9c86019db327f,1308f686c31f4e8f8d4bb36c062254d9a7e6df413e7c1190b1fbed8a3d39f865,256,float64,True,[REDACTED_LOCAL_PATH]\Tony Hidayat\AQ_OpenWorld_Codec_Provenance\17_features_b1\representation_a\0c4ef9a1999b74d4f372df1e.npy
2d0be531ed233a73bae7c986,93eb89290b1f5a06b7d901451dd3a568020de88f2e98fa057bab621bc407111f,0b12c1eff63ba20bd449dbdbf85b206f9ee2c75853d16ff44ef6daa43161f249,256,float64,True,[REDACTED_LOCAL_PATH]\Tony Hidayat\AQ_OpenWorld_Codec_Provenance\17_features_b1\representation_a\2d0be531ed233a73bae7c986.npy
02f19446f831636d7f283fbf,f8632bbf362a5f0bc010c8720e70bf6d4183833f07377390b279092a124447f1,4e2fdcbdb411059f9db7690ff7cd020f8b751a5127437f30f802ccd663fbf8d2,256,float64,True,[REDACTED_LOCAL_PATH]\Tony Hidayat\AQ_OpenWorld_Codec_Provenance\17_features_b1\representation_a\02f19446f831636d7f283fbf.npy
c4a83bbba5f93e67bfada175,1bdf5b2ca98e9bc260a9845b240bdd519b708dc6f1ed94fff3fa9f1a9a0b2f0d,a7e8ab6482be05eded3f5033c62bbacfd5e77790d1d8aec08eadcb37b3277776,256,float64,True,[REDACTED_LOCAL_PATH]\Tony Hidayat\AQ_OpenWorld_Codec_Provenance\17_features_b1\representation_a\c4a83bbba5f93e67bfada175.npy
e4fa0bd4c3c66e48871a6c16,d7abda121bc3adcf08ad2ab2ca56a54c071cbd49dd1cdef46ed1d1a578d60130,0cf19c2c3cf48629d9d4fbc9f24e104ae6027a09a988470e4940a7059f35d54c,256,float64,True,[REDACTED_LOCAL_PATH]\Tony Hidayat\AQ_OpenWorld_Codec_Provenance\17_features_b1\representation_a\e4fa0bd4c3c66e48871a6c16.npy
37d2a7c56c0b2a0e03a992e2,67a41b6ff62092db4abd103fefe1e006ed18f2ab2abb33aea4479daee2c09635,478b856118f52d058e391b741025263953b4579c71f84d8c3777b2846d8a22d6,256,float64,True,[REDACTED_LOCAL_PATH]\Tony Hidayat\AQ_OpenWorld_Codec_Provenance\17_features_b1\representation_a\37d2a7c56c0b2a0e03a992e2.npy
bb95110ca85e7373b957b5c0,780ed21b7628f6ab5fdeb24f8ddb2c582ffaae203d45fd4560fc8e6f2fa526aa,39bc989ef2411c8406e2bdb94acafd6078016c9ede2c260324574bb9ce34b169,256,float64,True,[REDACTED_LOCAL_PATH]\Tony Hidayat\AQ_OpenWorld_Codec_Provenance\17_features_b1\representation_a\bb95110ca85e7373b957b5c0.npy
420590031539ec9bc6cf886b,fe232a05fb299d39b903a4c5e8b7547ed3316e6b9dc8c8baf6e16e9028b6eeed,dcb69ddc3b99b6e2b02bf35525bfe297117727a75f21c133c233671aa00b2a6c,256,float64,True,[REDACTED_LOCAL_PATH]\Tony Hidayat\AQ_OpenWorld_Codec_Provenance\17_features_b1\representation_a\420590031539ec9bc6cf886b.npy
d18fedee80eb1d0a4c3549df,17f9267b9c99ebc0068ac2b92969241c3af3f4f1000089a0ad89c5f4af03ba45,cd9f83493eb9fe47abb63b1d32a001565710d9435d84a7a6eacd726db1b44b98,256,float64,True,[REDACTED_LOCAL_PATH]\Tony Hidayat\AQ_OpenWorld_Codec_Provenance\17_features_b1\representation_a\d18fedee80eb1d0a4c3549df.npy
2c67ba1217fefb4a0cb542f0,748e6959298deb67c48491bac3e244e7836c01aa738abd844470d74e0618a1dd,6d13e2e985685dc9ffda23499d55b234f49a09d878b4d58629c4b9f74ad22a46,256,float64,True,[REDACTED_LOCAL_PATH]\Tony Hidayat\AQ_OpenWorld_Codec_Provenance\17_features_b1\representation_a\2c67ba1217fefb4a0cb542f0.npy
849cea5889fafce22ab82e46,6895c57345ec3ad7be84a8516fa3d655ce3de596de38c102a5b4c6834ef76292,755480d9d221be6f297205745a11a29723bf9431e4a383ed82a505d0de1afe1f,256,float64,True,[REDACTED_LOCAL_PATH]\Tony Hidayat\AQ_OpenWorld_Codec_Provenance\17_features_b1\representation_a\849cea5889fafce22ab82e46.npy
038062669cea54a1514a2b3a,12a45913eb5a62feb09e1261cfeb9f017e7ec878a25577497df7a4906c044a6c,6efbfb6e850b9ccea181c488ab00e77a6308b65febc6ddd15a5488eeace6d376,256,float64,True,[REDACTED_LOCAL_PATH]\Tony Hidayat\AQ_OpenWorld_Codec_Provenance\17_features_b1\representation_a\038062669cea54a1514a2b3a.npy
d40785c0d8b160b3e00b07b0,8560b06c9b7fc74e45db3ac6fcd517a05c5c38a664728e1fb70622f326b107bf,9200f453fc9d2f06fc2429a41daa0cc7c8e6072de964f2d6b85cdf1f17cef4a8,256,float64,True,[REDACTED_LOCAL_PATH]\Tony Hidayat\AQ_OpenWorld_Codec_Provenance\17_features_b1\representation_a\d40785c0d8b160b3e00b07b0.npy
d3521703ae9271efc8ef9678,d0b00b42c34e56f2a3b8af80df27eb209e1564c5d7cb96c9ac022dbc2913476f,73844c815f87807ffd3f58a7d87a6486f02d20f38c8115d8775822230cd1cee0,256,float64,True,[REDACTED_LOCAL_PATH]\Tony Hidayat\AQ_OpenWorld_Codec_Provenance\17_features_b1\representation_a\d3521703ae9271efc8ef9678.npy
2f81437bf20169daf39ce0b1,1afe03fccec3bd170891cadeb36eb1db79bc87fb9f3f441787e48bcd9797d2b7,cefff1bc659ab10b743531bca5f088916c686ffa477c908bd39cbf572b2ebdd3,256,float64,True,[REDACTED_LOCAL_PATH]\Tony Hidayat\AQ_OpenWorld_Codec_Provenance\17_features_b1\representation_a\2f81437bf20169daf39ce0b1.npy
df60f6cd0b892eee0aac3638,2411cbd8d821b2f6cf866a3b881bb75649befcb38d3f9bc56a3576a8dde5ece5,4b8b9515a7cf422d9f1a0b0b079b3ba0b4683ec1614966e0efce64268a32d42b,256,float64,True,[REDACTED_LOCAL_PATH]\Tony Hidayat\AQ_OpenWorld_Codec_Provenance\17_features_b1\representation_a\df60f6cd0b892eee0aac3638.npy
12264829ee56aea870781b04,f086a830ed752a2588089070abfb134a5801e222dfe7026f2b3f177e456e283c,689929f8e5fce79eef4d4f7d5d6687a6ca0e5536dcd121bbb8a280215649191a,256,float64,True,[REDACTED_LOCAL_PATH]\Tony Hidayat\AQ_OpenWorld_Codec_Provenance\17_features_b1\representation_a\12264829ee56aea870781b04.npy
e81defb0a2a08b7c687e239f,bfd40792c3b5ab6bcb5aac32fe7694f8f029353b20667e9f4e65512193c35f08,c608df654db390a59d5c0530eaec14366503f41bddaff56c9ad8a39849aba0c5,256,float64,True,[REDACTED_LOCAL_PATH]\Tony Hidayat\AQ_OpenWorld_Codec_Provenance\17_features_b1\representation_a\e81defb0a2a08b7c687e239f.npy
519ddd410e16eacafbeed2ea,f28dcee578d88d1a18a486cec1d7ac6e309cc030c32ef12a76c5a96f9e46f714,76c6aeac1fed89638519953b024bd15a935723b8280f3c03980773e5700586c3,256,float64,True,[REDACTED_LOCAL_PATH]\Tony Hidayat\AQ_OpenWorld_Codec_Provenance\17_features_b1\representation_a\519ddd410e16eacafbeed2ea.npy
b5630d5aa50f3fed723986a0,92a90eec908574bfa6f3fb7b1f65710f3c755c33f133e910b80f905025db8c8f,3a6f072af22ff22f999858c450f42686bb7bb265ac107d33f222e5ffbf48638f,256,float64,True,[REDACTED_LOCAL_PATH]\Tony Hidayat\AQ_OpenWorld_Codec_Provenance\17_features_b1\representation_a\b5630d5aa50f3fed723986a0.npy
849be304570eebdfef8792c5,6779706f5a8c32d03f8ed7279b0d6f3ebb4d41e6f46acbdb9bdd108b17f346c6,f29a4035ca60b3603f607cf7980349c25d9fe06a67773496a413333e16df593a,256,float64,True,[REDACTED_LOCAL_PATH]\Tony Hidayat\AQ_OpenWorld_Codec_Provenance\17_features_b1\representation_a\849be304570eebdfef8792c5.npy
261039b9dcaf6fc043e1f077,2a69347758cbd9174427f7c79e86987fb239e616de6ee5bda1882fb8539c66a8,65290fecf15a2c6a6822a0f5588f7dfee39d72aabd96611eade05d83eec9f534,256,float64,True,[REDACTED_LOCAL_PATH]\Tony Hidayat\AQ_OpenWorld_Codec_Provenance\17_features_b1\representation_a\261039b9dcaf6fc043e1f077.npy
d64d2b02b6696f2b5df1deda,8ac3be339b7d12b98a31dc78c426f29881cd489478771d89c9ec8f9f131516bf,9c083abd334f0d3d6b423c693a5b054783febe43e0971132bcfa4bef509c794b,256,float64,True,[REDACTED_LOCAL_PATH]\Tony Hidayat\AQ_OpenWorld_Codec_Provenance\17_features_b1\representation_a\d64d2b02b6696f2b5df1deda.npy
37fbcd52d7f4d8724f9fac6b,bd9544a880881ac2ab28d7aa9464f4d8f54926aaf7e0592f6c85587da2626b15,04a73c4d8e47046767c3cb1e38130d4c1a6e4b2de71343fe3d789381abdc3c0d,256,float64,True,[REDACTED_LOCAL_PATH]\Tony Hidayat\AQ_OpenWorld_Codec_Provenance\17_features_b1\representation_a\37fbcd52d7f4d8724f9fac6b.npy
2d273036e51a633c0db59260,ced4f74b57e831b5c78a843ab0c92fd2e561985ff3b1a0e865f78e598197beab,4d41fb942b8eabf9e85df382a36559658aa91225d3f08a1618d7872763cbdba9,256,float64,True,[REDACTED_LOCAL_PATH]\Tony Hidayat\AQ_OpenWorld_Codec_Provenance\17_features_b1\representation_a\2d273036e51a633c0db59260.npy
2a7dc0f68c19068b0b4616cd,46d4f1b03de9381b487c0bc0b4951415ecceaa6ff3e5d90262516e32e8c83a38,aa1126a66bb0febd1bf2819a613b37a0b73ecb99ee2780887ca33fea97169357,256,float64,True,[REDACTED_LOCAL_PATH]\Tony Hidayat\AQ_OpenWorld_Codec_Provenance\17_features_b1\representation_a\2a7dc0f68c19068b0b4616cd.npy
9db49fbb9a286e32d87d86d1,b9582bc80cbf67bfa15bb3f067d203f165cad7ad90e4c345a998906d8cd0afb7,b849936543f385a53bf4ba36fdecb0f020b9473fb579c14341795cf135adf07b,256,float64,True,[REDACTED_LOCAL_PATH]\Tony Hidayat\AQ_OpenWorld_Codec_Provenance\17_features_b1\representation_a\9db49fbb9a286e32d87d86d1.npy
bd44040eb052e584d9647bcd,655137c4b8070ef43f17d6a16a36646eb8a329e0cd4b39584ed3311d61a68999,acd07cbd38c690a132abebcf38b2f8c568a258a7cf1e62bd8292c52f3a8e32f0,256,float64,True,[REDACTED_LOCAL_PATH]\Tony Hidayat\AQ_OpenWorld_Codec_Provenance\17_features_b1\representation_a\bd44040eb052e584d9647bcd.npy
9bbc0051b762aab72a9ed80f,e6a0d9c0edebc50a94737040dcc4a4bc481a109580ee120664ae7f5b31f71c6b,e11237cf7d8eee55ca0b5c52e21f03d411db9ee35248a068715df5625761a6b0,256,float64,True,[REDACTED_LOCAL_PATH]\Tony Hidayat\AQ_OpenWorld_Codec_Provenance\17_features_b1\representation_a\9bbc0051b762aab72a9ed80f.npy
8af05c862fc67a47ec3c2362,e13f8b8ac93c1adc23a7a00fc333fd0e5a2592ec3d56903889e48435bafa7fd7,88ab2d640f83e826e8b484137fb0a73170edde29b0b0d4d0cf374e60331c14c8,256,float64,True,[REDACTED_LOCAL_PATH]\Tony Hidayat\AQ_OpenWorld_Codec_Provenance\17_features_b1\representation_a\8af05c862fc67a47ec3c2362.npy
769b678bd4615d484aba6872,e4c6b494c064858f4a4a236ff231c8416bc3f21bcaeb3f63e5ba0d6163ffc6de,487688a15ff5536b9e13eb5116ee3300eec2162681a698bcf0f2adb5c1f96fa7,256,float64,True,[REDACTED_LOCAL_PATH]\Tony Hidayat\AQ_OpenWorld_Codec_Provenance\17_features_b1\representation_a\769b678bd4615d484aba6872.npy
bc4aac9086d6a52a1ccd9925,003aaecb71208e9deef68ac491898362fad61a1272f77a6760807466c8b7ebfb,393e31a51313907de3d54f0c64746600a5b8225e607e60104cc19a2617d5c40b,256,float64,True,[REDACTED_LOCAL_PATH]\Tony Hidayat\AQ_OpenWorld_Codec_Provenance\17_features_b1\representation_a\bc4aac9086d6a52a1ccd9925.npy
d8bacf2e3baef6d36143821a,90226560f5a0cf531ef154b23f2fb5faf81620ce845840c46bb25418a6fe4bb7,517ef0393558b86defef17a15360324ec4310e2529741c48f7fd85407a3b63d7,256,float64,True,[REDACTED_LOCAL_PATH]\Tony Hidayat\AQ_OpenWorld_Codec_Provenance\17_features_b1\representation_a\d8bacf2e3baef6d36143821a.npy
9d8e12031b6e74ee55056d74,448eb83025f070cc8994920ecebca4430f1bc8d314613884969238aa12ea88df,c826af2f0c46196039e6cc0d116e515fae3c509478e5429c1c0563626fd70b61,256,float64,True,[REDACTED_LOCAL_PATH]\Tony Hidayat\AQ_OpenWorld_Codec_Provenance\17_features_b1\representation_a\9d8e12031b6e74ee55056d74.npy
e98999f7b36b112b348570dc,e3614bd41a83d9a4ada60955901ebeb48320ea09c01310db690aa70f49e6903a,f54eccf3378fec990beb0b2ab9fab0546087264d7464b9affb72c97ac1fdbdd5,256,float64,True,[REDACTED_LOCAL_PATH]\Tony Hidayat\AQ_OpenWorld_Codec_Provenance\17_features_b1\representation_a\e98999f7b36b112b348570dc.npy
01426d06ced3326fee80661b,968580e163daa5ea4b04c4cefb4b8c247501ce007c06a18b6ddd87b48d689a70,2bfbd44c553df72f539ec8dfa5bdd0ad610321562d346e4d0ee599bc1365b86b,256,float64,True,[REDACTED_LOCAL_PATH]\Tony Hidayat\AQ_OpenWorld_Codec_Provenance\17_features_b1\representation_a\01426d06ced3326fee80661b.npy
232bd7fde71e853d4e3293ec,5428281273cab1c0bd440232f3d978560dd81a107a48f1619546154b54ff10e2,255af69064a11e10334ed0ea62b072e617fe4b4f8f53f8a33e53f23ab8dee571,256,float64,True,[REDACTED_LOCAL_PATH]\Tony Hidayat\AQ_OpenWorld_Codec_Provenance\17_features_b1\representation_a\232bd7fde71e853d4e3293ec.npy
e343d43c6dc65b6eee1f2509,4187eac64f943b2792aa8d8c51b41a2b78a80006325d064e0ee63cebfc026b2d,fdbb5259088c500b1d06d6f54c1c1524cbc110216c1176ba2b7948378f4843b2,256,float64,True,[REDACTED_LOCAL_PATH]\Tony Hidayat\AQ_OpenWorld_Codec_Provenance\17_features_b1\representation_a\e343d43c6dc65b6eee1f2509.npy
1bc4be4fe4356183ecf3fa72,2f69c159e56f066aa9efe6677b30ee6362f890c2fad339d45db7eb163c17fcf0,eb7cb0318b5729f072a839d269d2d4f102c2e3e5b0ad97b1169ed21db95e1bb1,256,float64,True,[REDACTED_LOCAL_PATH]\Tony Hidayat\AQ_OpenWorld_Codec_Provenance\17_features_b1\representation_a\1bc4be4fe4356183ecf3fa72.npy
bac28ce52a0c2099188ad546,b04e6c85d1dbaa8bf2e4e4ef6d3421c44152cf1b99a9269b3d7038890579c6da,a0ed7d3147981ab588f78c2c11b5bef920f8e266b6b01a12f82fecbbd4f6781a,256,float64,True,[REDACTED_LOCAL_PATH]\Tony Hidayat\AQ_OpenWorld_Codec_Provenance\17_features_b1\representation_a\bac28ce52a0c2099188ad546.npy
ec18485c791f5efe357184f3,b989c1fe59f52304a6f7067b6d78da0b88a50bb2ea02fa6ab88c0a4a30fca917,f653cfbb6535461db5c2fc99ef4dd2bffa6eec1fcab583e7c8b90abe298b6a0b,256,float64,True,[REDACTED_LOCAL_PATH]\Tony Hidayat\AQ_OpenWorld_Codec_Provenance\17_features_b1\representation_a\ec18485c791f5efe357184f3.npy
2a82468d079f52389d6e29bc,37eaa465293ae6ba2d0fe28a196f6b9dac5f586a6d94ce5cf88ae28bda36e5ba,b09bbd106c5b46e99115fdddac73fbc2b98b9aa1842b88a6613b435f2fcc038b,256,float64,True,[REDACTED_LOCAL_PATH]\Tony Hidayat\AQ_OpenWorld_Codec_Provenance\17_features_b1\representation_a\2a82468d079f52389d6e29bc.npy
a5b58b45d9e235d41ca3c560,b64ce93dcfcd697d7fd1eacf2afbe9f28c2be104757aca9e77f72dcc47af0b52,dbc7f2fafc2afbd049ce8e02ec45ca544552af5eccced0710ff6a08493f19cc0,256,float64,True,[REDACTED_LOCAL_PATH]\Tony Hidayat\AQ_OpenWorld_Codec_Provenance\17_features_b1\representation_a\a5b58b45d9e235d41ca3c560.npy
5d71646166280ae4b4a4474d,c5b952a7812cc8787a4c9f4bba5357b3bb1d18716acee0ddf27257c11db5f91d,f91245b386ce94e14b2e14d32dd578ec1b43de82a4eb38a37e2e403a91518d9d,256,float64,True,[REDACTED_LOCAL_PATH]\Tony Hidayat\AQ_OpenWorld_Codec_Provenance\17_features_b1\representation_a\5d71646166280ae4b4a4474d.npy
dee73d246157898794aa2111,b6020e456e95faa736872c351d174b28a173fedc8efe9e9ce8e4273625cf2d4e,a5d9ed8764c826b8d0b8e7e7f2ad39386f5aeddf566d97c10083f50f6a96d064,256,float64,True,[REDACTED_LOCAL_PATH]\Tony Hidayat\AQ_OpenWorld_Codec_Provenance\17_features_b1\representation_a\dee73d246157898794aa2111.npy
67866c9433d3fb4a97d577dc,9962ee6fe5238598e4853682995e1892b703651bbf56f5a10d04d5f327d556f2,24e4d5800092c91f95f579bebe52c37463b349d5fdf6aaa6a9cb971438e5ec2d,256,float64,True,[REDACTED_LOCAL_PATH]\Tony Hidayat\AQ_OpenWorld_Codec_Provenance\17_features_b1\representation_a\67866c9433d3fb4a97d577dc.npy
ca9bf9f30846146c1dc4b239,dc02b9dd720615318104c5199f1db00cba27af7bd16a0dd823e2ea74d91c7574,fbeffdf68a6ee08bf3dc5f3f98b7cde1572d0a3c6706e45b4f92ce56545d65ab,256,float64,True,[REDACTED_LOCAL_PATH]\Tony Hidayat\AQ_OpenWorld_Codec_Provenance\17_features_b1\representation_a\ca9bf9f30846146c1dc4b239.npy
ba4f909f2324b02f5041d5fb,dd2ef7fd6aa7f73d305986a5a8165b0fb2b154863fa61b1859554b4ea193bbc9,8d841bc0fe5dec6cb5b38eed40f7ea0a3653554ed8e388c5d3791231223e97ac,256,float64,True,[REDACTED_LOCAL_PATH]\Tony Hidayat\AQ_OpenWorld_Codec_Provenance\17_features_b1\representation_a\ba4f909f2324b02f5041d5fb.npy
1ea6a0cb91ed46e525582526,ca939642c838be0d55a38789e243d6a6ec48030b8a730590a0f85e4c9081a99c,459ddde5e235c7c78830223642cbebbe1cf46b6b543eac9540b48874c11c236c,256,float64,True,[REDACTED_LOCAL_PATH]\Tony Hidayat\AQ_OpenWorld_Codec_Provenance\17_features_b1\representation_a\1ea6a0cb91ed46e525582526.npy
7b067b0d1fdb52efd6bbf0ff,a071e783981f9e2bf276aacaaa3af3b3c92ff0951f5b5db79ab41a8c31ec80c7,5746697ddd027493e8dbc37c94f71f3db96d3d5f1076243ed7f811b9625cc18a,256,float64,True,[REDACTED_LOCAL_PATH]\Tony Hidayat\AQ_OpenWorld_Codec_Provenance\17_features_b1\representation_a\7b067b0d1fdb52efd6bbf0ff.npy
749e1e7bd3cb2312ad9276f0,84ba695b07290ed58d3e57e8673c168fb7da80e4fb9a3e93768a9063658baf65,b7b051680306d66c7025f2cd0326cc519b78b911044d51bd770f9672a6829de0,256,float64,True,[REDACTED_LOCAL_PATH]\Tony Hidayat\AQ_OpenWorld_Codec_Provenance\17_features_b1\representation_a\749e1e7bd3cb2312ad9276f0.npy
8116e9a302812bf132252c99,7434ebe5c44b2b11a41b7532024b00fe13a6a991936aff6f0b8b423bd616111b,7c7447b1cd62b62d1cd5ced3f035b94bbff1be00c80494395af715cfef3b5e2f,256,float64,True,[REDACTED_LOCAL_PATH]\Tony Hidayat\AQ_OpenWorld_Codec_Provenance\17_features_b1\representation_a\8116e9a302812bf132252c99.npy
e02ece680f53c3317f786db0,32ae2dce5824e7cbd6b060f81ad88e50a0a0ca0cff03d181aeebd918f3821b7a,fc8ff8ec5668ce4661532cd212c8c079bbd56f49aba7555925a1e039373599b1,256,float64,True,[REDACTED_LOCAL_PATH]\Tony Hidayat\AQ_OpenWorld_Codec_Provenance\17_features_b1\representation_a\e02ece680f53c3317f786db0.npy
9a0cdb0b0f00025b4b054315,e4eb4bf7b8f0fe07bf83224e271c741088a68a0d1d6892b7a6c83abda89d6180,e9ae4b33a05b0204d2529c240868c0a33ce770f36c397c9ce318e6c318012b37,256,float64,True,[REDACTED_LOCAL_PATH]\Tony Hidayat\AQ_OpenWorld_Codec_Provenance\17_features_b1\representation_a\9a0cdb0b0f00025b4b054315.npy
37e6cf704cff5a70b76334df,ef6a6ee3ef7cf09ece692f7a55bd62511a21c9a1aa4926212cced7a635c6ae5f,3f2fbc48ad0c86bd1d8de373367bfcf3d2a03aa4854b5b3958e929479d8c9e81,256,float64,True,[REDACTED_LOCAL_PATH]\Tony Hidayat\AQ_OpenWorld_Codec_Provenance\17_features_b1\representation_a\37e6cf704cff5a70b76334df.npy
5640afb0bbdd53a5d8c243f8,d55929807fe095336fd30b91d303bb81e4bab8eba424857b3d5537cea12fcde3,23d671efd2d5dc7bf69e96dffc54fd9014fc24cc59f052b11328255f22294ab4,256,float64,True,[REDACTED_LOCAL_PATH]\Tony Hidayat\AQ_OpenWorld_Codec_Provenance\17_features_b1\representation_a\5640afb0bbdd53a5d8c243f8.npy
d6ae8312d4a8b4c1e7dd605d,9a45e2bfb2c29d311fc961dec68106f909eda6333ed111ba653514d739f2a49d,9e2b344080ffc26e4c6dcd02c589d05b2f74793ae8bb8b589acd8834b5403409,256,float64,True,[REDACTED_LOCAL_PATH]\Tony Hidayat\AQ_OpenWorld_Codec_Provenance\17_features_b1\representation_a\d6ae8312d4a8b4c1e7dd605d.npy
2dcc87fca6a1d6e0601cd326,20b4370cb7c19f574862c62309eaad9ffba45317c661ecf75ba12cc6ccab70fe,8e44138ca46b62ff7c657717fb69ccd760cfb431e837728f793b7ceb708e86db,256,float64,True,[REDACTED_LOCAL_PATH]\Tony Hidayat\AQ_OpenWorld_Codec_Provenance\17_features_b1\representation_a\2dcc87fca6a1d6e0601cd326.npy
9e7f53999fb81a6ff5e79dd1,7a57a26ec87eaa93af79c193a787aedbf15d3f4f0bda3069f0918c49a0c31d51,20b482b2e9fee6d090169ac8a18abef6bd1de17eb12dc3d43b636454eb4fb214,256,float64,True,[REDACTED_LOCAL_PATH]\Tony Hidayat\AQ_OpenWorld_Codec_Provenance\17_features_b1\representation_a\9e7f53999fb81a6ff5e79dd1.npy
098972065f060ea11cd6cfc9,3eb8eb45a2cd633ded7d3164d2e2320dbb93e5cf530741204e52507ce8c83dd7,c6ec2c8c9cbcba43ddada502992e056b5f2ce4a57ad0961f1adf1957690e2979,256,float64,True,[REDACTED_LOCAL_PATH]\Tony Hidayat\AQ_OpenWorld_Codec_Provenance\17_features_b1\representation_a\098972065f060ea11cd6cfc9.npy
c6938eed27f71ab49718512f,acd51541f2d612f28dcc7ab77d20e974fd1a088498a571d956b8c8d88aed05df,815c9e1a80cdbc960eb32f39f7e267694b497406aa9e064548e5f92945777fdd,256,float64,True,[REDACTED_LOCAL_PATH]\Tony Hidayat\AQ_OpenWorld_Codec_Provenance\17_features_b1\representation_a\c6938eed27f71ab49718512f.npy
a3b1dac77e6893de80ef30c9,5c146beb28f2e82300543f5dde07275a571027bdfb9b11d52a27443415c8d0a3,a21057ae5198ffeb5dcdeae2e37cade9fa86fbfde258ec069b1dcaec0bf7e684,256,float64,True,[REDACTED_LOCAL_PATH]\Tony Hidayat\AQ_OpenWorld_Codec_Provenance\17_features_b1\representation_a\a3b1dac77e6893de80ef30c9.npy
ce13e287ea6744239db017ac,dc42ba1be30d4bf823cafa24574f6e1b14143f947a1c65b04a35318d0203fa68,d777292bdc063f0ba46b9e22e17cb10d3db71c049e3bab3735ff1164c9950f2d,256,float64,True,[REDACTED_LOCAL_PATH]\Tony Hidayat\AQ_OpenWorld_Codec_Provenance\17_features_b1\representation_a\ce13e287ea6744239db017ac.npy
4ada2ce2d1dc4de63b27d188,8ce494b5c5113a9179f05cfff2211d2e030e616b3deb7e9a2d04fe1a1e6353c1,d6f421c052a412b8a363006f560a55b3792999a5818cf3dee7f07b60deecda7f,256,float64,True,[REDACTED_LOCAL_PATH]\Tony Hidayat\AQ_OpenWorld_Codec_Provenance\17_features_b1\representation_a\4ada2ce2d1dc4de63b27d188.npy
7217c85c0e18cfd4964ec7cd,726c960116f6569df9fff5051904050b06f31db1c4689ffe8d3a142e3ba0b0c7,fb60391c8ffc276c0c3a102ae64e9f5eccb360dec078e12d93bedd7aa6ef66bb,256,float64,True,[REDACTED_LOCAL_PATH]\Tony Hidayat\AQ_OpenWorld_Codec_Provenance\17_features_b1\representation_a\7217c85c0e18cfd4964ec7cd.npy
c2d18b5ce7d4908a771cca67,0656d9cc9b015234764a84318a4223311ae4931536a65b31b7a1718649597fe3,66b912b09bde8fe35c5ea6fba1c965b0620cf5be7b95555d78e01bc6b3e7ecf2,256,float64,True,[REDACTED_LOCAL_PATH]\Tony Hidayat\AQ_OpenWorld_Codec_Provenance\17_features_b1\representation_a\c2d18b5ce7d4908a771cca67.npy
47b3193ecac50686603862aa,42beb110af1861f6c2e49b5452238674faf7b1fdcdd65de4335e2e165401861c,9af8104fc87ccae34834cd6366704a376bd4e8e57114824cddc5af7a860956db,256,float64,True,[REDACTED_LOCAL_PATH]\Tony Hidayat\AQ_OpenWorld_Codec_Provenance\17_features_b1\representation_a\47b3193ecac50686603862aa.npy
1ee83dc33605643e9cd86521,ec8694c382aa56c755f75d1104a5d708ba3ac9d9f8b7f81d5f1bd86e4d75cdc1,7f0822beec63a1a9a19d595d4e5aff9b1ee6dba21cf6958e31a6c3e850e8a0ce,256,float64,True,[REDACTED_LOCAL_PATH]\Tony Hidayat\AQ_OpenWorld_Codec_Provenance\17_features_b1\representation_a\1ee83dc33605643e9cd86521.npy
c3fe51a389027673c909a1f6,7403c6207f8a0e1bee71627026d5ca84f8ffff4d75b8ea5309de4703676c0633,1f49986d85a40bb5f180d34141253ccf890fc1ce4844f85d969426920ccd7801,256,float64,True,[REDACTED_LOCAL_PATH]\Tony Hidayat\AQ_OpenWorld_Codec_Provenance\17_features_b1\representation_a\c3fe51a389027673c909a1f6.npy
fa989f89152c604c91620e19,845fbc04ec482e66dac21384b11f2e9e97407598a28af630728a548e05a894fd,d0b566584b2fee02eddc4ab7c1c65cad9f0a0ba3593f5c4d2c1b5bbf220cc691,256,float64,True,[REDACTED_LOCAL_PATH]\Tony Hidayat\AQ_OpenWorld_Codec_Provenance\17_features_b1\representation_a\fa989f89152c604c91620e19.npy
540fd302c83c2a81b194f78d,b43efdf9017e169c139d3979d5958b16503abfd370a3363a5a7781632d35ca74,6d28624f0d0af93094ccd3d81bed03c7ede20a8bfd52c9ec087b3c1eca363b3b,256,float64,True,[REDACTED_LOCAL_PATH]\Tony Hidayat\AQ_OpenWorld_Codec_Provenance\17_features_b1\representation_a\540fd302c83c2a81b194f78d.npy
71a2ad49f766aec3eb9c674b,3d043eb4f0ff70b654412c10510e53e47024b3ac339e03ee119b61ecdbdceea3,1d56ca1a6a738526853d70d8e3dabdbfa4334a030faf8e5c52f6231d250777af,256,float64,True,[REDACTED_LOCAL_PATH]\Tony Hidayat\AQ_OpenWorld_Codec_Provenance\17_features_b1\representation_a\71a2ad49f766aec3eb9c674b.npy
5c41d56cbac7b1175f07a0e3,cc3a3c197da0545eb6b0843e99b3b5cedeaae562ad6f4e04e061c90bf422906d,bdc79a03dc73781f66e4182dc1c7341ab2ce5a39669c6ff3fd7f92360d50e005,256,float64,True,[REDACTED_LOCAL_PATH]\Tony Hidayat\AQ_OpenWorld_Codec_Provenance\17_features_b1\representation_a\5c41d56cbac7b1175f07a0e3.npy
141afa2bcf610314292905e9,ea862744a97bc79a321012f53a0918fb0958fa2a63b5b10cdff1d23d929e8d60,e766a322a402b7911ec208e6ffea62d85c0438fd2d30fa0eec38ace265344927,256,float64,True,[REDACTED_LOCAL_PATH]\Tony Hidayat\AQ_OpenWorld_Codec_Provenance\17_features_b1\representation_a\141afa2bcf610314292905e9.npy
f4b2cf8e3fdec70481af5007,d5411965e4028cab04fa6c36251bd67c100d116121794d539a7424469a546f3e,8f894581f74fc9cc55124462da90ea988aa0f086e172c2046ac2af4c1f2049b9,256,float64,True,[REDACTED_LOCAL_PATH]\Tony Hidayat\AQ_OpenWorld_Codec_Provenance\17_features_b1\representation_a\f4b2cf8e3fdec70481af5007.npy
7940d074449482cf1d70c312,1193a34e0f0f696e373b532b16df466db1a2869974013a31ada1c1b803cc320a,62ee92df05bfac8a4bc641be1a577f4c6f2eca2ff4c65b7410ad0c2fa2cc0e37,256,float64,True,[REDACTED_LOCAL_PATH]\Tony Hidayat\AQ_OpenWorld_Codec_Provenance\17_features_b1\representation_a\7940d074449482cf1d70c312.npy
e8e50e1ce9340f3b1e2fce0e,6357dddb9fc91cde4464ba41e704fcd8d5a110fda0a8417766c57210bd27f895,df93f19d237a5e6923683b3c2f3ab0f37458c2157c7c8027536f742a71b5a48d,256,float64,True,[REDACTED_LOCAL_PATH]\Tony Hidayat\AQ_OpenWorld_Codec_Provenance\17_features_b1\representation_a\e8e50e1ce9340f3b1e2fce0e.npy
7513a0c4799b141cb5b7cba7,976bee68aa8d30780f175855fe5677c985a9dc948d3521a3031490637bdcb0d5,f251e2c8392a463e81ada50ca32f4f10e9adf891db07dba08970dee4de985b86,256,float64,True,[REDACTED_LOCAL_PATH]\Tony Hidayat\AQ_OpenWorld_Codec_Provenance\17_features_b1\representation_a\7513a0c4799b141cb5b7cba7.npy
9f0d16b84d73fe3b66c2f120,9b18227261342420d5dfb945c42c631138843be940f0f12c08f31bba47de8de4,fa96a7a6bc440b45b6aa1f319054e860216d09d111177696c80a0d002efe936b,256,float64,True,[REDACTED_LOCAL_PATH]\Tony Hidayat\AQ_OpenWorld_Codec_Provenance\17_features_b1\representation_a\9f0d16b84d73fe3b66c2f120.npy
4e9852e872ec74be6f431f80,8ea758d4c976441f62c4eab4ce73a9351b285ff88f14b18aae1beade12ac0d95,80ed2781bbe81f81ba3ba7a3f9eeef65ca2a2c5711a1fede8b84f3e5050e3701,256,float64,True,[REDACTED_LOCAL_PATH]\Tony Hidayat\AQ_OpenWorld_Codec_Provenance\17_features_b1\representation_a\4e9852e872ec74be6f431f80.npy
44dfef86b450cb477869e89d,13fee835b924871a88352b94839ae249b9bfd8fc02af02729721a6d91d25ca0c,348932ee70ec036fbc9311bd0a9977e0dfc2a88ed1b023ebb6746e70c9557b6f,256,float64,True,[REDACTED_LOCAL_PATH]\Tony Hidayat\AQ_OpenWorld_Codec_Provenance\17_features_b1\representation_a\44dfef86b450cb477869e89d.npy
e00ca1078aea59d5990881bd,b8dbb5308d5dff62066b8133ef136a03e463e21cd89a2a83c56cccddc90fa995,263cb96dce887b1a95d9cb871c369f1614a05ba1966bb1b7d2ae6f9c28d2e16a,256,float64,True,[REDACTED_LOCAL_PATH]\Tony Hidayat\AQ_OpenWorld_Codec_Provenance\17_features_b1\representation_a\e00ca1078aea59d5990881bd.npy
60f309f055b12971636fc0ca,6e7e30443fdaa3ee4808c12970ef68549aacc2884acaacf0c6c2107c1549394c,acc108dc093cc1a960db77ae447c52e1851b582e399bb2325d67bb4eff7e8ed7,256,float64,True,[REDACTED_LOCAL_PATH]\Tony Hidayat\AQ_OpenWorld_Codec_Provenance\17_features_b1\representation_a\60f309f055b12971636fc0ca.npy
afd1be859d2677abb415fe44,c613a4136b3cb8fb512ff7d04addaff20738c1305534c878fe85d6277b22cd83,d71ba848e729145dc13185da82b218ff019748e499d52eaec2cf7e1b3e6a10d3,256,float64,True,[REDACTED_LOCAL_PATH]\Tony Hidayat\AQ_OpenWorld_Codec_Provenance\17_features_b1\representation_a\afd1be859d2677abb415fe44.npy
6d20b65d3bcab261c9902d70,7782d1847e220100f6876582901a957252fd20e39833679b1adaa0fbb528fb21,53953b6731b7ef54945848879ad65e0bdeda0267a0b43ef7bc208f827f619fb6,256,float64,True,[REDACTED_LOCAL_PATH]\Tony Hidayat\AQ_OpenWorld_Codec_Provenance\17_features_b1\representation_a\6d20b65d3bcab261c9902d70.npy
4a0dc508513eb108ad735373,a23a2bf171ee729fefae669f40c52bdaa5712b5d083549041119fe802a0f99a7,0da98bd69782346f6705625bf1d2e6cac6188b6f9c4d3a6730e9f007800e1927,256,float64,True,[REDACTED_LOCAL_PATH]\Tony Hidayat\AQ_OpenWorld_Codec_Provenance\17_features_b1\representation_a\4a0dc508513eb108ad735373.npy
207fd72146937ece2ec93aae,46b77c085deaa9365665ac3b8e3f919ec99c50ba331f2c6dda9f8eed889a3dca,272b6d90f4874848a8de78ea9d962a408f59b6b76f78c9b9210fa99b00da42df,256,float64,True,[REDACTED_LOCAL_PATH]\Tony Hidayat\AQ_OpenWorld_Codec_Provenance\17_features_b1\representation_a\207fd72146937ece2ec93aae.npy
95b84eaad83e0c78f8094413,b15eb3a5d146e041ca28d3a7d6baba85002fd5fb06e06f3a3bad537ddeac0032,98810eac18dbcf0e904dcad8ff27f011fd155eae51e017f7007c02fd4344f0cf,256,float64,True,[REDACTED_LOCAL_PATH]\Tony Hidayat\AQ_OpenWorld_Codec_Provenance\17_features_b1\representation_a\95b84eaad83e0c78f8094413.npy
4d1c253445adb4674ff232a5,edfc9c1cee2a85b46a0829dc95ead09c4fdeb806afb7e262e044094fdb4f1c1f,1efd8f023f3a49aa6a133d1400a09244773ccaf0b98638aedf8260bf5ce15c16,256,float64,True,[REDACTED_LOCAL_PATH]\Tony Hidayat\AQ_OpenWorld_Codec_Provenance\17_features_b1\representation_a\4d1c253445adb4674ff232a5.npy
c52fff5073f77d31998b7a4f,9b2777d8612acb4bbb1b9d9656c5454cccaba4724974963022e88fad2015233e,4fe8ba440b2e3666fa63f5987b271e9bfbb28b0ae3aed6f81abb79396a11ee28,256,float64,True,[REDACTED_LOCAL_PATH]\Tony Hidayat\AQ_OpenWorld_Codec_Provenance\17_features_b1\representation_a\c52fff5073f77d31998b7a4f.npy
b2b1dffaee8afafbeffd9ce5,73a6c8a86e1357eb4a129a15ff3afaf98a6f10ddbd9adb8ab684b9826cbcbeb5,fed263c6329bb07440a03bb0ea1454a149ee2572c2024c449d841b49976703dd,256,float64,True,[REDACTED_LOCAL_PATH]\Tony Hidayat\AQ_OpenWorld_Codec_Provenance\17_features_b1\representation_a\b2b1dffaee8afafbeffd9ce5.npy
f59bf3aee530a3fc8f651aa9,87db9f7a44cba713f07e6946b4d8f161cd2e243cb44ad35596d4059ffca79722,4ca3888e340d04f85853c403e1340fa06a3f6854b8b763601a3ef2103ded987d,256,float64,True,[REDACTED_LOCAL_PATH]\Tony Hidayat\AQ_OpenWorld_Codec_Provenance\17_features_b1\representation_a\f59bf3aee530a3fc8f651aa9.npy
cfdd5b6cbcec46756091a376,a6d1a41140dd895540c1cede49756e8bf00dfee930e22dd052bc5c23e17588af,10e1a1d9caa3d3ebc9ab17e57776d480aab2246a2851e0a03d672af94c9bf953,256,float64,True,[REDACTED_LOCAL_PATH]\Tony Hidayat\AQ_OpenWorld_Codec_Provenance\17_features_b1\representation_a\cfdd5b6cbcec46756091a376.npy
86d8d85a8a8f5b8a7fc908a4,aff33b370d2bb5510dd157d40dd09d452a8adb3076c9cceb99c21998c53eb150,a2e9b31aff87b241da45c61826f7a4ea953fecd9745b9bcc5a3b9cd4385f4f3b,256,float64,True,[REDACTED_LOCAL_PATH]\Tony Hidayat\AQ_OpenWorld_Codec_Provenance\17_features_b1\representation_a\86d8d85a8a8f5b8a7fc908a4.npy
c31971565b7afd0dad7c8f71,739ab5233d12701d9bbb6da8ecba60ab81dbe0de023ed999acb4b243eea314e1,6e3815f3b4a06006abd9d1b56c92a982e110b8493a5b1c62dd030457b84fa79f,256,float64,True,[REDACTED_LOCAL_PATH]\Tony Hidayat\AQ_OpenWorld_Codec_Provenance\17_features_b1\representation_a\c31971565b7afd0dad7c8f71.npy
07f2b0b4edaa38d043299e6f,ec8732a9e8022171616a5fa45550fd48f7699cebc42d0346df437f33919c18e1,f21e30285b4df140490a7703d2f38f5e00d718f4804bf423c75447bb0e56038e,256,float64,True,[REDACTED_LOCAL_PATH]\Tony Hidayat\AQ_OpenWorld_Codec_Provenance\17_features_b1\representation_a\07f2b0b4edaa38d043299e6f.npy
85c2a87b47595d6ffe5aa52e,bc3c7b5c348c9ff442dd1c3b9daaa904344842ed19d6dfa29c17fbbb2852e0c2,864422ee2028949c8c101c7d78f80b1e74ab7fcc5b1e79a92d86784eecaac055,256,float64,True,[REDACTED_LOCAL_PATH]\Tony Hidayat\AQ_OpenWorld_Codec_Provenance\17_features_b1\representation_a\85c2a87b47595d6ffe5aa52e.npy
58af5aac10cb2dabb2ecdf83,160028aeacb6552a4551371109489f3484feb93fd930ca658fbba95d42fa5c49,d78b4f2dfe48175f5d75577927398cc71d86e2d86e7f1e816e274ac63435b481,256,float64,True,[REDACTED_LOCAL_PATH]\Tony Hidayat\AQ_OpenWorld_Codec_Provenance\17_features_b1\representation_a\58af5aac10cb2dabb2ecdf83.npy
2a51162693828b49fd43745d,4df7423471a1a38091d908208e7d73d4bdeaaa02995a4c8d6d025cee8ebb2ef1,e5bb8e9e452d287836907b4db81ae5309cb142f7256404948a0a34d7464702e7,256,float64,True,[REDACTED_LOCAL_PATH]\Tony Hidayat\AQ_OpenWorld_Codec_Provenance\17_features_b1\representation_a\2a51162693828b49fd43745d.npy
825a9a6ee1a9364b039cfe12,28b8d649ed6cb95685b63d97437ec014f4a2c24576839ee96a70256e97d13949,10186d84bdbda0069c843e2138459311bdccd5d39d5058439d16d07643b00c8e,256,float64,True,[REDACTED_LOCAL_PATH]\Tony Hidayat\AQ_OpenWorld_Codec_Provenance\17_features_b1\representation_a\825a9a6ee1a9364b039cfe12.npy
7cf8771e913cc7f4ba24a1a7,86ca6cd5b437a86eed8b94d1d148c3f33d06db3026a89ba9aa8f7519f33fc710,a2a76156cb314e02ed2cc38545fb79890ae2a77580aaee3bb074d3912cd0dae7,256,float64,True,[REDACTED_LOCAL_PATH]\Tony Hidayat\AQ_OpenWorld_Codec_Provenance\17_features_b1\representation_a\7cf8771e913cc7f4ba24a1a7.npy
da95066f73dd56bacd8c574b,8cfddbf073e75099030080188552d9bec2607d9de24374898b7f3abf899196c0,be30a7a237465b3077ee635191588ab2e9bae1c9ea40dc417e302e6c3f390949,256,float64,True,[REDACTED_LOCAL_PATH]\Tony Hidayat\AQ_OpenWorld_Codec_Provenance\17_features_b1\representation_a\da95066f73dd56bacd8c574b.npy
8b67928abcd587b77a0b86b4,4cb10cefb2c50981cc4be4d24e66c8c2b9f7362d339103c9a497a9f848bcd170,a2f85d10b27214a1f548a7996eb2a6e772d534bf118350bd54901d3343b6fc98,256,float64,True,[REDACTED_LOCAL_PATH]\Tony Hidayat\AQ_OpenWorld_Codec_Provenance\17_features_b1\representation_a\8b67928abcd587b77a0b86b4.npy
707f1e1c9a3ac9b2bf05d11f,ad022b0c3cd5166a558b8a815e052254d5cab24fda8e3857ad6bf8af52cfb56f,7722f1479c55a3a7a44696b3f2551523133fc3a885cb3f987424ecdd1c264ec1,256,float64,True,[REDACTED_LOCAL_PATH]\Tony Hidayat\AQ_OpenWorld_Codec_Provenance\17_features_b1\representation_a\707f1e1c9a3ac9b2bf05d11f.npy
392cc84a8727508b1d0baf41,990bb63de7d2ed6511b3e954f86e09c5a69a2203d59c41bbc537aaa97dbfd0c1,33850cbd755f8bc4f281f694b33fb765780ef1ffbfe3e8c383bff1eca36983ee,256,float64,True,[REDACTED_LOCAL_PATH]\Tony Hidayat\AQ_OpenWorld_Codec_Provenance\17_features_b1\representation_a\392cc84a8727508b1d0baf41.npy
902269d283dd866f70c867c0,865580ad1ed7bb9447aa2f3782cd81df472456934d6b9ea6944e14e7f48d2611,76043a6c31986b621892dfa304ca83338d315652893dafe2f8045a0a49889e1a,256,float64,True,[REDACTED_LOCAL_PATH]\Tony Hidayat\AQ_OpenWorld_Codec_Provenance\17_features_b1\representation_a\902269d283dd866f70c867c0.npy
8df9647f1b99f642bc58ea1d,e17e14dca728e474fe94e540b7cfd4305a5c9114248e190af5ef88acd28cfef7,e788c47c1558ea661f17941d4d1aa701ef804bb195d67cbf2c488603cd303ec4,256,float64,True,[REDACTED_LOCAL_PATH]\Tony Hidayat\AQ_OpenWorld_Codec_Provenance\17_features_b1\representation_a\8df9647f1b99f642bc58ea1d.npy
c222439560f59992e5a5361b,d6b4ccbc028fdcb6670eebdbd5f5f7008e51eea418ff2e53d61fe9404d66428d,0e6e684acb5342c8f05ede352776a1cdaa8f583cdc7b26fc59f8f0158077c5bd,256,float64,True,[REDACTED_LOCAL_PATH]\Tony Hidayat\AQ_OpenWorld_Codec_Provenance\17_features_b1\representation_a\c222439560f59992e5a5361b.npy
7f1e11e91bcf7dcc84657bdf,1f9620802d15cd4391848ecf32b97d66041c81f7c5df54e510ce17336b0a3abe,5278ff43240130f24554894df9507acc96f4910e5fdc9a141ac7858458accfa2,256,float64,True,[REDACTED_LOCAL_PATH]\Tony Hidayat\AQ_OpenWorld_Codec_Provenance\17_features_b1\representation_a\7f1e11e91bcf7dcc84657bdf.npy
ac6b83f10b29210784645c49,0e8fd4a0b01512bf188f9dd12b0b174c30a4d481697d50d22c9e5c6e2e7c2892,5314c89dddcb12e4bb6cb2b6e7d0f95154303d17fdff5954ee73ea13bd520370,256,float64,True,[REDACTED_LOCAL_PATH]\Tony Hidayat\AQ_OpenWorld_Codec_Provenance\17_features_b1\representation_a\ac6b83f10b29210784645c49.npy
678e2a46748334a475f7abae,58715ec04cb057d591715c9d70362a7fda961778b3ca66725c12d587a2162624,326dbcd677b828a967deada54f46ffeea5b8c566b01005858c97a8b913401e9f,256,float64,True,[REDACTED_LOCAL_PATH]\Tony Hidayat\AQ_OpenWorld_Codec_Provenance\17_features_b1\representation_a\678e2a46748334a475f7abae.npy
249427ae491d94409e117aa3,38563aaeb1ea0c701a6453162cb64fa39e57d666149c4dc035536896c9e32fe0,2c6e215a8a9c3e66a4439fe03143a474032271eaba07e3025e87bc99c48ea350,256,float64,True,[REDACTED_LOCAL_PATH]\Tony Hidayat\AQ_OpenWorld_Codec_Provenance\17_features_b1\representation_a\249427ae491d94409e117aa3.npy
c053a19fe118ff9918e8e255,4f9bb01806ef2c7cb63ebf69170a442067ee13e8414ba17534be96bb8ccfa7c9,db4934a6bee17c2adb3f3e5e8572bd50fe57d78eeffa348adc297a742353272c,256,float64,True,[REDACTED_LOCAL_PATH]\Tony Hidayat\AQ_OpenWorld_Codec_Provenance\17_features_b1\representation_a\c053a19fe118ff9918e8e255.npy
1ab988d0050f96b8d1d374e1,7f3f0aab8ac1cd6d09d432ad3d9816fc7bb68aaa9db77faf5547c7ecbc39e29e,88156459a405edfecf72cc1929c2c0a56202eae12cb63268a0d91ee287590cbb,256,float64,True,[REDACTED_LOCAL_PATH]\Tony Hidayat\AQ_OpenWorld_Codec_Provenance\17_features_b1\representation_a\1ab988d0050f96b8d1d374e1.npy
f383e75d422f6df984a58325,9053adc29d31f25d117f1fdeaf4f1aef3ac339909c2a0c3e9461d18646d00774,b54cf0f5861ec4c87115266a2400b4ba041ea20b99ad3ab108a4aaa6bcbe1aed,256,float64,True,[REDACTED_LOCAL_PATH]\Tony Hidayat\AQ_OpenWorld_Codec_Provenance\17_features_b1\representation_a\f383e75d422f6df984a58325.npy
178485ea0b4c34e8d138d612,8ddcabfad1dfaacb04b3e9812bdc9d94ba660e8dc0a190225b58ef1880dc99e0,006efcb6e9b9c5103c8b56319b4376d82cd311aa434369462d02a1890738a24b,256,float64,True,[REDACTED_LOCAL_PATH]\Tony Hidayat\AQ_OpenWorld_Codec_Provenance\17_features_b1\representation_a\178485ea0b4c34e8d138d612.npy
96e8860ccfcddd7701a2576e,795bf3c40d7009c426f2afb13e3a55b0ede3c2cc83866e466426ae2099a650af,9275135764f390e4122ccb727a7973c1ca36e224bd6b59bc6d5183d2fd1e3113,256,float64,True,[REDACTED_LOCAL_PATH]\Tony Hidayat\AQ_OpenWorld_Codec_Provenance\17_features_b1\representation_a\96e8860ccfcddd7701a2576e.npy
68c5379ac11cb2d70c188ae0,0cf685b412604a87b4bb7a9c19788604e6778d3086156405ea94bdc1891f080d,2803018b402a622f85bd06f0cf38544c1ebb6214e44c78e3528e5f6dcde32621,256,float64,True,[REDACTED_LOCAL_PATH]\Tony Hidayat\AQ_OpenWorld_Codec_Provenance\17_features_b1\representation_a\68c5379ac11cb2d70c188ae0.npy
b8bf093530cb2dc7b3e811e6,be0c92afd4efb8c45023ec5937de4a92c0776028abb3bdce11d5b26543da69cb,104087b708ff2b7cf33367512789800b23e2d312a95afb780a12c2b81d1b3f9c,256,float64,True,[REDACTED_LOCAL_PATH]\Tony Hidayat\AQ_OpenWorld_Codec_Provenance\17_features_b1\representation_a\b8bf093530cb2dc7b3e811e6.npy
827424b6a72727006345eec1,39fc2d47c2e0cc6a80035c4907405112b1bcd4a2ecabe140cd9df67936dac921,dad1a2c7554b02bba3a37bbbf5611515d595566101ec78943981b3c6a9b5048f,256,float64,True,[REDACTED_LOCAL_PATH]\Tony Hidayat\AQ_OpenWorld_Codec_Provenance\17_features_b1\representation_a\827424b6a72727006345eec1.npy
fe1d74e0b43dbb545718b60e,ab2996cdfab59eb6e4f9fb6bd40630fc04fd44b2c6d0811caa5937ddd6543343,7a0a2fd05fb9cbdb7730efa275ffdbcd8168ccd4600280f84f16d4cd406ef8f9,256,float64,True,[REDACTED_LOCAL_PATH]\Tony Hidayat\AQ_OpenWorld_Codec_Provenance\17_features_b1\representation_a\fe1d74e0b43dbb545718b60e.npy
7dff694fe0db25a985985c59,7ded17d27f4e718ded0c67928c2270c75826be3c33182c17877e8a2fc80d25b6,e6f456e09ef7f2a1290a57ba0979ab90c5a4a278f56527cdd5de71e0e127fa95,256,float64,True,[REDACTED_LOCAL_PATH]\Tony Hidayat\AQ_OpenWorld_Codec_Provenance\17_features_b1\representation_a\7dff694fe0db25a985985c59.npy
1660e31791c787f4a20fdf11,a8fe2597ca7ee28b5c97482b099fb9565599db36d1fb2c56bdb5eb28beab612a,ff22157f4714dd7b92ad4138dacbb1b4e1e4b17db67694469ff4d66d8b615d6e,256,float64,True,[REDACTED_LOCAL_PATH]\Tony Hidayat\AQ_OpenWorld_Codec_Provenance\17_features_b1\representation_a\1660e31791c787f4a20fdf11.npy
10ba0c77315f8b7ee5e68bc2,f8f36739a273aeffbb6a4893ef4823dc5f6730f39e3b48eda65747da18141f7c,f32969319d96fa33de376f0b603c70a96376520686442d31f5369ea28bf1c0dd,256,float64,True,[REDACTED_LOCAL_PATH]\Tony Hidayat\AQ_OpenWorld_Codec_Provenance\17_features_b1\representation_a\10ba0c77315f8b7ee5e68bc2.npy
f9eaac459bc14440130e64b5,415772533748718e8ed7d65f8a14dc7d4a5313692e53ffff0bec6783b697e225,896d38d8d3ab16d12d0a6f10e21b3553525c6f09cf59c6436555a1204d014fc8,256,float64,True,[REDACTED_LOCAL_PATH]\Tony Hidayat\AQ_OpenWorld_Codec_Provenance\17_features_b1\representation_a\f9eaac459bc14440130e64b5.npy
d3b62f723c8270248a2d24eb,aa07918fc83b07fa04e01dc24f7793a57e64a734e3a06384828723437acde50f,3d75bfc1b382fb151b4d6abc16ab340c1020708d73fcbc6f8b97718d7a0d06e0,256,float64,True,[REDACTED_LOCAL_PATH]\Tony Hidayat\AQ_OpenWorld_Codec_Provenance\17_features_b1\representation_a\d3b62f723c8270248a2d24eb.npy
e2b553ee81b02cc04e481e79,7d6b6194f81f88ca6a167ed90108746ef122156d620c1694343388d7cf44e822,ea4c6403d462188eeac4ab440e7362fa5e81f41aab51255953d90235b835a2a7,256,float64,True,[REDACTED_LOCAL_PATH]\Tony Hidayat\AQ_OpenWorld_Codec_Provenance\17_features_b1\representation_a\e2b553ee81b02cc04e481e79.npy
fdb0f2741ace730b2a882297,19ab5f2545cfdf86d192711ba9efeb30b224a14491d12f861d801aecf21489ad,e815a82510dbe34ce2fbb067144c4c879748e0c4691b94595052b4608b6bc03b,256,float64,True,[REDACTED_LOCAL_PATH]\Tony Hidayat\AQ_OpenWorld_Codec_Provenance\17_features_b1\representation_a\fdb0f2741ace730b2a882297.npy
344570e7804b462af087ec2d,fdac5ef1a11199abc030a8f1e9c159fc6f462e3818941dbf270236a8569b525a,72d5959e361b6bf15b37300ffadf01eda40b094f7a5f9ac5735e218d08a41198,256,float64,True,[REDACTED_LOCAL_PATH]\Tony Hidayat\AQ_OpenWorld_Codec_Provenance\17_features_b1\representation_a\344570e7804b462af087ec2d.npy
bd3c9adf9385c384fe65d6c0,f29d8411132b9c5d93611ca1392900584529e33e650ec47befd1dc948b3d5cbc,88127c1a7e3bc086f42003530bf6bfd216f840b74ccdae0e5cca5d42266d05e8,256,float64,True,[REDACTED_LOCAL_PATH]\Tony Hidayat\AQ_OpenWorld_Codec_Provenance\17_features_b1\representation_a\bd3c9adf9385c384fe65d6c0.npy
6cdcb92b4562112978c86166,bbef2feecbabf76f3d9f5aa059c57b1d0e85cb85e63e7cf25c9e4ee47f45e266,ed8d1571686453a4118f3dda391ff2ba66b9406dbdcb587570e6fc3119380dd9,256,float64,True,[REDACTED_LOCAL_PATH]\Tony Hidayat\AQ_OpenWorld_Codec_Provenance\17_features_b1\representation_a\6cdcb92b4562112978c86166.npy
cb0c10cd31257b76308bec84,1f0f7c88e5e4164d51106d5cec9ee6744d3771b95e0e2007d69554d8083ac4f1,475e5c96311bbe97de9c35f53bd28ea6a557d861d01d08a3a06a8812166ac84e,256,float64,True,[REDACTED_LOCAL_PATH]\Tony Hidayat\AQ_OpenWorld_Codec_Provenance\17_features_b1\representation_a\cb0c10cd31257b76308bec84.npy
d711d0f5bf67ac8848a43d80,a4ad8ae941c90321170ba50b9952913193a041c3fafbd3f78da39e9373c139e8,f63a8518bf4f2cdb77320c00b39c13bf326f4548af26862d2a2260589f4839c5,256,float64,True,[REDACTED_LOCAL_PATH]\Tony Hidayat\AQ_OpenWorld_Codec_Provenance\17_features_b1\representation_a\d711d0f5bf67ac8848a43d80.npy
6353ffe1cf3a4afc045e64b5,b6d0964d826297988e4edc21970bf85b9425ac8763d26a4cbc3889ae6ff85477,fdd3423fe33445be84e35f86cce92ba225162812446176b6d5330b762ff740b3,256,float64,True,[REDACTED_LOCAL_PATH]\Tony Hidayat\AQ_OpenWorld_Codec_Provenance\17_features_b1\representation_a\6353ffe1cf3a4afc045e64b5.npy
3a4b23d05d4a7f902c5d84c4,ae7372ff34009a1053817a8764468c0ef50a19b53f86b6ad1ad75cbeb917bf2b,82f60dc14daca4a034f1d7a5d6f69fd8bb4e92913859eee4a251d8338351de10,256,float64,True,[REDACTED_LOCAL_PATH]\Tony Hidayat\AQ_OpenWorld_Codec_Provenance\17_features_b1\representation_a\3a4b23d05d4a7f902c5d84c4.npy
6b2b06075965db181f208970,d5bee234ff01b1ebbf2efbd8ee20495f13d9651e35248891e47792c9f73cb158,e1d182a2e4c80dc7a35cdeb346b10aa07354f1ad970d2f9705debe0389ff2cb9,256,float64,True,[REDACTED_LOCAL_PATH]\Tony Hidayat\AQ_OpenWorld_Codec_Provenance\17_features_b1\representation_a\6b2b06075965db181f208970.npy
2486fb95757e1f535aec2f75,609d6e8e82217868952d084068be71401f5274afbe4fb590cfe3c6e14e5d700c,00aea413619d381bf245e8e47f213158ef8371c8b9eb3ea407a519832ff2c34c,256,float64,True,[REDACTED_LOCAL_PATH]\Tony Hidayat\AQ_OpenWorld_Codec_Provenance\17_features_b1\representation_a\2486fb95757e1f535aec2f75.npy
5267ee0b7074ac2150f89b32,8819c7b17a79ce0da29b9ea6dc93557092b3670fd2d2b72cd466c5dd2519b8b8,079a29acfee948ce14b195d040618d5e55fcc9506500eb7ac75b35e8d6a8a9ea,256,float64,True,[REDACTED_LOCAL_PATH]\Tony Hidayat\AQ_OpenWorld_Codec_Provenance\17_features_b1\representation_a\5267ee0b7074ac2150f89b32.npy
e15fbc9687564aa7dea5e303,ff9af04789fbe4895c39d73e304a3cea45f3c3781d2304358f05e5b83b7535bd,17d9d36674e74c0e2e0ba794295e98de0bd86aee47c2208b9eb8056fdd01a862,256,float64,True,[REDACTED_LOCAL_PATH]\Tony Hidayat\AQ_OpenWorld_Codec_Provenance\17_features_b1\representation_a\e15fbc9687564aa7dea5e303.npy
66fd28f436f030932327c845,6beba9f0c266c1ff54f36b8579789dc5c0b24710699c950b080ba76f2a75aef9,1123db98905448dd5b41fe4912fb1044ae7b7136840468d18a822104e1a9dee5,256,float64,True,[REDACTED_LOCAL_PATH]\Tony Hidayat\AQ_OpenWorld_Codec_Provenance\17_features_b1\representation_a\66fd28f436f030932327c845.npy
c4aa067e88272503d228ebb7,71c6a3cb3aaa46e14b1bdd2f6693c6e2d47372d1bbc5ec56b382678b488a93d6,97b24384704c4456d76f0a4431e83467fd49b2c9feb8b412c444a0b48fe2d54d,256,float64,True,[REDACTED_LOCAL_PATH]\Tony Hidayat\AQ_OpenWorld_Codec_Provenance\17_features_b1\representation_a\c4aa067e88272503d228ebb7.npy
997167fa003f3a55c3b230a9,981fd6f2043be70640bb5373d5b4a38ec3e131f3b392478c796e9cd4e17f2b66,d02f33f4ffd79e9b5a470636e60ec57cb591921044fe3bb80b6dfe430cce0861,256,float64,True,[REDACTED_LOCAL_PATH]\Tony Hidayat\AQ_OpenWorld_Codec_Provenance\17_features_b1\representation_a\997167fa003f3a55c3b230a9.npy
ae968f7f30ec73f7fcff369f,dd23127bed75ba08560c691d7b8be3b669ac69315edb7d44f390efcca4b8f568,f1848306a2145e98794fb8ee53a066e5ea15df3fa807483dac5f6f6004b565bd,256,float64,True,[REDACTED_LOCAL_PATH]\Tony Hidayat\AQ_OpenWorld_Codec_Provenance\17_features_b1\representation_a\ae968f7f30ec73f7fcff369f.npy
f9f74451aefe1c5f28ea4b5e,a76774e1ba13e5871001fabae78db8c0e2dece990af94a56576aec2a2db84242,5eafa949415f83158af116dfea2b42eaeecaf1a78eb00ece1dbc4582e95aec9d,256,float64,True,[REDACTED_LOCAL_PATH]\Tony Hidayat\AQ_OpenWorld_Codec_Provenance\17_features_b1\representation_a\f9f74451aefe1c5f28ea4b5e.npy
c9da97a039cc44fcb300ebc4,0115ea60e34fc07e82ce8fe57a834bbdcb5deb8fa9221d51c66824fb1ed59b7a,389d2b0c44871779f8ab46d05cedccdd974fbc0cc6fe61c70f4ac0509fbc68ec,256,float64,True,[REDACTED_LOCAL_PATH]\Tony Hidayat\AQ_OpenWorld_Codec_Provenance\17_features_b1\representation_a\c9da97a039cc44fcb300ebc4.npy
22e16015b3f81e50128f6f1d,9b78786f054bf96964fc1fdd8cb324b3854f379a6b81fad4acaf4402da812829,8ed0ef3daf672688ea94853ba29b5f7dec52a85439c3d556eed3cf5eec82dac0,256,float64,True,[REDACTED_LOCAL_PATH]\Tony Hidayat\AQ_OpenWorld_Codec_Provenance\17_features_b1\representation_a\22e16015b3f81e50128f6f1d.npy
06f78000e777d5f14aa0a919,89437484940b9afae647f8a80f3cc7152a26b2d4680a3e8bb1097326ed90c996,034691b3037c07de83e19a4e39ab477bfbe1131dd57079837b9eacfefe271c42,256,float64,True,[REDACTED_LOCAL_PATH]\Tony Hidayat\AQ_OpenWorld_Codec_Provenance\17_features_b1\representation_a\06f78000e777d5f14aa0a919.npy
b3a7cd628f02a3a99a354e87,192fd84764b8a9cfdca1b9cad9fb1855743d610673493ef0dd17aec077c2889a,2cfb2df9d03b27b52bb19359ac44615e9b82dec89b9dc17ed9fbeb72c7363445,256,float64,True,[REDACTED_LOCAL_PATH]\Tony Hidayat\AQ_OpenWorld_Codec_Provenance\17_features_b1\representation_a\b3a7cd628f02a3a99a354e87.npy
39aa95153089866ec3fe6cda,39f2f028d1be39026c08528e9720a894332d5d7371d05323323685296eaa5ff4,de396f157be6546da8777783c4a05fc2a893697db3ba570aa0c0aad842dda798,256,float64,True,[REDACTED_LOCAL_PATH]\Tony Hidayat\AQ_OpenWorld_Codec_Provenance\17_features_b1\representation_a\39aa95153089866ec3fe6cda.npy
b1b6f25827dd07a8bb6e9d6e,347cf883c96ed79f0c24debe4140395d6edd841b522acd1c36f61b0a7a9a68cf,d4ea852d41aa414c9a444d676f68d98f55e2223b357bafda6f8d1373681e0c99,256,float64,True,[REDACTED_LOCAL_PATH]\Tony Hidayat\AQ_OpenWorld_Codec_Provenance\17_features_b1\representation_a\b1b6f25827dd07a8bb6e9d6e.npy
c97c5d40000f0047927163c9,c27daf69db5f75210aa52b1b63cdfcb6241e43ebc0b4b4f291262d4b86abe6a5,e19f425e5592b8ad9793e889e822c7645e7605e2f5469eb580d8fc2017d934cf,256,float64,True,[REDACTED_LOCAL_PATH]\Tony Hidayat\AQ_OpenWorld_Codec_Provenance\17_features_b1\representation_a\c97c5d40000f0047927163c9.npy
9e9ee41ff45b90f95b28cb34,8619b52a55e72a1541af7bbd4bc107e85d2cedd0db9a063ff3f71f6540ab56ba,8582b144ca9aba6ac0bab8df8f2dacc269efb4479c22c686a391a0bd38b763de,256,float64,True,[REDACTED_LOCAL_PATH]\Tony Hidayat\AQ_OpenWorld_Codec_Provenance\17_features_b1\representation_a\9e9ee41ff45b90f95b28cb34.npy
1bdf1b9e5ef07c6224d3a119,6d59650be25761e6f8806350b06b952d33f4cade8435c5188bf4b488704b955f,7a40bd317d2b2e49e95a39a46d919d2df3e84e3869d84892f1e567cf4744b29c,256,float64,True,[REDACTED_LOCAL_PATH]\Tony Hidayat\AQ_OpenWorld_Codec_Provenance\17_features_b1\representation_a\1bdf1b9e5ef07c6224d3a119.npy
dc737052de805d62b78e81ab,b0dcf614acaae9665b65d2ad1acd4af4f1b056d2c24e637918102f74a4590f2b,69f78c66df908542bfb1b34367bcb100314485cf0e95d96e5b5e14b68cc4fc9b,256,float64,True,[REDACTED_LOCAL_PATH]\Tony Hidayat\AQ_OpenWorld_Codec_Provenance\17_features_b1\representation_a\dc737052de805d62b78e81ab.npy
02de86d4df34f316db210613,197d2b46a87532d7fbd0f2f2b3749e4e2468b9287caf4db53babeba0e52f04ae,f453ecafbc3c9b48146ff8b776db646f2cceb32f50b4ee69d86b4702d4e4a59c,256,float64,True,[REDACTED_LOCAL_PATH]\Tony Hidayat\AQ_OpenWorld_Codec_Provenance\17_features_b1\representation_a\02de86d4df34f316db210613.npy
fc903ecbba05a3542e1a12a1,c4e149cc642ffadda29bca4544d51e7f76614a0e41887b97b809d81b54070e00,e280dca5b1bf9c83a83541f4c6e543fde4b347fa8c6c8da5119e5099a0926351,256,float64,True,[REDACTED_LOCAL_PATH]\Tony Hidayat\AQ_OpenWorld_Codec_Provenance\17_features_b1\representation_a\fc903ecbba05a3542e1a12a1.npy
0943e21693b4f2970ada61f6,a41055be5eb88bf187e1952bb10b341ce41e8a0f7387b2ae9f560df6d2fcb76c,c2a5cdd1f7ca315ad1316f5797f7448ad1f1f54959881629f631cce10dcd087b,256,float64,True,[REDACTED_LOCAL_PATH]\Tony Hidayat\AQ_OpenWorld_Codec_Provenance\17_features_b1\representation_a\0943e21693b4f2970ada61f6.npy
ad461db17a2b921918a0725e,5390cca59c9829ffa21da54ea0802498c6c37fa5819181a320b6126832bb9cc5,86191aa75278ea6992e80c7ee18005a90fa6534a9c5816e02ceb4e1b80c95741,256,float64,True,[REDACTED_LOCAL_PATH]\Tony Hidayat\AQ_OpenWorld_Codec_Provenance\17_features_b1\representation_a\ad461db17a2b921918a0725e.npy
6fca7e137ce4a48c164b3614,85409bf22d21a68ad4335a4580bcbed6eea718f711881f9d6692186d8e81c723,5de3a58b5c2464e90e49a14d46fa3a8ec67e43de4dc473d169283cdd9e9f0d99,256,float64,True,[REDACTED_LOCAL_PATH]\Tony Hidayat\AQ_OpenWorld_Codec_Provenance\17_features_b1\representation_a\6fca7e137ce4a48c164b3614.npy
2eb75c16e5cc65525f315127,9395ba065a9ee40ba8536be1f9e35a5b696e0fb7a10c2d9ed912072acd7b50dd,ac28f51b2c604683fd69c02e6ecfd53565f63949c4351b2d39f4ceb18e201ed8,256,float64,True,[REDACTED_LOCAL_PATH]\Tony Hidayat\AQ_OpenWorld_Codec_Provenance\17_features_b1\representation_a\2eb75c16e5cc65525f315127.npy
e0299b8e891ea1d36312442a,54d7aa99531e8ba9a43e9158e93662a518be7b412262097e7341c60cfc1428a2,2350ef85173e290a8263d1dfcff23529224fa077fde6917c1bac540d302af84c,256,float64,True,[REDACTED_LOCAL_PATH]\Tony Hidayat\AQ_OpenWorld_Codec_Provenance\17_features_b1\representation_a\e0299b8e891ea1d36312442a.npy
045cdc4b4ac01cb480be1c02,471923fdb96e6b2f645ddca556da0a59cc84d9069d29312ee86218967c5e8f29,da003163711fec8c29df8146ca10082edfc74963b85953770d65049a037a9c4b,256,float64,True,[REDACTED_LOCAL_PATH]\Tony Hidayat\AQ_OpenWorld_Codec_Provenance\17_features_b1\representation_a\045cdc4b4ac01cb480be1c02.npy
576fb5565656a6c2eeccc0e0,ab4ff47c4915ae264e0adef6901bc348209c1536b35019c89abee6d40d11ef9f,e1e0aa3941d35154214b0118f75b6a06dff9a2838aa5398872840f6bc6684d71,256,float64,True,[REDACTED_LOCAL_PATH]\Tony Hidayat\AQ_OpenWorld_Codec_Provenance\17_features_b1\representation_a\576fb5565656a6c2eeccc0e0.npy
e9a02d32cd5fd28596c22720,2e231e4f855d654abd7a0499a39256ab807fbce5138f22ea4a8065f85504dbe3,5e341408de5f64b5770fc1a43715f2c7f1beef2fc257248ba734c5e594176892,256,float64,True,[REDACTED_LOCAL_PATH]\Tony Hidayat\AQ_OpenWorld_Codec_Provenance\17_features_b1\representation_a\e9a02d32cd5fd28596c22720.npy
e6e98a67113049fa0c67de63,1a5b5c127db62118455f3470917f7762e6471c19a98b9d1bd737f80f6e5f8b1c,0891e0f07ab60d4562900c135c6a8585688be68b87182534536e0a2bd1fd4001,256,float64,True,[REDACTED_LOCAL_PATH]\Tony Hidayat\AQ_OpenWorld_Codec_Provenance\17_features_b1\representation_a\e6e98a67113049fa0c67de63.npy
1266cee10dc79ec8ac8ac577,403e5d0d313b93fd2195614350cc24c22bc55e57a689b7d57867174c64a7d9b6,02301678d7fb89674b884aef960b64699907f5d66d674b5cf6d7801caf3b7b5c,256,float64,True,[REDACTED_LOCAL_PATH]\Tony Hidayat\AQ_OpenWorld_Codec_Provenance\17_features_b1\representation_a\1266cee10dc79ec8ac8ac577.npy
a6f5955a5b8c55b3f867f1f9,bca387f99d322c39a1a4406e446bf70f10bb23d6124ab4723b0787089195b57d,3b6238e2144ffd519ad696ba91001f4d521cc7903ec1edb61d94d21b4ea1e751,256,float64,True,[REDACTED_LOCAL_PATH]\Tony Hidayat\AQ_OpenWorld_Codec_Provenance\17_features_b1\representation_a\a6f5955a5b8c55b3f867f1f9.npy
5a1ae06db187badfacb3eec8,2f109332620de353c9d35e86faa89062a8fa4cca45eba52972317bb4517f3a7d,77fa04bfaf1d071394c7297adc07106f90cf3be38873cff56690b5b6d1861e66,256,float64,True,[REDACTED_LOCAL_PATH]\Tony Hidayat\AQ_OpenWorld_Codec_Provenance\17_features_b1\representation_a\5a1ae06db187badfacb3eec8.npy
a993670b9d10c3fc1c0964a5,9aee52cfbf6e58cfc3dba94384e63ffc6ebefe879371f59e82b3b44b688e2f15,bcf80b376eab05cda3bcda295d5c10ec27e794bf78d03e83c37be8528382950c,256,float64,True,[REDACTED_LOCAL_PATH]\Tony Hidayat\AQ_OpenWorld_Codec_Provenance\17_features_b1\representation_a\a993670b9d10c3fc1c0964a5.npy
4bc8eb59807be7c17115b493,fa157ec17c811aeec5e4a80169e08027b7c3ee98e4ae156171d09670680e81f5,9f9ec730bc30209acb9f3cd3e87f5599917be01262641b2e4cef3c016fab218c,256,float64,True,[REDACTED_LOCAL_PATH]\Tony Hidayat\AQ_OpenWorld_Codec_Provenance\17_features_b1\representation_a\4bc8eb59807be7c17115b493.npy
a0e0dc31e182ca1adf0c77d5,2c2177ba0f01988341dee21f3b0bfeb107bbd69eddee952bfb4aea0c8847f02a,78a282e65f6b6cf358a8fdf8e25a375f0f7b06d708f89f835757f57b26646cc7,256,float64,True,[REDACTED_LOCAL_PATH]\Tony Hidayat\AQ_OpenWorld_Codec_Provenance\17_features_b1\representation_a\a0e0dc31e182ca1adf0c77d5.npy
b6f2094f5f4ac3e7b3c67666,2427b3916c8147ae7039841a283117c642edf98fc8590cffddde15fc78f38674,d69e3e159f9c5aacc1dda76655313f31339589c8ea54eb8b87d32e22bd332413,256,float64,True,[REDACTED_LOCAL_PATH]\Tony Hidayat\AQ_OpenWorld_Codec_Provenance\17_features_b1\representation_a\b6f2094f5f4ac3e7b3c67666.npy
43c9fd463f17cdeab9e17325,68856e18181c74f1499e0a7ec3b45036b4945671df6f3e0168b7148ce7b62adb,32900af13af2348742d75903c401d4ef1611d26b30d9fc8322ec9cca21a11f23,256,float64,True,[REDACTED_LOCAL_PATH]\Tony Hidayat\AQ_OpenWorld_Codec_Provenance\17_features_b1\representation_a\43c9fd463f17cdeab9e17325.npy
8a78056e00c50f7801556c6b,a99446c33ff750a464ab7a186c0b61603bcab5d0af26b892ad7915aae082bf11,2b746bd146eb02f5cefe1e206332026339bb7acc9009ff0e3a54275e240c5893,256,float64,True,[REDACTED_LOCAL_PATH]\Tony Hidayat\AQ_OpenWorld_Codec_Provenance\17_features_b1\representation_a\8a78056e00c50f7801556c6b.npy
afce9d1f615979dcab4d415f,3d6b96f76cd5f54411655e5a97cec1a7f293fc793be2537a6f5463c0b774a72d,29f4de5e22f92292e06654379d7254266b483fc96f6dfbd7b0c8329c568c8183,256,float64,True,[REDACTED_LOCAL_PATH]\Tony Hidayat\AQ_OpenWorld_Codec_Provenance\17_features_b1\representation_a\afce9d1f615979dcab4d415f.npy
501024f12ade7269a5b26e46,1cea5512dd2cb1fa04aab55ab274154008f1ce8c1bb4c527d6218b1350af7b2a,a6ff252eeae8c32479f73beb8fdb9da9bf79774fec5f768ab163e926bd4b15d1,256,float64,True,[REDACTED_LOCAL_PATH]\Tony Hidayat\AQ_OpenWorld_Codec_Provenance\17_features_b1\representation_a\501024f12ade7269a5b26e46.npy
0cba56dd9dc8fed7fb877649,efbddab7e2b890d07504e5a46c98a204cf7d886800d497794004120ad67a318f,2c87e13ec6cf4545c1fc3d4eaa9d583971c238f151675f6b7c57aaff89c06c49,256,float64,True,[REDACTED_LOCAL_PATH]\Tony Hidayat\AQ_OpenWorld_Codec_Provenance\17_features_b1\representation_a\0cba56dd9dc8fed7fb877649.npy
5e7cb301e5491bd6c5924a29,debc2dc8d375b6af176592bf73f3f28f5cb8ef628672a4dc42783c6c16ec6ee0,3beb51b63d4567a81805c8b1250f4abe1e93b514d3aa1008dfe6fa654c8f4224,256,float64,True,[REDACTED_LOCAL_PATH]\Tony Hidayat\AQ_OpenWorld_Codec_Provenance\17_features_b1\representation_a\5e7cb301e5491bd6c5924a29.npy
57bddcdfcd16da640d4b586c,5f97798f4ff1f4f2413fb939ba55f1f440665ee94ab2163101f2ed4b0b02973a,340e8d0b74b97c7bc8d2a4e84f95584a277c9e5e125dc6126cf49ca622872b9e,256,float64,True,[REDACTED_LOCAL_PATH]\Tony Hidayat\AQ_OpenWorld_Codec_Provenance\17_features_b1\representation_a\57bddcdfcd16da640d4b586c.npy
373223a7fa08e761a1330ea4,e4c96a66fa2a3c89c54c3123b40829e14eb9e140d71bfd502a5f9aefe72c351d,e605476b100e212b3e18cedaf0bb47b68550a66b769c300b2b57c747ee182f72,256,float64,True,[REDACTED_LOCAL_PATH]\Tony Hidayat\AQ_OpenWorld_Codec_Provenance\17_features_b1\representation_a\373223a7fa08e761a1330ea4.npy
f8e2515a009e404d85267df4,f70d2d90243f203885d56366d6e37cb383b5a82e0f1e478f2afcb8631413abe3,4d95f3d411465c1ec14cb507383bd6708aa9c70b2e566e0e3ba980406c2b80e8,256,float64,True,[REDACTED_LOCAL_PATH]\Tony Hidayat\AQ_OpenWorld_Codec_Provenance\17_features_b1\representation_a\f8e2515a009e404d85267df4.npy
24d2b6d053bb9f1808c10074,e8712e3272a9c93fc387b1439ddb93e3f7d74aa8da9e1aeb5da76e7136ec6f67,cf4bff34104a939f7c5fcd2125cc0d20a3da15f272ad4b25289e6afa04a507ba,256,float64,True,[REDACTED_LOCAL_PATH]\Tony Hidayat\AQ_OpenWorld_Codec_Provenance\17_features_b1\representation_a\24d2b6d053bb9f1808c10074.npy
eee9dd6521378f62f39cebdb,2468d3ba00039e9958aeeac4ddeae6dc3124cd67397e2316fc2a89d51f9eb9e5,51996e036fcdeed290ccd5444ce6439779c4529f7ee8e05abde78c1ea745e572,256,float64,True,[REDACTED_LOCAL_PATH]\Tony Hidayat\AQ_OpenWorld_Codec_Provenance\17_features_b1\representation_a\eee9dd6521378f62f39cebdb.npy
02b118ccb53120a3378f1a1a,fa915077418ee877576ebe49b6f46e4a1e084e142670d712bc4a1f3343138761,199e31389f63df0398c83cac4e94785387cd59e517aa63372c75dfdcd6d42454,256,float64,True,[REDACTED_LOCAL_PATH]\Tony Hidayat\AQ_OpenWorld_Codec_Provenance\17_features_b1\representation_a\02b118ccb53120a3378f1a1a.npy
69a616028578f1c84bb68408,490c8d4176e2f8339ce17b036210edb37ca0864ee9ff1467d7b91f129a6d98ed,d6d2de4e637965158d531f580bce1ee3e33843f9d4aab70e6037109de66a49b9,256,float64,True,[REDACTED_LOCAL_PATH]\Tony Hidayat\AQ_OpenWorld_Codec_Provenance\17_features_b1\representation_a\69a616028578f1c84bb68408.npy
fc42a0ba8990e390efddd9dc,ae77a7295e4ab82f30f4b4659c66c227e9ec291678f868b966d941c95ac27cd2,1a22e146da0459a436bc8e154bda0c25170f1577df9825888854ac030b7f2d70,256,float64,True,[REDACTED_LOCAL_PATH]\Tony Hidayat\AQ_OpenWorld_Codec_Provenance\17_features_b1\representation_a\fc42a0ba8990e390efddd9dc.npy
69670696dd80338987bd616e,60897554b2ff67d90d99ff5695836f2a30baa3f067dae4feba7d100b2269764b,4390b952f53dc65c2ad776eb9dd0e36af6bba1cc3a9bc11c438b0295add7427d,256,float64,True,[REDACTED_LOCAL_PATH]\Tony Hidayat\AQ_OpenWorld_Codec_Provenance\17_features_b1\representation_a\69670696dd80338987bd616e.npy
e75380614ace63e88dca2599,12460499492b6ffa5755ddd7f2243f950bae787a6e7d1383ee20a2fb3f5128a2,163348bd1f3ef664e1b096e7ea77a08578746662f69994b8bedf88375a92ec4f,256,float64,True,[REDACTED_LOCAL_PATH]\Tony Hidayat\AQ_OpenWorld_Codec_Provenance\17_features_b1\representation_a\e75380614ace63e88dca2599.npy
304d3391809fa8f8164d2957,2f1ab0ed3f2611ab9b2cd01b2690601c7943cee0e74edaf36109691be04b45c4,4c9f22f0604c520a829a92b3d631bf4f1acff235453d4bb38e36ff856016d6a9,256,float64,True,[REDACTED_LOCAL_PATH]\Tony Hidayat\AQ_OpenWorld_Codec_Provenance\17_features_b1\representation_a\304d3391809fa8f8164d2957.npy
f099780d4d272952a162443a,ff9245dbd0f5d51db2510369450ef08787fa4c6ed5adeed6ba121a054be909af,59cbd663c9ad395fe5568d97a6e3a04c2ad914d86003b282633065784f5a60a3,256,float64,True,[REDACTED_LOCAL_PATH]\Tony Hidayat\AQ_OpenWorld_Codec_Provenance\17_features_b1\representation_a\f099780d4d272952a162443a.npy
423ee158cdceb50624e69136,b6daa4e84f2aa3720295b52dce2c3bfd4a3e5fa3649a6ac1ffbfd432a0de9f81,3d72ce60ee4985649e45bc98b2833c98acef48424c75f3be63df33e60617a139,256,float64,True,[REDACTED_LOCAL_PATH]\Tony Hidayat\AQ_OpenWorld_Codec_Provenance\17_features_b1\representation_a\423ee158cdceb50624e69136.npy
c5ef577416a08367a15f4188,ae5a1f8dfbff92acbd897f06bbde807738e8a447b7b691ae6879530b2b47f3a0,99dc6c3fc475a25668ac5a015ba2df263ceebd63491aa6ba7bb082497031f7c3,256,float64,True,[REDACTED_LOCAL_PATH]\Tony Hidayat\AQ_OpenWorld_Codec_Provenance\17_features_b1\representation_a\c5ef577416a08367a15f4188.npy
74abda9b4bb19eb68e9cd9ca,9e6833e5f6ac6805c24362277eb534e7526d8778a6f3777e558a6b759ac065db,16ffee2faaff1df6343d476f5cb3ab66e1418e62679f48d411fee0ed37011e4c,256,float64,True,[REDACTED_LOCAL_PATH]\Tony Hidayat\AQ_OpenWorld_Codec_Provenance\17_features_b1\representation_a\74abda9b4bb19eb68e9cd9ca.npy
ce0ed228e4e390c53ae9b32f,1e00b3dde507d2d366b33b1358bb89378760b8f8dbda0c2c70922cd8a2c35267,79096767f370eb85c9d30d63ad1bec159bd79433c9562af00bb36d36a994b40a,256,float64,True,[REDACTED_LOCAL_PATH]\Tony Hidayat\AQ_OpenWorld_Codec_Provenance\17_features_b1\representation_a\ce0ed228e4e390c53ae9b32f.npy
c693c625d2ab5d11cd5d5f1b,cdd654e31705c48d53b5c8d85f0651fe2fe5a8c76b062ab9e764315e1555f9b7,942cad9e2734484c186b40fb590f15ffd04decf1c6e82cbb873058f65b838134,256,float64,True,[REDACTED_LOCAL_PATH]\Tony Hidayat\AQ_OpenWorld_Codec_Provenance\17_features_b1\representation_a\c693c625d2ab5d11cd5d5f1b.npy
0fbed7451ba604a3b676b6e1,d8f5cef6fb2861633d91d3e83e3f817e2f7ba63afe8fa498758a8931fdc8cbf9,73ec8b00a2046a3790470d388b6cbb433ee5467083fee684b75bcd2b8ff495c7,256,float64,True,[REDACTED_LOCAL_PATH]\Tony Hidayat\AQ_OpenWorld_Codec_Provenance\17_features_b1\representation_a\0fbed7451ba604a3b676b6e1.npy
69257f537bfff6f4485671fd,053ce78fa41bd5a9e515b566c537cee4c03057aa5f299f6b69e2b8c3fceea1da,17e992adae7e1fda826ac5a14347408e70f3847beaa92dbedf77ce3a7dbd6d7c,256,float64,True,[REDACTED_LOCAL_PATH]\Tony Hidayat\AQ_OpenWorld_Codec_Provenance\17_features_b1\representation_a\69257f537bfff6f4485671fd.npy
a1f140d85d9e72a4352f2e08,4f5cd8abaa9a09725bcda1a32135b44a5328b3ca4cd738499ca2af62234a759f,0f930000d2a5e80c9fe3ee654bc882d7b169318c5882f908f6fee81b1794f24c,256,float64,True,[REDACTED_LOCAL_PATH]\Tony Hidayat\AQ_OpenWorld_Codec_Provenance\17_features_b1\representation_a\a1f140d85d9e72a4352f2e08.npy
1351f4322a76b600bfaabe8c,63fe3135d5377fde09f81e6859cd88ba12b3d40bee7c43eea1ad6ad62a1080fb,fb3d3144dccaf777935681dbc1c2ee0d824b8c9e992ea4606f825c20fccd0bd4,256,float64,True,[REDACTED_LOCAL_PATH]\Tony Hidayat\AQ_OpenWorld_Codec_Provenance\17_features_b1\representation_a\1351f4322a76b600bfaabe8c.npy
557422e08e97e49643ee324e,d30dddc77b7483ed39e5926b9444b33a1d2a4548c0684f049ed350c18826c1ec,60772c3da0fdc0918946a445ad2a5a53b0a5a7a0917f90475793ee851cafd7e3,256,float64,True,[REDACTED_LOCAL_PATH]\Tony Hidayat\AQ_OpenWorld_Codec_Provenance\17_features_b1\representation_a\557422e08e97e49643ee324e.npy
7251714746de15608d686921,9e5c3a8a88030ecafa0d6d50a530aff733bdb09bcd73a34be33f475c93b61d25,218f48a2c1462a61bbdd2f6899a917dae221ea9361f66f5c54b514b2f82c7476,256,float64,True,[REDACTED_LOCAL_PATH]\Tony Hidayat\AQ_OpenWorld_Codec_Provenance\17_features_b1\representation_a\7251714746de15608d686921.npy
136141d048a74b16f632372b,069393aab9aba71c5a745905125e4cd6a3386a65715844aafe402ddfc5e2ed9f,bc5e9bb5686512d9a4f5b11858856d9a4744ae565219e908221f7f59d8cda073,256,float64,True,[REDACTED_LOCAL_PATH]\Tony Hidayat\AQ_OpenWorld_Codec_Provenance\17_features_b1\representation_a\136141d048a74b16f632372b.npy
f1a0219261cc9dc7c8252505,8774158368bdbc110e61e2abfc5fe7cff78ee6334f8cbae89231eecca5a3b991,543832e0c427a2805260935cf115026f90af26d83f4d9236d0823502b9ec58e6,256,float64,True,[REDACTED_LOCAL_PATH]\Tony Hidayat\AQ_OpenWorld_Codec_Provenance\17_features_b1\representation_a\f1a0219261cc9dc7c8252505.npy
767f23318b1427f33c6c2a3c,6904e95be0e93401198f1e51a6b4128ff1a32b79ba4fc56b6adaa2ec9f5650c4,b7e3ea2e9f225f22dac8cc5582f3db98776a76cda2dd157518d8a598689b3b34,256,float64,True,[REDACTED_LOCAL_PATH]\Tony Hidayat\AQ_OpenWorld_Codec_Provenance\17_features_b1\representation_a\767f23318b1427f33c6c2a3c.npy
76463a69826a9cbd4560c402,5bae20bed4f09000dff262801d94bcbd0f8f0d19f0e8e910e0c1572249c64b2b,94ee10f5bc18e4c7b86eef5b6db434d83ff9ab0bcf092a053deca4fd3a077c74,256,float64,True,[REDACTED_LOCAL_PATH]\Tony Hidayat\AQ_OpenWorld_Codec_Provenance\17_features_b1\representation_a\76463a69826a9cbd4560c402.npy
4a1f66d7c78a1a2f0a3c2b14,dbc55b49751ccbbb75bd31b507ea84162ed71ae71efadcc3b5aaab93e0084ce1,485a2a3df7756d99552b7a4d7ea0e862b39fc47cd131901c22e8ef4516c0fd36,256,float64,True,[REDACTED_LOCAL_PATH]\Tony Hidayat\AQ_OpenWorld_Codec_Provenance\17_features_b1\representation_a\4a1f66d7c78a1a2f0a3c2b14.npy
597601ca161b81d24ae0501d,837dd0c451079077811f28ddf4c427281f30d7bc6f476b6ae40f7c6310873f1f,1eb909650fa3b8bb1926f172eaad7df2814dc5ea8059bc4ce58c9a146e5ba8e5,256,float64,True,[REDACTED_LOCAL_PATH]\Tony Hidayat\AQ_OpenWorld_Codec_Provenance\17_features_b1\representation_a\597601ca161b81d24ae0501d.npy
33d24b9574f549e68e249532,034e7bdd6c5413208aee6e3296069bb8e1ea66752c48415646231aef135e61e3,c2f5d04c372589980902c2343292d239267fbc22f7a8dfa3fce2cea0fcf3a022,256,float64,True,[REDACTED_LOCAL_PATH]\Tony Hidayat\AQ_OpenWorld_Codec_Provenance\17_features_b1\representation_a\33d24b9574f549e68e249532.npy
db064daa07f09fa5691ee15a,3b0741efc5f043af78789f963f9e7f1905be13b1c3a8d33939f6494c0ddf319f,fcc9a9ea3e6c5d892350d300b118378357f6630af22cba6efd671d6e9fcae118,256,float64,True,[REDACTED_LOCAL_PATH]\Tony Hidayat\AQ_OpenWorld_Codec_Provenance\17_features_b1\representation_a\db064daa07f09fa5691ee15a.npy
19b9e87016a41410816648c0,a4779d32a696bf6c0e30339fe206401edf218b13f9e33df9de58d7bf46b1c421,889281af184de89fe519120cef95ab8388ae213a7064174253b8867e56c138e7,256,float64,True,[REDACTED_LOCAL_PATH]\Tony Hidayat\AQ_OpenWorld_Codec_Provenance\17_features_b1\representation_a\19b9e87016a41410816648c0.npy
ae2d515b9ea945cc7de1e978,3127c120250e9fdb3c20806ef4ad926963cae169ae75719263e0c602645cec80,0956bc84300df84f8c99f5b34bd8d170b73bb20a10bcecbf5aa91e4c70c9acc6,256,float64,True,[REDACTED_LOCAL_PATH]\Tony Hidayat\AQ_OpenWorld_Codec_Provenance\17_features_b1\representation_a\ae2d515b9ea945cc7de1e978.npy
3f5777bf3cd99d65738a6961,4f423fb5dbb59bf7ec84179263a3b773fee55d0ec7f5b05e887ff51623580b0b,801450a735740eac923b4bea6a9ec52d23de11aac3d3e1d5ed4ca6890e8b0854,256,float64,True,[REDACTED_LOCAL_PATH]\Tony Hidayat\AQ_OpenWorld_Codec_Provenance\17_features_b1\representation_a\3f5777bf3cd99d65738a6961.npy
a135f0d6fbfc0f4ea45876ce,7f4e4a84f3a590e82810e98957ee9bb4f8336c9af8a8262f38f44c5d5c3efaaf,c21915ac22382e175d28685bfa8ac40c88902889bc27aa6d07b42cbb3acc5c51,256,float64,True,[REDACTED_LOCAL_PATH]\Tony Hidayat\AQ_OpenWorld_Codec_Provenance\17_features_b1\representation_a\a135f0d6fbfc0f4ea45876ce.npy
1cdc86ecdb855d9bd6b05765,4907a4fea3588fdba47a14a4130acdc643402bbe6bdfaff6ecd59797d2d2b78c,cb7c8b968de9082acd4f24ea7e9418c94041b96586213573ba9de0a0282c1807,256,float64,True,[REDACTED_LOCAL_PATH]\Tony Hidayat\AQ_OpenWorld_Codec_Provenance\17_features_b1\representation_a\1cdc86ecdb855d9bd6b05765.npy
50e5b42be239c8ae84f20b7e,b2e5fd0f4df4f62294f2c2bc65f521f8cc265259bb360fd35279a97a4ea07dae,5e1abd9bd34528acb4655f01f8521d5e629289ddab93728e2634699a0e4a909a,256,float64,True,[REDACTED_LOCAL_PATH]\Tony Hidayat\AQ_OpenWorld_Codec_Provenance\17_features_b1\representation_a\50e5b42be239c8ae84f20b7e.npy
eaabd6da8c68e1dabff53b09,590c0c4ec7f098641c05edbac963e51ea89297e27215caab7b2ff725206d6fd9,56a085b8c392a03e296aab5e79ded3cdb688eed71c23e4345994cc1f5bc44535,256,float64,True,[REDACTED_LOCAL_PATH]\Tony Hidayat\AQ_OpenWorld_Codec_Provenance\17_features_b1\representation_a\eaabd6da8c68e1dabff53b09.npy
3c3f396ae990ff366a0586d5,e204d214019cedf957dcf7325d7c77c2e12fb944343d58aca4109d538d58e21a,6401f3196e5e8cbdb6c1e25c719b8276f6bb8c9edab3aace5e5e9e2ca1946f8d,256,float64,True,[REDACTED_LOCAL_PATH]\Tony Hidayat\AQ_OpenWorld_Codec_Provenance\17_features_b1\representation_a\3c3f396ae990ff366a0586d5.npy
2e0f7b63911b95921973a6ec,e959c12a2fa45fe0cd5d082a66e31ab8e0939237fdc75c982c154b8f4ae79ab3,bcf741dc153e7234559114c6fcd9685000541afc15c8069a479f87964a87012d,256,float64,True,[REDACTED_LOCAL_PATH]\Tony Hidayat\AQ_OpenWorld_Codec_Provenance\17_features_b1\representation_a\2e0f7b63911b95921973a6ec.npy
14e424f6615746d1cb19d14e,9745df5a25b3f4116bf4dfdbdc2867a3303cd526e360f9f1f4b4fa4a0120c14d,14dabcd8e5284fc50671d02771c66fa106648671725283433a65c1f254bf3f28,256,float64,True,[REDACTED_LOCAL_PATH]\Tony Hidayat\AQ_OpenWorld_Codec_Provenance\17_features_b1\representation_a\14e424f6615746d1cb19d14e.npy
f5a0b8b84c5185e6e853a5f1,a5c8505e658743433eaaf15364f15c4bab2774c685867ba3a89ef3bd6240433f,0fb913e75605d0e04acd241df438c805a9c76ea2495d9d6ef437caf0b06e9012,256,float64,True,[REDACTED_LOCAL_PATH]\Tony Hidayat\AQ_OpenWorld_Codec_Provenance\17_features_b1\representation_a\f5a0b8b84c5185e6e853a5f1.npy
d2f66e4dd6fcda0632b0a6d2,ac74efaf404d050365fc2bb8efed42607bc697a2e4921c5c3a1e0d6c2ef19fc3,1606d2edcfecab162ce77540ec0496314ae8d3677278042738b25936d1d78ae9,256,float64,True,[REDACTED_LOCAL_PATH]\Tony Hidayat\AQ_OpenWorld_Codec_Provenance\17_features_b1\representation_a\d2f66e4dd6fcda0632b0a6d2.npy
33c9dc002ca6ff20f7db1a25,0b4344544d1f966e2fdfb61df66e3c8207dd71d0ec9c6556c0f5be330954fccd,1cc78fce7e6fcf413351fbca0e21528968f3005747322ebc157c0c753a127b8b,256,float64,True,[REDACTED_LOCAL_PATH]\Tony Hidayat\AQ_OpenWorld_Codec_Provenance\17_features_b1\representation_a\33c9dc002ca6ff20f7db1a25.npy
6ee77b00c88173994d071f00,8dfa7697821d87b7a0a077af81d0555d478be88e839eeec7f421da613172c68e,1c10b09a05dc72db5ff5d644a600ce4739e75704e9829475df2cfeba804be989,256,float64,True,[REDACTED_LOCAL_PATH]\Tony Hidayat\AQ_OpenWorld_Codec_Provenance\17_features_b1\representation_a\6ee77b00c88173994d071f00.npy
b54dd1e817a8db5c5926d25b,2a2337473c8c31a192c4a6fc412aae34e17ed8d4c23c3cfdd2a576940c5c18b0,0509f0d8e178fb485a9b65c0f19bd9e4422bbe9f9d3a535f9a50999a738fe565,256,float64,True,[REDACTED_LOCAL_PATH]\Tony Hidayat\AQ_OpenWorld_Codec_Provenance\17_features_b1\representation_a\b54dd1e817a8db5c5926d25b.npy
b0f82e80a5a89d12fd990875,0c069a056315d341858a079295ebccbaa7055e5265fd6f5c9f610bfb031c132f,84d623b3f6388f079e19a90e11bac3bb86eafff1f3d6010ec3390a8be507f43d,256,float64,True,[REDACTED_LOCAL_PATH]\Tony Hidayat\AQ_OpenWorld_Codec_Provenance\17_features_b1\representation_a\b0f82e80a5a89d12fd990875.npy
e7c587c24bb46b36113799c4,89ec8395bffeae329a55fcc32599b13ef44bb34b64dcd3b9bb7ff78fc6d4800d,a0431e27a736ec2dbed3388990b6c1c2a2db5740dd3bdd716dd7ce8a0028ca66,256,float64,True,[REDACTED_LOCAL_PATH]\Tony Hidayat\AQ_OpenWorld_Codec_Provenance\17_features_b1\representation_a\e7c587c24bb46b36113799c4.npy
8cd7350194a2ddd65a6f6a8e,e453c88d7b9e0b8128ccb8e6c57210074f14679074923d88d7f4a55ff59901fa,b05b2c3bf64578765fc33b2e4842ff6aba14f5c7656095aaa16f381d29aaa1c7,256,float64,True,[REDACTED_LOCAL_PATH]\Tony Hidayat\AQ_OpenWorld_Codec_Provenance\17_features_b1\representation_a\8cd7350194a2ddd65a6f6a8e.npy
a07f2ceb80ed4ead39832f1e,ac7a756250429081e2b6852040262f3e35853a96e83f0c1052475471115fee51,42a5ca2dc545022dfcf52be41b715a78529d0e4f6de40e60572286ebb420bbb4,256,float64,True,[REDACTED_LOCAL_PATH]\Tony Hidayat\AQ_OpenWorld_Codec_Provenance\17_features_b1\representation_a\a07f2ceb80ed4ead39832f1e.npy
dc5ee36bf5b3eac74f3bf988,302789409c4366cf00f39b2f46bca949bc96b7bda423f874e3f93b89fe6b025e,fa88646f31b2b847a0b0219a8c909ddc566667c37ee2cf02449d5bee463da038,256,float64,True,[REDACTED_LOCAL_PATH]\Tony Hidayat\AQ_OpenWorld_Codec_Provenance\17_features_b1\representation_a\dc5ee36bf5b3eac74f3bf988.npy
39f7e8c91c0a09bc94aa06fc,9609890ff0224a261350e8798580482fc737e4b35283e52afb65f9c4db28b60e,d7b06f8df3817ba190810d43395b0c311d7f0867a34586471c5913b48064bdd9,256,float64,True,[REDACTED_LOCAL_PATH]\Tony Hidayat\AQ_OpenWorld_Codec_Provenance\17_features_b1\representation_a\39f7e8c91c0a09bc94aa06fc.npy
8ff4b0acb1ed8c8ef5e54565,00e337bb54cb9f32fea8c30257d67f18beb4711077766e158a7ce2eb960039e3,dd1d6d49d3254008b94aeda547d8a252a42d0218153cbd8bbea5a2549d50143b,256,float64,True,[REDACTED_LOCAL_PATH]\Tony Hidayat\AQ_OpenWorld_Codec_Provenance\17_features_b1\representation_a\8ff4b0acb1ed8c8ef5e54565.npy
e938b4c4785187d68a19b1a3,ce58f379decbb7d74ecb4cb331c8c6ef9e54b87e8a39769ad0686ed3dd9ac088,79757ac9f5943eb2a7ba88c78ecc57a9eb25a32d3f829376f4190954b7014a1d,256,float64,True,[REDACTED_LOCAL_PATH]\Tony Hidayat\AQ_OpenWorld_Codec_Provenance\17_features_b1\representation_a\e938b4c4785187d68a19b1a3.npy
6f0a6ff85758e19705084678,4cdbca99a502b53fe5c165ebbcfb293a49d117ebbf1cfec1dcc9e24d3059acfb,cbd649856104b3554c72d5ff1f80cefca4bc7188d5e5ba15e175446179ab0fab,256,float64,True,[REDACTED_LOCAL_PATH]\Tony Hidayat\AQ_OpenWorld_Codec_Provenance\17_features_b1\representation_a\6f0a6ff85758e19705084678.npy
dda0c69833344d22235a7e37,070482fd6c066c69780fc8b12c1e1a0c962f096c588f132d6dac8d542006cf6b,ac09fa971f759d39a9520c1afadf668d673c67fe9c981db62812d3d1d0d55eca,256,float64,True,[REDACTED_LOCAL_PATH]\Tony Hidayat\AQ_OpenWorld_Codec_Provenance\17_features_b1\representation_a\dda0c69833344d22235a7e37.npy
8db1286c1189659161dd9f97,8bf17c4e39f69953c4fc61d75fd0bf18f143fc5a56306001f681024d16880ffc,2e6f17199bed46ff638f3b15f28acf6c8ef49d63f41e8f68d67a7513198462dc,256,float64,True,[REDACTED_LOCAL_PATH]\Tony Hidayat\AQ_OpenWorld_Codec_Provenance\17_features_b1\representation_a\8db1286c1189659161dd9f97.npy
64539433b27e84baa73b3fe0,965d0432fce2bd897be45a2a97c6c0351a336a5fe749cde687b9ea9c9511c63c,44404671aac43667317de0e2e6c26446a1f5f3e0128acde8f3dba09576002985,256,float64,True,[REDACTED_LOCAL_PATH]\Tony Hidayat\AQ_OpenWorld_Codec_Provenance\17_features_b1\representation_a\64539433b27e84baa73b3fe0.npy
ebab3219aec5d3c122f21bb0,c3041509d453a26d38031498869a4c33e27a52ecc98d2fd034f8f85b3d504afb,3a7baf64b495c519b33200a4ea8d152f5800da1381dc2da79c98d98ea9b8f98d,256,float64,True,[REDACTED_LOCAL_PATH]\Tony Hidayat\AQ_OpenWorld_Codec_Provenance\17_features_b1\representation_a\ebab3219aec5d3c122f21bb0.npy
2e4f6cee42fca05af2542059,19a2057a107ab7926946b485ed6b4f6644851c607843e6d061dffba172d2a1d3,0008ab8dcf545c5723a61d0ce84ba3861e2090ad6ddf9a5c8db453726d24d871,256,float64,True,[REDACTED_LOCAL_PATH]\Tony Hidayat\AQ_OpenWorld_Codec_Provenance\17_features_b1\representation_a\2e4f6cee42fca05af2542059.npy
0f103eeaf803633e9fdb5984,1af14f8ecac332d838b759d2f79b5edd1bc8b917995498fce4442b94ce78cbdd,621f39f40c3804b749342d34713a794c1b305f4cecfd8057a574010f1a25c139,256,float64,True,[REDACTED_LOCAL_PATH]\Tony Hidayat\AQ_OpenWorld_Codec_Provenance\17_features_b1\representation_a\0f103eeaf803633e9fdb5984.npy
ff0b656501afe8e68dffca54,58195c5b21e52a58619b014f4ed8a69f3f51b2fc0504b92f8d629ba1c1582127,731dd21deb8461dc7c248f59054ee6d58ec36d2ada0b16d553ed1718056891dc,256,float64,True,[REDACTED_LOCAL_PATH]\Tony Hidayat\AQ_OpenWorld_Codec_Provenance\17_features_b1\representation_a\ff0b656501afe8e68dffca54.npy
b1628cbd0c0a456d2a9ec4c7,d2bf7894b8c1a94bd562269694e169d0bc86a325606158348ad9b95edd3d96d4,7bac25e2290cd7be502b5a9af5090ae67283f8f3dbd9a2cf1a81c382933a9a33,256,float64,True,[REDACTED_LOCAL_PATH]\Tony Hidayat\AQ_OpenWorld_Codec_Provenance\17_features_b1\representation_a\b1628cbd0c0a456d2a9ec4c7.npy
c27bf2f4e63df617f7d737a5,de46cff094f44532ef548dea431baa525b60b877f5d292e9d9c49684f101180d,d8b911b926a705794c5d3c2971c7c8760c35e1987af45cf6c5cbbfe340b6c47f,256,float64,True,[REDACTED_LOCAL_PATH]\Tony Hidayat\AQ_OpenWorld_Codec_Provenance\17_features_b1\representation_a\c27bf2f4e63df617f7d737a5.npy
e78e499b2abec56187ef119e,e9a1ce0a6b0859ae3c82c7b424b3f12945878ee1af866d7219a4a1d5529aa801,dd395a3ebaa9945c8b12669e62b09866e2f3fad211b04cd0e473d54c1f731d57,256,float64,True,[REDACTED_LOCAL_PATH]\Tony Hidayat\AQ_OpenWorld_Codec_Provenance\17_features_b1\representation_a\e78e499b2abec56187ef119e.npy
e2bfe79b758abac99134c4ec,c5a97dee94c7e50d71f1c3d6222073979d795747d15dc5373639ceb4879323bd,e70449da71eed4a2ab1da53be0ae5f3f52453d7abbafa36891dfc8cfc6379556,256,float64,True,[REDACTED_LOCAL_PATH]\Tony Hidayat\AQ_OpenWorld_Codec_Provenance\17_features_b1\representation_a\e2bfe79b758abac99134c4ec.npy
bf3e1e0d7714e12f7a62c587,07b1faac42b954b39b2531c2fc48a452221f7c9a8a8f7c53ac701f9796b720cc,8a805ee85e3600a4c7a0e0f398d4f5f12f2aa9fabd990cd65618eb9f53c94a14,256,float64,True,[REDACTED_LOCAL_PATH]\Tony Hidayat\AQ_OpenWorld_Codec_Provenance\17_features_b1\representation_a\bf3e1e0d7714e12f7a62c587.npy
20b84e4f306409e76b43efde,f9632683a3fc3b4f334c29044e3fd7f161ea1dadc0f88bab9cd779caeb5c5b08,16cdff9e307ff632a92e2e6e072b19059d964a3084a300121ef24167077c53ea,256,float64,True,[REDACTED_LOCAL_PATH]\Tony Hidayat\AQ_OpenWorld_Codec_Provenance\17_features_b1\representation_a\20b84e4f306409e76b43efde.npy
491d8ea9d17146121e49fc2a,5ff1f8684a09a9ddbf916f84e57247d9b235267fb0ab88fdb382fae89723c925,5a0ba4f6cc54dcd1df8701ecffd9ecdb9f543d324222e1bcd5ab9c2769c00834,256,float64,True,[REDACTED_LOCAL_PATH]\Tony Hidayat\AQ_OpenWorld_Codec_Provenance\17_features_b1\representation_a\491d8ea9d17146121e49fc2a.npy
bbc72e7194604c29ba4a5188,396a37158c830dace34fc695bb098402920505ed14e9500f3d50de73185e781e,47fb0ad9d3e2d79f6c0790741f2cd899878a515676fa40678694db31d9668f56,256,float64,True,[REDACTED_LOCAL_PATH]\Tony Hidayat\AQ_OpenWorld_Codec_Provenance\17_features_b1\representation_a\bbc72e7194604c29ba4a5188.npy
7dcc1979276aba47767033f8,264d5f1786dfe0dc5d019621ee1b8e25a2447198861e31c378b0333293f6d3ec,747f39bca50765fa3200aa819035616466b7ecb4c4313497fa10bc9ae6d9736d,256,float64,True,[REDACTED_LOCAL_PATH]\Tony Hidayat\AQ_OpenWorld_Codec_Provenance\17_features_b1\representation_a\7dcc1979276aba47767033f8.npy
e1a15962089c4d498e4d575c,68ae9383e6e78b215c8751af2a2a12e8b22c60f5aa1b2bf2d7cf0fdf79bff431,953ba4c9553023653b2871f038fa28d533ff78b0c4fb3fdc34db37f0f4eadb4d,256,float64,True,[REDACTED_LOCAL_PATH]\Tony Hidayat\AQ_OpenWorld_Codec_Provenance\17_features_b1\representation_a\e1a15962089c4d498e4d575c.npy
e4fd5957232e1c308899cfb2,8b7344779b6862ccaf9d1c316808a3b968576acd1e60a1d0fe72e4f26b7a16dd,70b17ae0624d475e776ee4f454a9cc0d1bbad1af5f10206146fe617027def326,256,float64,True,[REDACTED_LOCAL_PATH]\Tony Hidayat\AQ_OpenWorld_Codec_Provenance\17_features_b1\representation_a\e4fd5957232e1c308899cfb2.npy
b14a99a523c312d1ab6ae71d,6a829db3d44dd42a04dbf0f0afa01bf77b186e765700f3c32721a5a1aa60d195,d909cde9eae99a539d7813e3ff9bfdd7d4608fd10a5f214b364a6c90e1b7bb87,256,float64,True,[REDACTED_LOCAL_PATH]\Tony Hidayat\AQ_OpenWorld_Codec_Provenance\17_features_b1\representation_a\b14a99a523c312d1ab6ae71d.npy
7bc396f6ed68b4a3f8331f42,fedb3998a042de1325773e6d9603ffe6a71d8d31f5708608f4054871b1234b28,cd2ad105cbf2fb68ebd58a2b7fd0e163c355a889d9dab73702ffe31cca751b17,256,float64,True,[REDACTED_LOCAL_PATH]\Tony Hidayat\AQ_OpenWorld_Codec_Provenance\17_features_b1\representation_a\7bc396f6ed68b4a3f8331f42.npy
45163712808a36d4b5136e85,b3c64bbb151d553f8432eddb357c050d1992e3c156ea71cd95fc79c0d8e66196,3b8f03c54487616c5236d270fccaccf669c09563c55b332451ae472b9f3a380b,256,float64,True,[REDACTED_LOCAL_PATH]\Tony Hidayat\AQ_OpenWorld_Codec_Provenance\17_features_b1\representation_a\45163712808a36d4b5136e85.npy
a6db1e7a04adb8deb7bbb281,e6910fae1ca82dbce56256b64efdc68cd172a84b8e93b8d09d8a7e0d4398bf73,5382a8e808f0ba09cdf806d02e457952c05ad7c27050b03ad474a03e317daf5e,256,float64,True,[REDACTED_LOCAL_PATH]\Tony Hidayat\AQ_OpenWorld_Codec_Provenance\17_features_b1\representation_a\a6db1e7a04adb8deb7bbb281.npy
1b536a17fdc23dd482a6be13,a3a553daa0c4c11d72c8327de20f3f456bd525f1548d9cd4963b2d84b35158b6,7fc2ccd1ed49cf96ea0be189be455bf7ed282f9c67117536b15f941c3ecef57f,256,float64,True,[REDACTED_LOCAL_PATH]\Tony Hidayat\AQ_OpenWorld_Codec_Provenance\17_features_b1\representation_a\1b536a17fdc23dd482a6be13.npy
3687c4862e32769de85a76d2,28a90b0dfcf456ccd7702f1c75774e32d146ec810c621b06225f480a24b449f1,c38a9b880b8b4baf0ac62d833807c331ea7c80572fb2c2487287536ed5604053,256,float64,True,[REDACTED_LOCAL_PATH]\Tony Hidayat\AQ_OpenWorld_Codec_Provenance\17_features_b1\representation_a\3687c4862e32769de85a76d2.npy
69a30b4c02b7e7fd66439a0d,a3d3b4165a08370c16914e06e04c04a140ebf7da55b2c1b75ab17b9ca035dabf,1a9d4d6d1c470f699ea38efd85d05271dbfd55929257ee87f8a333fd138378ed,256,float64,True,[REDACTED_LOCAL_PATH]\Tony Hidayat\AQ_OpenWorld_Codec_Provenance\17_features_b1\representation_a\69a30b4c02b7e7fd66439a0d.npy
be8e9723027e850c72125366,6b65fa687eaed618bb2c6923e98af1a64b92a057c8e25a705ef02074349c0d62,eb02bb1478b9f83a31044ec6d43a0078dec7c18fa788cf242fa8e488b05c4de8,256,float64,True,[REDACTED_LOCAL_PATH]\Tony Hidayat\AQ_OpenWorld_Codec_Provenance\17_features_b1\representation_a\be8e9723027e850c72125366.npy
cecb28f20b6c74ff200d8260,1447fa6fe5b2053bed01251ccb2a8c100baa44cd0eca00b7d97d4a917b569a60,ffd40f952bcc66406a95a1d9b86d688c30510bf763b6975c0faa6a3abe63873e,256,float64,True,[REDACTED_LOCAL_PATH]\Tony Hidayat\AQ_OpenWorld_Codec_Provenance\17_features_b1\representation_a\cecb28f20b6c74ff200d8260.npy
520bd210da426fc3783f6d5b,58815306186d0479db6a20114e95759748302fc7748a9dd50874be42c6eea5b2,cceb6787dc31ac3899089ae061edd3f98a9c3c1ab8abebdebb737763b82377d2,256,float64,True,[REDACTED_LOCAL_PATH]\Tony Hidayat\AQ_OpenWorld_Codec_Provenance\17_features_b1\representation_a\520bd210da426fc3783f6d5b.npy
72e34491a88791fd5d3ff2c8,1cf5807e8968d4d8c7a9a18373a7468d3a500333dd849f1c59bce921ae92879d,954beac2119b6c00252ad407d00410e778d505f32ae0afaa808cfa4a2a7750b8,256,float64,True,[REDACTED_LOCAL_PATH]\Tony Hidayat\AQ_OpenWorld_Codec_Provenance\17_features_b1\representation_a\72e34491a88791fd5d3ff2c8.npy
c35125be302a9de0660f23e1,1bcd60dc10e18d4f76b2a5f7a0d874be01dd4b984f829b1b1b6bd8b3bc2c9ad9,62e21355fcfc3530612eda77ee1998227598e167d6ce76d55324341e5a9d78d8,256,float64,True,[REDACTED_LOCAL_PATH]\Tony Hidayat\AQ_OpenWorld_Codec_Provenance\17_features_b1\representation_a\c35125be302a9de0660f23e1.npy
68b7838939ad972dc90f430f,8ea7f4352b8e614644f44288cf63d6660587eec47e0f6700233a32311d679da3,037b36f979f301ebaefbeeda0a2ce4ae24a792cca4454c36afc5ebcecb157f83,256,float64,True,[REDACTED_LOCAL_PATH]\Tony Hidayat\AQ_OpenWorld_Codec_Provenance\17_features_b1\representation_a\68b7838939ad972dc90f430f.npy
b74df01d5b34fe0a8e8dbe0f,07fef36fc545ab4862a12607d82bf987560f41dca3998a4f91b982d19cd25d29,a07be618964a9a5b03a937ba058c981fd2c29d68196f3c96ccd376029af3d9da,256,float64,True,[REDACTED_LOCAL_PATH]\Tony Hidayat\AQ_OpenWorld_Codec_Provenance\17_features_b1\representation_a\b74df01d5b34fe0a8e8dbe0f.npy
84bd5af64ed52404c0416e09,48750b810c4ee3a71e338932d169e5df886b54191e05c5115da69a92080235b2,ad5fd9c60c4792821aa1625b8c5875c46fcc4d6a646e2b081b682d58b0f00aaa,256,float64,True,[REDACTED_LOCAL_PATH]\Tony Hidayat\AQ_OpenWorld_Codec_Provenance\17_features_b1\representation_a\84bd5af64ed52404c0416e09.npy
1aca6cef48f410e8baa15ff0,e3c3f8366b79d24efa8e723cc38362ff7cc7caf8206278bbaa4cbc598be4ab29,d06dd42e36ca1a9b78445577c8671a25dcfd0a4e7a701917097d5577bd3afede,256,float64,True,[REDACTED_LOCAL_PATH]\Tony Hidayat\AQ_OpenWorld_Codec_Provenance\17_features_b1\representation_a\1aca6cef48f410e8baa15ff0.npy
62fc76f3db2f4cc7b0629335,d034b563dd50f72f976e17ff6ff2da42a481c30c57b5dae88ee607756ad29996,e3e0ef8ea65fa40360d635d68c24c9bf497e6d7217c1a40dffe1288d99b5b710,256,float64,True,[REDACTED_LOCAL_PATH]\Tony Hidayat\AQ_OpenWorld_Codec_Provenance\17_features_b1\representation_a\62fc76f3db2f4cc7b0629335.npy
636db539597f94566f7d59fb,9615c4c828c42c0712c4b2ab769cdd1b2cadd5d8be58861a3b926e6952db4b65,e72398c8e9c9862dd84dc3365ef4323d5457765058a7eafaff4f72f23ca1ddb4,256,float64,True,[REDACTED_LOCAL_PATH]\Tony Hidayat\AQ_OpenWorld_Codec_Provenance\17_features_b1\representation_a\636db539597f94566f7d59fb.npy
d6d2776be4c6015c95f8c059,d22e86a8db4283e7148a441ddbaef5f136e87523ae9d7deaed8dfbf9f2653070,50a73d4ff23e276e78f35a607a63c86fa9a629384c4cb8b552197e68e399b8fe,256,float64,True,[REDACTED_LOCAL_PATH]\Tony Hidayat\AQ_OpenWorld_Codec_Provenance\17_features_b1\representation_a\d6d2776be4c6015c95f8c059.npy
ef55877e1192ed37f6aa28c3,faa821cdea1dd82a80d0d625598ea1cf3bab2e91527e5120594ba97e572b80e8,72f2fde029ae9dcde1cddc9fc90db54856f54d2517d502915217c83e6286fb7c,256,float64,True,[REDACTED_LOCAL_PATH]\Tony Hidayat\AQ_OpenWorld_Codec_Provenance\17_features_b1\representation_a\ef55877e1192ed37f6aa28c3.npy
05487b7fb713d4faac636d11,f0f98c2a58829146114ff8922d8501e0bd12086cf14308d79c59deb10e53f975,5467cce864f68266830f78d3811df2c50ece86e2ff43e637db057f2e9cb88da9,256,float64,True,[REDACTED_LOCAL_PATH]\Tony Hidayat\AQ_OpenWorld_Codec_Provenance\17_features_b1\representation_a\05487b7fb713d4faac636d11.npy
0b2ff50545830a6d68cf8116,3baff00d204fdf197291e16d8c5fa0365c976da8bf37b21e26b3178a413f0b5b,8877fd2e0d57dd5acc387538498d6b4e35e54530a4e3325be7556c0bba628e8c,256,float64,True,[REDACTED_LOCAL_PATH]\Tony Hidayat\AQ_OpenWorld_Codec_Provenance\17_features_b1\representation_a\0b2ff50545830a6d68cf8116.npy
b7081646505abd1c6e497449,da562233ed1ea811c3aad3cbc709d189b9bc3dc4ee18b905e9ef38c0367a2617,ac6d4df95d7ad74f83129b4e5376729793e1c84bd9f2ef305829f3c585ae16db,256,float64,True,[REDACTED_LOCAL_PATH]\Tony Hidayat\AQ_OpenWorld_Codec_Provenance\17_features_b1\representation_a\b7081646505abd1c6e497449.npy
99e5139de224bba7cb38d445,969149c25885be3aa7bd44e6cf0a0988f61e207b3ba437fb9521ef93ab2f86a6,b1af5322801c829494b1bbcd83b7881cb025472d4e78276612c282113ff8b896,256,float64,True,[REDACTED_LOCAL_PATH]\Tony Hidayat\AQ_OpenWorld_Codec_Provenance\17_features_b1\representation_a\99e5139de224bba7cb38d445.npy
9a82c8b84240ea85eab2a5eb,0a4d42572b90535c945025c9c358f6b7f64a1b413a953ddaa6aae3761ece1c06,a0bf5ef8c380cf6bb19a9598d5e09b390a94444cf468d641cb9d67d4cd1d4f99,256,float64,True,[REDACTED_LOCAL_PATH]\Tony Hidayat\AQ_OpenWorld_Codec_Provenance\17_features_b1\representation_a\9a82c8b84240ea85eab2a5eb.npy
021312c85bf06a85e32c182c,cfba52c35ccc19c5ddc23aa7dc7f5bdf234ff8830bdfcd564581b38689049c61,ff578b6159676cf478f5b3eb7a27a4ea6688d77c257b1d61779b59be651e02eb,256,float64,True,[REDACTED_LOCAL_PATH]\Tony Hidayat\AQ_OpenWorld_Codec_Provenance\17_features_b1\representation_a\021312c85bf06a85e32c182c.npy
a8957c53321f47bcd24a1464,6f58ba459c843aa026e7ed4c208279ddb67eb4e2eb52ce7ec09c0f24e5eceb42,726fdbe30c623c53006ca701c65e875817396afb56103a18bdde4f84ec50e96e,256,float64,True,[REDACTED_LOCAL_PATH]\Tony Hidayat\AQ_OpenWorld_Codec_Provenance\17_features_b1\representation_a\a8957c53321f47bcd24a1464.npy
99c147562d048baae480b793,2ae98ccc96c69daff2fc2f54eca7a637d133886964a3a5aa24ea219182d0373f,ab2cd5f90da3ec7cb1572ee620104aacffe8d691dd2483f350d446b4b3efc2c3,256,float64,True,[REDACTED_LOCAL_PATH]\Tony Hidayat\AQ_OpenWorld_Codec_Provenance\17_features_b1\representation_a\99c147562d048baae480b793.npy
825e7ddb6e7fb78b56aacec1,e75f94a0b9d8d4482d8039b0e202848a3a52e955bc3923ab263e952c4f78b8f1,14c89ae8478913e24a39ee623f08c330c8137ce1601bb3a7774a4cca35a1a65e,256,float64,True,[REDACTED_LOCAL_PATH]\Tony Hidayat\AQ_OpenWorld_Codec_Provenance\17_features_b1\representation_a\825e7ddb6e7fb78b56aacec1.npy
b005c5b87c58dc49cccf0fa3,c0da7b92f96e5d36c4eb59d1cdc53813981341648eb7e3c380f75f644167411d,705ddd2c23c4cce6effcc1a90c5523acba72445e66f3f08536fc9b929ca1778f,256,float64,True,[REDACTED_LOCAL_PATH]\Tony Hidayat\AQ_OpenWorld_Codec_Provenance\17_features_b1\representation_a\b005c5b87c58dc49cccf0fa3.npy
d9aea8e8350ed65b57ed5dd9,364dad889ad549273913e1edb7313144262535c00bca25fe642d2d1a9b316900,4107341073baa3f4e606ec054bfe74bea84ceb2016dbbf7a01471fc2cb3992dd,256,float64,True,[REDACTED_LOCAL_PATH]\Tony Hidayat\AQ_OpenWorld_Codec_Provenance\17_features_b1\representation_a\d9aea8e8350ed65b57ed5dd9.npy
b625b54edcd88d7cd9bb1084,7ff082d7487512d0355c76e1f4482ce0ce9ccb1d1ae5e97fe94ac53e86f86e93,361c7c55489aeaa613a0a8c1818a699ca6fc215f786f7531100ff6290b0cc210,256,float64,True,[REDACTED_LOCAL_PATH]\Tony Hidayat\AQ_OpenWorld_Codec_Provenance\17_features_b1\representation_a\b625b54edcd88d7cd9bb1084.npy
33c2b12510bac66e255ce014,ca2d5301ed87eecc8ce9bd2fb43260bae563ba4e70c34340b1e5c511361ecffd,5e0e82bccd6dca868ec7beb6f39c2d3648e3a23f72cf77fd4b7efd5e5158af84,256,float64,True,[REDACTED_LOCAL_PATH]\Tony Hidayat\AQ_OpenWorld_Codec_Provenance\17_features_b1\representation_a\33c2b12510bac66e255ce014.npy
9b0a41829af5b0c025757714,71bac9795d8dc4ec45a2f49fa34342dc34bc06553e358005c0afc3ccae11e17c,3fbb5da7a789e2b5e0fd5e1abf59ae7ebf3eed4bf02d2c3def1ea4da6c2809e0,256,float64,True,[REDACTED_LOCAL_PATH]\Tony Hidayat\AQ_OpenWorld_Codec_Provenance\17_features_b1\representation_a\9b0a41829af5b0c025757714.npy
b41e8cfd5e1e183c28a00d93,02def138e27050b2b571e6057f6e307be874ee19ebc498f96c10eb072f5d0c06,de059cb9563e4ca5f328552276f1c714236b3f542df9b46e79322a58a21d4c5d,256,float64,True,[REDACTED_LOCAL_PATH]\Tony Hidayat\AQ_OpenWorld_Codec_Provenance\17_features_b1\representation_a\b41e8cfd5e1e183c28a00d93.npy
729022b15c9c9ab24619b004,70e628c844efb77791ec87bd887ed38a2d724942f9f2cf6158f9a3b89531de5f,a083ea5e4f67365233b3be4fb91c4ff4061faa1f01d17e02cb683f18baff0a82,256,float64,True,[REDACTED_LOCAL_PATH]\Tony Hidayat\AQ_OpenWorld_Codec_Provenance\17_features_b1\representation_a\729022b15c9c9ab24619b004.npy
