derivative_uid,confirmation_parent_uid,source_corpus,true_codec,nominal_rate_kbps,predicted_codec,prob_AAC,prob_MP3,prob_Opus,true_margin,distance_centroid_AAC,distance_centroid_MP3,distance_centroid_Opus,true_centroid_rank,wrong_centroid_closer,achieved_rate_kbps
e76f88a7ab597573ff71c9a6,064ee6e1a127c22405b50c8a4d9ea8988d20e1499f73df91f8cbc52128738fc5,FSDnoisy18k,AAC,32,AAC,0.9995070203136074,2.3346869654435123e-09,0.0004929773517056049,7.614554223481241,13.070032281637747,15.246904468214677,15.464875821097744,1,False,37.672
ea480888f0c68080a54d75c7,064ee6e1a127c22405b50c8a4d9ea8988d20e1499f73df91f8cbc52128738fc5,FSDnoisy18k,AAC,48,AAC,0.846171072663202,0.0380909354974914,0.11573799183930666,1.9893926073379689,14.572258986376138,16.43649527484845,14.364753349426632,2,True,53.58
e9edc0b30210ff2c181d87bd,064ee6e1a127c22405b50c8a4d9ea8988d20e1499f73df91f8cbc52128738fc5,FSDnoisy18k,AAC,64,AAC,0.4676323638321072,0.39697855285245226,0.1353890833154405,0.1638001836601316,15.312042867938349,17.36431909550797,14.238341711192453,2,True,70.112
9c64a5fea9b12b67536e5bdc,064ee6e1a127c22405b50c8a4d9ea8988d20e1499f73df91f8cbc52128738fc5,FSDnoisy18k,AAC,80,AAC,0.45180340971745775,0.20441463077956162,0.3437819595029806,0.27323953320885225,15.559524305367233,17.739343085592605,14.100409292501434,2,True,86.376
5e2dd2b96c9960fcefbdbd44,064ee6e1a127c22405b50c8a4d9ea8988d20e1499f73df91f8cbc52128738fc5,FSDnoisy18k,AAC,96,Opus,0.08575149267407292,0.0017320848448742264,0.9125164224810528,-2.3647525893618453,15.848841127928921,18.46887515279421,13.545497286645091,2,True,102.64
bf83488d14ef9cae697f92d6,064ee6e1a127c22405b50c8a4d9ea8988d20e1499f73df91f8cbc52128738fc5,FSDnoisy18k,AAC,128,AAC,0.9999999999999978,1.2293754101014488e-16,2.0043174081003885e-15,33.84347283695436,18.63123078312711,22.908473514414954,18.42087714429489,2,True,132.044
5574ff476f05d91f904bcb00,064ee6e1a127c22405b50c8a4d9ea8988d20e1499f73df91f8cbc52128738fc5,FSDnoisy18k,MP3,32,AAC,0.548971288714203,0.4171009667972853,0.033927744488511664,-0.2747178236148553,17.464032562049614,12.85607438501237,20.398814898545414,1,False,33.584
1ad3c871078d8e8693bcbaf0,064ee6e1a127c22405b50c8a4d9ea8988d20e1499f73df91f8cbc52128738fc5,FSDnoisy18k,MP3,48,AAC,0.9993117731100907,5.596028124610923e-07,0.0006876672870968488,-14.395350104499125,12.18932879396475,12.95080749903929,15.330818093429855,2,True,49.904
e5f60ad3b13c19ff5a0f5bf4,064ee6e1a127c22405b50c8a4d9ea8988d20e1499f73df91f8cbc52128738fc5,FSDnoisy18k,MP3,64,MP3,0.16624582629850782,0.7934971180770299,0.04025705562446235,1.5629823337974158,13.139305930343008,15.593154806779708,12.73045141826066,3,True,66.224
fbc4f8e77996f40ba7202c1e,064ee6e1a127c22405b50c8a4d9ea8988d20e1499f73df91f8cbc52128738fc5,FSDnoisy18k,MP3,80,MP3,0.2793673053069881,0.6846001399846744,0.03603255470833765,0.8963075081094465,13.938754052667221,16.07488257767926,13.349047962502333,3,True,82.736
c8518d4a6f0538636f508b6f,064ee6e1a127c22405b50c8a4d9ea8988d20e1499f73df91f8cbc52128738fc5,FSDnoisy18k,MP3,96,MP3,0.06627866812197367,0.9191315957361972,0.01458973614182927,2.629561208957521,14.77341947077784,16.470949778164577,13.498859714357248,3,True,99.248
a11ef537001cb14ddcdfc2aa,064ee6e1a127c22405b50c8a4d9ea8988d20e1499f73df91f8cbc52128738fc5,FSDnoisy18k,MP3,128,MP3,0.0014538758314653895,0.9327711995951521,0.06577492457338252,2.651921259711142,16.315700148205398,18.016292489550302,13.052096895371808,3,True,132.272
3e9aa355e448b48122ee65a0,064ee6e1a127c22405b50c8a4d9ea8988d20e1499f73df91f8cbc52128738fc5,FSDnoisy18k,Opus,32,Opus,0.0037729379533710246,3.607340757855175e-06,0.9962234547058711,5.576117588594439,16.959480794301534,19.575451012063024,14.139165533783537,1,False,33.588
1101474d5496b0dbdec212ab,064ee6e1a127c22405b50c8a4d9ea8988d20e1499f73df91f8cbc52128738fc5,FSDnoisy18k,Opus,48,Opus,0.005513821614830983,3.1115340328609573e-06,0.9944830668511361,5.19496511059282,16.565195604611553,19.29037703997267,13.77294572516886,1,False,49.748
b0e2826993636a330bd40874,064ee6e1a127c22405b50c8a4d9ea8988d20e1499f73df91f8cbc52128738fc5,FSDnoisy18k,Opus,64,Opus,0.00486048122128342,0.00026371130560109794,0.9948758074731155,5.321480463022864,15.62507821674701,18.38759970827113,12.542831377592565,1,False,65.908
13d8807fc3ffd34790d95bab,064ee6e1a127c22405b50c8a4d9ea8988d20e1499f73df91f8cbc52128738fc5,FSDnoisy18k,Opus,80,Opus,0.004921844835924392,0.000167209898767494,0.9949109452653081,5.3089698040340165,15.627648959619647,18.354092335662372,12.608988938741524,1,False,82.068
0399cdaadff33bd1462c5936,064ee6e1a127c22405b50c8a4d9ea8988d20e1499f73df91f8cbc52128738fc5,FSDnoisy18k,Opus,96,Opus,0.0028465851800356786,0.00012285082319583832,0.9970305639967684,5.858661332014165,15.792531947608014,18.447396946536998,12.790316666876098,1,False,98.228
1d79f8089f19f5929d850c2a,064ee6e1a127c22405b50c8a4d9ea8988d20e1499f73df91f8cbc52128738fc5,FSDnoisy18k,Opus,128,Opus,0.005399596244198248,0.00010214276315748427,0.9944982609926443,5.21591416848578,16.086837562520387,18.73482692773431,13.246972243718062,1,False,130.952
22f7dc7c9645c6228faee5be,210332eaa7f558fa294fc911b688d06e91e5a241ff8f913bad7cf35f382fd412,FSDnoisy18k,AAC,32,AAC,0.9471678913453878,1.663820538988037e-10,0.05283210848823029,2.8863572438675966,20.888111842032163,25.078992045459078,21.85786836516245,1,False,37.452
d2283ba82ef691c4f8377242,210332eaa7f558fa294fc911b688d06e91e5a241ff8f913bad7cf35f382fd412,FSDnoisy18k,AAC,48,Opus,0.0010406987602129148,0.400328596440019,0.5986307047997681,-6.3547525160963545,26.238393721928233,29.61587188912413,24.23231259732324,2,True,54.024
966cea09e1e8a4d5bab79405,210332eaa7f558fa294fc911b688d06e91e5a241ff8f913bad7cf35f382fd412,FSDnoisy18k,AAC,64,Opus,0.0003638932994681707,0.3957890978480778,0.603847008852454,-7.414215456894485,29.667849824152544,33.18060678204677,26.979250245640305,2,True,70.148
2ae7b4793810ab700e073aa7,210332eaa7f558fa294fc911b688d06e91e5a241ff8f913bad7cf35f382fd412,FSDnoisy18k,AAC,80,Opus,0.00035706342593093605,0.034582544750063796,0.9650603918240054,-7.902032530892573,31.41448260222089,35.07943316922951,28.436726768889336,2,True,86.7
239abb4c203b6e04b556d39c,210332eaa7f558fa294fc911b688d06e91e5a241ff8f913bad7cf35f382fd412,FSDnoisy18k,AAC,96,Opus,4.5212998905320195e-07,9.894710465089646e-12,0.9999995478601161,-14.609295659918347,35.29777494233328,39.37981164968207,31.889791799673016,2,True,102.788
8cfc84a6f4879740ed1b901f,210332eaa7f558fa294fc911b688d06e91e5a241ff8f913bad7cf35f382fd412,FSDnoisy18k,AAC,128,AAC,1.0,1.1073414838991181e-48,1.3054092952091214e-42,96.44205727797323,56.62221311290885,61.613803714825295,56.53837480395435,2,True,131.144
2a7327bf0ae7a3bf6b50a093,210332eaa7f558fa294fc911b688d06e91e5a241ff8f913bad7cf35f382fd412,FSDnoisy18k,MP3,32,MP3,0.0005355034824010061,0.9531706862126496,0.04629381030494946,3.0247857262854216,21.46309831471383,19.32944382415187,23.820025057950218,1,False,33.584
543f08e26028203797d87c57,210332eaa7f558fa294fc911b688d06e91e5a241ff8f913bad7cf35f382fd412,FSDnoisy18k,MP3,48,AAC,0.9994808057530816,8.132778721368331e-09,0.0005191861141393844,-18.626843856561184,19.124597313769755,23.190355553775802,20.940555258055923,3,True,49.904
6d3cf03263f4af58897feece,210332eaa7f558fa294fc911b688d06e91e5a241ff8f913bad7cf35f382fd412,FSDnoisy18k,MP3,64,MP3,0.00012026455203135144,0.5989888971398005,0.40089083830816813,0.40155389570732014,26.821037091025854,30.618995374491057,24.12753243004711,3,True,66.224
44383cc5d71a0838b5c94064,210332eaa7f558fa294fc911b688d06e91e5a241ff8f913bad7cf35f382fd412,FSDnoisy18k,MP3,80,Opus,5.314412836887342e-09,0.012522642599913722,0.9874773520856734,-4.367615148235085,34.25885637976889,37.80912760492428,29.732798226365702,3,True,82.736
fcba0959f3525899d6980c7d,210332eaa7f558fa294fc911b688d06e91e5a241ff8f913bad7cf35f382fd412,FSDnoisy18k,MP3,96,Opus,0.0005115867778023761,1.784980885695832e-05,0.9994705634133407,-10.932988181301916,36.57131242745434,40.538871164429395,32.64721966809989,3,True,99.248
0ea484ced240247b38c64ce0,210332eaa7f558fa294fc911b688d06e91e5a241ff8f913bad7cf35f382fd412,FSDnoisy18k,MP3,128,AAC,0.652760326923213,5.2919313908247346e-08,0.34723962015747317,-16.32795221159311,37.12963494150448,41.38537481084265,33.825252394318646,3,True,132.272
7e8c3a355a0f580169108698,210332eaa7f558fa294fc911b688d06e91e5a241ff8f913bad7cf35f382fd412,FSDnoisy18k,Opus,32,AAC,0.9996349487652237,9.416785992429556e-15,0.00036505123476701147,-7.915107727125733,37.19063982998645,41.814154779392275,34.279649966612816,1,False,33.588
3663c7a543fc188dc1035caa,210332eaa7f558fa294fc911b688d06e91e5a241ff8f913bad7cf35f382fd412,FSDnoisy18k,Opus,48,AAC,0.9999041268711709,1.4944535030469465e-15,9.587312882744523e-05,-9.252388937535628,37.222458269910774,41.889790935550515,34.38985739367406,1,False,49.748
e4af46ea1f6c756582c1ef37,210332eaa7f558fa294fc911b688d06e91e5a241ff8f913bad7cf35f382fd412,FSDnoisy18k,Opus,64,AAC,0.9250172466965222,5.1002577594295026e-11,0.07498275325247536,-2.5125542519573614,36.6268997230637,41.12890157742063,33.45120550080597,1,False,65.908
f9b3cfc28a801eab65415e26,210332eaa7f558fa294fc911b688d06e91e5a241ff8f913bad7cf35f382fd412,FSDnoisy18k,Opus,80,AAC,0.8436522393985477,4.076846223414744e-11,0.15634776056068375,-1.6856576105008791,36.53839314247906,41.030628282280645,33.34199931529152,1,False,82.068
9eb177205cc6a443a0bb6359,210332eaa7f558fa294fc911b688d06e91e5a241ff8f913bad7cf35f382fd412,FSDnoisy18k,Opus,96,AAC,0.6289435664175641,2.3228267422563487e-10,0.3710564333501533,-0.5276873706528784,36.5359356596603,40.965687716921565,33.28465413636037,1,False,98.228
678bf8a6a0fce3376ad5a01a,210332eaa7f558fa294fc911b688d06e91e5a241ff8f913bad7cf35f382fd412,FSDnoisy18k,Opus,128,AAC,0.5661679171627941,2.8118317299112233e-10,0.43383208255602257,-0.2662331549570114,36.538469980942516,40.967404738068105,33.28078006646667,1,False,130.952
f8dafb86a3fa3ff9aade70c6,2ac25dbf3534abe45ac366eb00314308e4b06e483dd609405fff9136293725e1,FSDnoisy18k,AAC,32,AAC,0.6631498616396098,0.301515669883476,0.03533446847691416,0.7881790124029637,20.939688326224655,18.99590885509271,23.916175609412807,2,True,36.768
339fe308a300fd0178e0587a,2ac25dbf3534abe45ac366eb00314308e4b06e483dd609405fff9136293725e1,FSDnoisy18k,AAC,48,MP3,0.1483759060571839,0.7586120943304306,0.09301199961238547,-1.6317416126424493,19.819976783777573,17.94134711377693,22.672127990599627,2,True,53.892
ca6d5f8763211978ca4cea4e,2ac25dbf3534abe45ac366eb00314308e4b06e483dd609405fff9136293725e1,FSDnoisy18k,AAC,64,MP3,0.05609732381814267,0.9201896748097871,0.02371300137207031,-2.79749170945047,19.12937319559212,17.314961857347395,21.917672654921322,2,True,69.92
43a3a4955a864dfbc8573d2a,2ac25dbf3534abe45ac366eb00314308e4b06e483dd609405fff9136293725e1,FSDnoisy18k,AAC,80,MP3,0.09525639288484064,0.798446667565158,0.10629693955000116,-2.12609604599242,19.114026850851037,17.307144166295526,21.84601179622107,2,True,86.172
43efcda11970d4b1c9d894a6,2ac25dbf3534abe45ac366eb00314308e4b06e483dd609405fff9136293725e1,FSDnoisy18k,AAC,96,MP3,0.09161368330462198,0.6192623441733778,0.2891239725220003,-1.9109483606629734,19.012996266422704,17.239076522768986,21.636665879128977,2,True,102.324
9e6c73bc3b37128aea5754f9,2ac25dbf3534abe45ac366eb00314308e4b06e483dd609405fff9136293725e1,FSDnoisy18k,AAC,128,AAC,0.9900567594146843,0.008720878023669273,0.0012223625616464534,4.73204235058761,18.55169858935332,17.309567136085864,21.492958150135728,2,True,131.38
4b71571a0c9e39da3ab399a9,2ac25dbf3534abe45ac366eb00314308e4b06e483dd609405fff9136293725e1,FSDnoisy18k,MP3,32,MP3,7.123765707275655e-06,0.9994378006088799,0.0005550756254126717,7.495843834011396,23.83722745420422,19.63305578681685,26.43209187314045,1,False,33.584
30122a7fac0daa210ca9c1bc,2ac25dbf3534abe45ac366eb00314308e4b06e483dd609405fff9136293725e1,FSDnoisy18k,MP3,48,MP3,0.033550634959949734,0.9103435469479063,0.05610581809214406,2.7865825359265814,21.48461135348521,18.50912018294351,24.406105451092714,1,False,49.904
722da50e55610a2b2636d62e,2ac25dbf3534abe45ac366eb00314308e4b06e483dd609405fff9136293725e1,FSDnoisy18k,MP3,64,MP3,0.31583959818016233,0.5139045067666931,0.17025589505314445,0.48680297967611225,20.06057293914767,17.990215762790886,23.030723887658986,1,False,66.224
ab2d463a3fa9d96f6504d402,2ac25dbf3534abe45ac366eb00314308e4b06e483dd609405fff9136293725e1,FSDnoisy18k,MP3,80,MP3,0.1672201008919256,0.7105135220322503,0.12226637707582418,1.4466770649991185,19.605204812729845,17.73419079420768,22.508910790286635,1,False,82.736
b795e8c0b37c6226f484dfde,2ac25dbf3534abe45ac366eb00314308e4b06e483dd609405fff9136293725e1,FSDnoisy18k,MP3,96,MP3,0.041884875173820654,0.903156004319898,0.05495912050628142,2.799305655401291,19.351345863240745,17.417746541272564,22.14509910321464,1,False,99.248
86e2133e2863ccc87c9a6798,2ac25dbf3534abe45ac366eb00314308e4b06e483dd609405fff9136293725e1,FSDnoisy18k,MP3,128,MP3,0.0603999243561718,0.7987339308426581,0.14086614480117016,1.7352177757785014,19.203823302698083,17.269842925826815,21.87393094783576,1,False,132.272
36fc9b5a11a22526548f5d52,2ac25dbf3534abe45ac366eb00314308e4b06e483dd609405fff9136293725e1,FSDnoisy18k,Opus,32,MP3,0.4420647672858424,0.48138539917458784,0.0765498335395699,-1.8387262473957564,18.97760752257706,17.657305882117445,22.11541463420669,3,True,33.588
9af50b8406773f700f98f49f,2ac25dbf3534abe45ac366eb00314308e4b06e483dd609405fff9136293725e1,FSDnoisy18k,Opus,48,MP3,0.15812526854763279,0.6079334103827689,0.23394132106959836,-0.9549950343202389,18.887875190409332,17.073043610054306,21.907755534419863,3,True,49.748
2e8798101dde5aa52a65e0d8,2ac25dbf3534abe45ac366eb00314308e4b06e483dd609405fff9136293725e1,FSDnoisy18k,Opus,64,MP3,0.04986433457090635,0.8376758194865297,0.1124598459425639,-2.0080349424048674,18.563549473593785,16.78058420249211,21.298306549723193,3,True,65.908
0dab2953c871dab55afe0bf4,2ac25dbf3534abe45ac366eb00314308e4b06e483dd609405fff9136293725e1,FSDnoisy18k,Opus,80,MP3,0.044751472440001897,0.7176598149065587,0.23758871265343945,-1.1054545806842382,18.691541726766893,16.917210702004827,21.348468719779373,3,True,82.068
c1e774cdaf3b29a9765effdd,2ac25dbf3534abe45ac366eb00314308e4b06e483dd609405fff9136293725e1,FSDnoisy18k,Opus,96,MP3,0.04481622594146473,0.8055449966689667,0.1496387773895685,-1.6832948237417145,18.708390971793516,16.87053167501801,21.344867450298054,3,True,98.228
495f3c34dbc2b2705a19d2fd,2ac25dbf3534abe45ac366eb00314308e4b06e483dd609405fff9136293725e1,FSDnoisy18k,Opus,128,MP3,0.06576308086708166,0.7442401045257938,0.18999681460712456,-1.3653563971123583,18.83607334549976,17.082317505983973,21.495835657841848,3,True,130.952
5b3569c7b884db6aeaa21d88,2d87aadb2231328b9a9eceff51f71e89b4b7de6d459ad5c94b163bff4c920e9a,FSDnoisy18k,AAC,32,AAC,0.9914716317168767,2.1802162549188294e-05,0.008506566120574063,4.758351986012931,13.397638953408082,13.591832138066758,16.049366998313033,1,False,37.828
0051ca631a2f94890affb491,2d87aadb2231328b9a9eceff51f71e89b4b7de6d459ad5c94b163bff4c920e9a,FSDnoisy18k,AAC,48,AAC,0.8430253239501612,0.019329078143885726,0.13764559790595318,1.8123147470882333,14.047619218240348,14.514471134729126,15.62841976822029,1,False,53.844
b08630f19c1bf1dd13ae3d9f,2d87aadb2231328b9a9eceff51f71e89b4b7de6d459ad5c94b163bff4c920e9a,FSDnoisy18k,AAC,64,AAC,0.8173264021844466,0.018415044225006963,0.16425855359054642,1.6045967954900098,14.047479647716017,14.552677261559001,15.427558774800511,1,False,70.18
c7d7244062cf5503f74894b4,2d87aadb2231328b9a9eceff51f71e89b4b7de6d459ad5c94b163bff4c920e9a,FSDnoisy18k,AAC,80,AAC,0.8667116500906548,0.02345695306430543,0.10983139684503973,2.065759903979135,13.93830877915854,14.522252388013865,15.271148883851952,1,False,86.636
34855bd4aeb53d1e788d5764,2d87aadb2231328b9a9eceff51f71e89b4b7de6d459ad5c94b163bff4c920e9a,FSDnoisy18k,AAC,96,AAC,0.7558012885603891,0.02271091513060932,0.22148779630900173,1.227411003512978,13.790595697931243,14.44312317534005,14.932708743757138,1,False,102.556
621250e95b0acc5bff464836,2d87aadb2231328b9a9eceff51f71e89b4b7de6d459ad5c94b163bff4c920e9a,FSDnoisy18k,AAC,128,AAC,0.9998429811136356,2.0461393668047124e-05,0.00013655749269635733,8.89860780888585,13.124915722247811,14.553026410817841,14.840290205836562,1,False,133.872
a586d882e0f7dab8b628c9bd,2d87aadb2231328b9a9eceff51f71e89b4b7de6d459ad5c94b163bff4c920e9a,FSDnoisy18k,MP3,32,MP3,0.0109193362726499,0.9886621048993764,0.00041855882797347117,4.505817432382494,20.161323805948307,14.858151000792141,22.883506629457255,1,False,33.584
b659116016b16bd807299ed4,2d87aadb2231328b9a9eceff51f71e89b4b7de6d459ad5c94b163bff4c920e9a,FSDnoisy18k,MP3,48,AAC,0.9997559340067375,6.779643112152113e-07,0.0002433880289512991,-14.203927092934894,15.82547044778278,15.62305411494885,19.00419535435129,1,False,49.904
05ee13c6879bac19e0fe22cb,2d87aadb2231328b9a9eceff51f71e89b4b7de6d459ad5c94b163bff4c920e9a,FSDnoisy18k,MP3,64,AAC,0.9904910068240393,0.00323916954624052,0.0062698236297201405,-5.722883802605089,13.772881644768782,14.694263693445679,15.816033930234768,2,True,66.224
125a7751791cf7c4e2462c98,2d87aadb2231328b9a9eceff51f71e89b4b7de6d459ad5c94b163bff4c920e9a,FSDnoisy18k,MP3,80,AAC,0.9648697253706489,0.01448392773452837,0.020646346894822948,-4.19895349004996,14.087839625428538,14.650907280966663,15.87752377186453,2,True,82.736
a8245916431a457b5f409331,2d87aadb2231328b9a9eceff51f71e89b4b7de6d459ad5c94b163bff4c920e9a,FSDnoisy18k,MP3,96,AAC,0.9586985794883354,0.013813597125249153,0.027487823386415484,-4.239923312369848,14.238743075340615,14.69986171540953,15.989495941555898,2,True,99.248
d4e9c4614860a6116829ae85,2d87aadb2231328b9a9eceff51f71e89b4b7de6d459ad5c94b163bff4c920e9a,FSDnoisy18k,MP3,128,AAC,0.9372533726385981,0.018901423693523163,0.04384520366787867,-3.9037164071220563,14.019141961125797,14.503636963424453,15.691843522859006,2,True,132.272
e577c6bd34855eab480239f3,2d87aadb2231328b9a9eceff51f71e89b4b7de6d459ad5c94b163bff4c920e9a,FSDnoisy18k,Opus,32,Opus,0.002488641343933601,0.0015872337531529855,0.9959241249029134,5.9919341583147965,14.22714190807266,14.748537021444145,14.182865453268873,1,False,33.588
3da00aa10aa6bef56395eedd,2d87aadb2231328b9a9eceff51f71e89b4b7de6d459ad5c94b163bff4c920e9a,FSDnoisy18k,Opus,48,Opus,0.07534110690292764,0.005611152791040484,0.9190477403060319,2.501312174851275,13.120880834996322,13.574766216513352,13.789673877003755,3,True,49.748
b16bf31bdd2789c320eb9de9,2d87aadb2231328b9a9eceff51f71e89b4b7de6d459ad5c94b163bff4c920e9a,FSDnoisy18k,Opus,64,AAC,0.5815764631813247,0.0732293718293762,0.3451941649892991,-0.5216354005264939,12.613553791535034,13.159047935470243,13.635222375693493,3,True,65.908
647641cb23f626df0aa5431d,2d87aadb2231328b9a9eceff51f71e89b4b7de6d459ad5c94b163bff4c920e9a,FSDnoisy18k,Opus,80,AAC,0.6227922186764756,0.05169595614293441,0.3255118251805899,-0.6488141555163536,12.753714957994607,13.310276879525828,13.838084178957079,3,True,82.068
8fd76c543610193c6ee853b0,2d87aadb2231328b9a9eceff51f71e89b4b7de6d459ad5c94b163bff4c920e9a,FSDnoisy18k,Opus,96,AAC,0.5492692275933131,0.004143048381279571,0.4465877240254073,-0.2069528662489457,12.867001794107106,13.58633041931208,14.079661797393772,3,True,98.228
c4194b44943923a03cbfe8c6,2d87aadb2231328b9a9eceff51f71e89b4b7de6d459ad5c94b163bff4c920e9a,FSDnoisy18k,Opus,128,AAC,0.7876080869085862,0.005872054940157997,0.2065198581512557,-1.3386040413398024,13.059364704992703,13.784513762381764,14.391621625531858,3,True,130.952
24bed658d425c7ada1ef5ded,359c18af6313d69035732b002cdd1c0c7e48c2bd9463333c0e3906aef6fe7120,FSDnoisy18k,AAC,32,Opus,1.2406523869116301e-09,2.548401519869448e-09,0.999999996210946,-20.507628473415092,74.1931985753942,74.32066253795804,75.46160852264104,1,False,24.764
ccbc2cda5bd94873279b156a,359c18af6313d69035732b002cdd1c0c7e48c2bd9463333c0e3906aef6fe7120,FSDnoisy18k,AAC,48,Opus,3.5880221198790234e-16,2.2075205914739052e-10,0.9999999997792475,-35.56376037854572,77.96201019334102,78.29706410474219,78.62242192279017,1,False,33.432
66d14e4c4313becb87479ac6,359c18af6313d69035732b002cdd1c0c7e48c2bd9463333c0e3906aef6fe7120,FSDnoisy18k,AAC,64,Opus,1.7909570651710843e-14,1.3806522889449e-06,0.9999986193476933,-31.65343977101761,76.88984216018122,77.00268981391764,77.26573328534974,1,False,40.744
c076a7640db4726e84243654,359c18af6313d69035732b002cdd1c0c7e48c2bd9463333c0e3906aef6fe7120,FSDnoisy18k,AAC,80,Opus,2.466680816561887e-16,8.899067186524906e-09,0.9999999911009326,-35.938488031036094,80.26810617635498,80.55104165471606,80.51044178664363,1,False,49.404
bd9c3b79c476afc06c4e49ed,359c18af6313d69035732b002cdd1c0c7e48c2bd9463333c0e3906aef6fe7120,FSDnoisy18k,AAC,96,Opus,1.4052884220962028e-19,4.955704846004187e-07,0.9999995044295154,-43.4088737069674,78.63121819824109,78.64707600261129,78.47739537613292,2,True,59.72
68bf418f9f5de61c707f8a6d,359c18af6313d69035732b002cdd1c0c7e48c2bd9463333c0e3906aef6fe7120,FSDnoisy18k,AAC,128,Opus,8.33192231232174e-08,3.734655667533815e-12,0.9999999166770422,-16.30058646128738,85.13212222868152,85.86840528988475,85.38901685328449,1,False,74.576
97f3611b9192351cc0cdfe8b,359c18af6313d69035732b002cdd1c0c7e48c2bd9463333c0e3906aef6fe7120,FSDnoisy18k,MP3,32,Opus,2.5177029263530615e-14,0.029535838809742223,0.9704641611902326,-3.492170072846875,66.61723351870629,65.00568693609023,67.80170615699592,1,False,33.584
50670146e2a876ed4452b896,359c18af6313d69035732b002cdd1c0c7e48c2bd9463333c0e3906aef6fe7120,FSDnoisy18k,MP3,48,Opus,4.70856445418798e-10,1.2722175141362617e-07,0.9999998723073921,-15.877334071287443,70.17848873325406,69.56862022372677,71.54666797772437,1,False,49.904
b99f88ff9d5d28484a002ec2,359c18af6313d69035732b002cdd1c0c7e48c2bd9463333c0e3906aef6fe7120,FSDnoisy18k,MP3,64,Opus,7.582993915149676e-12,5.5255120604718e-07,0.999999447441211,-14.408719174661766,73.67216748592662,73.70486265754815,74.62225088938338,2,True,66.224
3834adec82b86547f3d6642a,359c18af6313d69035732b002cdd1c0c7e48c2bd9463333c0e3906aef6fe7120,FSDnoisy18k,MP3,80,Opus,1.4624224102529783e-13,1.3196204214590867e-06,0.9999986803794322,-13.538165102598409,74.98537339870826,75.07673905579449,75.67564009749717,2,True,82.736
f239a74657ca8001fe99455a,359c18af6313d69035732b002cdd1c0c7e48c2bd9463333c0e3906aef6fe7120,FSDnoisy18k,MP3,96,Opus,8.3580758490672e-16,3.192838689328114e-07,0.9999996807161302,-14.957184939315615,76.20833485148792,76.28660468238421,76.58459696830819,2,True,99.248
a6bae59e055c4897065176df,359c18af6313d69035732b002cdd1c0c7e48c2bd9463333c0e3906aef6fe7120,FSDnoisy18k,MP3,128,Opus,4.988883058103253e-17,1.766792543836658e-05,0.9999823320745617,-10.943742016308695,77.54125944372372,77.59241711960465,77.57654519304492,3,True,132.272
28dd1e594cad885a5e957c20,359c18af6313d69035732b002cdd1c0c7e48c2bd9463333c0e3906aef6fe7120,FSDnoisy18k,Opus,32,Opus,4.5093013445660354e-20,1.0498925563322937e-08,0.9999999895010744,18.37199290182238,79.8846350491227,80.1335328936749,79.69175147315967,1,False,33.588
8e1b350c8574e66a2c95ef4e,359c18af6313d69035732b002cdd1c0c7e48c2bd9463333c0e3906aef6fe7120,FSDnoisy18k,Opus,48,Opus,2.917419133589897e-20,1.5388869184224898e-09,0.999999998461113,20.292206460558695,80.14779841258606,80.36414054269656,80.00052672844762,1,False,49.748
978dd3cd5e456d38f0941108,359c18af6313d69035732b002cdd1c0c7e48c2bd9463333c0e3906aef6fe7120,FSDnoisy18k,Opus,64,Opus,9.688218964323803e-20,1.0635248108620678e-06,0.9999989364751891,13.753920809610399,78.59756567509655,78.65501260955376,78.343516642513,1,False,65.908
ec55f28e4c584112953dddc9,359c18af6313d69035732b002cdd1c0c7e48c2bd9463333c0e3906aef6fe7120,FSDnoisy18k,Opus,80,Opus,1.4957800770469351e-19,1.3783934086712882e-06,0.9999986216065914,13.494590555219116,78.28430462722416,78.32023985269821,78.04440613897233,1,False,82.068
043b4e761b0cbb1dfaeff11c,359c18af6313d69035732b002cdd1c0c7e48c2bd9463333c0e3906aef6fe7120,FSDnoisy18k,Opus,96,Opus,1.7544437930843834e-19,8.300751264065753e-07,0.9999991699248736,14.001748796433557,78.40685097456124,78.4556828854465,78.1714126827713,1,False,98.228
5d03b6fa8c56bc772707507d,359c18af6313d69035732b002cdd1c0c7e48c2bd9463333c0e3906aef6fe7120,FSDnoisy18k,Opus,128,Opus,5.064863820388413e-20,2.96647409946981e-08,0.9999999703352591,17.33330663861548,79.6733326901209,79.83938973547502,79.48651548047073,1,False,130.952
6c6bcfdedaa1fdd59cb26887,3a599d5de4da533f7851ce06365eaaf2b2dedf5927a32bf0ef16bbb03a9bff4c,FSDnoisy18k,AAC,32,AAC,0.9985626033702176,3.090600133539206e-07,0.0014370875697691215,6.543698303770111,12.495113681134022,13.455029804524788,15.019734615103042,1,False,38.132
f7e0ff211fa4e844958598cd,3a599d5de4da533f7851ce06365eaaf2b2dedf5927a32bf0ef16bbb03a9bff4c,FSDnoisy18k,AAC,48,MP3,0.0032150734806546248,0.9908582519334206,0.005926674585924719,-5.730721275716919,15.397790364507275,15.963242167689536,14.357179381498995,2,True,53.904
b2798f188a760edaff3ad7fe,3a599d5de4da533f7851ce06365eaaf2b2dedf5927a32bf0ef16bbb03a9bff4c,FSDnoisy18k,AAC,64,MP3,0.0009321260024004314,0.9949584959386388,0.004109378058960668,-6.972988301390158,16.677246163165236,17.678029354067796,14.816855416468727,2,True,70.348
2a0be85484d8b3ad1dba6a89,3a599d5de4da533f7851ce06365eaaf2b2dedf5927a32bf0ef16bbb03a9bff4c,FSDnoisy18k,AAC,80,MP3,0.0043697231349585685,0.9758163963451812,0.01981388051986015,-5.408574798962087,17.3398524261109,18.602463867335914,15.095060019508104,2,True,87.08
de8648334a55f23338546452,3a599d5de4da533f7851ce06365eaaf2b2dedf5927a32bf0ef16bbb03a9bff4c,FSDnoisy18k,AAC,96,Opus,0.002562510736058628,0.0007373066150859055,0.9967001826488554,-5.96346247108982,18.906905865010984,21.03350490469729,15.643043709956881,2,True,103.2
7646290d0a569570773e45a3,3a599d5de4da533f7851ce06365eaaf2b2dedf5927a32bf0ef16bbb03a9bff4c,FSDnoisy18k,AAC,128,AAC,1.0,1.6704165274367907e-24,1.2290000068630605e-22,50.45067120970084,27.414854121611125,31.404379849516314,27.479820259213735,1,False,132.028
748e3de3f35de89d29784a4d,3a599d5de4da533f7851ce06365eaaf2b2dedf5927a32bf0ef16bbb03a9bff4c,FSDnoisy18k,MP3,32,MP3,0.0034897670563306406,0.9964949080211953,1.532492247410554e-05,5.654409041826813,17.95283073879625,12.789811761796278,20.707952839453682,1,False,33.584
4eac709b0a6a17d7208d2ab5,3a599d5de4da533f7851ce06365eaaf2b2dedf5927a32bf0ef16bbb03a9bff4c,FSDnoisy18k,MP3,48,AAC,0.9993094070543048,3.6195707762884146e-06,0.0006869733749189353,-12.52846427772781,13.813939177456264,14.165572329563044,16.818008216283296,2,True,49.904
ed9799c6167a610969e29361,3a599d5de4da533f7851ce06365eaaf2b2dedf5927a32bf0ef16bbb03a9bff4c,FSDnoisy18k,MP3,64,MP3,0.007311290066741134,0.9867947975746113,0.005893912358647539,4.905042374715982,15.356214622412041,17.260972866837882,14.699022731271358,3,True,66.224
9293eb2ac178439eda032bac,3a599d5de4da533f7851ce06365eaaf2b2dedf5927a32bf0ef16bbb03a9bff4c,FSDnoisy18k,MP3,80,MP3,2.1489469129507058e-07,0.9914185347956863,0.008581250309622451,4.749557154373948,20.033419757607835,21.127584219543554,15.533138114048501,3,True,82.736
79d92e4b9f86c74fa41c1e08,3a599d5de4da533f7851ce06365eaaf2b2dedf5927a32bf0ef16bbb03a9bff4c,FSDnoisy18k,MP3,96,Opus,0.010533054650694903,0.03178126368421821,0.9576856816650869,-3.4056427018401547,19.371871772062782,21.432902949682706,15.337999937049645,3,True,99.248
861aed263c05ab8767914f3b,3a599d5de4da533f7851ce06365eaaf2b2dedf5927a32bf0ef16bbb03a9bff4c,FSDnoisy18k,MP3,128,Opus,0.08075073070830982,0.002191067449111164,0.9170582018425789,-6.036782095318092,19.795549669252775,22.078777071868057,16.49271281175966,3,True,132.272
059bb543a4ab7ba105f6fdea,3a599d5de4da533f7851ce06365eaaf2b2dedf5927a32bf0ef16bbb03a9bff4c,FSDnoisy18k,Opus,32,Opus,0.0009490177943787166,9.978595890534004e-06,0.9990410036097307,6.959123552346126,20.03781673728565,22.10631886462769,16.63952645610029,1,False,33.588
4de75893a47e62cd85e5183d,3a599d5de4da533f7851ce06365eaaf2b2dedf5927a32bf0ef16bbb03a9bff4c,FSDnoisy18k,Opus,48,Opus,0.001748106704048284,1.2386284967743216e-05,0.9982395070109841,6.347459915628,19.96234250499002,22.021831166189887,16.585851292711098,1,False,49.748
a0a7bbf7a1fb6ebe1b293d2c,3a599d5de4da533f7851ce06365eaaf2b2dedf5927a32bf0ef16bbb03a9bff4c,FSDnoisy18k,Opus,64,Opus,0.0007522912734417614,8.377703802060572e-06,0.9992393310227561,7.1916260188708385,19.741078604419627,22.018774070727268,16.172004481782682,1,False,65.908
e23912021618987f67762077,3a599d5de4da533f7851ce06365eaaf2b2dedf5927a32bf0ef16bbb03a9bff4c,FSDnoisy18k,Opus,80,Opus,0.0020411353934183846,0.0005531323478707484,0.9974057322587108,6.1916514218647265,19.203549328830963,21.368056239702916,15.56420486801754,1,False,82.068
56332c120dabef9408e49bea,3a599d5de4da533f7851ce06365eaaf2b2dedf5927a32bf0ef16bbb03a9bff4c,FSDnoisy18k,Opus,96,Opus,0.000586187145731278,6.549507461228333e-05,0.9993483177796564,7.4412195633985565,19.208213599561407,21.37060952087278,15.540520429652515,1,False,98.228
01c3361eec7c93d1070482c4,3a599d5de4da533f7851ce06365eaaf2b2dedf5927a32bf0ef16bbb03a9bff4c,FSDnoisy18k,Opus,128,Opus,0.0005093355632446438,4.421529910387848e-05,0.9994464491376516,7.581849794689189,19.39721792739729,21.551525334832967,15.804676120639206,1,False,130.952
99629ec47847c379b58c032f,3b5f8cdbb06d2c0d23cbb1522c39a583d04c215bc62c398addbe9ceaf831a528,FSDnoisy18k,AAC,32,AAC,0.8430028495358294,0.06214113274143286,0.0948560177227378,2.1846101992343487,12.320445219895078,13.213837683231306,14.667355030062199,1,False,37.704
18954f1c23812c7ec88af2c0,3b5f8cdbb06d2c0d23cbb1522c39a583d04c215bc62c398addbe9ceaf831a528,FSDnoisy18k,AAC,48,AAC,0.4626582398856231,0.16696616945002804,0.37037559066434894,0.2224710380628105,12.118943602301501,13.156141929232628,14.183695088647742,1,False,53.544
249952c023f9069b3b153894,3b5f8cdbb06d2c0d23cbb1522c39a583d04c215bc62c398addbe9ceaf831a528,FSDnoisy18k,AAC,64,AAC,0.5460019071231403,0.15088362647197773,0.30311446640488193,0.5885119575548903,12.280320691207416,13.412824364877865,14.128620685620234,1,False,70.1
a6cdfae27022ca3548fdb98f,3b5f8cdbb06d2c0d23cbb1522c39a583d04c215bc62c398addbe9ceaf831a528,FSDnoisy18k,AAC,80,AAC,0.4717345792695152,0.16424143424696735,0.3640239864835176,0.2591967329631009,12.137155789040245,13.40914626387855,13.908127361857337,1,False,86.472
f3b866738bd9e06a8da37c13,3b5f8cdbb06d2c0d23cbb1522c39a583d04c215bc62c398addbe9ceaf831a528,FSDnoisy18k,AAC,96,AAC,0.5346288027856154,0.0792590817298179,0.3861121154845667,0.32544489760373396,12.029128534451436,13.42392031678178,13.726563387973671,1,False,102.776
dd84f55f45233823158eb3b6,3b5f8cdbb06d2c0d23cbb1522c39a583d04c215bc62c398addbe9ceaf831a528,FSDnoisy18k,AAC,128,AAC,0.9996004006090646,0.0001896210923304485,0.00020997829860471866,8.468106693312231,11.553998076180378,13.57582878592585,13.677045943013255,1,False,132.148
a50906449403f53265050178,3b5f8cdbb06d2c0d23cbb1522c39a583d04c215bc62c398addbe9ceaf831a528,FSDnoisy18k,MP3,32,MP3,0.001306512529638535,0.9978270057675116,0.0008664817028499962,6.638218524207003,14.927745611827053,9.912721979406507,17.951109004677246,1,False,33.584
12a6b4b38f9d0511af8f603b,3b5f8cdbb06d2c0d23cbb1522c39a583d04c215bc62c398addbe9ceaf831a528,FSDnoisy18k,MP3,48,AAC,0.99086061852376,4.329727793952842e-05,0.009096084198300464,-10.038239388223971,12.063340908550552,12.814370767744318,15.224613057940692,2,True,49.904
453414c9a722b17a6aec1cb5,3b5f8cdbb06d2c0d23cbb1522c39a583d04c215bc62c398addbe9ceaf831a528,FSDnoisy18k,MP3,64,AAC,0.8975260203948391,0.014893235904764575,0.08758074370039641,-4.098734968271144,13.174663459918804,13.84478854907107,15.586027038822957,2,True,66.224
73f003cceca0d6079351bc8f,3b5f8cdbb06d2c0d23cbb1522c39a583d04c215bc62c398addbe9ceaf831a528,FSDnoisy18k,MP3,80,AAC,0.8771533935223181,0.023672335602340777,0.09917427087534116,-3.6123747919895735,13.488790020213939,14.143505366512503,15.785632535492415,2,True,82.736
b87e7b6a6dfd148c52a26acc,3b5f8cdbb06d2c0d23cbb1522c39a583d04c215bc62c398addbe9ceaf831a528,FSDnoisy18k,MP3,96,AAC,0.8337752250729875,0.032356195119827326,0.13386857980718517,-3.2491583461884095,13.53417932625906,14.188316613704584,15.802398411400118,2,True,99.248
4a90f5c7d816afc5e1871482,3b5f8cdbb06d2c0d23cbb1522c39a583d04c215bc62c398addbe9ceaf831a528,FSDnoisy18k,MP3,128,AAC,0.8169252605646133,0.0326607285262379,0.1504140109091488,-3.219374216668885,13.46192220550236,14.116941813237924,15.6830558652475,2,True,132.272
9bb7735822eda56c7180ca4b,3b5f8cdbb06d2c0d23cbb1522c39a583d04c215bc62c398addbe9ceaf831a528,FSDnoisy18k,Opus,32,AAC,0.7083324665865136,0.24904007802968875,0.04262745538379762,-2.810415030790506,11.761650226860421,13.945701412662723,13.860147210136793,2,True,33.588
372b0343e2bdfde4b5132841,3b5f8cdbb06d2c0d23cbb1522c39a583d04c215bc62c398addbe9ceaf831a528,FSDnoisy18k,Opus,48,AAC,0.6944141725430149,0.19379397463062176,0.11179185282636336,-1.826429887592049,11.977454147575934,13.369402880765982,14.130623432236534,3,True,49.748
6fd2d7548d1d7348ef0fd5ce,3b5f8cdbb06d2c0d23cbb1522c39a583d04c215bc62c398addbe9ceaf831a528,FSDnoisy18k,Opus,64,AAC,0.5811993223027095,0.2029620164410512,0.2158386612562393,-0.9905625757063241,12.001430160700156,13.35394786919617,13.740234270604953,3,True,65.908
d298d15610380458e74d2a2f,3b5f8cdbb06d2c0d23cbb1522c39a583d04c215bc62c398addbe9ceaf831a528,FSDnoisy18k,Opus,80,Opus,0.3807216212221631,0.045496618482240375,0.5737817602955966,0.4101806603681819,12.32344008732596,13.593867445361004,13.986708752686631,3,True,82.068
5ff79d270dcd122fb0a95e50,3b5f8cdbb06d2c0d23cbb1522c39a583d04c215bc62c398addbe9ceaf831a528,FSDnoisy18k,Opus,96,AAC,0.49336096146750014,0.05526456820937747,0.4513744703231224,-0.08894377337378478,12.60601958571859,13.651143838398196,14.195473347168178,3,True,98.228
856d32ef8186b0d1630678c5,3b5f8cdbb06d2c0d23cbb1522c39a583d04c215bc62c398addbe9ceaf831a528,FSDnoisy18k,Opus,128,Opus,0.47687923717679576,0.03712601340583493,0.4859947494173693,0.018934532876267673,12.635329139072555,13.787285197147783,14.276749812411834,3,True,130.952
96054968164d44a402835301,4afa0cb2dd383899abdd860475e53056b7bbdd6504d45f2beef01a09100924ab,FSDnoisy18k,AAC,32,Opus,2.534183316244339e-08,4.651142275541099e-14,0.9999999746581203,-17.49080929669028,58.59913453964058,60.766640731303006,59.268258097973884,1,False,36.476
b09ad23da57d4d6ac39fd80a,4afa0cb2dd383899abdd860475e53056b7bbdd6504d45f2beef01a09100924ab,FSDnoisy18k,AAC,48,Opus,5.085321305946904e-07,4.318557321814048e-09,0.999999487149312,-14.491736923592985,48.95278691885892,50.99327572725173,49.624679875323416,1,False,53.644
6cc6d13861a3d9cd29914052,4afa0cb2dd383899abdd860475e53056b7bbdd6504d45f2beef01a09100924ab,FSDnoisy18k,AAC,64,Opus,6.179190273250696e-05,6.95005827575349e-05,0.99986870751451,-9.691606924725729,30.31639017536319,32.313665893551956,31.307121247454784,1,False,70.068
dca5e70a05fddddc36115734,4afa0cb2dd383899abdd860475e53056b7bbdd6504d45f2beef01a09100924ab,FSDnoisy18k,AAC,80,Opus,4.4511206827311084e-05,9.256410264988735e-05,0.9998629246905228,-10.019632476977016,29.660844431947574,31.710736857425577,30.613160112917438,1,False,90.076
eaae30aaed0f1d9613502872,4afa0cb2dd383899abdd860475e53056b7bbdd6504d45f2beef01a09100924ab,FSDnoisy18k,AAC,96,Opus,0.08007291906912029,0.00013694876267456366,0.9197901321682052,-2.4412078189273068,23.41123776647337,25.87786915516661,24.205898919298136,1,False,109.476
befd44e1fa26b5a52fcf7e6a,4afa0cb2dd383899abdd860475e53056b7bbdd6504d45f2beef01a09100924ab,FSDnoisy18k,AAC,128,AAC,0.9999999999869373,1.6423531771121333e-16,1.3062357525134998e-11,25.061286493416638,36.553380877792904,39.66889595711532,38.34250257732554,1,False,150.08
f037fa83b5ab7c6bacc49b23,4afa0cb2dd383899abdd860475e53056b7bbdd6504d45f2beef01a09100924ab,FSDnoisy18k,MP3,32,Opus,1.2624392696141037e-07,4.062414002186548e-05,0.9999592496160513,-10.111107335016706,42.29161884101248,43.08562065627009,43.64161691100566,2,True,33.584
f1b6005558c0dc9b84f09643,4afa0cb2dd383899abdd860475e53056b7bbdd6504d45f2beef01a09100924ab,FSDnoisy18k,MP3,48,MP3,0.010081004212599328,0.6866361091033585,0.3032828866840423,0.8171384814424035,22.71710763034687,22.554469960760734,25.355325684016517,1,False,49.904
4657009f5dda32fa446a5e74,4afa0cb2dd383899abdd860475e53056b7bbdd6504d45f2beef01a09100924ab,FSDnoisy18k,MP3,64,MP3,0.020409634370435328,0.963971380562779,0.015618985066785688,3.855054543532053,20.425626207227705,21.00385623908983,22.983300925989738,2,True,66.224
f7c1a6b71ddd73e304eceddb,4afa0cb2dd383899abdd860475e53056b7bbdd6504d45f2beef01a09100924ab,FSDnoisy18k,MP3,80,MP3,1.3739042542864645e-08,0.9998278176588199,0.00017216860213741452,8.666864119125972,22.14100787629325,22.709517867279985,22.161916155775707,3,True,82.736
d6ecfd5ec41cbd03fca6683c,4afa0cb2dd383899abdd860475e53056b7bbdd6504d45f2beef01a09100924ab,FSDnoisy18k,MP3,96,MP3,4.389632521133482e-09,0.9998760577998659,0.0001239378105016203,8.995606696497713,22.010925415169343,22.541399987106296,21.493494877731887,3,True,99.248
848ed2259d1964742ee785ba,4afa0cb2dd383899abdd860475e53056b7bbdd6504d45f2beef01a09100924ab,FSDnoisy18k,MP3,128,MP3,4.2461613906290326e-08,0.999446498437247,0.0005534591011391964,7.498769045091824,20.510339850509983,21.114751226881566,19.7284145620722,3,True,132.272
8a753882eb897e93cb14de18,4afa0cb2dd383899abdd860475e53056b7bbdd6504d45f2beef01a09100924ab,FSDnoisy18k,Opus,32,Opus,5.827203688812516e-06,2.9379139337173577e-09,0.9999941698583973,12.052967484221275,34.37624286324677,36.78410353052919,35.05036143470831,2,True,33.588
3c5224610266663c4fd88b7d,4afa0cb2dd383899abdd860475e53056b7bbdd6504d45f2beef01a09100924ab,FSDnoisy18k,Opus,48,Opus,7.400609159597478e-07,1.0990240840441245e-11,0.9999992599280937,14.116532595199503,40.70659643794618,43.046887214258845,41.41059276318845,2,True,49.748
2a142b79a5f15b53c518812f,4afa0cb2dd383899abdd860475e53056b7bbdd6504d45f2beef01a09100924ab,FSDnoisy18k,Opus,64,Opus,2.5122024923268127e-07,3.084586619113485e-11,0.9999997487489048,15.19693554434734,37.046785241791696,39.3309484628315,37.668781492182546,2,True,65.908
9820d6077c18cf64c3a952bd,4afa0cb2dd383899abdd860475e53056b7bbdd6504d45f2beef01a09100924ab,FSDnoisy18k,Opus,80,Opus,1.9750192616334443e-06,1.856387288602222e-10,0.9999980247950996,13.1349304317261,37.22440456716768,39.5204402782023,37.96262445599629,2,True,82.068
e12696c226f8b149e30ebf2d,4afa0cb2dd383899abdd860475e53056b7bbdd6504d45f2beef01a09100924ab,FSDnoisy18k,Opus,96,Opus,3.3415716924089227e-06,7.563440086879275e-09,0.9999966508648676,12.609065945927163,31.81950506649397,34.08138002982116,32.55591479851949,2,True,98.228
0db365f1ed39ddd045e54ebd,4afa0cb2dd383899abdd860475e53056b7bbdd6504d45f2beef01a09100924ab,FSDnoisy18k,Opus,128,Opus,7.16821464783851e-06,3.273751485061516e-07,0.9999925044102037,11.845846441832137,27.104491467817343,29.320640218360595,27.76374200703947,2,True,130.952
110a9d30b48f09fb311ec609,67c39f029476e7908e45083dff0ef5e06b3d6d9854ab1e415803f6b642429613,FSDnoisy18k,AAC,32,MP3,0.2312672014808504,0.7489801225985975,0.019752675920552076,-1.175138686170233,28.781991858517678,26.924387213372434,31.41621652231345,2,True,38.184
9b64735f42fd792393e6efd8,67c39f029476e7908e45083dff0ef5e06b3d6d9854ab1e415803f6b642429613,FSDnoisy18k,AAC,48,MP3,0.004623650014127299,0.9682429580324364,0.027133391953436236,-5.344298605967651,28.957232996319902,27.247079309494843,31.06690741353191,2,True,54.22
101d696c08b0ddfecdf904e0,67c39f029476e7908e45083dff0ef5e06b3d6d9854ab1e415803f6b642429613,FSDnoisy18k,AAC,64,MP3,0.0007038427693953522,0.993279106618398,0.006017050612206678,-7.2522119853836005,29.3480353661716,27.63195859731097,31.06737226501094,2,True,70.564
dcd06defbde82bc6cb55cc13,67c39f029476e7908e45083dff0ef5e06b3d6d9854ab1e415803f6b642429613,FSDnoisy18k,AAC,80,MP3,0.0004895954899121652,0.9754755679347238,0.024034836575364035,-7.597100873672128,29.821616643158862,28.11088171253958,31.331014098198352,2,True,86.748
cd886345d554c21436ae9b22,67c39f029476e7908e45083dff0ef5e06b3d6d9854ab1e415803f6b642429613,FSDnoisy18k,AAC,96,MP3,1.1911836088558911e-05,0.909683785668103,0.09030430249580843,-11.243319794736,30.213672190542834,28.45099414771388,31.268184533044035,2,True,102.748
3011172188a1ea61bb8a158d,67c39f029476e7908e45083dff0ef5e06b3d6d9854ab1e415803f6b642429613,FSDnoisy18k,AAC,128,MP3,0.130002648538504,0.7542862737668468,0.11571107769464929,-1.758217145759913,30.929154673262985,29.82130773652173,32.21050262709519,2,True,130.484
7aa36907daafe495757c6d4b,67c39f029476e7908e45083dff0ef5e06b3d6d9854ab1e415803f6b642429613,FSDnoisy18k,MP3,32,MP3,2.55886873545861e-07,0.9999952075135776,4.53659954892743e-06,12.303328032085885,30.78795719884571,27.46830164684618,33.07274353720134,1,False,33.584
cd20c67bf9e76eb62002c827,67c39f029476e7908e45083dff0ef5e06b3d6d9854ab1e415803f6b642429613,FSDnoisy18k,MP3,48,MP3,2.337907724086841e-05,0.9999160034225324,6.0617500226636635e-05,9.710842923855536,29.999411576473197,27.178236169864704,32.44784069450821,1,False,49.904
b43f2e57d55b7efee51eb926,67c39f029476e7908e45083dff0ef5e06b3d6d9854ab1e415803f6b642429613,FSDnoisy18k,MP3,64,MP3,0.014761471836018055,0.980585606121078,0.004652922042903805,4.196129418376542,29.28241240320903,27.211551188202577,31.79890867976962,1,False,66.224
625cfc91f3c2c1dae0344031,67c39f029476e7908e45083dff0ef5e06b3d6d9854ab1e415803f6b642429613,FSDnoisy18k,MP3,80,MP3,0.0024531328193044114,0.9852765349504752,0.012270332230220497,4.385738012929037,29.038992018855836,27.05587017140874,31.137066237467135,1,False,82.736
047672d25415dfbd32f270d0,67c39f029476e7908e45083dff0ef5e06b3d6d9854ab1e415803f6b642429613,FSDnoisy18k,MP3,96,MP3,0.0005535118809536662,0.9687544143991296,0.03069207371991681,3.452006701217611,29.13685001662622,27.168688835727824,30.928860308228355,1,False,99.248
5b1bb9745d264a9f94d4870b,67c39f029476e7908e45083dff0ef5e06b3d6d9854ab1e415803f6b642429613,FSDnoisy18k,MP3,128,MP3,3.3909253439346695e-05,0.9950029019918379,0.0049631887547227985,5.300697225462757,29.356053589861002,27.44916197759855,30.77666305140345,1,False,132.272
03d14a8914dfbf7e84ca425f,67c39f029476e7908e45083dff0ef5e06b3d6d9854ab1e415803f6b642429613,FSDnoisy18k,Opus,32,MP3,0.09100906129117639,0.9029452272098,0.006045711499023701,-5.006312717551664,23.746823610582553,22.035175915874643,26.210534550585095,3,True,33.588
d50df98e5c83c65461046b0e,67c39f029476e7908e45083dff0ef5e06b3d6d9854ab1e415803f6b642429613,FSDnoisy18k,Opus,48,MP3,0.04908186159105241,0.945594707697749,0.005323430711198766,-5.179696083829844,25.19235137940137,23.406686354050898,27.56918099552702,3,True,49.748
c9e75636f1d3f7087493978b,67c39f029476e7908e45083dff0ef5e06b3d6d9854ab1e415803f6b642429613,FSDnoisy18k,Opus,64,MP3,1.942849236336954e-06,0.9974205051099152,0.002577552040848524,-5.958332324321824,29.32336023574253,27.42472519694893,30.27368904858871,3,True,65.908
488e9f0937fc6423f4fd2f31,67c39f029476e7908e45083dff0ef5e06b3d6d9854ab1e415803f6b642429613,FSDnoisy18k,Opus,80,MP3,1.7394556070956053e-06,0.9943599824536904,0.005638278090702506,-5.172520580651581,29.49818279059507,27.635736356299073,30.453130866035245,3,True,82.068
8ce41dbae900a591051e0f07,67c39f029476e7908e45083dff0ef5e06b3d6d9854ab1e415803f6b642429613,FSDnoisy18k,Opus,96,MP3,1.1292642761677353e-06,0.9983722079606947,0.0016266627750291802,-6.4195956218558985,29.52683574391312,27.60316383906022,30.460601906795073,3,True,98.228
f1f376497fb9d61239b3a981,67c39f029476e7908e45083dff0ef5e06b3d6d9854ab1e415803f6b642429613,FSDnoisy18k,Opus,128,MP3,2.837442692101677e-06,0.9877660536539209,0.012231108903386861,-4.391463265561448,29.757867676654126,27.88450482466866,30.66919087626784,3,True,130.952
1a8c0565eb5b377410d2be48,7d5b705446b82c50e814e1eb95e407783891979d2ad700f4720a54171b2c7c3f,FSDnoisy18k,AAC,32,AAC,0.9584875636422502,0.027274731773335385,0.01423770458441446,3.559395890076469,14.419486363293808,12.340738219702075,17.772300291120196,2,True,37.44
ec3dc4cda5ea3dbb295d4547,7d5b705446b82c50e814e1eb95e407783891979d2ad700f4720a54171b2c7c3f,FSDnoisy18k,AAC,48,Opus,0.17903770218495094,0.348641566671866,0.47232073114318307,-0.9700618595599139,12.681836899112477,11.10835526874475,15.390253643576758,2,True,53.536
725c8845724d71eb3be4997f,7d5b705446b82c50e814e1eb95e407783891979d2ad700f4720a54171b2c7c3f,FSDnoisy18k,AAC,64,Opus,0.13653082706555816,0.2845773250681813,0.5788918478662606,-1.4445652404400802,12.00511927129285,11.20445746734938,14.288442748112919,2,True,69.944
e80e5b950f1969aae474f16a,7d5b705446b82c50e814e1eb95e407783891979d2ad700f4720a54171b2c7c3f,FSDnoisy18k,AAC,80,Opus,0.271062372747921,0.1219610491819798,0.6069765780700992,-0.8061412518006934,11.77282361510468,11.662448263239874,13.726244195788096,2,True,86.132
e5e8b88537f7d80b2cb5b935,7d5b705446b82c50e814e1eb95e407783891979d2ad700f4720a54171b2c7c3f,FSDnoisy18k,AAC,96,Opus,0.00558539163423816,0.00032953089630283693,0.9940850774694591,-5.181668241433182,11.448390585776647,11.931144461590728,12.479233148592202,1,False,102.3
f966c763caf7ee93800a3ca1,7d5b705446b82c50e814e1eb95e407783891979d2ad700f4720a54171b2c7c3f,FSDnoisy18k,AAC,128,AAC,0.9999999999999976,1.3426305972980427e-17,2.419525053663357e-15,33.655205132820164,16.55894871087861,19.482697366375827,19.299357553902468,1,False,131.276
1fc65d12fa8ef17f6a216dbb,7d5b705446b82c50e814e1eb95e407783891979d2ad700f4720a54171b2c7c3f,FSDnoisy18k,MP3,32,MP3,2.157369119326792e-06,0.9999700225412119,2.7820089668918894e-05,10.489722170384207,19.913199298655847,14.679679413080654,22.364245680808448,1,False,33.584
d82edbdaf86f1ca89cd6924f,7d5b705446b82c50e814e1eb95e407783891979d2ad700f4720a54171b2c7c3f,FSDnoisy18k,MP3,48,MP3,0.08858660735329386,0.7637769686474366,0.14763642399926974,1.6435231639085153,15.560913767619908,13.13817871761139,18.469335349534543,1,False,49.904
c6dabede4a13bc918657c930,7d5b705446b82c50e814e1eb95e407783891979d2ad700f4720a54171b2c7c3f,FSDnoisy18k,MP3,64,Opus,0.35476231868430547,0.1315338718419551,0.5137038094737394,-1.3623824542046636,13.978682804573708,12.722943203192257,16.98523526064248,1,False,66.224
aeda5fe6ef160b6854886f86,7d5b705446b82c50e814e1eb95e407783891979d2ad700f4720a54171b2c7c3f,FSDnoisy18k,MP3,80,AAC,0.5636102370602151,0.05387732734395945,0.38251243559582543,-2.347653197106939,13.696378777335136,12.703807930024235,16.781941900660694,1,False,82.736
b3e67af6b9af5e713c60db46,7d5b705446b82c50e814e1eb95e407783891979d2ad700f4720a54171b2c7c3f,FSDnoisy18k,MP3,96,AAC,0.5853421947180592,0.07279191351981668,0.3418658917621243,-2.084591753443799,13.634308976387508,12.80988968360375,16.74565234763126,1,False,99.248
fa37805e1057be25c3b76ae3,7d5b705446b82c50e814e1eb95e407783891979d2ad700f4720a54171b2c7c3f,FSDnoisy18k,MP3,128,MP3,0.023835154708606452,0.7545844380157667,0.22158040727562703,1.2253816483487792,13.406264587395798,12.551011023618589,14.999918198211507,1,False,132.272
2fb97d7060953dda2e1a4fe6,7d5b705446b82c50e814e1eb95e407783891979d2ad700f4720a54171b2c7c3f,FSDnoisy18k,Opus,32,Opus,0.009511289674964181,0.33400489099374825,0.6564838193312876,0.6757424100079699,12.45296155358877,12.161917314202098,14.038667196235856,3,True,33.588
250fabbad39338575f873eac,7d5b705446b82c50e814e1eb95e407783891979d2ad700f4720a54171b2c7c3f,FSDnoisy18k,Opus,48,Opus,0.002997711375310525,0.04561544886555757,0.951386839759132,3.0376743013471157,12.646853943483364,11.69711361365462,14.22994632797249,3,True,49.748
0ea6e2cfa3829d8d99d28e92,7d5b705446b82c50e814e1eb95e407783891979d2ad700f4720a54171b2c7c3f,FSDnoisy18k,Opus,64,Opus,0.00018143429494605205,0.000747778995936301,0.9990707867091176,7.197473438347725,12.089452804638645,12.210158284618165,12.265976790919716,3,True,65.908
ece2ddbeb0784a0196e6f7de,7d5b705446b82c50e814e1eb95e407783891979d2ad700f4720a54171b2c7c3f,FSDnoisy18k,Opus,80,Opus,0.00022260423671704492,0.00013702507041086592,0.999640370692872,8.409755392443875,12.204804427076292,12.404946015941908,12.476213276143367,3,True,82.068
04c3804ab4bd6716176d925f,7d5b705446b82c50e814e1eb95e407783891979d2ad700f4720a54171b2c7c3f,FSDnoisy18k,Opus,96,Opus,0.0003520359176829152,0.00011706694700786917,0.9995308971353093,7.951308135772009,12.297843029187572,12.484517598046068,12.602705030432112,3,True,98.228
32413356b4473ecbf3031e54,7d5b705446b82c50e814e1eb95e407783891979d2ad700f4720a54171b2c7c3f,FSDnoisy18k,Opus,128,Opus,0.0005590812559713329,9.298620677587967e-05,0.9993479325372528,7.488563455702269,12.36366542273613,12.47339433829236,12.832708697789082,3,True,130.952
59ae12866e2a700a1f737cc4,879e30705cd3c3442346006885ea9f6f08db3fc237806e606ca8d088824f3aff,FSDnoisy18k,AAC,32,AAC,0.9821796410585784,6.414807203943424e-07,0.017819717460701327,4.009468658754843,13.62687526063331,17.36416617140126,15.754830189160518,1,False,37.244
c3ecba55703b085766a7257e,879e30705cd3c3442346006885ea9f6f08db3fc237806e606ca8d088824f3aff,FSDnoisy18k,AAC,48,MP3,0.007258158825849684,0.944665939084985,0.048075902089165325,-4.868705169964249,15.434856246389751,18.812515486472957,14.34956734181645,2,True,53.968
454c90fb4589dbe7690b3788,879e30705cd3c3442346006885ea9f6f08db3fc237806e606ca8d088824f3aff,FSDnoisy18k,AAC,64,MP3,0.001246010483640062,0.9863448014929862,0.012409188023373529,-6.67405915656116,16.566342631903904,20.116623832372202,14.510300986646293,2,True,70.26
1e515cbee8344b003d121c82,879e30705cd3c3442346006885ea9f6f08db3fc237806e606ca8d088824f3aff,FSDnoisy18k,AAC,80,MP3,0.003053495073972877,0.8536377299221084,0.14330877500391873,-5.633220039510238,17.110806435382315,20.768210613111684,14.554222975333154,2,True,86.404
bb36dc860b572ab4d5132ee9,879e30705cd3c3442346006885ea9f6f08db3fc237806e606ca8d088824f3aff,FSDnoisy18k,AAC,96,Opus,0.0031610265966673895,0.00019972773219288244,0.9966392456711398,-5.75349201743128,19.096641660869803,23.35500516101694,15.849600801858251,2,True,102.98
2513ac6d2aae24f00b68a25c,879e30705cd3c3442346006885ea9f6f08db3fc237806e606ca8d088824f3aff,FSDnoisy18k,AAC,128,AAC,0.9999999999999998,2.3192439749910798e-21,2.085076120626675e-16,36.10655612462654,26.213971404701983,31.748383319597504,25.91832630686685,2,True,135.796
c7f395d0f18450adbd83a293,879e30705cd3c3442346006885ea9f6f08db3fc237806e606ca8d088824f3aff,FSDnoisy18k,MP3,32,MP3,3.588340876330962e-06,0.9999913642909919,5.047368131726038e-06,12.196634976817293,16.499918082634387,13.143061691551067,19.235254763253206,1,False,33.584
86c6078d76ee26c20fd6a68b,879e30705cd3c3442346006885ea9f6f08db3fc237806e606ca8d088824f3aff,FSDnoisy18k,MP3,48,AAC,0.9976496814713851,5.974035635566412e-06,0.0023443444929791557,-12.0257347882157,14.04406441707634,17.432162692482926,16.664018622373657,3,True,49.904
220999e5c4d47e3d8b17cc5c,879e30705cd3c3442346006885ea9f6f08db3fc237806e606ca8d088824f3aff,FSDnoisy18k,MP3,64,MP3,0.0018505387902970766,0.6135885364787214,0.3845609247309816,0.46722233924785206,16.154324198024835,19.895693664434432,14.691308980575734,3,True,66.224
19dce451304222c7d3157a34,879e30705cd3c3442346006885ea9f6f08db3fc237806e606ca8d088824f3aff,FSDnoisy18k,MP3,80,MP3,0.001450413310151779,0.9805515208006463,0.017998065889201824,3.9978508881695625,15.634914752458407,19.18827745315458,14.21479111824006,3,True,82.736
c09e4f4d139e59a524e68211,879e30705cd3c3442346006885ea9f6f08db3fc237806e606ca8d088824f3aff,FSDnoisy18k,MP3,96,MP3,4.331459027495776e-06,0.9751190934445895,0.02487657509638303,3.6686330091635404,17.63013572135588,20.459858790590495,14.351913848817588,3,True,99.248
2053ed822b541173b3438515,879e30705cd3c3442346006885ea9f6f08db3fc237806e606ca8d088824f3aff,FSDnoisy18k,MP3,128,MP3,2.713300389150542e-07,0.8131339709587436,0.1868657577112174,1.4705053960410246,19.736578816664885,22.759918802517788,15.067989526505462,3,True,132.272
c2eb7acf43ba26c4a407dc56,879e30705cd3c3442346006885ea9f6f08db3fc237806e606ca8d088824f3aff,FSDnoisy18k,Opus,32,Opus,0.00013371550645195588,5.026414679433354e-05,0.9998160203467538,8.919612104555702,19.01295760722099,23.12274198583811,14.891206154843877,1,False,33.588
4ccb5f1e9ba437aa04144350,879e30705cd3c3442346006885ea9f6f08db3fc237806e606ca8d088824f3aff,FSDnoisy18k,Opus,48,Opus,4.908794725016113e-05,9.374076982865026e-06,0.999941537975767,9.921838563084291,18.961582898149242,23.102333525404884,14.849792700616224,1,False,49.748
0ca003d036129e8001aa4a7a,879e30705cd3c3442346006885ea9f6f08db3fc237806e606ca8d088824f3aff,FSDnoisy18k,Opus,64,Opus,0.00030805591721470176,0.0011083524231367116,0.9985835916596485,6.803463257413154,18.692715594249474,22.82343575291301,14.57576972200428,1,False,65.908
789fe051dcde4192d7c9ba61,879e30705cd3c3442346006885ea9f6f08db3fc237806e606ca8d088824f3aff,FSDnoisy18k,Opus,80,Opus,8.63481829076507e-05,0.00025015880984725306,0.999663493007245,8.293078038768213,18.65725190466481,22.778945270622536,14.558505675845273,1,False,82.068
5d0a6dcca25e479d670fa6ee,879e30705cd3c3442346006885ea9f6f08db3fc237806e606ca8d088824f3aff,FSDnoisy18k,Opus,96,Opus,5.7663411675935996e-05,0.00025298737000861287,0.9996893492183155,8.281860292353784,18.68402046231407,22.78642369945189,14.566459358023156,1,False,98.228
dcc8e7e9a3e0d21c3b27a990,879e30705cd3c3442346006885ea9f6f08db3fc237806e606ca8d088824f3aff,FSDnoisy18k,Opus,128,Opus,0.0001721810191705828,0.0006041525449475654,0.9992236664358819,7.410907198989545,18.7971662406105,22.87372168336217,14.710121586704181,1,False,130.952
9fd2077aef3aa40c147b3333,8d4b9b0bd1bcf8fbf5a2b06b035c5468ccc79dc87367502f4f94540babe17eab,FSDnoisy18k,AAC,32,AAC,0.9911579659407802,0.0006775270800014632,0.008164506979218288,4.799077579787952,16.844803097081403,14.227702150316286,19.16132661554435,2,True,37.672
fa36dae20b7e7c23353e796e,8d4b9b0bd1bcf8fbf5a2b06b035c5468ccc79dc87367502f4f94540babe17eab,FSDnoisy18k,AAC,48,MP3,0.3695582324382202,0.5655334505852391,0.06490831697654074,-0.4254611201259348,16.27989090001129,13.512780846023519,17.76678214451265,2,True,53.652
326040892ddd91ca28d896a9,8d4b9b0bd1bcf8fbf5a2b06b035c5468ccc79dc87367502f4f94540babe17eab,FSDnoisy18k,AAC,64,MP3,0.20462480514164308,0.7713932074187502,0.023981987439606802,-1.3270201567909947,15.557535334447149,12.894837771558027,16.716123959953826,2,True,70.192
050479bfaa1d9e972461d879,8d4b9b0bd1bcf8fbf5a2b06b035c5468ccc79dc87367502f4f94540babe17eab,FSDnoisy18k,AAC,80,MP3,0.21448756098546587,0.7391673566780089,0.046345082336525255,-1.237272613071392,15.9438561567819,13.31540456762342,17.00409920506585,2,True,86.448
eaa7a3499bcd5588324b285f,8d4b9b0bd1bcf8fbf5a2b06b035c5468ccc79dc87367502f4f94540babe17eab,FSDnoisy18k,AAC,96,MP3,0.22894011872313588,0.7083100845500611,0.06274979672680317,-1.1294214912723726,15.863344601125084,13.362958197755672,16.75501831491066,2,True,102.544
4210affd78df2fcb9f3e69b7,8d4b9b0bd1bcf8fbf5a2b06b035c5468ccc79dc87367502f4f94540babe17eab,FSDnoisy18k,AAC,128,AAC,0.9996817546744468,0.00028055207527045284,3.76932502829922e-05,8.178432902668236,15.307774179572238,13.667757063853566,16.634194136355568,2,True,128.12
2564e7f76d3c5562eeeb2207,8d4b9b0bd1bcf8fbf5a2b06b035c5468ccc79dc87367502f4f94540babe17eab,FSDnoisy18k,MP3,32,AAC,0.719627949064917,0.2596434557766147,0.02072859515846837,-1.019424975091206,23.160120921806925,19.11509819982006,25.081998450129642,1,False,33.584
019da7d820f27c70a6e1c02d,8d4b9b0bd1bcf8fbf5a2b06b035c5468ccc79dc87367502f4f94540babe17eab,FSDnoisy18k,MP3,48,MP3,0.06438970200343744,0.9132275256364768,0.022382772360085856,2.6520313426149187,18.83430938278446,14.402174984806834,21.10645767875991,1,False,49.904
bfb43eb79287b255052b86c3,8d4b9b0bd1bcf8fbf5a2b06b035c5468ccc79dc87367502f4f94540babe17eab,FSDnoisy18k,MP3,64,AAC,0.9599101610820923,0.016572483220285355,0.023517355697622304,-4.059096015247267,15.944179177034291,13.792946114157303,18.21074387071722,1,False,66.224
d8862c3777843d68883727fd,8d4b9b0bd1bcf8fbf5a2b06b035c5468ccc79dc87367502f4f94540babe17eab,FSDnoisy18k,MP3,80,AAC,0.4395674706876262,0.43570187985795694,0.12473064945441677,-0.00883297458199328,15.535647088401932,13.268935823141708,16.882393485872907,1,False,82.736
cbaa821a3c6ca188f9728429,8d4b9b0bd1bcf8fbf5a2b06b035c5468ccc79dc87367502f4f94540babe17eab,FSDnoisy18k,MP3,96,MP3,0.19910568241229215,0.7490807787631597,0.05181353882454809,1.3250110753613609,15.431890076973778,12.950505086220517,16.46928208664985,1,False,99.248
905e8ceedee444948f57181e,8d4b9b0bd1bcf8fbf5a2b06b035c5468ccc79dc87367502f4f94540babe17eab,FSDnoisy18k,MP3,128,MP3,0.11317562631517375,0.83542663705603,0.0513977366287963,1.999001709597764,15.834677747529973,13.161155737296069,16.70333785682508,1,False,132.272
78d7aeffd227eafc145bdf51,8d4b9b0bd1bcf8fbf5a2b06b035c5468ccc79dc87367502f4f94540babe17eab,FSDnoisy18k,Opus,32,AAC,0.44325207051042276,0.1800265178825941,0.3767214116069831,-0.16263266311883978,14.658240055567335,12.15574918426,16.286114939626167,3,True,33.588
51eaf8984c742618773a3acb,8d4b9b0bd1bcf8fbf5a2b06b035c5468ccc79dc87367502f4f94540babe17eab,FSDnoisy18k,Opus,48,AAC,0.5717554743773521,0.08956174494584537,0.33868278067680263,-0.5236474885546275,15.155633030784825,12.415088222623147,16.895351079354842,3,True,49.748
fa280caaba2448b9472fbec9,8d4b9b0bd1bcf8fbf5a2b06b035c5468ccc79dc87367502f4f94540babe17eab,FSDnoisy18k,Opus,64,Opus,0.060852695037739976,0.037446233492837086,0.9017010714694229,2.6958269504734043,15.327575548514615,13.112582498668374,15.790147529400961,3,True,65.908
2b6081856066601fd328cf79,8d4b9b0bd1bcf8fbf5a2b06b035c5468ccc79dc87367502f4f94540babe17eab,FSDnoisy18k,Opus,80,Opus,0.07500299265510625,0.09576370342914044,0.8292333039157533,2.1586178090930286,15.525283460568929,13.256521012464573,15.966765019109621,3,True,82.068
a0823708ea0a23c8bc167150,8d4b9b0bd1bcf8fbf5a2b06b035c5468ccc79dc87367502f4f94540babe17eab,FSDnoisy18k,Opus,96,MP3,0.21437609648552577,0.4006231999011999,0.3850007036132743,-0.039776172585445246,15.623076370097875,13.14261372936811,16.34636415875745,3,True,98.228
86165d77034b9b21ae83f160,8d4b9b0bd1bcf8fbf5a2b06b035c5468ccc79dc87367502f4f94540babe17eab,FSDnoisy18k,Opus,128,Opus,0.27429227105549164,0.3114672948741158,0.41424043407039246,0.2851522235374436,15.687013714670668,13.23557453099664,16.4465607711332,3,True,130.952
ef7ff0249261270404dfb7cd,8ffba8f3049694607cd5b315f6a1b10551f48432025a6c1b468eea90deb3b9dd,FSDnoisy18k,AAC,32,AAC,0.9919154079910268,4.534747230878847e-05,0.008039244536664509,4.81530271377159,12.770394090328118,13.805340207722551,16.54238454452609,1,False,37.12
9928defb1900916de43a4522,8ffba8f3049694607cd5b315f6a1b10551f48432025a6c1b468eea90deb3b9dd,FSDnoisy18k,AAC,48,AAC,0.5543772882324183,0.008436763242929317,0.4371859485246524,0.23748686455549994,12.156141862678531,13.406854234804078,14.736287788596217,1,False,53.556
ed1e4b1e0c1f8e8b870bebb1,8ffba8f3049694607cd5b315f6a1b10551f48432025a6c1b468eea90deb3b9dd,FSDnoisy18k,AAC,64,AAC,0.9062388144236229,0.0026792782438154364,0.09108190733256162,2.2975436811229164,12.002967734211031,13.338675622406003,15.066926204034464,1,False,70.096
3101776d3a6d8e625d6f71ec,8ffba8f3049694607cd5b315f6a1b10551f48432025a6c1b468eea90deb3b9dd,FSDnoisy18k,AAC,80,AAC,0.8966191518471814,0.00156233789294184,0.10181851025987675,2.175439274766513,11.997549700826713,13.36386947832197,14.935578772341646,1,False,86.256
2710632d86942b2a7b115234,8ffba8f3049694607cd5b315f6a1b10551f48432025a6c1b468eea90deb3b9dd,FSDnoisy18k,AAC,96,AAC,0.7998460419823695,0.0011922306699703345,0.19896172734766016,1.3913067802839287,11.61749012603137,13.094390699401576,14.494420787446158,1,False,102.624
500e4174f4ae57c06b9dcadd,8ffba8f3049694607cd5b315f6a1b10551f48432025a6c1b468eea90deb3b9dd,FSDnoisy18k,AAC,128,AAC,0.9998722570050304,1.376018254516128e-06,0.00012636697671525223,8.976192619395242,11.002453635241604,13.328656230171674,14.415129978702138,1,False,128.236
af30d18b6e9437d50ddb5440,8ffba8f3049694607cd5b315f6a1b10551f48432025a6c1b468eea90deb3b9dd,FSDnoisy18k,MP3,32,MP3,0.00016232877338793632,0.9523523028940286,0.04748536833258353,2.9985134039144303,17.090382624910625,12.056344945001921,19.890384530603132,1,False,33.584
9927f50d6fab350b600f5fc7,8ffba8f3049694607cd5b315f6a1b10551f48432025a6c1b468eea90deb3b9dd,FSDnoisy18k,MP3,48,AAC,0.9396467638718536,0.0001277404281470426,0.06022549569999927,-8.903259000672218,15.762686039695284,15.126089854445464,19.03965589269441,1,False,49.904
94fc1cc1f69a7a3085358e27,8ffba8f3049694607cd5b315f6a1b10551f48432025a6c1b468eea90deb3b9dd,FSDnoisy18k,MP3,64,AAC,0.9717610780166844,2.033508130645791e-05,0.02821858690200912,-10.774517711016394,14.437263749934464,15.050826639010994,17.872615184640082,2,True,66.224
4e148c3dbeffef51c0ff2a3c,8ffba8f3049694607cd5b315f6a1b10551f48432025a6c1b468eea90deb3b9dd,FSDnoisy18k,MP3,80,AAC,0.9557947252348983,4.886020398446208e-05,0.044156414561117255,-9.881335205722408,14.219656414818916,15.277125485224284,17.595706905139696,2,True,82.736
d96742314acde98e8a62573f,8ffba8f3049694607cd5b315f6a1b10551f48432025a6c1b468eea90deb3b9dd,FSDnoisy18k,MP3,96,AAC,0.9665498477374675,9.228752432625581e-05,0.03335786473820616,-9.2565791838405,13.923428188931554,15.031541124801084,17.31043215966304,2,True,99.248
6564481f9b48a065904ea33b,8ffba8f3049694607cd5b315f6a1b10551f48432025a6c1b468eea90deb3b9dd,FSDnoisy18k,MP3,128,AAC,0.9088688932055428,0.0007660746107963423,0.09036503218366093,-7.078676562734504,12.531990012313226,13.587816040477591,15.838526339866174,2,True,132.272
4f14755208691a52a6212652,8ffba8f3049694607cd5b315f6a1b10551f48432025a6c1b468eea90deb3b9dd,FSDnoisy18k,Opus,32,Opus,0.17953693006556254,0.000540042815446067,0.8199230271189915,1.5188295411913344,11.902545615254686,12.986768105715885,14.623880350792415,3,True,33.588
fc209c474e7736576922dabc,8ffba8f3049694607cd5b315f6a1b10551f48432025a6c1b468eea90deb3b9dd,FSDnoisy18k,Opus,48,AAC,0.6025549287574008,0.00042097875701851604,0.39702409248558074,-0.41718186406381896,12.076989236266073,13.41355970825285,14.921336390917176,3,True,49.748
7697b69d8613d7f66c34fc5d,8ffba8f3049694607cd5b315f6a1b10551f48432025a6c1b468eea90deb3b9dd,FSDnoisy18k,Opus,64,AAC,0.553894943148851,0.0022214198783530397,0.443883636972796,-0.22141258626584026,11.729549358133058,13.14763780023375,14.424613454460589,3,True,65.908
8da5b8498b9b6b98c9a8ae8f,8ffba8f3049694607cd5b315f6a1b10551f48432025a6c1b468eea90deb3b9dd,FSDnoisy18k,Opus,80,Opus,0.4418999284469532,0.0007996887642813291,0.5573003827887655,0.23202093122295686,11.671897368297701,13.135098998022785,14.400399023760706,3,True,82.068
2eee47c06bf2ee8e7e7d3b80,8ffba8f3049694607cd5b315f6a1b10551f48432025a6c1b468eea90deb3b9dd,FSDnoisy18k,Opus,96,Opus,0.4024841447036987,0.0012213445986449824,0.5962945106976564,0.3930789864393196,11.686335542619814,13.197008317676367,14.426187945433657,3,True,98.228
d8769d0912566e1ffefb3b4c,8ffba8f3049694607cd5b315f6a1b10551f48432025a6c1b468eea90deb3b9dd,FSDnoisy18k,Opus,128,AAC,0.5693988943181496,0.0009185303523453908,0.4296825753295051,-0.2815344938273141,11.691420638068061,13.192219207989982,14.434686746784282,3,True,130.952
1cd022f52058dc9f38044e0d,9da734141392c8807de5709f85e9e0b646aa6ea7dc930b0d8b02a1f57b9b8b53,FSDnoisy18k,AAC,32,AAC,0.8964842697865519,5.757865033637908e-05,0.10345815156311168,2.1593135484235413,13.1047780377227,12.205465503207257,15.278489818006207,2,True,37.332
891334a100b1beb0d410685e,9da734141392c8807de5709f85e9e0b646aa6ea7dc930b0d8b02a1f57b9b8b53,FSDnoisy18k,AAC,48,MP3,0.20936584439789924,0.620406847214688,0.17022730838741287,-1.0862922946412539,13.696743352518205,12.646059742124155,13.974033775370666,2,True,53.544
bc0301aec57071a9f643040e,9da734141392c8807de5709f85e9e0b646aa6ea7dc930b0d8b02a1f57b9b8b53,FSDnoisy18k,AAC,64,MP3,0.10932947841084893,0.5534545279164905,0.33721599367266064,-1.621813534397729,14.139708296033483,13.62013505942815,13.79646610423646,3,True,70.24
0fb10169a15c5235fdb3ca5b,9da734141392c8807de5709f85e9e0b646aa6ea7dc930b0d8b02a1f57b9b8b53,FSDnoisy18k,AAC,80,Opus,0.1527705325497266,0.24525122078355394,0.6019782466667195,-1.3712843012217641,14.58050989950398,14.351128314921784,14.121910912138437,3,True,86.524
8da5df579aea4a6df0f277c0,9da734141392c8807de5709f85e9e0b646aa6ea7dc930b0d8b02a1f57b9b8b53,FSDnoisy18k,AAC,96,Opus,0.32298607985175876,0.00026147250376756174,0.6767524476444737,-0.7396963193912427,16.128895901910383,17.113629643135415,14.826480526166389,2,True,102.188
c621ff84593466fa4d51e5a5,9da734141392c8807de5709f85e9e0b646aa6ea7dc930b0d8b02a1f57b9b8b53,FSDnoisy18k,AAC,128,AAC,1.0,2.1155877188461916e-22,6.47559172938643e-18,39.57849168370491,24.256320804330233,27.352351933424906,25.489781884550315,1,False,132.384
f779b86f5da9f7149123bf80,9da734141392c8807de5709f85e9e0b646aa6ea7dc930b0d8b02a1f57b9b8b53,FSDnoisy18k,MP3,32,AAC,0.7512107418724953,0.23944693130752184,0.009342326819983017,-1.1433544162903033,22.657665281105455,18.36828507645172,25.052291491929324,1,False,33.584
8f0060714ef4c9885886bc2f,9da734141392c8807de5709f85e9e0b646aa6ea7dc930b0d8b02a1f57b9b8b53,FSDnoisy18k,MP3,48,AAC,0.9950176522866353,0.0002709655649108833,0.0047113821484538925,-8.208524010918424,15.134130368383861,12.967249830755904,18.219482894527488,1,False,49.904
65ad906358b4aace17ccd15f,9da734141392c8807de5709f85e9e0b646aa6ea7dc930b0d8b02a1f57b9b8b53,FSDnoisy18k,MP3,64,AAC,0.8684761349315805,0.02639344245777662,0.10513042261064287,-3.493624519266742,13.027938044218324,13.305345103359437,15.02690171232394,2,True,66.224
660ddceb67a47ee9733c54e4,9da734141392c8807de5709f85e9e0b646aa6ea7dc930b0d8b02a1f57b9b8b53,FSDnoisy18k,MP3,80,MP3,0.00042780038062335476,0.8112503228216641,0.1883218767977125,1.460424056483941,15.432837164026294,14.902394373262377,13.486712762850512,2,True,82.736
dc7351dafc3fa97c0d774d9e,9da734141392c8807de5709f85e9e0b646aa6ea7dc930b0d8b02a1f57b9b8b53,FSDnoisy18k,MP3,96,Opus,0.00200610915988023,0.36333797759613523,0.6346559132439846,-0.5577495142734983,15.563787374404354,15.795251167971829,12.453781096375014,3,True,99.248
2943efe66d75c467662d1099,9da734141392c8807de5709f85e9e0b646aa6ea7dc930b0d8b02a1f57b9b8b53,FSDnoisy18k,MP3,128,Opus,0.18746455470974085,0.003349086800580666,0.8091863584896785,-5.487341535296718,15.990882220177776,16.74327074864379,14.330638758104321,3,True,132.272
2e6743c81c6907aa377d0673,9da734141392c8807de5709f85e9e0b646aa6ea7dc930b0d8b02a1f57b9b8b53,FSDnoisy18k,Opus,32,Opus,0.004447500581136867,7.24757348400609e-05,0.9954800236840231,5.410882785463359,14.831745227252568,15.360865796991613,12.998323127725216,1,False,33.588
861042a45d0f0eb7fc971f18,9da734141392c8807de5709f85e9e0b646aa6ea7dc930b0d8b02a1f57b9b8b53,FSDnoisy18k,Opus,48,Opus,0.0027443851987561693,7.063134823189796e-05,0.9971849834530119,5.895379214257693,15.318450235151076,15.91567076447856,13.488408442025877,1,False,49.748
ff93d3125e819c0e3d63250d,9da734141392c8807de5709f85e9e0b646aa6ea7dc930b0d8b02a1f57b9b8b53,FSDnoisy18k,Opus,64,Opus,0.0025199762805360767,4.667084608107782e-05,0.9974333528733829,5.98093584337648,15.71027343702087,16.263901663899393,13.826891742255732,1,False,65.908
3319152f1ed84c6592ce52d7,9da734141392c8807de5709f85e9e0b646aa6ea7dc930b0d8b02a1f57b9b8b53,FSDnoisy18k,Opus,80,Opus,0.003209990796282065,9.653382131897181e-05,0.9966934753823989,5.7381752057958915,15.481524658564744,15.942048895331709,13.591884052713342,1,False,82.068
f0f190066834a9ae0cb82fff,9da734141392c8807de5709f85e9e0b646aa6ea7dc930b0d8b02a1f57b9b8b53,FSDnoisy18k,Opus,96,Opus,0.0015782974318787337,4.0325387729300365e-05,0.9983813771803919,6.4497886534998505,15.796449572010303,16.215919274237063,13.970557092858138,1,False,98.228
12b5c3db12e67cfc3ad1097c,9da734141392c8807de5709f85e9e0b646aa6ea7dc930b0d8b02a1f57b9b8b53,FSDnoisy18k,Opus,128,Opus,0.002379311255503558,3.4555958691639126e-05,0.9975861327858048,6.038527436335052,16.078937926464672,16.567540564515866,14.41179306497797,1,False,130.952
68fc8f80cfc2daa9bfb5fd57,a6a5771299df9ee05662496677ddeca267206205e6911c3ffa20283cf6d46ff1,FSDnoisy18k,AAC,32,AAC,0.990069142780929,3.4877507949929075e-08,0.009930822341563166,4.602131493401218,14.424354173457354,18.965350314944164,17.104870407022595,1,False,37.492
56d5e85df54b7546fb913264,a6a5771299df9ee05662496677ddeca267206205e6911c3ffa20283cf6d46ff1,FSDnoisy18k,AAC,48,MP3,2.094401670949045e-05,0.5983214634214714,0.40165759256181915,-10.260030445762059,20.007072428312654,23.3816542070734,17.855309231212885,2,True,53.464
3d4d2c44bd6bc4679b6c7ecf,a6a5771299df9ee05662496677ddeca267206205e6911c3ffa20283cf6d46ff1,FSDnoisy18k,AAC,64,MP3,1.2288394559703638e-05,0.7906155149334547,0.2093721966719856,-11.071911768663242,21.897080765397842,25.358178878231442,18.948411165913168,2,True,70.208
7d1c2777048e55e585bd91ac,a6a5771299df9ee05662496677ddeca267206205e6911c3ffa20283cf6d46ff1,FSDnoisy18k,AAC,80,Opus,6.298392233216357e-06,0.18343854117570516,0.8165551604320616,-11.772555346532767,22.864316231725066,26.45534085683733,19.496317168935644,2,True,86.704
1f5282203878ac6a10559822,a6a5771299df9ee05662496677ddeca267206205e6911c3ffa20283cf6d46ff1,FSDnoisy18k,AAC,96,Opus,1.4206136277661572e-06,3.036962223861518e-08,0.9999985490167499,-13.464420196479356,28.531435227085915,32.56634355576693,25.029182264416693,2,True,102.796
cfb4a0f00d43f466709bd945,a6a5771299df9ee05662496677ddeca267206205e6911c3ffa20283cf6d46ff1,FSDnoisy18k,AAC,128,AAC,1.0,5.805196606353959e-33,2.0224226953700944e-21,47.64999080596886,51.63535064067779,56.44450631822736,51.60957082736766,2,True,142.536
6856365d8686f29914c3b455,a6a5771299df9ee05662496677ddeca267206205e6911c3ffa20283cf6d46ff1,FSDnoisy18k,MP3,32,MP3,3.152959812410048e-06,0.9994416713720744,0.0005551756681131698,7.495667490625227,20.022089599857466,17.307527311716456,22.730681448002617,1,False,33.584
dcc0607c93ea1daf6d5570c2,a6a5771299df9ee05662496677ddeca267206205e6911c3ffa20283cf6d46ff1,FSDnoisy18k,MP3,48,AAC,0.99815170575735,1.5534191828889584e-07,0.0018481389007317366,-15.675787220615742,18.405828190761326,21.682479464514095,21.2242041410412,3,True,49.904
d8df0212e9f2b17a70121ba0,a6a5771299df9ee05662496677ddeca267206205e6911c3ffa20283cf6d46ff1,FSDnoisy18k,MP3,64,MP3,8.299689001729987e-05,0.5771320241899718,0.4227849789200109,0.31120732601622114,23.430047627093533,26.784066020577193,21.591417078619475,3,True,66.224
dfa66fd50a98bed2a519fccb,a6a5771299df9ee05662496677ddeca267206205e6911c3ffa20283cf6d46ff1,FSDnoisy18k,MP3,80,MP3,8.926322747505193e-12,0.9995543577063557,0.0004456422847179197,7.715548238340456,29.822544108012337,32.41089902392447,25.441280669626575,3,True,82.736
f75cce1f4eefbb06e3862cb7,a6a5771299df9ee05662496677ddeca267206205e6911c3ffa20283cf6d46ff1,FSDnoisy18k,MP3,96,MP3,1.530360175520629e-08,0.9423975105208583,0.05760247417553997,2.794861650040586,30.07470235944991,33.14841409158322,25.487713183891287,3,True,99.248
3b7c3ccdf76061e8330ce021,a6a5771299df9ee05662496677ddeca267206205e6911c3ffa20283cf6d46ff1,FSDnoisy18k,MP3,128,Opus,3.425210149070859e-05,0.003335779466024383,0.996629968432485,-5.699673181063487,27.86513347441496,31.738326180994793,23.51842760794466,3,True,132.272
6b0bd17a931b4516ac77bade,a6a5771299df9ee05662496677ddeca267206205e6911c3ffa20283cf6d46ff1,FSDnoisy18k,Opus,32,Opus,1.0163425013727324e-05,8.109689040210052e-07,0.9999890256060823,11.496704090517492,27.633198769910965,31.692373503890312,23.474135799136068,1,False,33.588
935e1f63df92fac35d50eeb6,a6a5771299df9ee05662496677ddeca267206205e6911c3ffa20283cf6d46ff1,FSDnoisy18k,Opus,48,Opus,5.081362953834359e-06,1.2895036434860562e-06,0.9999936291334026,12.189924663473574,27.487850814094845,31.472230246670378,23.262240888252563,1,False,49.748
20d834e6f6ff3d4981b91696,a6a5771299df9ee05662496677ddeca267206205e6911c3ffa20283cf6d46ff1,FSDnoisy18k,Opus,64,Opus,2.098460642351532e-06,9.166909252738489e-06,0.9999887346301051,11.599899112941564,27.60234946418427,31.60104559432833,23.267090137679226,1,False,65.908
1a786ee6cb2f52013fd76710,a6a5771299df9ee05662496677ddeca267206205e6911c3ffa20283cf6d46ff1,FSDnoisy18k,Opus,80,Opus,8.215040833749104e-07,5.789354627365223e-06,0.9999933891412893,12.059483125033374,27.223132349598487,31.200809571291348,22.82889596078976,1,False,82.068
5782e136a00a24f9cd219564,a6a5771299df9ee05662496677ddeca267206205e6911c3ffa20283cf6d46ff1,FSDnoisy18k,Opus,96,Opus,4.7574157127405844e-07,1.2877949183686984e-05,0.9999866463092452,11.259980721054799,27.002414640135648,30.97925526788764,22.557538760738126,1,False,98.228
32ad0e3b6c36b4f5839c3c6c,a6a5771299df9ee05662496677ddeca267206205e6911c3ffa20283cf6d46ff1,FSDnoisy18k,Opus,128,Opus,8.540869515211026e-07,6.8618212591460025e-06,0.9999922840917894,11.88952994585322,27.05531338024103,31.054053460835707,22.66016422342932,1,False,130.952
95c89a94c2fe6ccc9d9a3627,dec319fb2ec5d2bc8aebc936f0284cffeeaee8159a5d8419dd341bb6aaa27a91,FSDnoisy18k,AAC,32,AAC,0.999986165374317,1.1483898332703764e-05,2.350727350347318e-06,11.374550813974867,34.42605661720123,34.24843406433726,36.992293203737496,2,True,37.952
9ff486361b4071767510ef51,dec319fb2ec5d2bc8aebc936f0284cffeeaee8159a5d8419dd341bb6aaa27a91,FSDnoisy18k,AAC,48,MP3,0.04303282344759304,0.7421270862693327,0.2148400902830743,-2.8475573433056813,36.746942711818264,36.70703297952036,37.72863316914066,2,True,54.6
3e0cbc096ebbe53747fb0ca8,dec319fb2ec5d2bc8aebc936f0284cffeeaee8159a5d8419dd341bb6aaa27a91,FSDnoisy18k,AAC,64,MP3,0.015045099148731316,0.9413275510516523,0.04362734979961635,-4.136238867070366,37.13103588615465,37.11437308882089,37.77727434505355,2,True,70.852
6612a173dfd2b66ec11aedf4,dec319fb2ec5d2bc8aebc936f0284cffeeaee8159a5d8419dd341bb6aaa27a91,FSDnoisy18k,AAC,80,MP3,0.016716488855483186,0.8545199120363659,0.12876359910815102,-3.934144215920257,37.193334099277465,37.216208928770534,37.651754007405316,1,False,86.736
5f3c2da09787e27a2421f400,dec319fb2ec5d2bc8aebc936f0284cffeeaee8159a5d8419dd341bb6aaa27a91,FSDnoisy18k,AAC,96,Opus,0.0016100937872620446,0.0341807844332912,0.9642091217794468,-6.3950157721333065,37.723075263312076,38.02405484150151,37.72375084672001,1,False,102.768
258dc648368768446e472b10,dec319fb2ec5d2bc8aebc936f0284cffeeaee8159a5d8419dd341bb6aaa27a91,FSDnoisy18k,AAC,128,AAC,0.9999999999936564,1.402866034791317e-14,6.329652868753517e-12,25.785775720329312,39.64979655260961,41.270603422524786,40.70847942586058,1,False,130.796
5ec3e7bcdd2013cfa9695974,dec319fb2ec5d2bc8aebc936f0284cffeeaee8159a5d8419dd341bb6aaa27a91,FSDnoisy18k,MP3,32,MP3,6.27173994433515e-05,0.9999320145634794,5.268037077341742e-06,9.676803657990867,32.53661694016619,29.350226984015208,34.883876059490156,1,False,33.584
b911239b4dbcd0a671911f92,dec319fb2ec5d2bc8aebc936f0284cffeeaee8159a5d8419dd341bb6aaa27a91,FSDnoisy18k,MP3,48,AAC,0.9994655729544085,0.0004669466122254086,6.748043336608512e-05,-7.668761057644333,32.896722684686026,31.641142536760366,35.53860989556249,1,False,49.904
dac265dd1e36b35eb71d2095,dec319fb2ec5d2bc8aebc936f0284cffeeaee8159a5d8419dd341bb6aaa27a91,FSDnoisy18k,MP3,64,MP3,0.2435018198198705,0.6720260572521844,0.08447212292794501,1.0151726993566714,35.4626515142461,35.21398600668158,36.76361589636144,1,False,66.224
0849b2c2825a488a84b1b922,dec319fb2ec5d2bc8aebc936f0284cffeeaee8159a5d8419dd341bb6aaa27a91,FSDnoisy18k,MP3,80,MP3,0.019774307317276172,0.9056998220339227,0.07452587064880108,2.4975616067486373,36.678443668977714,36.75906817879408,37.009753034567986,2,True,82.736
924bfc5de9779fe411b521c6,dec319fb2ec5d2bc8aebc936f0284cffeeaee8159a5d8419dd341bb6aaa27a91,FSDnoisy18k,MP3,96,MP3,0.022344518873053592,0.800227073827543,0.17742840729940343,1.5063283412826929,36.88278362927074,37.12095195998649,37.03817850030594,3,True,99.248
9b411516a2bd6fedf43605fc,dec319fb2ec5d2bc8aebc936f0284cffeeaee8159a5d8419dd341bb6aaa27a91,FSDnoisy18k,MP3,128,MP3,0.007640260471562451,0.8574445334003054,0.1349152061281323,1.8493100145220314,37.523920707100885,37.742872642454316,37.49458141447803,3,True,132.272
bbc16379ba82cb7afe3e1aad,dec319fb2ec5d2bc8aebc936f0284cffeeaee8159a5d8419dd341bb6aaa27a91,FSDnoisy18k,Opus,32,Opus,2.948851377219162e-05,0.19017855724785962,0.8097919542383683,1.44881396221927,36.8348006392779,37.166427874363364,36.16689428772504,1,False,33.588
c8fa7b26424310ddef589a36,dec319fb2ec5d2bc8aebc936f0284cffeeaee8159a5d8419dd341bb6aaa27a91,FSDnoisy18k,Opus,48,Opus,8.712141267152115e-05,0.23055025716857766,0.7693626214187507,1.2050935335614295,36.767886762880515,37.02560083988474,36.19019109507738,1,False,49.748
fe0367c636840097b8701f69,dec319fb2ec5d2bc8aebc936f0284cffeeaee8159a5d8419dd341bb6aaa27a91,FSDnoisy18k,Opus,64,Opus,0.00017696757978619991,0.23192086871145048,0.7679021637087633,1.1972661036846088,37.83388203449012,37.96349213341455,37.573640618994055,1,False,65.908
2b9e994ef9bad919aa0e7357,dec319fb2ec5d2bc8aebc936f0284cffeeaee8159a5d8419dd341bb6aaa27a91,FSDnoisy18k,Opus,80,Opus,8.76062094192817e-05,0.16037176988064275,0.839540623909938,1.655360184255735,37.885494377531856,38.01669618455375,37.62937147915739,1,False,82.068
34c6b5923d1df46ac57c2a0e,dec319fb2ec5d2bc8aebc936f0284cffeeaee8159a5d8419dd341bb6aaa27a91,FSDnoisy18k,Opus,96,Opus,0.00024112764423342244,0.06253942860915362,0.937219443746613,2.7071202374720267,37.895619213892864,38.04920575061728,37.68137504978435,1,False,98.228
0d95d57eeee04bb8f270412a,dec319fb2ec5d2bc8aebc936f0284cffeeaee8159a5d8419dd341bb6aaa27a91,FSDnoisy18k,Opus,128,Opus,0.00016077268884612792,0.09124392112862215,0.9085953061825316,2.2983634148480956,37.867521257532566,38.028586795058914,37.651189080874616,1,False,130.952
27dfeccaa2869b2fabece68d,e4fb582fba64c3d437c774f1180962bdac4513af69af351aacd49d28d087413b,FSDnoisy18k,AAC,32,AAC,0.9687093689647204,1.2069763733121539e-06,0.031289424058906126,3.4326844871173674,14.112370374812071,18.08159457599591,16.636520377196035,1,False,37.396
7421104965420071026fbd04,e4fb582fba64c3d437c774f1180962bdac4513af69af351aacd49d28d087413b,FSDnoisy18k,AAC,48,Opus,0.0001581221868043425,0.32716537897816966,0.672676498835026,-8.355651739460134,19.86948596179436,22.72508690172536,18.216785252563458,2,True,54.004
92d665d16bac1822ce8a339f,e4fb582fba64c3d437c774f1180962bdac4513af69af351aacd49d28d087413b,FSDnoisy18k,AAC,64,Opus,6.546960533815176e-05,0.21982323263117312,0.7801112977634888,-9.38560588362485,19.6917095914389,22.883242639076954,17.392693536906016,2,True,70.688
d2409965a87a4d9d4bd46927,e4fb582fba64c3d437c774f1180962bdac4513af69af351aacd49d28d087413b,FSDnoisy18k,AAC,80,Opus,0.00015238662511252456,0.06383332939002861,0.936014283984859,-8.722965138338452,19.2230248453348,22.729770058915726,16.724618871589254,2,True,86.636
fa821701fd79ef8fb1056b48,e4fb582fba64c3d437c774f1180962bdac4513af69af351aacd49d28d087413b,FSDnoisy18k,AAC,96,Opus,0.00038395591795158785,8.428042796078055e-09,0.9996160356540057,-7.864598770888122,27.918933441956792,31.646013827262202,25.685259225694676,2,True,102.948
656cedd5887d48f5efa5dcfa,e4fb582fba64c3d437c774f1180962bdac4513af69af351aacd49d28d087413b,FSDnoisy18k,AAC,128,AAC,0.9999999999997171,2.5654540466890045e-25,2.8291997785868395e-13,28.893612301002605,47.6670223051861,51.880853119512714,47.83545153455992,1,False,142.868
3303d91bfeb0f13b843ed7fa,e4fb582fba64c3d437c774f1180962bdac4513af69af351aacd49d28d087413b,FSDnoisy18k,MP3,32,MP3,1.4627135622313653e-05,0.9997910673014514,0.00019430556292636956,8.545869616858639,19.471459355975703,15.365285005925308,22.519847311197562,1,False,33.584
5e857fac9fb96dd2c030c23a,e4fb582fba64c3d437c774f1180962bdac4513af69af351aacd49d28d087413b,FSDnoisy18k,MP3,48,AAC,0.9999240697787717,1.9128812616129386e-07,7.573893310228532e-05,-15.469409098526404,16.624592620300405,19.115479164075207,20.039808939762153,2,True,49.904
10b0ee34f3fb5e22d8cd0b25,e4fb582fba64c3d437c774f1180962bdac4513af69af351aacd49d28d087413b,FSDnoisy18k,MP3,64,Opus,0.0013084225631666427,0.3556383903455149,0.6430531870913185,-0.5923129807461573,20.794845058401172,23.597535051779122,19.948675374199865,3,True,66.224
03437609e73bc6649acb1047,e4fb582fba64c3d437c774f1180962bdac4513af69af351aacd49d28d087413b,FSDnoisy18k,MP3,80,MP3,3.0157658570811054e-09,0.9719102928107517,0.02808970417348241,3.5438603991755713,24.803108523572945,26.945165044774047,21.051856657968038,3,True,82.736
587d34777988a6232dfc6bb3,e4fb582fba64c3d437c774f1180962bdac4513af69af351aacd49d28d087413b,FSDnoisy18k,MP3,96,Opus,9.773915378232818e-07,0.2398176137971172,0.760181408811345,-1.1536784086741738,23.361132603842265,26.21267288017483,19.2344789252056,3,True,99.248
cdbfaeb10cf12a5e813d623f,e4fb582fba64c3d437c774f1180962bdac4513af69af351aacd49d28d087413b,FSDnoisy18k,MP3,128,Opus,0.0001816045292409945,0.04134440959934313,0.9584739858714159,-3.1434052064439,23.06916203524163,26.407938975939715,19.145470498166603,3,True,132.272
0968686dd7f235ffb737e0eb,e4fb582fba64c3d437c774f1180962bdac4513af69af351aacd49d28d087413b,FSDnoisy18k,Opus,32,Opus,0.00011136917953931244,7.95294857752924e-05,0.9998091013346853,9.10246901667874,22.637905233738334,26.297840350761263,18.863976272102004,1,False,33.588
400562aed0c1d338831f1b27,e4fb582fba64c3d437c774f1180962bdac4513af69af351aacd49d28d087413b,FSDnoisy18k,Opus,48,Opus,8.70585613091306e-05,4.1045859840211277e-05,0.9998718955788506,9.34880143462936,22.747874229780617,26.43592418051747,19.060298303647574,1,False,49.748
d6be7363b1a9c92f852843f1,e4fb582fba64c3d437c774f1180962bdac4513af69af351aacd49d28d087413b,FSDnoisy18k,Opus,64,Opus,3.111259958077227e-05,6.33217923275128e-05,0.9999055656080916,9.667186578633723,22.491400458387236,26.114080824997387,18.7093757530722,1,False,65.908
b95a3ad4aba65c4198fab477,e4fb582fba64c3d437c774f1180962bdac4513af69af351aacd49d28d087413b,FSDnoisy18k,Opus,80,Opus,1.136404351335831e-05,1.3365014570376474e-05,0.9999752709419163,11.222845388821098,22.55486147260753,26.191122427879794,18.79232416884673,1,False,82.068
dd4473f8ddcf352267827c09,e4fb582fba64c3d437c774f1180962bdac4513af69af351aacd49d28d087413b,FSDnoisy18k,Opus,96,Opus,3.5632680417720777e-05,5.632497106465605e-05,0.9999080423485176,9.784280623487405,22.485160065943397,26.143347336101108,18.719750457736964,1,False,98.228
46872de1ed5840e8214ee1a4,e4fb582fba64c3d437c774f1180962bdac4513af69af351aacd49d28d087413b,FSDnoisy18k,Opus,128,Opus,1.7841693943811672e-05,2.1529540250482002e-05,0.9999606287658056,10.746045228709107,22.435038317268,26.074328970004203,18.64005526676909,1,False,130.952
d8fe196134b85ff594a58441,ea399286043bd0d95c68fbf26e943ff90fe66dcf1867712f42e5c4f69827b6b5,FSDnoisy18k,AAC,32,Opus,5.259355726171004e-11,1.6831273781201611e-28,0.9999999999474065,-23.668427489153075,93.51371784542488,96.41933122502786,93.62181609006846,1,False,37.484
ca45b7cb025be68aaf432fa5,ea399286043bd0d95c68fbf26e943ff90fe66dcf1867712f42e5c4f69827b6b5,FSDnoisy18k,AAC,48,Opus,1.6475603871384296e-09,1.1177902630063818e-19,0.9999999983524397,-20.22397019477428,87.6369706092869,90.50634116612804,87.5107410269475,2,True,53.832
9c285be37607d4a8fea34f68,ea399286043bd0d95c68fbf26e943ff90fe66dcf1867712f42e5c4f69827b6b5,FSDnoisy18k,AAC,64,Opus,2.706580137461123e-09,1.023480666505973e-19,0.9999999972934199,-19.727579938163675,88.46327207419598,91.38614313971857,88.2812928043761,2,True,70.268
80b35cd4529028f854c308b2,ea399286043bd0d95c68fbf26e943ff90fe66dcf1867712f42e5c4f69827b6b5,FSDnoisy18k,AAC,80,Opus,2.3117306386513538e-09,7.185767816156371e-19,0.9999999976882694,-19.88526939638551,82.54979172399152,85.553288932133,82.26473147362057,2,True,86.424
7fcfbb9722411cf6e80e83d4,ea399286043bd0d95c68fbf26e943ff90fe66dcf1867712f42e5c4f69827b6b5,FSDnoisy18k,AAC,96,Opus,2.944809028335552e-10,2.726063068184498e-20,0.9999999997055191,-21.94580696071105,72.49449456342883,75.74960759725923,71.91359830356086,2,True,103.432
78d95007e56c060a85f89eef,ea399286043bd0d95c68fbf26e943ff90fe66dcf1867712f42e5c4f69827b6b5,FSDnoisy18k,AAC,128,AAC,0.9999976338500653,4.4159867718254415e-26,2.366149934686472e-06,12.954244057727893,83.237891535006,86.79324563331915,83.30974234158867,1,False,137.216
a85110eca8e7d06a43dfd2ad,ea399286043bd0d95c68fbf26e943ff90fe66dcf1867712f42e5c4f69827b6b5,FSDnoisy18k,MP3,32,Opus,3.0241983667384815e-08,2.93074635332111e-15,0.9999999697580133,-33.46351924598147,83.05112867208882,85.31756290734569,83.56714071384856,3,True,33.584
74f8706785a0364c32777e97,ea399286043bd0d95c68fbf26e943ff90fe66dcf1867712f42e5c4f69827b6b5,FSDnoisy18k,MP3,48,Opus,3.401973085443745e-09,2.7642406999870603e-22,0.9999999965980269,-49.64010605642155,86.36641491569782,89.24197350787632,86.66896023079886,3,True,49.904
4d671bca1f0f965673b3ca28,ea399286043bd0d95c68fbf26e943ff90fe66dcf1867712f42e5c4f69827b6b5,FSDnoisy18k,MP3,64,Opus,1.294317662525769e-10,1.1384954631464814e-21,0.9999999998705682,-48.22457933117122,93.21208873418863,96.1562899174315,93.17014473081784,3,True,66.224
a5f4d8d09b970cf1c5999831,ea399286043bd0d95c68fbf26e943ff90fe66dcf1867712f42e5c4f69827b6b5,FSDnoisy18k,MP3,80,Opus,6.288973457507248e-11,1.9120439265043116e-18,0.9999999999371103,-40.79835888535149,77.01903228670581,80.03330435749595,76.80786665677638,3,True,82.736
169296305538dc8ffa8e0951,ea399286043bd0d95c68fbf26e943ff90fe66dcf1867712f42e5c4f69827b6b5,FSDnoisy18k,MP3,96,Opus,6.154645286893406e-10,1.0075219449522125e-16,0.9999999993845354,-36.833867691097495,71.19780949483814,74.27358557048305,70.89704606342586,3,True,99.248
9a570beddddc7cc5f30c19de,ea399286043bd0d95c68fbf26e943ff90fe66dcf1867712f42e5c4f69827b6b5,FSDnoisy18k,MP3,128,Opus,1.2965106762936586e-10,1.2363266775687065e-11,0.9999999998579856,-25.11629139643862,55.14895063075862,58.306079244111245,54.27654495091325,3,True,132.272
188df76005180fd360f167d5,ea399286043bd0d95c68fbf26e943ff90fe66dcf1867712f42e5c4f69827b6b5,FSDnoisy18k,Opus,32,Opus,2.171996875253041e-10,2.8348023430453244e-26,0.9999999997828004,22.250203966302216,89.31680589759877,92.59051782240306,88.96543427121073,1,False,33.588
f9808af94df6ce164c88e2e4,ea399286043bd0d95c68fbf26e943ff90fe66dcf1867712f42e5c4f69827b6b5,FSDnoisy18k,Opus,48,Opus,2.3257449738934893e-10,1.0862553191792646e-23,0.9999999997674256,22.18181052311281,75.66023336113822,79.08758508710572,75.08806875591735,1,False,49.748
a326fedfd68316d95fcfc01e,ea399286043bd0d95c68fbf26e943ff90fe66dcf1867712f42e5c4f69827b6b5,FSDnoisy18k,Opus,64,Opus,1.3116816378044418e-08,2.048421406444885e-24,0.9999999868831837,18.149370723871392,89.71740468078869,92.96309194531636,89.5146569370387,1,False,65.908
91ac3f1519daad12158746ec,ea399286043bd0d95c68fbf26e943ff90fe66dcf1867712f42e5c4f69827b6b5,FSDnoisy18k,Opus,80,Opus,2.761649259496382e-10,3.905250703559497e-22,0.9999999997238351,22.010022870613252,84.13114047923033,87.31408993864585,83.78650411845253,1,False,82.068
0e3330996d25f7676ee695e5,ea399286043bd0d95c68fbf26e943ff90fe66dcf1867712f42e5c4f69827b6b5,FSDnoisy18k,Opus,96,Opus,1.8533342603294445e-09,5.095970166486286e-21,0.9999999981466658,20.106279515321063,79.57736024607873,82.84239615812233,79.20522602481692,1,False,98.228
bac4a92bd9ea867ca2a6a8f1,ea399286043bd0d95c68fbf26e943ff90fe66dcf1867712f42e5c4f69827b6b5,FSDnoisy18k,Opus,128,Opus,1.455850161370151e-10,5.793313880868417e-19,0.9999999998544149,22.650260896462967,70.36912050648759,73.67327200673455,69.76762701813267,1,False,130.952
6763d0eb20f474e9d75c9fcd,eae50d9baeb2c8a1ac5f0699947e30a4216b73f7ebb59ed100610a3a64f7739e,FSDnoisy18k,AAC,32,AAC,0.9988346337605953,1.7058567843764802e-05,0.0011483076715609226,6.768299964599287,11.486276358054369,12.660121936374017,14.804858527948156,1,False,38.024
0e851e7001572a219ca54d02,eae50d9baeb2c8a1ac5f0699947e30a4216b73f7ebb59ed100610a3a64f7739e,FSDnoisy18k,AAC,48,MP3,0.01198429141481508,0.9802683946236447,0.007747313961540327,-4.404229662763665,12.79274912007848,13.314759172748142,12.47159685590766,2,True,54.372
8d9e1b97123cecad510f07a4,eae50d9baeb2c8a1ac5f0699947e30a4216b73f7ebb59ed100610a3a64f7739e,FSDnoisy18k,AAC,64,MP3,0.008499184555241126,0.986123289804117,0.005377525640641698,-4.753811162938296,13.061463680217608,14.103768145209553,12.291748950661962,2,True,70.552
8185a3b7aa998697560b1d33,eae50d9baeb2c8a1ac5f0699947e30a4216b73f7ebb59ed100610a3a64f7739e,FSDnoisy18k,AAC,80,MP3,0.035705661377478014,0.9411047050075476,0.023189633614974312,-3.2717451451139894,13.118481079046973,14.496436692965936,12.12341284498784,2,True,86.788
dbc07ac1e2bdaaed25b57cfe,eae50d9baeb2c8a1ac5f0699947e30a4216b73f7ebb59ed100610a3a64f7739e,FSDnoisy18k,AAC,96,AAC,0.8100314442676415,0.0007514206742573091,0.18921713505810114,1.4541778486333727,15.967685068109034,18.453257155536456,14.283684128000246,2,True,103.228
515d1898a8ca75c1ec6f75c4,eae50d9baeb2c8a1ac5f0699947e30a4216b73f7ebb59ed100610a3a64f7739e,FSDnoisy18k,AAC,128,AAC,0.9999999999999996,5.430245286405222e-20,3.685099839347545e-16,35.53706386918471,23.714334192500882,27.816967499740084,24.6285636335544,1,False,138.552
cc4cf6dbe29cede729727ae7,eae50d9baeb2c8a1ac5f0699947e30a4216b73f7ebb59ed100610a3a64f7739e,FSDnoisy18k,MP3,32,MP3,0.00020316869695282723,0.9997875450235967,9.286279450518294e-06,8.501261427007774,17.560033464522586,13.015359742026426,20.522324404998592,1,False,33.584
88454fe4052adbbe33f763ef,eae50d9baeb2c8a1ac5f0699947e30a4216b73f7ebb59ed100610a3a64f7739e,FSDnoisy18k,MP3,48,AAC,0.9999674420488374,1.8426433304954643e-06,3.071530783227077e-05,-13.204276866113638,14.355516947028596,15.07570193888397,17.88285092557358,2,True,49.904
34be3cc9289a740a3ab83ed4,eae50d9baeb2c8a1ac5f0699947e30a4216b73f7ebb59ed100610a3a64f7739e,FSDnoisy18k,MP3,64,MP3,0.02588938338011245,0.9222444243042071,0.05186619231568065,2.878143113255616,14.888039975730727,16.331421535219498,14.73514920630635,3,True,66.224
e3a0a47dcc2b728efe1c5d76,eae50d9baeb2c8a1ac5f0699947e30a4216b73f7ebb59ed100610a3a64f7739e,FSDnoisy18k,MP3,80,MP3,1.4209463703258497e-05,0.9892130039007591,0.010772786635537717,4.519886483203589,15.703428481690164,16.956027333396367,12.004670860464818,3,True,82.736
1f03c3e025e5dcdbce3f9dd4,eae50d9baeb2c8a1ac5f0699947e30a4216b73f7ebb59ed100610a3a64f7739e,FSDnoisy18k,MP3,96,MP3,0.02693293327840774,0.8848242137589576,0.08824285296263464,2.305296290482976,15.080686327496492,17.03009783041849,11.912473351635134,3,True,99.248
0be34218d1ef52d8d16d9aec,eae50d9baeb2c8a1ac5f0699947e30a4216b73f7ebb59ed100610a3a64f7739e,FSDnoisy18k,MP3,128,AAC,0.5187467467679617,0.04978340465217963,0.43146984857985854,-2.343734111656791,14.917438976029494,17.26840484112145,12.581429680325906,3,True,132.272
f6df050613b535bc05b85c54,eae50d9baeb2c8a1ac5f0699947e30a4216b73f7ebb59ed100610a3a64f7739e,FSDnoisy18k,Opus,32,Opus,0.029308172409241856,0.0013725581174512161,0.9693192694733069,3.4987276421349045,15.330669139864924,17.29897636658206,13.034474957380551,1,False,33.588
e0f3802d9cf1935a49c0d109,eae50d9baeb2c8a1ac5f0699947e30a4216b73f7ebb59ed100610a3a64f7739e,FSDnoisy18k,Opus,48,Opus,0.05316848084089251,0.002272691249779952,0.9445588279093274,2.8772522143388617,15.318078637926808,17.291890526760117,13.023583993793352,1,False,49.748
58f73485999909388dff87af,eae50d9baeb2c8a1ac5f0699947e30a4216b73f7ebb59ed100610a3a64f7739e,FSDnoisy18k,Opus,64,Opus,0.07503441709579765,0.012162213172458676,0.9128033697317437,2.4985735872970514,14.48009361627857,16.766067218323155,11.864389107811553,1,False,65.908
be5d3f3309fb8cc839cf12e3,eae50d9baeb2c8a1ac5f0699947e30a4216b73f7ebb59ed100610a3a64f7739e,FSDnoisy18k,Opus,80,Opus,0.02835627787977918,0.009486629464488609,0.9621570926557322,3.5243292876863475,14.481156232906741,16.702188565420897,11.789889366750083,1,False,82.068
7f70b12d577d2ee0dd0664b8,eae50d9baeb2c8a1ac5f0699947e30a4216b73f7ebb59ed100610a3a64f7739e,FSDnoisy18k,Opus,96,Opus,0.03608546907773651,0.010574479841902145,0.9533400510803615,3.2740813960245414,14.485177089451284,16.69604408974548,11.846982146229406,1,False,98.228
242c7ccd102a2a64cf80e540,eae50d9baeb2c8a1ac5f0699947e30a4216b73f7ebb59ed100610a3a64f7739e,FSDnoisy18k,Opus,128,Opus,0.037183658059503036,0.0097308184898162,0.9530855234506809,3.243835275635976,14.548452281961405,16.78046895617472,11.957915931242988,1,False,130.952
89c40a5a81ae68c5c95e8f46,f567be3233e24ea4b1282ecf18264d6fd88b772c22df7bf368b5812f6d94bead,FSDnoisy18k,AAC,32,AAC,0.7975467093589983,0.0008453034817662932,0.2016079871592354,1.37521524841519,8.54231198533833,8.8277643901495,12.323601795029425,1,False,37.9
47079159c05d3f680644a06c,f567be3233e24ea4b1282ecf18264d6fd88b772c22df7bf368b5812f6d94bead,FSDnoisy18k,AAC,48,MP3,0.0009920895181686486,0.9678243512995384,0.03118355918229295,-6.882992551221799,8.95024953876259,9.242002259564986,9.40381389922558,1,False,53.932
939021d790600aff7a0aea18,f567be3233e24ea4b1282ecf18264d6fd88b772c22df7bf368b5812f6d94bead,FSDnoisy18k,AAC,64,MP3,0.0006724268695859418,0.9655118756527891,0.03381569747762488,-7.269520319325149,9.778864269263995,10.56896650202297,9.136485778223557,2,True,70.2
7a36b2690d810c8c46a60d79,f567be3233e24ea4b1282ecf18264d6fd88b772c22df7bf368b5812f6d94bead,FSDnoisy18k,AAC,80,MP3,0.0009907092511611453,0.8866381054785937,0.11237118527024517,-6.796771077764737,10.348814591014893,11.437762488069499,8.991935236372418,2,True,86.436
6bddcfca2f188a6cc30825a5,f567be3233e24ea4b1282ecf18264d6fd88b772c22df7bf368b5812f6d94bead,FSDnoisy18k,AAC,96,Opus,0.0003409440868624086,0.0010403267919678518,0.9986187291211698,-7.982409836557625,11.932378623881448,14.049420975908882,9.173789173867926,2,True,102.788
4d9ee21a7d9c906235805733,f567be3233e24ea4b1282ecf18264d6fd88b772c22df7bf368b5812f6d94bead,FSDnoisy18k,AAC,128,AAC,1.0,2.751981068077826e-23,3.6360662486760105e-21,47.06338455651779,22.15571111159256,26.303108594464128,23.258780543356437,1,False,131.812
63336193556bfaede24beca0,f567be3233e24ea4b1282ecf18264d6fd88b772c22df7bf368b5812f6d94bead,FSDnoisy18k,MP3,32,MP3,1.5900393202150964e-05,0.9995847622607393,0.00039933734605835416,7.825288695473,17.483156291030085,11.134523907651648,20.196884706756027,1,False,33.584
a127830e324020b78be934fa,f567be3233e24ea4b1282ecf18264d6fd88b772c22df7bf368b5812f6d94bead,FSDnoisy18k,MP3,48,AAC,0.9807131870022889,4.965181172593196e-05,0.019237161185985275,-9.891000448036419,13.541462135278586,13.340208339915153,17.089914905072344,1,False,49.904
dc4139420419911e94769f30,f567be3233e24ea4b1282ecf18264d6fd88b772c22df7bf368b5812f6d94bead,FSDnoisy18k,MP3,64,Opus,0.0025789828517533953,0.3324122072828509,0.6650088098653958,-0.6934245015013807,11.35429285488716,12.661335907649388,11.751662778696968,3,True,66.224
94425c4d7ef1eb9d657411b0,f567be3233e24ea4b1282ecf18264d6fd88b772c22df7bf368b5812f6d94bead,FSDnoisy18k,MP3,80,MP3,8.638101979274833e-08,0.996629551872543,0.003370361746437285,5.689359056339496,14.505912666692696,15.118300858249105,10.41243020630401,3,True,82.736
21edae325f3b38c2464543bd,f567be3233e24ea4b1282ecf18264d6fd88b772c22df7bf368b5812f6d94bead,FSDnoisy18k,MP3,96,MP3,1.5495070922405464e-05,0.9845500543003792,0.015434450628698295,4.155582674391918,13.638302806698972,15.008772892586876,9.181372776008887,3,True,99.248
568ed127760168ba18f2c0fa,f567be3233e24ea4b1282ecf18264d6fd88b772c22df7bf368b5812f6d94bead,FSDnoisy18k,MP3,128,Opus,0.0076452750425496895,0.12478374080018555,0.8675709841572649,-1.939115169193236,12.562309890967024,14.706872185929976,9.055701684209557,3,True,132.272
5c3d02a4188a9492acbebb88,f567be3233e24ea4b1282ecf18264d6fd88b772c22df7bf368b5812f6d94bead,FSDnoisy18k,Opus,32,Opus,1.0366040190094088e-05,0.0001076232910892284,0.9998820106687207,9.136755477431027,12.836165441250198,14.6177973665798,8.995962774064699,1,False,33.588
fb3a8224fa5c1adad2c32be2,f567be3233e24ea4b1282ecf18264d6fd88b772c22df7bf368b5812f6d94bead,FSDnoisy18k,Opus,48,Opus,6.249572145406095e-05,0.000153156214096822,0.999784348064449,8.7838364750846,12.621840770667315,14.412435625480299,9.2163746659928,1,False,49.748
ef994994f7c2235e00b7e747,f567be3233e24ea4b1282ecf18264d6fd88b772c22df7bf368b5812f6d94bead,FSDnoisy18k,Opus,64,Opus,2.9978738474938924e-05,0.00044350953506570217,0.9995265117264593,7.720317656456796,12.109085824597424,14.162182192377776,8.126193813203962,1,False,65.908
1d1e49ef5b42abf200a72821,f567be3233e24ea4b1282ecf18264d6fd88b772c22df7bf368b5812f6d94bead,FSDnoisy18k,Opus,80,Opus,9.139536290480343e-05,0.0009208002149867898,0.9989878044221085,6.9892547588845835,11.99765147559872,14.069557275098155,8.094690854114567,1,False,82.068
d4c6d5c80836abcb9e2b81d3,f567be3233e24ea4b1282ecf18264d6fd88b772c22df7bf368b5812f6d94bead,FSDnoisy18k,Opus,96,Opus,5.43056938025706e-05,0.0005326004330454193,0.999413093873152,7.537151993082962,12.063259019902318,14.126520415228612,8.226833986455784,1,False,98.228
3a7cfa7b24eeaee1b4429406,f567be3233e24ea4b1282ecf18264d6fd88b772c22df7bf368b5812f6d94bead,FSDnoisy18k,Opus,128,Opus,8.579828441956007e-05,0.00063463573610764,0.9992795659794728,7.36173867393536,12.166964592111826,14.273136881407833,8.485192193659612,1,False,130.952
fbbc0985d40f19b8d2fccd16,04e266b73632e07d9032c99e2105cfb287f384c1bda560201680c02ad6d2b9d9,IRMAS,AAC,32,MP3,0.13444428304695324,0.8530323836277249,0.01252333332532178,-1.8476476503879917,13.451840137102062,9.795058365411451,17.047945217142882,2,True,37.104
af4ba7028a3fd16017ffc472,04e266b73632e07d9032c99e2105cfb287f384c1bda560201680c02ad6d2b9d9,IRMAS,AAC,48,MP3,0.001199224210701536,0.9985987222453087,0.00020205354399002178,-6.724678161873204,12.177599527536845,7.962800202267684,15.390426078322918,2,True,54.152
2fb881fcaa41331915314402,04e266b73632e07d9032c99e2105cfb287f384c1bda560201680c02ad6d2b9d9,IRMAS,AAC,64,MP3,0.004185178876940585,0.9954666400888422,0.0003481810342170586,-5.471662166806213,11.589754641950453,7.671082276217905,14.681186931931471,2,True,70.192
d692de93fc1013ec9acc6e6e,04e266b73632e07d9032c99e2105cfb287f384c1bda560201680c02ad6d2b9d9,IRMAS,AAC,80,MP3,0.00686352879455037,0.992665465814635,0.0004710053908144395,-4.974172003835145,11.51926076910919,7.957181081846908,14.48379918048189,2,True,86.352
4eef3c4cd342be94c3149933,04e266b73632e07d9032c99e2105cfb287f384c1bda560201680c02ad6d2b9d9,IRMAS,AAC,96,MP3,0.0015810118469883746,0.9967308098492315,0.0016881783037801233,-6.446415681803472,11.35934819633603,7.296269261811175,14.039568445229914,2,True,102.624
d99b1e43f746344063804945,04e266b73632e07d9032c99e2105cfb287f384c1bda560201680c02ad6d2b9d9,IRMAS,AAC,128,AAC,0.8637717677262865,0.13612157488944565,0.00010665738426774847,1.8477601567575257,10.809128530013943,7.836296588312673,14.233091673056519,2,True,131.936
774cfdd971a75e508d178421,04e266b73632e07d9032c99e2105cfb287f384c1bda560201680c02ad6d2b9d9,IRMAS,MP3,32,MP3,0.0006398338636983978,0.9992834610427872,7.670509351439449e-05,7.353585207486652,19.521105096709892,14.374941273541397,22.514815196778247,1,False,33.584
b40671f9cfd7a41740513c21,04e266b73632e07d9032c99e2105cfb287f384c1bda560201680c02ad6d2b9d9,IRMAS,MP3,48,MP3,0.0007385794780134051,0.9973449374878743,0.0019164830341121463,6.254604932278335,14.605588614481677,9.577042508859332,17.725193368744147,1,False,49.904
66bfdefd6cd8bf43228ba7d2,04e266b73632e07d9032c99e2105cfb287f384c1bda560201680c02ad6d2b9d9,IRMAS,MP3,64,MP3,0.0009101038153865053,0.99865631627365,0.0004335799109634394,7.000607294839206,13.771040528205214,9.153272062937914,16.812411962132064,1,False,66.224
9f5a48e5656459107acd65e8,04e266b73632e07d9032c99e2105cfb287f384c1bda560201680c02ad6d2b9d9,IRMAS,MP3,80,MP3,0.0004285366735866346,0.9995115526806709,5.991064574244449e-05,7.754645670973654,13.435806923510569,8.997027526850264,16.47364586780705,1,False,82.736
69fc1d2db3a327a6a7d9970f,04e266b73632e07d9032c99e2105cfb287f384c1bda560201680c02ad6d2b9d9,IRMAS,MP3,96,MP3,0.00045602162867594066,0.9994775741300977,6.640424122629215e-05,7.692447755885985,13.259279084488547,8.93091862309711,16.27732047877816,1,False,99.248
89ede8a71038b24aaf2e8a8e,04e266b73632e07d9032c99e2105cfb287f384c1bda560201680c02ad6d2b9d9,IRMAS,MP3,128,MP3,0.0009428677097869342,0.998860603542928,0.00019652874728485274,6.965444525655393,12.570648313825998,8.406858100472789,15.641448415976834,1,False,132.272
59928c3eb4bb4cd7b6af8de9,04e266b73632e07d9032c99e2105cfb287f384c1bda560201680c02ad6d2b9d9,IRMAS,Opus,32,MP3,0.0006447264234841481,0.9940147547327877,0.005340518843728373,-5.226429240342874,11.940862460609143,7.933552669184384,14.27061920980439,3,True,33.588
90d1abf340a19f71cb49d1a5,04e266b73632e07d9032c99e2105cfb287f384c1bda560201680c02ad6d2b9d9,IRMAS,Opus,48,MP3,0.0005893785238735999,0.9911117820146601,0.008298839461466187,-4.7827116440516875,12.054700884713206,7.71506876880521,14.52342034745889,3,True,49.748
f93d715648a88d48bd4b9e2d,04e266b73632e07d9032c99e2105cfb287f384c1bda560201680c02ad6d2b9d9,IRMAS,Opus,64,MP3,0.00013351781071181784,0.9995627885913858,0.00030369359790221126,-8.099053959456537,11.477036302015865,7.276137070710637,13.843189426708312,3,True,65.908
45684a2dbfc473151a6e4d8f,04e266b73632e07d9032c99e2105cfb287f384c1bda560201680c02ad6d2b9d9,IRMAS,Opus,80,MP3,0.00017032443677868222,0.9994043465094609,0.0004253290537605235,-7.7620516135072695,11.696389501967905,7.468726991359316,14.055336275411658,3,True,82.068
99b7451a1d885f3d11ce587b,04e266b73632e07d9032c99e2105cfb287f384c1bda560201680c02ad6d2b9d9,IRMAS,Opus,96,MP3,0.0004231027506363873,0.9992641498476784,0.00031274740168535663,-8.069378595589322,11.62048689672016,7.679255609418081,14.063178169050698,3,True,98.228
a63ee5aded1d7a1fd9d57179,04e266b73632e07d9032c99e2105cfb287f384c1bda560201680c02ad6d2b9d9,IRMAS,Opus,128,MP3,0.001432397352476425,0.9965679849868655,0.001999617660657903,-6.2113613684821285,11.67600062174144,7.721515066332619,14.25830547992333,3,True,130.952
6e1adf4ddc3c2cc4120b9276,152975d31e4b7f07399146a6a6eb982417780888726f5543c4812474ec4f21e0,IRMAS,AAC,32,AAC,0.9364744511611415,4.745237878762148e-08,0.0635255013864798,2.690680818399504,19.772089161457917,23.891254164913512,21.050291201923386,1,False,37.532
4093cdf21f78949a4f0b2aeb,152975d31e4b7f07399146a6a6eb982417780888726f5543c4812474ec4f21e0,IRMAS,AAC,48,Opus,2.7742736347574606e-06,0.002882197406417851,0.9971150283199474,-12.792232457037649,24.956487341414398,28.817828146121016,23.468619022055446,2,True,53.56
2a220a5d1b401fe489530544,152975d31e4b7f07399146a6a6eb982417780888726f5543c4812474ec4f21e0,IRMAS,AAC,64,Opus,7.689012022979512e-06,0.017944853412149773,0.9820474575758273,-11.75760261393063,25.077513926945272,28.709629396257355,23.4138038492838,2,True,70.268
4f5ab6073856e81e002a7798,152975d31e4b7f07399146a6a6eb982417780888726f5543c4812474ec4f21e0,IRMAS,AAC,80,Opus,3.29674856695684e-06,0.0013959299225854193,0.9986007733288476,-12.621173651439396,25.255968429786208,29.217688019709097,23.68480659397066,2,True,86.548
264bd7470df6feca5347c441,152975d31e4b7f07399146a6a6eb982417780888726f5543c4812474ec4f21e0,IRMAS,AAC,96,Opus,2.809585171607849e-06,0.009057348798314376,0.9909398416165142,-12.773372260057931,24.85990176650144,28.556524566081855,22.96679416699581,2,True,102.36
a4a254529be7ea9abefcaa39,152975d31e4b7f07399146a6a6eb982417780888726f5543c4812474ec4f21e0,IRMAS,AAC,128,Opus,0.002126461246256853,0.0022872165969717007,0.9955863221567715,-6.148872620753329,24.853950280657713,29.173285388398487,23.37643959606989,2,True,132.532
5c6b4088140e09220b0018c3,152975d31e4b7f07399146a6a6eb982417780888726f5543c4812474ec4f21e0,IRMAS,MP3,32,Opus,6.465189656043276e-06,0.18885106532800286,0.8111424694823411,-1.4574850197828275,22.464589896494868,21.362014280683443,24.359931823110426,1,False,33.584
f31e31aa677b21fb6ef57766,152975d31e4b7f07399146a6a6eb982417780888726f5543c4812474ec4f21e0,IRMAS,MP3,48,AAC,0.9973221394595357,3.165138983689331e-08,0.002677828889074436,-17.265802324199502,21.32062883408431,24.97504165929703,23.22957513704577,3,True,49.904
5c6caad19b55b2ec0be853c9,152975d31e4b7f07399146a6a6eb982417780888726f5543c4812474ec4f21e0,IRMAS,MP3,64,Opus,1.4032995702994775e-05,0.01390652079918091,0.9860794462051161,-4.261379073224806,25.200404006368952,28.896424053289145,23.917013414746503,3,True,66.224
eceeee259358b3ae02e9d1cb,152975d31e4b7f07399146a6a6eb982417780888726f5543c4812474ec4f21e0,IRMAS,MP3,80,Opus,3.419990127832148e-06,0.0011336284611840944,0.9988629515486881,-6.781194067619645,25.1505917687575,29.088800063661846,23.73526266614214,3,True,82.736
60a85b438942c88602d17ed5,152975d31e4b7f07399146a6a6eb982417780888726f5543c4812474ec4f21e0,IRMAS,MP3,96,Opus,1.2170314576798255e-05,0.03929020003964073,0.9606976296457824,-3.196684593172646,25.23842577950235,28.93427827731504,23.781000395879907,3,True,99.248
0b55d678a810f223612ca722,152975d31e4b7f07399146a6a6eb982417780888726f5543c4812474ec4f21e0,IRMAS,MP3,128,Opus,8.669076425726504e-06,0.0624657226415452,0.937525608282029,-2.708626104412241,24.945662788626773,28.57939820502148,23.30792998072266,3,True,132.272
1516ef531eba5253e3c5abcb,152975d31e4b7f07399146a6a6eb982417780888726f5543c4812474ec4f21e0,IRMAS,Opus,32,Opus,3.0959939612367666e-07,9.466122274836516e-05,0.9999050291778554,9.265111140971804,22.564770158292877,26.75269345677762,19.741165962039016,1,False,33.588
f934036916589050d64e55c5,152975d31e4b7f07399146a6a6eb982417780888726f5543c4812474ec4f21e0,IRMAS,Opus,48,Opus,6.112832570981309e-09,0.001275833268142857,0.9987241606190247,6.662879116239978,23.605430225334704,27.170206019344064,20.28779138234837,1,False,49.748
be9884de8673c20771726eb9,152975d31e4b7f07399146a6a6eb982417780888726f5543c4812474ec4f21e0,IRMAS,Opus,64,Opus,7.154300087051801e-09,0.00928306109924119,0.9907169317464588,4.670237502284475,24.822983740098586,28.363245083740257,21.697601218021013,1,False,65.908
c8bfa4395b21ac564ff37ff8,152975d31e4b7f07399146a6a6eb982417780888726f5543c4812474ec4f21e0,IRMAS,Opus,80,Opus,2.294068084471018e-06,0.005820722575773317,0.9941769833561422,5.140490834523568,24.410980230900826,28.180645825624453,22.437782390922102,1,False,82.068
c40d2816dd828c48974f1f60,152975d31e4b7f07399146a6a6eb982417780888726f5543c4812474ec4f21e0,IRMAS,Opus,96,Opus,2.5584028768571217e-06,0.0036939262539886983,0.9963035153431344,5.597362027593042,24.542792934834118,28.282354894789332,22.629539135332138,1,False,98.228
7f8970213f3bb870be3f3d29,152975d31e4b7f07399146a6a6eb982417780888726f5543c4812474ec4f21e0,IRMAS,Opus,128,Opus,3.005608264814497e-06,0.0027161996952333877,0.9972807946965018,5.905798637439673,24.44937753303762,28.234399329151362,22.65677062093537,1,False,130.952
53674972805ae27384fb3bae,19b052e9a0ec44db78dd36e49ae4da04ba980f371ab5389b29ef0b821b15ef57,IRMAS,AAC,32,AAC,0.9995232572020234,2.2081505126742003e-05,0.00045466129284980623,7.695480971068163,10.820035438715443,10.446947769676381,14.97527580879101,2,True,37.624
d89f0f517c78be698415410c,19b052e9a0ec44db78dd36e49ae4da04ba980f371ab5389b29ef0b821b15ef57,IRMAS,AAC,48,Opus,0.20863000824309785,0.34568343793261963,0.4456865538242825,-0.7590535231761635,10.04598709305932,9.878916816482679,11.873206503637604,2,True,53.964
605c8e0e7cf6fc7f287e2df9,19b052e9a0ec44db78dd36e49ae4da04ba980f371ab5389b29ef0b821b15ef57,IRMAS,AAC,64,MP3,0.2073811358208621,0.6993699753486411,0.09324888883049667,-1.2156215584342531,10.186845777764088,10.038180228442846,11.636534909941117,2,True,70.244
88a13c3a8cb000cd4b648b46,19b052e9a0ec44db78dd36e49ae4da04ba980f371ab5389b29ef0b821b15ef57,IRMAS,AAC,80,MP3,0.2525649189913648,0.6112658135751721,0.13616926743346308,-0.8838635907481578,10.05588106164273,10.075473954067906,11.469663122749743,1,False,86.384
dea87652be35cfab79694395,19b052e9a0ec44db78dd36e49ae4da04ba980f371ab5389b29ef0b821b15ef57,IRMAS,AAC,96,MP3,0.33591665569666834,0.42311521809094316,0.24096812621238853,-0.23078144447816873,10.087726103675902,10.167673557758581,11.364972164607508,1,False,102.6
9bc8ce9f8d3a4709180bd5a7,19b052e9a0ec44db78dd36e49ae4da04ba980f371ab5389b29ef0b821b15ef57,IRMAS,AAC,128,AAC,0.9936016657331193,0.0028150506775518015,0.0035832835893288987,5.625056803878832,9.774261719170674,10.813731901538652,11.467150960964906,1,False,128.408
44209d31bbc2b258e98df059,19b052e9a0ec44db78dd36e49ae4da04ba980f371ab5389b29ef0b821b15ef57,IRMAS,MP3,32,MP3,0.0002297435254018289,0.9996568789018685,0.00011337757272963247,8.378203798206343,19.213239441627525,13.391353124578098,22.01935687861352,1,False,33.584
6e22c7b8d403ce9171d483d4,19b052e9a0ec44db78dd36e49ae4da04ba980f371ab5389b29ef0b821b15ef57,IRMAS,MP3,48,AAC,0.9993595178288309,3.418729464196249e-05,0.0006062948765272552,-10.283015797249073,15.239098026425802,13.961707154160818,18.749304244216688,1,False,49.904
8f2c747832dc623b02a752d5,19b052e9a0ec44db78dd36e49ae4da04ba980f371ab5389b29ef0b821b15ef57,IRMAS,MP3,64,AAC,0.5127634691496169,0.25508540247394434,0.2321511283764388,-0.6982162643105847,11.918343363873381,12.164611984322717,14.101116244621503,2,True,66.224
727f24e451b68b6a53a17796,19b052e9a0ec44db78dd36e49ae4da04ba980f371ab5389b29ef0b821b15ef57,IRMAS,MP3,80,Opus,0.18310011570716908,0.38317370893208724,0.4337261753607437,-0.12392496814597703,11.755768501897778,11.950350227997244,13.218088417867165,2,True,82.736
0a154cf5c5b65392236b8d7f,19b052e9a0ec44db78dd36e49ae4da04ba980f371ab5389b29ef0b821b15ef57,IRMAS,MP3,96,Opus,0.2549412777482067,0.2905384217150061,0.4545203005367872,-0.4475067500843966,11.202289420760422,11.248492644709692,12.677260146837533,2,True,99.248
030cad08d1f4a8f1021b93c1,19b052e9a0ec44db78dd36e49ae4da04ba980f371ab5389b29ef0b821b15ef57,IRMAS,MP3,128,MP3,0.35097032656361016,0.3666436190718426,0.2823860543645472,0.043688630878601364,10.830073646649444,10.825893055602538,12.31028719494361,1,False,132.272
0163a95b0ac3cf5713623f04,19b052e9a0ec44db78dd36e49ae4da04ba980f371ab5389b29ef0b821b15ef57,IRMAS,Opus,32,Opus,0.0002446826197598334,0.03947254647424554,0.9602827709059947,3.191622389820645,11.899726378549875,11.77324337338847,10.748142013267575,1,False,33.588
728ddfa13ac59c3ee65eee42,19b052e9a0ec44db78dd36e49ae4da04ba980f371ab5389b29ef0b821b15ef57,IRMAS,Opus,48,Opus,0.0005530853067895604,0.12813228841160984,0.8713146262816006,1.916939902392094,11.743483697829522,11.77705293750911,10.69001454818325,1,False,49.748
6dce743b0116efea4464a133,19b052e9a0ec44db78dd36e49ae4da04ba980f371ab5389b29ef0b821b15ef57,IRMAS,Opus,64,Opus,0.0016437078670699413,0.11411635725022329,0.8842399348827067,2.0475098398698064,10.676421503613962,10.734347270245816,9.949975132504623,1,False,65.908
bf0d34e21fcc4affe0750fbd,19b052e9a0ec44db78dd36e49ae4da04ba980f371ab5389b29ef0b821b15ef57,IRMAS,Opus,80,Opus,0.036339804086209494,0.2780594752290173,0.6856007206847731,0.9024603879753077,9.991503726714578,10.068747492629898,10.567025987632395,3,True,82.068
a3860b8629b02d475cb6ecb9,19b052e9a0ec44db78dd36e49ae4da04ba980f371ab5389b29ef0b821b15ef57,IRMAS,Opus,96,Opus,0.12134659535786653,0.20977792513089008,0.6688754795112434,1.1595484417295978,10.030787019728791,10.2824213534594,11.113350226667157,3,True,98.228
9a237c583f93e935da38f14d,19b052e9a0ec44db78dd36e49ae4da04ba980f371ab5389b29ef0b821b15ef57,IRMAS,Opus,128,Opus,0.2314491328419893,0.2799962587722429,0.4885546083857677,0.5566750115758332,10.125197760210362,10.361185166329069,11.33009588585866,3,True,130.952
51ebf6979d5166b102de1597,235042f5f0d3b96f189da6e2dab2b4bdfa7b3e22a38a0257787b0a4095f29ab3,IRMAS,AAC,32,AAC,0.9999712325539423,4.060306209303997e-09,2.876338575147132e-05,10.456378539859566,12.539734860088066,15.011419925677766,16.507707728365087,1,False,37.336
51970a3cfab319bee2dc3236,235042f5f0d3b96f189da6e2dab2b4bdfa7b3e22a38a0257787b0a4095f29ab3,IRMAS,AAC,48,Opus,0.206821228871156,0.10368074396134833,0.6894980271674956,-1.2041090444968081,12.040151707318264,15.071100712940341,12.660435685090908,1,False,54.016
8e58f735c6f6cd6270b4b1b0,235042f5f0d3b96f189da6e2dab2b4bdfa7b3e22a38a0257787b0a4095f29ab3,IRMAS,AAC,64,MP3,0.05340689277397966,0.8386392317918493,0.10795387543417115,-2.7538408003266177,11.827705037420719,14.676664310049148,11.03496198589751,2,True,70.168
74a618225e3d1490175c2808,235042f5f0d3b96f189da6e2dab2b4bdfa7b3e22a38a0257787b0a4095f29ab3,IRMAS,AAC,80,MP3,0.058585175225390494,0.7154263174524289,0.22598850732218054,-2.5023969311182728,11.549236975683442,14.409017053394738,10.599074292327389,2,True,86.296
2e388618016e1f21613ef960,235042f5f0d3b96f189da6e2dab2b4bdfa7b3e22a38a0257787b0a4095f29ab3,IRMAS,AAC,96,MP3,0.08971795400590311,0.6409592249795674,0.26932282101452953,-1.9662949381432298,11.275190152304303,14.068590180576365,10.192104580354945,2,True,102.128
4715571f18d425f0fd61e954,235042f5f0d3b96f189da6e2dab2b4bdfa7b3e22a38a0257787b0a4095f29ab3,IRMAS,AAC,128,AAC,0.978998796791972,0.004261989654710108,0.01673921355331785,4.068776329643171,11.000139010815623,14.63820742164416,10.480176086755158,2,True,131.988
a7c9d5197e07cfb41a6f28d8,235042f5f0d3b96f189da6e2dab2b4bdfa7b3e22a38a0257787b0a4095f29ab3,IRMAS,MP3,32,MP3,5.569084342800479e-06,0.9999667783815019,2.765253415523478e-05,10.495759960841397,17.451050817804205,11.829529076988369,20.42004432273471,1,False,33.584
8c739fcf6b39c0daeca4ccf6,235042f5f0d3b96f189da6e2dab2b4bdfa7b3e22a38a0257787b0a4095f29ab3,IRMAS,MP3,48,AAC,0.9926146140077301,1.1471683997960115e-06,0.007384238823870159,-13.670801120006447,13.201863754192216,14.666371883254202,16.820496564797857,2,True,49.904
c10087997e1f0de674fd8193,235042f5f0d3b96f189da6e2dab2b4bdfa7b3e22a38a0257787b0a4095f29ab3,IRMAS,MP3,64,Opus,0.01091317656496249,0.02696750189220448,0.9621193215428331,-3.574505970408277,13.121088801226716,15.647742456689022,13.427202770208439,3,True,66.224
1ca0f8fcba4810a583d7d617,235042f5f0d3b96f189da6e2dab2b4bdfa7b3e22a38a0257787b0a4095f29ab3,IRMAS,MP3,80,Opus,0.014314184383933082,0.2514917695544637,0.7341940460616033,-1.0713630980320739,12.334669434968683,14.835015567251276,11.4584049148724,3,True,82.736
ba456d9b1e4018cab12f6be9,235042f5f0d3b96f189da6e2dab2b4bdfa7b3e22a38a0257787b0a4095f29ab3,IRMAS,MP3,96,MP3,0.05518023698786572,0.6343106172363745,0.3105091457757598,0.7143254110748077,11.184233512413297,13.840053649035992,10.49861884580753,3,True,99.248
974f422b5b8b9eccb3af42cc,235042f5f0d3b96f189da6e2dab2b4bdfa7b3e22a38a0257787b0a4095f29ab3,IRMAS,MP3,128,MP3,0.05595906807573985,0.8078303184697283,0.13621061345453195,1.7801497183838189,11.05072172299106,13.568599089020477,10.41018403206854,3,True,132.272
94d48ccf2cc076fed97311ee,235042f5f0d3b96f189da6e2dab2b4bdfa7b3e22a38a0257787b0a4095f29ab3,IRMAS,Opus,32,Opus,5.3396629509974986e-06,0.0014740048066020335,0.998520655530447,6.518291784516326,13.151530081042,16.323284474947453,7.88583931859325,1,False,33.588
725ced9485e1d00d651f9551,235042f5f0d3b96f189da6e2dab2b4bdfa7b3e22a38a0257787b0a4095f29ab3,IRMAS,Opus,48,Opus,1.1322818527683476e-05,0.0022947082131633445,0.997693968968309,6.074840889770482,12.749471452864167,15.933488783842025,7.581525243864988,1,False,49.748
b10ef91fa1bb6358a133568f,235042f5f0d3b96f189da6e2dab2b4bdfa7b3e22a38a0257787b0a4095f29ab3,IRMAS,Opus,64,Opus,3.3810790667640196e-05,0.006376227533825859,0.9935899616755066,5.04874798131068,12.098333932878466,15.323372683235712,7.216668084916824,1,False,65.908
af68a894def1b8ce7e24ec60,235042f5f0d3b96f189da6e2dab2b4bdfa7b3e22a38a0257787b0a4095f29ab3,IRMAS,Opus,80,MP3,0.0005948677897805504,0.7704947253036677,0.22891040690655187,-1.2137021181416385,11.153941633777087,13.65567819328405,8.503544337587085,1,False,82.068
8ed4f832b7f3665e5ad63aff,235042f5f0d3b96f189da6e2dab2b4bdfa7b3e22a38a0257787b0a4095f29ab3,IRMAS,Opus,96,MP3,0.002037804326421096,0.8700807224327843,0.12788147324079446,-1.9174821471304715,10.840691862027592,13.435021456229519,8.690249134835952,1,False,98.228
9996135a3495762e12bc2359,235042f5f0d3b96f189da6e2dab2b4bdfa7b3e22a38a0257787b0a4095f29ab3,IRMAS,Opus,128,MP3,0.01889569463279357,0.5899634299718984,0.3911408753953081,-0.410992761656929,10.621048619785956,13.358540116314893,9.218989355112365,1,False,130.952
2f3c51c12808bb23a1571514,307a87c3a58133b84b776a7c2ac3def50ce1ffbf31da388498c5bb5f30a455bc,IRMAS,AAC,32,AAC,0.9987866163431289,0.00038295553646044056,0.000830428120410625,7.092355062030212,10.658331995862406,9.9262323622851,14.347815799987385,2,True,37.192
c393485e15783ad449ece45a,307a87c3a58133b84b776a7c2ac3def50ce1ffbf31da388498c5bb5f30a455bc,IRMAS,AAC,48,AAC,0.4162892533008446,0.2030463573963277,0.38066438930282775,0.08946222010978183,10.540419691747736,10.625349990367871,12.726807615306186,1,False,53.7
56ccc3caa9814cd81da5e75b,307a87c3a58133b84b776a7c2ac3def50ce1ffbf31da388498c5bb5f30a455bc,IRMAS,AAC,64,AAC,0.41621838839586134,0.32244142850703933,0.26134018309709944,0.25528859190803044,10.339500808459126,10.505353377032566,12.312025903880222,1,False,70.176
31ed20ef1f1601e3184f3dbb,307a87c3a58133b84b776a7c2ac3def50ce1ffbf31da388498c5bb5f30a455bc,IRMAS,AAC,80,MP3,0.30540896775157356,0.3532176832504588,0.3413733489979676,-0.1454327769970879,10.465264268855766,10.604323057568017,12.303922588446348,1,False,86.312
f3eacef09612041dbaebe0fe,307a87c3a58133b84b776a7c2ac3def50ce1ffbf31da388498c5bb5f30a455bc,IRMAS,AAC,96,Opus,0.3024358286722322,0.24057814174754502,0.4569860295802227,-0.4127837022345772,10.382459489531765,10.623305193670586,12.017675263387805,1,False,102.424
dbedd281973c5694352dc1f9,307a87c3a58133b84b776a7c2ac3def50ce1ffbf31da388498c5bb5f30a455bc,IRMAS,AAC,128,AAC,0.9970369763556624,0.0009952614374568478,0.001967762206880834,6.227890895400053,9.781312391017764,10.950987891900441,12.072925887312856,1,False,128.256
d4f3356556803ebab03e22ac,307a87c3a58133b84b776a7c2ac3def50ce1ffbf31da388498c5bb5f30a455bc,IRMAS,MP3,32,MP3,4.922762504390986e-05,0.9999087750874193,4.1997287536886924e-05,9.918964378333387,19.216282141197073,13.615885212694035,21.53003606410212,1,False,33.584
adf2839012ee3c7069411e40,307a87c3a58133b84b776a7c2ac3def50ce1ffbf31da388498c5bb5f30a455bc,IRMAS,MP3,48,AAC,0.9729942983502003,0.000535708429641591,0.02646999322015809,-7.504543462771087,12.991847564669508,11.461248804704393,16.22763279029143,1,False,49.904
855f431e729842c1137b55a9,307a87c3a58133b84b776a7c2ac3def50ce1ffbf31da388498c5bb5f30a455bc,IRMAS,MP3,64,AAC,0.853615434875885,0.10766030576588013,0.03872425935823485,-2.070499828683176,11.631444465259262,11.795523737568566,14.392036350713175,2,True,66.224
fb21c0af2ec21d76dd7d3386,307a87c3a58133b84b776a7c2ac3def50ce1ffbf31da388498c5bb5f30a455bc,IRMAS,MP3,80,AAC,0.6847634559173464,0.19331800096096827,0.12191854312168543,-1.2647369524436964,11.308710807702067,11.519095616558994,13.591222790139497,2,True,82.736
53ec5fab20ef679fe5038f87,307a87c3a58133b84b776a7c2ac3def50ce1ffbf31da388498c5bb5f30a455bc,IRMAS,MP3,96,AAC,0.3966676074648689,0.33891545490478336,0.2644169376303476,-0.15734798847973164,11.432875106908103,11.637125829021187,13.43953823274391,2,True,99.248
e2479edbed2e33e30c70662d,307a87c3a58133b84b776a7c2ac3def50ce1ffbf31da388498c5bb5f30a455bc,IRMAS,MP3,128,MP3,0.35326427762124346,0.4280719554375501,0.21866376694120646,0.192074862989987,11.103666304004577,11.105184435642869,13.044055873621751,2,True,132.272
866f46a3c6e8358f20c233bd,307a87c3a58133b84b776a7c2ac3def50ce1ffbf31da388498c5bb5f30a455bc,IRMAS,Opus,32,AAC,0.503593540863017,0.007705152882600759,0.4887013062543823,-0.030017998971431092,10.009833551999117,9.331329274761346,12.351183643250787,3,True,33.588
a248280395d0e5e9677359ec,307a87c3a58133b84b776a7c2ac3def50ce1ffbf31da388498c5bb5f30a455bc,IRMAS,Opus,48,AAC,0.8286509514878273,0.014817047299587242,0.1565320012125854,-1.6665385491388855,10.54779308306199,10.180187254991969,13.13919421367045,3,True,49.748
75877c3a901a3ef84c8b7bbb,307a87c3a58133b84b776a7c2ac3def50ce1ffbf31da388498c5bb5f30a455bc,IRMAS,Opus,64,MP3,0.02761517972747237,0.5121263259607892,0.4602584943117384,-0.1067830491911348,10.17899596514451,10.062029379197321,10.876416829865178,3,True,65.908
fd7550d1f9ac9561a39da19a,307a87c3a58133b84b776a7c2ac3def50ce1ffbf31da388498c5bb5f30a455bc,IRMAS,Opus,80,MP3,0.03375822628260894,0.7955527720410385,0.17068900167635256,-1.539193986775104,10.21933660248125,10.18836779249261,11.108159474470316,3,True,82.068
3f0b8cae1d2ac159a8a1428f,307a87c3a58133b84b776a7c2ac3def50ce1ffbf31da388498c5bb5f30a455bc,IRMAS,Opus,96,Opus,0.20326143915680234,0.07550614701617386,0.7212324138270239,1.266468406557764,10.177427534625865,10.467316397713788,11.82580039436852,3,True,98.228
ba3399919bc87cdd6a864c7f,307a87c3a58133b84b776a7c2ac3def50ce1ffbf31da388498c5bb5f30a455bc,IRMAS,Opus,128,Opus,0.35552397790519324,0.1355153025225944,0.5089607195722123,0.3587781464428799,10.2904819478601,10.544876504607274,11.973069639888246,3,True,130.952
013c675367a87042c725f0f8,4223bd180f5eebf9a28af610bdcb6bb6dceeb51c267fea0aee1b798ce4bfec36,IRMAS,AAC,32,AAC,0.9699309164048359,3.828709002115495e-07,0.030068700724263906,3.4737400610646896,12.443947405543314,15.853161923523572,14.88782130226602,1,False,37.716
fd76a2d48548b451d6d03552,4223bd180f5eebf9a28af610bdcb6bb6dceeb51c267fea0aee1b798ce4bfec36,IRMAS,AAC,48,MP3,0.0031858541347625684,0.8139918815736799,0.1828222642915575,-5.543229965204468,15.314405254782338,18.299577746492336,14.212406586161801,2,True,54.032
5cf21828cf8a2ab0d937165f,4223bd180f5eebf9a28af610bdcb6bb6dceeb51c267fea0aee1b798ce4bfec36,IRMAS,AAC,64,MP3,8.961502780388188e-05,0.9993033520496194,0.0006070329225768128,-9.319290640299199,17.906765173386724,20.37863989851711,15.471158395387269,2,True,70.104
e599d0e424c0d1c90579f3fc,4223bd180f5eebf9a28af610bdcb6bb6dceeb51c267fea0aee1b798ce4bfec36,IRMAS,AAC,80,MP3,6.765522967647422e-06,0.9996682717928894,0.00032496268414289846,-11.903339211188468,19.79343300744356,22.045150344882494,16.799770572469214,2,True,86.264
ef9a8b4a90c0e1be24d8f5b0,4223bd180f5eebf9a28af610bdcb6bb6dceeb51c267fea0aee1b798ce4bfec36,IRMAS,AAC,96,MP3,1.7714893805984807e-09,0.9992433324895592,0.0007566657389514368,-20.150688232294918,22.174279690816316,24.178207619433167,17.972341762581348,2,True,102.488
ca7d5e8f70c90e384d365ed6,4223bd180f5eebf9a28af610bdcb6bb6dceeb51c267fea0aee1b798ce4bfec36,IRMAS,AAC,128,MP3,2.3089840365570325e-06,0.9943080567376196,0.005689634278343841,-12.972994737085425,21.470613349215224,23.944969364972366,17.505156173502044,2,True,132.728
f807d6ac7d529e078e472fa2,4223bd180f5eebf9a28af610bdcb6bb6dceeb51c267fea0aee1b798ce4bfec36,IRMAS,MP3,32,MP3,2.7348081404103276e-05,0.9998035392395311,0.0001691126790646314,8.684748845124767,16.53443062666104,12.304026545734573,19.530400943927972,1,False,33.584
1a446543b8b433156c44fcfd,4223bd180f5eebf9a28af610bdcb6bb6dceeb51c267fea0aee1b798ce4bfec36,IRMAS,MP3,48,AAC,0.9870362151470659,8.512616444929566e-06,0.012955272236489184,-11.660912659218479,12.460508746347628,15.494881110354214,15.583456346278705,2,True,49.904
741199af9debe0c59e572aa7,4223bd180f5eebf9a28af610bdcb6bb6dceeb51c267fea0aee1b798ce4bfec36,IRMAS,MP3,64,MP3,0.00022078818683981687,0.9957260353168194,0.004053176496340951,5.503971261019977,14.849160226985866,18.61087325414675,13.465007762147858,3,True,66.224
ba377bee31014730cc800b18,4223bd180f5eebf9a28af610bdcb6bb6dceeb51c267fea0aee1b798ce4bfec36,IRMAS,MP3,80,MP3,8.659988188518984e-09,0.9983361271984106,0.0016638641416011257,6.39694732701339,19.112738310178955,21.438797072622254,15.14549754339326,3,True,82.736
11815c550fc8d91519ae6dec,4223bd180f5eebf9a28af610bdcb6bb6dceeb51c267fea0aee1b798ce4bfec36,IRMAS,MP3,96,MP3,1.7168485058547906e-09,0.996364549463844,0.003635448819307366,5.6133806291610355,22.039587525637412,24.093855352689985,17.63199411348964,3,True,99.248
3609fbdd9a737c2e1c7752cd,4223bd180f5eebf9a28af610bdcb6bb6dceeb51c267fea0aee1b798ce4bfec36,IRMAS,MP3,128,MP3,2.715483317372058e-09,0.991373481648899,0.008626515635617775,4.744250663493329,21.96332088945267,24.010633845210812,17.575050733731448,3,True,132.272
29b745d2a2f93ed41675bc76,4223bd180f5eebf9a28af610bdcb6bb6dceeb51c267fea0aee1b798ce4bfec36,IRMAS,Opus,32,Opus,0.00012913328593628005,3.616941934449962e-05,0.9998346972947192,8.954500146329925,20.63451444400155,24.440782686740235,16.39950254360242,1,False,33.588
5c96ea44ef7439ce2accd169,4223bd180f5eebf9a28af610bdcb6bb6dceeb51c267fea0aee1b798ce4bfec36,IRMAS,Opus,48,Opus,0.00023860232007160505,7.548544053505703e-05,0.9996859122393933,8.340398187564709,20.428720362748408,24.266322352170832,16.16058196719367,1,False,49.748
e2be94fb5760d92f4fea1e0b,4223bd180f5eebf9a28af610bdcb6bb6dceeb51c267fea0aee1b798ce4bfec36,IRMAS,Opus,64,Opus,0.00011887171700780198,4.1962225323858634e-05,0.9998391660576684,9.037304807781958,20.322946628073954,24.151997798699526,16.027371626470586,1,False,65.908
36023d2a26af15bf638ca6ec,4223bd180f5eebf9a28af610bdcb6bb6dceeb51c267fea0aee1b798ce4bfec36,IRMAS,Opus,80,MP3,1.2655796232253524e-06,0.6871927700333015,0.3128059643870753,-0.7870317734855758,21.624587140114084,24.421962982826262,16.750017592113057,1,False,82.068
540d367ea52503802055b5cc,4223bd180f5eebf9a28af610bdcb6bb6dceeb51c267fea0aee1b798ce4bfec36,IRMAS,Opus,96,MP3,5.464333227239335e-08,0.8966960573778926,0.10330388797877511,-2.1610419479758907,22.20601952953904,24.661418186472307,17.444472044783762,1,False,98.228
bb3561e6d078a27c6353d603,4223bd180f5eebf9a28af610bdcb6bb6dceeb51c267fea0aee1b798ce4bfec36,IRMAS,Opus,128,MP3,1.4674812849370388e-08,0.9772168570448649,0.022783128280322078,-3.758688315258533,22.169610494111993,24.43672943568983,17.596964681505114,1,False,130.952
4dc7c6f92e50deab3f2a5cd7,55ecbababb83250b82685bd75d392ddbe7ac3d64dccf635bd2ddfeeb42cf2992,IRMAS,AAC,32,AAC,0.9979876282561493,1.64186656343928e-07,0.002012207557194398,6.206508473141436,11.13693923767018,15.289430488593167,14.057197356942622,1,False,37.776
9b89c0305c00194efdc11c9e,55ecbababb83250b82685bd75d392ddbe7ac3d64dccf635bd2ddfeeb42cf2992,IRMAS,AAC,48,MP3,0.0023229181667334,0.9393850948798494,0.05829198695341707,-6.002401281067866,14.15814476624895,17.792416958167202,12.956332833780143,2,True,53.676
9a3c4707f93de6c531a01f07,55ecbababb83250b82685bd75d392ddbe7ac3d64dccf635bd2ddfeeb42cf2992,IRMAS,AAC,64,MP3,4.564597249629727e-05,0.9997348788416435,0.00021947518586040455,-9.994330024217133,17.939429350459225,20.83680510393774,15.310412458187113,2,True,70.304
0eb47a59f49b48fedbdcff5d,55ecbababb83250b82685bd75d392ddbe7ac3d64dccf635bd2ddfeeb42cf2992,IRMAS,AAC,80,MP3,3.391106625542085e-06,0.9997826559358882,0.0002139529574862337,-12.594136883941516,20.280025172586996,22.773736340737234,17.06181923850474,2,True,86.488
593aa0fe87ad2f0bf66fd25f,55ecbababb83250b82685bd75d392ddbe7ac3d64dccf635bd2ddfeeb42cf2992,IRMAS,AAC,96,MP3,3.1278063764387636e-10,0.9979822233893035,0.0020177762979156667,-21.88349919422429,23.662637235938185,25.698149528667198,19.385173193134648,2,True,102.604
82ea3d18439d7c95eeaf9aec,55ecbababb83250b82685bd75d392ddbe7ac3d64dccf635bd2ddfeeb42cf2992,IRMAS,AAC,128,MP3,1.1812918623317353e-06,0.9899924487916878,0.01000636991644989,-13.638843956389678,23.164906040937254,25.80014361293341,19.08962007891418,2,True,132.572
71eeccabb069bcf6482cf8ab,55ecbababb83250b82685bd75d392ddbe7ac3d64dccf635bd2ddfeeb42cf2992,IRMAS,MP3,32,MP3,1.7321189080993347e-05,0.9999554788289874,2.7199981931513068e-05,10.512249726783041,18.807023820700312,14.632291276835979,21.708162681660237,1,False,33.584
31394da45571dc36105bcf78,55ecbababb83250b82685bd75d392ddbe7ac3d64dccf635bd2ddfeeb42cf2992,IRMAS,MP3,48,AAC,0.9998988366804212,8.239506933226837e-08,0.0001010809245096187,-16.311639071585056,15.444451009371095,18.51057317568477,18.51974710809016,2,True,49.904
9bd2f41cc63ee7f840a121ba,55ecbababb83250b82685bd75d392ddbe7ac3d64dccf635bd2ddfeeb42cf2992,IRMAS,MP3,64,MP3,0.0003504035587217931,0.9476756110624852,0.051973985378793115,2.9032689490517276,17.66222036955555,21.04254317110597,15.863905849787496,3,True,66.224
4bf08d08172044c9d3490858,55ecbababb83250b82685bd75d392ddbe7ac3d64dccf635bd2ddfeeb42cf2992,IRMAS,MP3,80,MP3,5.9574385129290575e-08,0.9998098749686798,0.0001900654569349723,8.567951891842355,17.811614727904367,20.596391426535654,14.317174754639584,3,True,82.736
f4b77a35f3a3de3a140be81a,55ecbababb83250b82685bd75d392ddbe7ac3d64dccf635bd2ddfeeb42cf2992,IRMAS,MP3,96,MP3,4.120482624092101e-10,0.9987551558079928,0.0012448437799589698,6.687499615228926,23.006782206485113,25.09360057554075,18.65461292558899,3,True,99.248
a9b4f87af6bbfe1c12d9d8f5,55ecbababb83250b82685bd75d392ddbe7ac3d64dccf635bd2ddfeeb42cf2992,IRMAS,MP3,128,MP3,6.205427981054148e-11,0.9998692201140968,0.00013077982384891213,8.94186459432052,24.186766530057916,26.155533775218885,19.766880064264242,3,True,132.272
512c622948457cbb050aa860,55ecbababb83250b82685bd75d392ddbe7ac3d64dccf635bd2ddfeeb42cf2992,IRMAS,Opus,32,Opus,4.994766743986732e-05,0.0004786271994194638,0.9994714251331408,7.644059838278107,20.695606784967747,24.567415960297204,15.764096400753402,1,False,33.588
eb57bf2124341a6392b3794d,55ecbababb83250b82685bd75d392ddbe7ac3d64dccf635bd2ddfeeb42cf2992,IRMAS,Opus,48,Opus,4.735850690972511e-05,0.0021687513660471665,0.997783890127043,6.131385115313288,20.58589857630454,24.426110286561112,15.584450645385937,1,False,49.748
8da8ff48b23da58c6cfae938,55ecbababb83250b82685bd75d392ddbe7ac3d64dccf635bd2ddfeeb42cf2992,IRMAS,Opus,64,Opus,2.3180225320639125e-05,0.005266152808869637,0.9947106669658097,5.241151829234223,20.27820295037306,24.049135526984156,15.181830874297706,1,False,65.908
de6bff53bcfeb30a3460c42a,55ecbababb83250b82685bd75d392ddbe7ac3d64dccf635bd2ddfeeb42cf2992,IRMAS,Opus,80,MP3,1.090139603290832e-08,0.9856165540623547,0.014383435036249309,-4.227190188839137,23.363879086264838,25.92428293198553,18.43540156323322,1,False,82.068
b9016fef604fde66049e7912,55ecbababb83250b82685bd75d392ddbe7ac3d64dccf635bd2ddfeeb42cf2992,IRMAS,Opus,96,MP3,2.446708936345292e-09,0.9978117666658981,0.002188230887393123,-6.12247124457191,23.59065109127231,26.015490251782385,18.81273161588797,1,False,98.228
36b518c04072b7eca7b040b7,55ecbababb83250b82685bd75d392ddbe7ac3d64dccf635bd2ddfeeb42cf2992,IRMAS,Opus,128,MP3,6.587604015983129e-10,0.9989907377448,0.0010092615964397997,-6.897526536238086,23.6857355761698,25.902244247737283,19.049951071434794,1,False,130.952
5acda850c51a9c9c09d34eed,604c6105844a7127a7be9bd30ccee96812006219f5415509fa68fd1115af265a,IRMAS,AAC,32,AAC,0.999480069681071,0.0004946454419638928,2.5284876965217906e-05,7.611149265377106,12.682375946458487,11.474813777589373,16.264825911831792,2,True,36.92
b65d01428e3cb0410b57ebf1,604c6105844a7127a7be9bd30ccee96812006219f5415509fa68fd1115af265a,IRMAS,AAC,48,AAC,0.9173630841277763,0.0817052028751703,0.0009317129970533543,2.4183856591636377,12.037593694213355,11.38682309312016,14.681018371472062,2,True,54.084
11fd959a0ff5d7de5c51a575,604c6105844a7127a7be9bd30ccee96812006219f5415509fa68fd1115af265a,IRMAS,AAC,64,MP3,0.2904179082805413,0.6369016513131434,0.07268044040631531,-0.7852943014273186,10.267557199255727,10.236395780072796,12.165887886301826,2,True,70.0
e0ff4631225e8e82e88a4eb6,604c6105844a7127a7be9bd30ccee96812006219f5415509fa68fd1115af265a,IRMAS,AAC,80,Opus,0.08550307217094133,0.3617672572502987,0.5527296705787601,-1.8663167332495263,10.215611396793939,9.931932685158909,11.626887536512506,2,True,86.304
168f8485cc027764291eee58,604c6105844a7127a7be9bd30ccee96812006219f5415509fa68fd1115af265a,IRMAS,AAC,96,Opus,0.056114645609804864,0.2961839227806967,0.6477014316094984,-2.4460329954625157,10.152314197906357,9.764113173014564,11.361276251277223,2,True,102.568
65df533f7db0fef6010795c4,604c6105844a7127a7be9bd30ccee96812006219f5415509fa68fd1115af265a,IRMAS,AAC,128,AAC,0.9916294710293112,0.0028488409574273527,0.005521688013261307,5.190665907356708,9.428989520507379,10.267819315838311,11.452476099894353,1,False,129.104
ee2e66438e5fe4fdcb110b30,604c6105844a7127a7be9bd30ccee96812006219f5415509fa68fd1115af265a,IRMAS,MP3,32,MP3,0.0020311316675112635,0.9978072696616693,0.00016159867081943507,6.196967031686075,18.849453071479584,13.499376328828374,21.47796912259889,1,False,33.584
d1e35223dcf232ff2b86c997,604c6105844a7127a7be9bd30ccee96812006219f5415509fa68fd1115af265a,IRMAS,MP3,48,AAC,0.9697224745486982,0.0029471128207303895,0.027330412630571392,-5.796183935577565,14.162871477527233,11.5038899778072,17.52351052075438,1,False,49.904
ddbc5b8122893085e14a2cc8,604c6105844a7127a7be9bd30ccee96812006219f5415509fa68fd1115af265a,IRMAS,MP3,64,AAC,0.8912325562618244,0.06305546492263413,0.04571197881554137,-2.648590664652211,11.826903638406412,11.570313113722644,14.882567874133384,1,False,66.224
220684655ba43d4fb1b236fb,604c6105844a7127a7be9bd30ccee96812006219f5415509fa68fd1115af265a,IRMAS,MP3,80,AAC,0.6790617852585106,0.25525766841258474,0.06568054632890465,-0.9784386185626188,10.977481579777557,10.812189758668737,13.701468035046442,1,False,82.736
74f012d8eb5d246fda1be89b,604c6105844a7127a7be9bd30ccee96812006219f5415509fa68fd1115af265a,IRMAS,MP3,96,MP3,0.3192850584134417,0.4151039069374696,0.2656110346490886,0.2624445632497372,10.807087368602103,10.699166623930127,12.93180904541045,1,False,99.248
b951b79410acd0272f8156f1,604c6105844a7127a7be9bd30ccee96812006219f5415509fa68fd1115af265a,IRMAS,MP3,128,MP3,0.14296503263591576,0.5519855300614517,0.30504943730263256,0.5930479792875676,10.573236557373537,10.106597203754694,12.216221053146917,1,False,132.272
aed59167e4a74617392201dc,604c6105844a7127a7be9bd30ccee96812006219f5415509fa68fd1115af265a,IRMAS,Opus,32,Opus,0.4476451140489468,0.05314388675590763,0.4992109991951456,0.10902808810383091,9.56020430208859,8.609744625626723,12.135628694401541,3,True,33.588
0b87d873a1144b6656e36160,604c6105844a7127a7be9bd30ccee96812006219f5415509fa68fd1115af265a,IRMAS,Opus,48,AAC,0.7367680308143452,0.01691398393254939,0.2463179852531053,-1.0956497705737915,9.792208467114971,9.017334794936065,12.627694581585985,3,True,49.748
8a23950a61c8876cbc830875,604c6105844a7127a7be9bd30ccee96812006219f5415509fa68fd1115af265a,IRMAS,Opus,64,Opus,0.026078358556305806,0.10943366242734671,0.8644879790163476,2.066818856807497,9.21611846422953,8.732212464670372,10.09643015698729,3,True,65.908
9fb38734443827495baba7fe,604c6105844a7127a7be9bd30ccee96812006219f5415509fa68fd1115af265a,IRMAS,Opus,80,Opus,0.0445187633960101,0.3899161854562547,0.5655650511477353,0.3718935149751499,9.615615973067658,9.024960852644286,10.62039167990795,3,True,82.068
6e682823a7a7051dd8b5086c,604c6105844a7127a7be9bd30ccee96812006219f5415509fa68fd1115af265a,IRMAS,Opus,96,Opus,0.0667250468432385,0.44269831175086566,0.49057664140589574,0.10269299218927774,9.669429457380971,9.185272594373956,10.910159802962486,3,True,98.228
ac91b9924a54d2a6abc5e5b7,604c6105844a7127a7be9bd30ccee96812006219f5415509fa68fd1115af265a,IRMAS,Opus,128,Opus,0.09099648104383583,0.2064173174748784,0.7025862014812857,1.2248681678326154,9.76641205658518,9.416396319805063,11.133678899319424,3,True,130.952
134d54bbfa803fe8aef25fc9,6d602ad5fcf423db9fb024a38ca7b0f125f843904b69eb4d3d18b41490b2bca6,IRMAS,AAC,32,AAC,0.9022213749374087,0.0007775098960182136,0.09700111516657313,2.2301374417103723,11.809496952485507,10.313801235246014,14.906314821639818,2,True,37.112
7df9144b6fd802101c833418,6d602ad5fcf423db9fb024a38ca7b0f125f843904b69eb4d3d18b41490b2bca6,IRMAS,AAC,48,MP3,0.022582459142563627,0.5088777742277684,0.468539766629668,-3.1150343977082677,11.463638442360358,10.084213167343748,12.906912507130723,2,True,53.952
ce13c030c99856cbc147c7b2,6d602ad5fcf423db9fb024a38ca7b0f125f843904b69eb4d3d18b41490b2bca6,IRMAS,AAC,64,Opus,0.03363396065614835,0.40538558400869024,0.5609804553351615,-2.81414977560545,11.475685649439411,10.161691298788847,12.411329918903325,2,True,70.176
86acab1b4cc2c9a0d1b58d09,6d602ad5fcf423db9fb024a38ca7b0f125f843904b69eb4d3d18b41490b2bca6,IRMAS,AAC,80,Opus,0.030227563029502892,0.39987800076958996,0.5698944362009072,-2.9366969527945175,11.282216095708995,10.086704959499023,12.177448985000698,2,True,86.38
8787614850d74add02b064a5,6d602ad5fcf423db9fb024a38ca7b0f125f843904b69eb4d3d18b41490b2bca6,IRMAS,AAC,96,Opus,0.0156663960527104,0.4402591399376316,0.5440744640096579,-3.5475680801975864,11.173807298719193,9.983626637426548,11.80411230362728,2,True,102.668
4fa822e903e6a11640328c4b,6d602ad5fcf423db9fb024a38ca7b0f125f843904b69eb4d3d18b41490b2bca6,IRMAS,AAC,128,AAC,0.9600351176796724,0.014786423038807553,0.025178459281520026,3.6409810261492863,10.276115112331059,10.18507679789411,11.528532356758147,2,True,130.044
75fa9056e6d97efb79f9a623,6d602ad5fcf423db9fb024a38ca7b0f125f843904b69eb4d3d18b41490b2bca6,IRMAS,MP3,32,MP3,0.011056585198227555,0.9769030746277866,0.01204034017398586,4.396124746850221,18.937429822982818,13.633113528349048,21.496502197248045,1,False,33.584
6e290951aea0a88d95957024,6d602ad5fcf423db9fb024a38ca7b0f125f843904b69eb4d3d18b41490b2bca6,IRMAS,MP3,48,AAC,0.929431248227704,0.006093121355988247,0.06447563041630773,-5.027412349673879,13.954073155893928,11.349982574611275,17.17498037667114,1,False,49.904
d0179507e6d9113d5c03b2f7,6d602ad5fcf423db9fb024a38ca7b0f125f843904b69eb4d3d18b41490b2bca6,IRMAS,MP3,64,AAC,0.7324377465118904,0.10654417080975338,0.16101808267835618,-1.927818701030403,11.706011024597908,11.41026449443982,14.452028844455171,1,False,66.224
c811f16bb4230ed775ce74a9,6d602ad5fcf423db9fb024a38ca7b0f125f843904b69eb4d3d18b41490b2bca6,IRMAS,MP3,80,Opus,0.16632757134705228,0.335139484259902,0.49853294439304574,-0.39712285817364623,11.088770908295384,10.316495142806849,12.902635394459397,1,False,82.736
4aabce6ba64e4095c5994e9d,6d602ad5fcf423db9fb024a38ca7b0f125f843904b69eb4d3d18b41490b2bca6,IRMAS,MP3,96,MP3,0.05996519438319756,0.628044088685791,0.3119907169310115,0.6996369349770338,11.407746102896006,10.495630059731466,12.699963624945928,1,False,99.248
e20a0efed893af65f91c6aa5,6d602ad5fcf423db9fb024a38ca7b0f125f843904b69eb4d3d18b41490b2bca6,IRMAS,MP3,128,MP3,0.05006331575857857,0.48669964323093984,0.46323704101048163,0.04940829310148476,11.524896578324771,10.382427207082609,12.668690785578416,1,False,132.272
0a4fb6e1750b2eee19f11a83,6d602ad5fcf423db9fb024a38ca7b0f125f843904b69eb4d3d18b41490b2bca6,IRMAS,Opus,32,Opus,0.1461766585110022,0.008503845807278481,0.8453194956817193,1.7548987772313056,11.029188786584648,9.565742068740313,13.052331348584227,3,True,33.588
b45a26844ce96b4b88e04bf4,6d602ad5fcf423db9fb024a38ca7b0f125f843904b69eb4d3d18b41490b2bca6,IRMAS,Opus,48,Opus,0.16931459011078007,0.012212019882576794,0.8184733900066431,1.5756824211387321,10.957364388971333,9.586749865298717,13.157658305964924,3,True,49.748
b7c6fba12438658d3c11f865,6d602ad5fcf423db9fb024a38ca7b0f125f843904b69eb4d3d18b41490b2bca6,IRMAS,Opus,64,Opus,0.000690299857314423,0.09765392702390298,0.9016557731187825,2.2228029491580514,10.380124037486521,9.403786534949095,9.841309862574697,2,True,65.908
b4b23f5ad9b1cb48de654dd2,6d602ad5fcf423db9fb024a38ca7b0f125f843904b69eb4d3d18b41490b2bca6,IRMAS,Opus,80,Opus,0.0008891267204221952,0.4889559681638504,0.5101549051157274,0.04244197435520425,10.760490182638279,9.553470437072606,10.47465401666524,2,True,82.068
6ed040b10b170eba1ce1a059,6d602ad5fcf423db9fb024a38ca7b0f125f843904b69eb4d3d18b41490b2bca6,IRMAS,Opus,96,Opus,0.022861055542059826,0.18897331186669528,0.7881656325912448,1.4281024633795367,10.700191080120643,9.698867134936007,11.524329143464596,3,True,98.228
c23e796cc17cd080281fe6cd,6d602ad5fcf423db9fb024a38ca7b0f125f843904b69eb4d3d18b41490b2bca6,IRMAS,Opus,128,Opus,0.026731853201307377,0.21177014115340428,0.7614980056452884,1.2797861067335465,10.751696801461904,9.830706740210108,11.649822557182679,3,True,130.952
29c81d3aad3434f3d7f16e8b,7417419247f44ee526ec8b6ba802b68c7afd21ce7082c8f5816d4f31174bfd1a,IRMAS,AAC,32,AAC,0.999684958089594,1.0296065331422347e-09,0.0003150408807993283,8.062493055697516,13.048961489578781,16.98740228184697,16.545897262166104,1,False,37.32
c868b97e0b48bd8e5f327642,7417419247f44ee526ec8b6ba802b68c7afd21ce7082c8f5816d4f31174bfd1a,IRMAS,AAC,48,Opus,0.005853605179633248,0.004403570134445684,0.989742824685921,-5.130387394887096,16.759987969103623,20.322913064985507,16.279814980933352,2,True,53.492
f23021b69067a05a4d8eb8a5,7417419247f44ee526ec8b6ba802b68c7afd21ce7082c8f5816d4f31174bfd1a,IRMAS,AAC,64,Opus,0.014026435945749515,0.29659539265335905,0.6893781714008915,-3.8948461595059154,15.266316659978658,19.12217196285057,14.156038543056335,2,True,70.232
417e3ac7fe51a6c26121255b,7417419247f44ee526ec8b6ba802b68c7afd21ce7082c8f5816d4f31174bfd1a,IRMAS,AAC,80,Opus,0.007125060580116481,0.17295277473925647,0.8199221646806272,-4.745591186040761,15.181080269309938,18.97595781583569,13.95383218319321,2,True,86.492
81c83d88270cbb334f3a0815,7417419247f44ee526ec8b6ba802b68c7afd21ce7082c8f5816d4f31174bfd1a,IRMAS,AAC,96,Opus,0.0038254511758374528,0.12820318740830347,0.867971361415859,-5.424482305565787,14.864340040680073,18.707744812867155,13.304379562536488,2,True,102.452
8f576801e5fd844f08024467,7417419247f44ee526ec8b6ba802b68c7afd21ce7082c8f5816d4f31174bfd1a,IRMAS,AAC,128,AAC,0.893256595659812,0.004244839161186529,0.10249856517900145,2.165025080539494,14.920585306700602,19.381181018881584,14.105051612984685,2,True,135.104
e79eb0f51f58fbeae512997c,7417419247f44ee526ec8b6ba802b68c7afd21ce7082c8f5816d4f31174bfd1a,IRMAS,MP3,32,MP3,0.00023803295144972304,0.9972165049779568,0.0025454620705933455,5.970655709157096,19.409523043458783,15.21213851552529,22.28598884776824,1,False,33.584
f7d0781858d9b61986d9a94f,7417419247f44ee526ec8b6ba802b68c7afd21ce7082c8f5816d4f31174bfd1a,IRMAS,MP3,48,AAC,0.9988459940145197,4.554336662187356e-08,0.0011539604421136006,-16.90344617998113,15.836264317651803,18.721326040401397,19.038125277852174,2,True,49.904
dac0f3acefe99e22c980e6dc,7417419247f44ee526ec8b6ba802b68c7afd21ce7082c8f5816d4f31174bfd1a,IRMAS,MP3,64,Opus,0.006102378399826354,0.0018813925796195181,0.9920162290205542,-6.267727230576686,17.79503976765302,21.19173353239636,17.557708580886075,3,True,66.224
f03c104885f2d75181255ae2,7417419247f44ee526ec8b6ba802b68c7afd21ce7082c8f5816d4f31174bfd1a,IRMAS,MP3,80,Opus,0.0033684235419980915,0.0158640529696943,0.9807675234883076,-4.124279722167294,16.590180617223176,20.137304457156567,15.805281204898613,3,True,82.736
1e2c162225b2c6935081326c,7417419247f44ee526ec8b6ba802b68c7afd21ce7082c8f5816d4f31174bfd1a,IRMAS,MP3,96,Opus,0.00810110116363064,0.08015322194349253,0.9117456768928768,-2.431421010960456,15.299126058655741,18.993667593211647,14.519211718705503,3,True,99.248
4a6b6887c546ea48902acb5d,7417419247f44ee526ec8b6ba802b68c7afd21ce7082c8f5816d4f31174bfd1a,IRMAS,MP3,128,Opus,0.009281132400233557,0.10261753724870061,0.888101330351066,-2.1580770007577463,14.90803371016807,18.610804294984618,14.100494228774393,3,True,132.272
c1ab3eac5a519661181c35ac,7417419247f44ee526ec8b6ba802b68c7afd21ce7082c8f5816d4f31174bfd1a,IRMAS,Opus,32,Opus,5.422708555122467e-07,0.00020134778384737242,0.9997981099452972,8.510274966759608,16.637876297711323,20.38818043925807,12.303085557857754,1,False,33.588
d4839bd1520c437a453b8024,7417419247f44ee526ec8b6ba802b68c7afd21ce7082c8f5816d4f31174bfd1a,IRMAS,Opus,48,Opus,2.926220765980929e-06,0.0030422181217281746,0.9969548556575059,5.792118594091889,16.539797800482294,20.289993670008347,12.298616521129905,1,False,49.748
59db88162d0e00f7e8c8d92f,7417419247f44ee526ec8b6ba802b68c7afd21ce7082c8f5816d4f31174bfd1a,IRMAS,Opus,64,Opus,2.7810451927423746e-06,0.004367096392917679,0.9956301225618895,5.4292774784338285,16.272219481183377,20.01709209953395,12.175462042078982,1,False,65.908
8239ab8378fb961227b093fa,7417419247f44ee526ec8b6ba802b68c7afd21ce7082c8f5816d4f31174bfd1a,IRMAS,Opus,80,Opus,0.0012721551926916743,0.38364981828780426,0.615078026519504,0.472018927165319,13.98681501926899,17.84240564093659,12.123574956954206,1,False,82.068
cd276ced35b4ebf68fd86bca,7417419247f44ee526ec8b6ba802b68c7afd21ce7082c8f5816d4f31174bfd1a,IRMAS,Opus,96,Opus,0.00770371139193583,0.20834347440187492,0.7839528142061892,1.3251607955650684,13.726441402133908,17.725209099748195,12.362718847842862,1,False,98.228
0d29afd4c6187d188ebfa197,7417419247f44ee526ec8b6ba802b68c7afd21ce7082c8f5816d4f31174bfd1a,IRMAS,Opus,128,Opus,0.008368118146952427,0.035267770823268006,0.9563641110297796,3.300169170762824,13.908850358881178,17.928780979290984,12.735945219289624,1,False,130.952
22db02c5109f22f0b26b9e57,7b06fd124684034d0a142df9d63f1ca6ce18816074ce14daaf09302e28ddddeb,IRMAS,AAC,32,AAC,0.996014367086826,0.001975256686455846,0.0020103762267181424,6.205439800239352,19.130276447753904,16.808414729469273,21.232044057337028,2,True,38.08
428874051786977fc229ae5f,7b06fd124684034d0a142df9d63f1ca6ce18816074ce14daaf09302e28ddddeb,IRMAS,AAC,48,MP3,0.19822410532904808,0.7908146780264942,0.010961216644457707,-1.3836654163716553,18.704661159154284,16.339187652404302,20.029904192463174,2,True,54.092
0d7a01549e7fda59c94f78f4,7b06fd124684034d0a142df9d63f1ca6ce18816074ce14daaf09302e28ddddeb,IRMAS,AAC,64,MP3,0.12724263762793073,0.8644030851830983,0.00835427718897105,-1.9159433975717426,18.796880613430083,16.58039301577621,19.746229185390852,2,True,70.164
6c6b5a82e33780a1eec3de8c,7b06fd124684034d0a142df9d63f1ca6ce18816074ce14daaf09302e28ddddeb,IRMAS,AAC,80,MP3,0.1462780729394052,0.8443633701804462,0.00935855688014856,-1.7530735159181843,18.855514428107888,16.792121167917294,19.572703975423106,2,True,86.408
6672d2858d8bf0f001c5929a,7b06fd124684034d0a142df9d63f1ca6ce18816074ce14daaf09302e28ddddeb,IRMAS,AAC,96,MP3,0.30774964133383403,0.38662757143505466,0.30562278723111136,-0.2281752823455232,18.8344057266266,17.076172872547506,19.12999215570683,2,True,102.588
ed507811812edc37cc31ddd3,7b06fd124684034d0a142df9d63f1ca6ce18816074ce14daaf09302e28ddddeb,IRMAS,AAC,128,AAC,0.9999957574420739,3.1713334569180247e-06,1.0712244691997106e-06,12.661354167086053,18.558525279371157,17.885996029124694,19.334089122470893,2,True,129.772
490d124835bf018cd9d7b670,7b06fd124684034d0a142df9d63f1ca6ce18816074ce14daaf09302e28ddddeb,IRMAS,MP3,32,MP3,0.22952078222438124,0.768746251421166,0.001732966354452716,1.2087673631533256,24.247632157271365,20.27266854668732,26.188860891860582,1,False,33.584
9968abfbd783181940b3b9fd,7b06fd124684034d0a142df9d63f1ca6ce18816074ce14daaf09302e28ddddeb,IRMAS,MP3,48,AAC,0.5838065588546975,0.413750377048216,0.002443064097086577,-0.3443068551343651,19.998058006061633,16.765396336066164,22.18967611445953,1,False,49.904
e22b38f511302dcb984d96aa,7b06fd124684034d0a142df9d63f1ca6ce18816074ce14daaf09302e28ddddeb,IRMAS,MP3,64,AAC,0.719454234425373,0.2743094922414467,0.006236273333180281,-0.9642359141617141,18.01769739387037,16.11631252863348,19.69621568391044,1,False,66.224
21151cbe0e45bfd4f39b3f70,7b06fd124684034d0a142df9d63f1ca6ce18816074ce14daaf09302e28ddddeb,IRMAS,MP3,80,MP3,0.0031403804341029423,0.9613893288717931,0.03547029069410384,3.2996839915825653,18.09153863297207,16.116352103279546,17.62330707170357,1,False,82.736
fc59c3a0ab5a97007e374439,7b06fd124684034d0a142df9d63f1ca6ce18816074ce14daaf09302e28ddddeb,IRMAS,MP3,96,MP3,0.16083173205458137,0.6710646210614751,0.1681036468839434,1.3842847030321361,18.18341932357853,16.630953573980598,17.911315185792752,1,False,99.248
f086884b7e9f6577f3cfce25,7b06fd124684034d0a142df9d63f1ca6ce18816074ce14daaf09302e28ddddeb,IRMAS,MP3,128,AAC,0.6872362751109623,0.17912499392365663,0.13363873096538098,-1.3445943038829153,18.68858199825457,17.223642337656422,18.826801271645856,1,False,132.272
f0a7a9e6c1b761784113c871,7b06fd124684034d0a142df9d63f1ca6ce18816074ce14daaf09302e28ddddeb,IRMAS,Opus,32,MP3,0.22763573186388256,0.4989117464779047,0.27345252165821277,-0.6013012079510642,18.502414593040584,15.9890832971225,19.46436180617804,3,True,33.588
2973f43a78be6eeacbc679bb,7b06fd124684034d0a142df9d63f1ca6ce18816074ce14daaf09302e28ddddeb,IRMAS,Opus,48,Opus,0.27279141702917054,0.21532923877559504,0.5118793441952344,0.6293814784283063,18.587421200108277,16.09870517708164,19.538906361173222,3,True,49.748
147d579dee667c9af85899e6,7b06fd124684034d0a142df9d63f1ca6ce18816074ce14daaf09302e28ddddeb,IRMAS,Opus,64,Opus,0.26284667315926186,0.03971238992874262,0.6974409369119955,0.975846961465648,18.47985425494412,16.974624725282215,18.482925566936785,3,True,65.908
118cfabb2f3d5bd01faf60c2,7b06fd124684034d0a142df9d63f1ca6ce18816074ce14daaf09302e28ddddeb,IRMAS,Opus,80,Opus,0.24603378213478758,0.06255656585638965,0.6914096520088228,1.0332636352286249,18.58782678661801,17.067353119062336,18.58574592680508,2,True,82.068
8758c3b5fb08cf92cfbb4f4d,7b06fd124684034d0a142df9d63f1ca6ce18816074ce14daaf09302e28ddddeb,IRMAS,Opus,96,Opus,0.142512822171589,0.06230418131440042,0.7951829965140106,1.719140296648109,18.52405461184745,16.871730442486147,18.52619432586677,3,True,98.228
47b2d8395ef39bc927dda009,7b06fd124684034d0a142df9d63f1ca6ce18816074ce14daaf09302e28ddddeb,IRMAS,Opus,128,Opus,0.2011040959710592,0.05540901199934031,0.7434868920296005,1.3075284712534327,18.655070234053717,17.05187978552712,18.712579191180296,3,True,130.952
e7b360038d9d5ca8fb907073,7f3e7d2c31dcaee0492225d33b648950c1ea1bf377d4c7d449d3654a17d79947,IRMAS,AAC,32,AAC,0.9980851272790507,2.3213097657042315e-06,0.001912551411183663,6.257400402526699,8.912474701602674,10.536539259624744,13.162291164980115,1,False,37.908
3ed498cd38822722e2dc3e46,7f3e7d2c31dcaee0492225d33b648950c1ea1bf377d4c7d449d3654a17d79947,IRMAS,AAC,48,MP3,0.3421249756845485,0.5494671625561778,0.1084078617592738,-0.47377291699957674,8.999065885682729,10.726530971261232,10.632273582832022,1,False,54.068
e50d6edc587c9c55ed864762,7f3e7d2c31dcaee0492225d33b648950c1ea1bf377d4c7d449d3654a17d79947,IRMAS,AAC,64,MP3,0.09666983141603261,0.897952562886795,0.005377605697172274,-2.2288158690507416,8.972578039587596,10.726257102011918,10.021570576379354,1,False,70.244
e4ee58570c567711b99936a2,7f3e7d2c31dcaee0492225d33b648950c1ea1bf377d4c7d449d3654a17d79947,IRMAS,AAC,80,MP3,0.0790104093534294,0.9114400139616348,0.009549576684935841,-2.445446173953703,8.949843087848224,10.625259727092098,9.706311332249301,1,False,86.752
17510a9d5344885a4ff97a15,7f3e7d2c31dcaee0492225d33b648950c1ea1bf377d4c7d449d3654a17d79947,IRMAS,AAC,96,MP3,0.08340092659043732,0.7957257240568685,0.12087334935269411,-2.255595139199443,8.897030286063643,10.572963341798037,9.03069887276552,1,False,102.48
b1df4c2beba13a2adcfd31f8,7f3e7d2c31dcaee0492225d33b648950c1ea1bf377d4c7d449d3654a17d79947,IRMAS,AAC,128,AAC,0.9749816221835845,0.024003709610981135,0.0010146682054343293,3.704210236249832,8.018483484272009,10.804017389782256,9.052989470555833,1,False,131.352
35dc924dba3cbabef43886c5,7f3e7d2c31dcaee0492225d33b648950c1ea1bf377d4c7d449d3654a17d79947,IRMAS,MP3,32,MP3,7.329558797716303e-05,0.999921084314844,5.6200971787139864e-06,9.520931223391537,18.976328001998663,13.59232769971431,22.014108662176177,1,False,33.584
5cccf4126c39062b9206a706,7f3e7d2c31dcaee0492225d33b648950c1ea1bf377d4c7d449d3654a17d79947,IRMAS,MP3,48,AAC,0.9995639973687873,2.109447087639817e-07,0.00043579168650379315,-15.371233683874415,14.785563212010038,15.571822034354074,18.28120311052172,2,True,49.904
08740172a541fd855b919c83,7f3e7d2c31dcaee0492225d33b648950c1ea1bf377d4c7d449d3654a17d79947,IRMAS,MP3,64,AAC,0.39311274824039955,0.24383325933363673,0.36305399242596365,-0.4776118336135168,11.241347609907844,13.381464798673859,12.538720923133432,3,True,66.224
b7f11a3782bea70263962499,7f3e7d2c31dcaee0492225d33b648950c1ea1bf377d4c7d449d3654a17d79947,IRMAS,MP3,80,Opus,0.02946017354067031,0.4455584367899405,0.5249813896693892,-0.1640344041602113,10.422719955691521,12.049645989764107,10.393690257623629,3,True,82.736
5c6c77066f31fa343827d2ea,7f3e7d2c31dcaee0492225d33b648950c1ea1bf377d4c7d449d3654a17d79947,IRMAS,MP3,96,MP3,0.039994270822360845,0.9060368802068753,0.05396884897076378,2.820673002646142,9.18938752839631,10.761699537313081,9.632196448430125,3,True,99.248
41d8bcb17ede9c21ed0ff9df,7f3e7d2c31dcaee0492225d33b648950c1ea1bf377d4c7d449d3654a17d79947,IRMAS,MP3,128,MP3,0.04871875687051716,0.8852831164593293,0.0659981266701533,2.596281141614762,9.228422173742517,10.6805241115676,9.756643672742664,3,True,132.272
d7281b0580685de83a677609,7f3e7d2c31dcaee0492225d33b648950c1ea1bf377d4c7d449d3654a17d79947,IRMAS,Opus,32,Opus,0.010440543689475935,0.011206038314322037,0.9783534179962021,4.469418204624167,9.375918273463766,11.969939319193346,7.2828755531975515,1,False,33.588
8da9d0521c06830867033fe2,7f3e7d2c31dcaee0492225d33b648950c1ea1bf377d4c7d449d3654a17d79947,IRMAS,Opus,48,Opus,0.00792405887232637,0.003986709369931185,0.9880892317577424,4.825869450783026,9.215007148069171,11.974931443030865,7.1963370497219215,1,False,49.748
4025d10fd181a6b71b277838,7f3e7d2c31dcaee0492225d33b648950c1ea1bf377d4c7d449d3654a17d79947,IRMAS,Opus,64,Opus,0.0039131415161412775,0.0024651657795169,0.9936216927043418,5.537016035160537,9.099052418139689,11.869569257266704,6.923521289796172,1,False,65.908
649d56986a1d078c150d3ce7,7f3e7d2c31dcaee0492225d33b648950c1ea1bf377d4c7d449d3654a17d79947,IRMAS,Opus,80,MP3,0.024971711390261688,0.7791558664524921,0.19587242215724607,-1.3807475712238604,8.766542370724883,10.721347557048608,7.826700246301556,1,False,82.068
dabb0f1efc52fbd4f7bba23d,7f3e7d2c31dcaee0492225d33b648950c1ea1bf377d4c7d449d3654a17d79947,IRMAS,Opus,96,MP3,0.05220736819562427,0.5869938253477964,0.36079880645657936,-0.4866938206383059,8.633485988771238,10.570526189866372,8.418588521357094,1,False,98.228
c47ed63a1d3a17bb9bdca606,7f3e7d2c31dcaee0492225d33b648950c1ea1bf377d4c7d449d3654a17d79947,IRMAS,Opus,128,MP3,0.06389275521272758,0.719615522585461,0.21649172220181143,-1.2011647608962426,8.647435586313538,10.578220370002562,8.791310682981942,2,True,130.952
a0962c892dabd7ab325362d9,9b0dd68e66c39d9b0395b392bbdb5bcd9ecec9d67c33dfa26b061118fe3e2fae,IRMAS,AAC,32,AAC,0.9755664104922069,3.3098451976500495e-07,0.02443325852327326,3.687072977742738,11.9980034184734,15.66189709380525,14.632697124038526,1,False,37.724
6d6be2b98999246ff5cad317,9b0dd68e66c39d9b0395b392bbdb5bcd9ecec9d67c33dfa26b061118fe3e2fae,IRMAS,AAC,48,Opus,0.013995610347907157,0.17276613438214136,0.8132382552699515,-4.062280389656438,13.414172878341832,16.762041105685785,12.631368439295155,2,True,53.596
55c269c14bac851d064dde85,9b0dd68e66c39d9b0395b392bbdb5bcd9ecec9d67c33dfa26b061118fe3e2fae,IRMAS,AAC,64,MP3,0.023146757160955756,0.7253379686628203,0.251515274176224,-3.444783018627155,13.489819631923373,17.020981010021032,12.613988623185465,2,True,70.316
a1980ceeca0146c6ff5c6af4,9b0dd68e66c39d9b0395b392bbdb5bcd9ecec9d67c33dfa26b061118fe3e2fae,IRMAS,AAC,80,MP3,0.015572426292400757,0.8652017331949825,0.1192258405126167,-4.0174608923622515,13.486371633083602,16.884447400893283,12.391897267351156,2,True,86.58
1248376ebb48fa7344933cb0,9b0dd68e66c39d9b0395b392bbdb5bcd9ecec9d67c33dfa26b061118fe3e2fae,IRMAS,AAC,96,MP3,0.011329826008976756,0.6573137924999708,0.33135638149105245,-4.060722800362257,13.370371060789461,17.19182424075802,11.979462402761826,2,True,103.0
19e02c93d12bd5f17b8454c4,9b0dd68e66c39d9b0395b392bbdb5bcd9ecec9d67c33dfa26b061118fe3e2fae,IRMAS,AAC,128,AAC,0.9211449924004115,0.010504636642016365,0.06835037095757217,2.6009704627021293,13.117975749620733,17.669236178363274,12.116302749068364,2,True,132.812
1a6636b165fab109dc51510f,9b0dd68e66c39d9b0395b392bbdb5bcd9ecec9d67c33dfa26b061118fe3e2fae,IRMAS,MP3,32,MP3,5.68776502431746e-06,0.9997163897131527,0.0002779225218229891,8.187884531083881,19.471295506169668,14.420356757196142,22.156441072872738,1,False,33.584
e56e45c63b1e03b768384cad,9b0dd68e66c39d9b0395b392bbdb5bcd9ecec9d67c33dfa26b061118fe3e2fae,IRMAS,MP3,48,AAC,0.9864487372169,1.4797659190104424e-07,0.013551114806508155,-15.712567819351314,17.618974444262335,19.874096741952116,20.418041597053293,2,True,49.904
17adc7bed31eb7dc7d8dff7c,9b0dd68e66c39d9b0395b392bbdb5bcd9ecec9d67c33dfa26b061118fe3e2fae,IRMAS,MP3,64,Opus,0.01246262546049404,0.00244144244372418,0.9850959320957817,-6.000149999323966,14.524413489460795,18.203270613443095,14.98259341727143,3,True,66.224
31e42e8dd05e6d76e9492393,9b0dd68e66c39d9b0395b392bbdb5bcd9ecec9d67c33dfa26b061118fe3e2fae,IRMAS,MP3,80,Opus,0.0006321237412075764,0.023603873527250564,0.9757640027315418,-3.7218099256207506,15.486275631252857,18.7495360779681,14.421015417468968,3,True,82.736
e22ae3f2140c4e46eb0aa14d,9b0dd68e66c39d9b0395b392bbdb5bcd9ecec9d67c33dfa26b061118fe3e2fae,IRMAS,MP3,96,MP3,0.029164459783609903,0.560388486354231,0.41044705386215896,0.3113833279007896,13.501045682385731,17.10229699171966,12.943632466459201,3,True,99.248
824e2c346e27518403693e91,9b0dd68e66c39d9b0395b392bbdb5bcd9ecec9d67c33dfa26b061118fe3e2fae,IRMAS,MP3,128,MP3,0.017896459584926003,0.7180859150459769,0.2640176253690971,1.0005733570485706,13.373562884742272,16.837756325548312,12.697555916408087,3,True,132.272
834b75b524ea028a6356c37b,9b0dd68e66c39d9b0395b392bbdb5bcd9ecec9d67c33dfa26b061118fe3e2fae,IRMAS,Opus,32,Opus,9.042510349541545e-06,1.7033104715000025e-05,0.9999739243849355,10.980325695377719,14.58456542110402,18.58684229483565,10.769999625201331,1,False,33.588
75b31b3d880e6a688c636edd,9b0dd68e66c39d9b0395b392bbdb5bcd9ecec9d67c33dfa26b061118fe3e2fae,IRMAS,Opus,48,Opus,2.291096973639976e-05,6.588839888607794e-05,0.9999112006313776,9.62745936982379,14.489449963663223,18.57794191783622,10.72842564391599,1,False,49.748
898b71637867667c7247d110,9b0dd68e66c39d9b0395b392bbdb5bcd9ecec9d67c33dfa26b061118fe3e2fae,IRMAS,Opus,64,Opus,1.5408185908148477e-05,3.177757866599151e-05,0.9999528142354258,10.356702403377925,14.547821006524817,18.64751078252516,10.876641551232762,1,False,65.908
a96f1f2392cd914645588e1e,9b0dd68e66c39d9b0395b392bbdb5bcd9ecec9d67c33dfa26b061118fe3e2fae,IRMAS,Opus,80,MP3,0.00029042756756783486,0.9005372309837236,0.09917234144870864,-2.2061323491785387,14.04974011814095,17.21889491531812,11.861261549009196,1,False,82.068
e91003fc9c02852e7784e352,9b0dd68e66c39d9b0395b392bbdb5bcd9ecec9d67c33dfa26b061118fe3e2fae,IRMAS,Opus,96,MP3,0.0015614849967113445,0.6340240279572297,0.36441448704605905,-0.5537949322203906,13.663847108136833,16.98500681143248,11.893161374144908,1,False,98.228
e10bc5ff795ba14a73eb4fce,9b0dd68e66c39d9b0395b392bbdb5bcd9ecec9d67c33dfa26b061118fe3e2fae,IRMAS,Opus,128,Opus,0.005634759858230588,0.383600242774632,0.6107649973671374,0.4651112895988081,13.378719647143459,16.891108610056715,11.87124499286715,1,False,130.952
0b69d0d9418c98868b74741e,9ce5ed39a18ef74d6a4a1d3839989266d80ec42d4a2c3d16b1e5bd76ba545ebe,IRMAS,AAC,32,AAC,0.9468839141477271,0.006472753375421174,0.046643332476851714,3.0106465123976944,12.627954229693037,9.649684450537961,15.96865937558032,2,True,37.124
b776a1213108059f8d2cfcf8,9ce5ed39a18ef74d6a4a1d3839989266d80ec42d4a2c3d16b1e5bd76ba545ebe,IRMAS,AAC,48,MP3,0.014796303567911697,0.8780049827443852,0.1071987136877032,-4.083274878076284,11.648390147335034,8.483998362105057,13.72133338544145,2,True,54.14
6c32b768955cc2ac191de301,9ce5ed39a18ef74d6a4a1d3839989266d80ec42d4a2c3d16b1e5bd76ba545ebe,IRMAS,AAC,64,MP3,0.018641007067005964,0.9013960643092246,0.07996292862376955,-3.87858090905121,11.096654978830973,9.07331122411319,12.537685496021817,2,True,70.168
2e8bda3edc23bc033531906b,9ce5ed39a18ef74d6a4a1d3839989266d80ec42d4a2c3d16b1e5bd76ba545ebe,IRMAS,AAC,80,MP3,0.029279210023251297,0.7644775644145069,0.20624322556224187,-3.262314969545952,11.586751595320122,9.588946356766131,12.688705927501287,2,True,86.376
1d686ddc6e818bc9219c3352,9ce5ed39a18ef74d6a4a1d3839989266d80ec42d4a2c3d16b1e5bd76ba545ebe,IRMAS,AAC,96,Opus,0.010705040740541098,0.06785802677536662,0.9214369324840923,-4.455219606923857,11.526951710437318,9.947295756603916,11.974054101179625,2,True,102.512
097ec4167de8b1919c6a689d,9ce5ed39a18ef74d6a4a1d3839989266d80ec42d4a2c3d16b1e5bd76ba545ebe,IRMAS,AAC,128,AAC,0.999999904013347,3.4836287707521304e-08,6.115036542498227e-08,16.60992990296573,11.401425693239839,12.404564747030873,13.177875670069172,1,False,130.648
4133e783cbfb887a680998dc,9ce5ed39a18ef74d6a4a1d3839989266d80ec42d4a2c3d16b1e5bd76ba545ebe,IRMAS,MP3,32,MP3,0.0007377270404899111,0.998140840575777,0.0011214323837330433,6.791287606935597,18.69035548944218,13.084216467332041,21.243306098484407,1,False,33.584
46198c9ef2bd7442dffa5b46,9ce5ed39a18ef74d6a4a1d3839989266d80ec42d4a2c3d16b1e5bd76ba545ebe,IRMAS,MP3,48,MP3,0.06364195163065021,0.8614701623725688,0.07488788599678114,2.44264827910956,15.194243675577766,10.82119532878731,18.063245157582433,1,False,49.904
5c62dbe54581803128977c07,9ce5ed39a18ef74d6a4a1d3839989266d80ec42d4a2c3d16b1e5bd76ba545ebe,IRMAS,MP3,64,AAC,0.5019081524740578,0.03638848679447422,0.461703360731468,-2.6241647119976426,11.927025140909294,10.27238432435305,14.982868205971247,1,False,66.224
46530341f9150f4e8051df8f,9ce5ed39a18ef74d6a4a1d3839989266d80ec42d4a2c3d16b1e5bd76ba545ebe,IRMAS,MP3,80,Opus,0.14942293618015517,0.336645835227448,0.5139312285923968,-0.42305801629997836,11.089983613401323,9.172562650548691,13.506942991324497,1,False,82.736
42570bdc37f6f6529e93f8e4,9ce5ed39a18ef74d6a4a1d3839989266d80ec42d4a2c3d16b1e5bd76ba545ebe,IRMAS,MP3,96,MP3,0.0060049964676348044,0.5714411290426141,0.4225538744897511,0.301844514376552,11.094868265149742,8.809647688776174,12.393135024157827,1,False,99.248
662229e3494352401216f8d9,9ce5ed39a18ef74d6a4a1d3839989266d80ec42d4a2c3d16b1e5bd76ba545ebe,IRMAS,MP3,128,MP3,0.0006112280732798778,0.8697666955090347,0.12962207641768547,1.9036018974635533,11.308596833485486,9.125604113963721,10.7246188151889,1,False,132.272
203a16d996b79bcc0b567e04,9ce5ed39a18ef74d6a4a1d3839989266d80ec42d4a2c3d16b1e5bd76ba545ebe,IRMAS,Opus,32,Opus,0.011041778632788338,0.04692132597594194,0.9420368953912697,2.999572157148603,10.715999343571157,8.065031958359349,12.701321147974854,3,True,33.588
32a1a014e1aceee34981223b,9ce5ed39a18ef74d6a4a1d3839989266d80ec42d4a2c3d16b1e5bd76ba545ebe,IRMAS,Opus,48,Opus,0.007653070642270461,0.006299243296993445,0.986047686060736,4.858597758128905,11.146485744905586,8.585388701023719,13.019264921853845,3,True,49.748
4e7e2d9fd71b99269347cb79,9ce5ed39a18ef74d6a4a1d3839989266d80ec42d4a2c3d16b1e5bd76ba545ebe,IRMAS,Opus,64,Opus,0.0006803057793503362,0.008609208088517435,0.9907104861321323,4.745590010063928,10.59781895482071,9.166723178022918,10.449856852765501,2,True,65.908
20950e6152c9220d8b1097ef,9ce5ed39a18ef74d6a4a1d3839989266d80ec42d4a2c3d16b1e5bd76ba545ebe,IRMAS,Opus,80,Opus,0.0011582101740186344,0.01425200969857516,0.9845897801274062,4.23532715930033,10.974600941906985,9.380527079794494,10.858502219969482,2,True,82.068
dd24e6236108d454608666ed,9ce5ed39a18ef74d6a4a1d3839989266d80ec42d4a2c3d16b1e5bd76ba545ebe,IRMAS,Opus,96,Opus,0.0017400410299961862,0.025174509679118672,0.973085449290885,3.654639936857656,11.109158438809173,9.507998366099926,10.95164048966218,2,True,98.228
45a85bcb576740fe05c59a45,9ce5ed39a18ef74d6a4a1d3839989266d80ec42d4a2c3d16b1e5bd76ba545ebe,IRMAS,Opus,128,Opus,0.0019164367105031993,0.00824943596261055,0.9898341273268862,4.7873925510952535,11.364922635551808,9.971836295104884,11.378495377438371,3,True,130.952
f5f9fafdb24bf7f71b606814,b0c634802c9198103bdea348183df0b45896791cd10162f9dd15b2edc849d46b,IRMAS,AAC,32,AAC,0.9892579270237073,7.514580876788446e-05,0.010666927167524702,4.5298070576098155,9.701404638976728,10.01560220023364,13.356151490924734,1,False,37.668
7dc3bb4852f343b8733abb3c,b0c634802c9198103bdea348183df0b45896791cd10162f9dd15b2edc849d46b,IRMAS,AAC,48,MP3,0.06921249967749765,0.6385501889752861,0.2922373113472163,-2.222018799397122,9.99967285181374,10.444870285162047,11.012544305595672,1,False,53.544
222b3542a36b8af167f4a7a4,b0c634802c9198103bdea348183df0b45896791cd10162f9dd15b2edc849d46b,IRMAS,AAC,64,MP3,0.038806468539928196,0.928810759132015,0.032382772328056725,-3.175318066542282,10.028489793631497,10.595176466323412,10.507896318468912,1,False,69.992
97177059f967259d0fbd722b,b0c634802c9198103bdea348183df0b45896791cd10162f9dd15b2edc849d46b,IRMAS,AAC,80,MP3,0.035643543144974206,0.9463913644162832,0.017965092438742485,-3.279088175453313,9.923664131189046,10.604856842635712,10.381845447279877,1,False,86.44
5fc1cf04e7cb4844fc3824e5,b0c634802c9198103bdea348183df0b45896791cd10162f9dd15b2edc849d46b,IRMAS,AAC,96,MP3,0.060429147722895434,0.8510449989206745,0.08852585335643011,-2.6449934381420244,9.822484547974115,10.645129519667513,10.02692130765577,1,False,102.624
7f898081d0567f6701812528,b0c634802c9198103bdea348183df0b45896791cd10162f9dd15b2edc849d46b,IRMAS,AAC,128,AAC,0.9250052864593845,0.07129337343416144,0.003701340106454049,2.5629960686985087,9.02021516056682,10.735607173377476,9.47586097911172,1,False,131.152
7fa64b908ff2f0b6597e0605,b0c634802c9198103bdea348183df0b45896791cd10162f9dd15b2edc849d46b,IRMAS,MP3,32,MP3,0.00125158965272447,0.998369012295209,0.00037939805206651085,6.681708494228863,18.827883487648823,13.181048967605124,21.491919932875593,1,False,33.584
3676a3e240220b4252b1dc0d,b0c634802c9198103bdea348183df0b45896791cd10162f9dd15b2edc849d46b,IRMAS,MP3,48,AAC,0.982357935265477,2.290450672735038e-05,0.017619160227795645,-10.666377325602497,12.12932041467645,12.256893093941885,15.837851297265827,2,True,49.904
4c8fe53c39c4818518a158be,b0c634802c9198103bdea348183df0b45896791cd10162f9dd15b2edc849d46b,IRMAS,MP3,64,AAC,0.6745039362309206,0.2841476820060391,0.04134838176304029,-0.8644834013388913,9.158244370493268,11.14389248106422,11.708250164476283,2,True,66.224
fe3b3ad0f6d81a4c9c0d285c,b0c634802c9198103bdea348183df0b45896791cd10162f9dd15b2edc849d46b,IRMAS,MP3,80,Opus,0.03527817157469301,0.3188299083316619,0.645891920093645,-0.7059744255690863,10.504797672871803,11.664763385210696,10.786909564922246,3,True,82.736
01af32234996d9f25a50263c,b0c634802c9198103bdea348183df0b45896791cd10162f9dd15b2edc849d46b,IRMAS,MP3,96,MP3,0.03487148672269703,0.6991336223320205,0.2659948909452825,0.9663647844745441,9.808465461046534,10.816344114866638,10.018924559251975,3,True,99.248
3770b5b62839f3d0dc211ae1,b0c634802c9198103bdea348183df0b45896791cd10162f9dd15b2edc849d46b,IRMAS,MP3,128,MP3,0.02779325792819862,0.9432894518020506,0.028917290269750793,3.4849334879120226,9.923454829394547,10.675303247236133,10.474005441555493,3,True,132.272
67c4ad6881cd676d66293db1,b0c634802c9198103bdea348183df0b45896791cd10162f9dd15b2edc849d46b,IRMAS,Opus,32,Opus,0.0004462691371848169,0.010089816035848053,0.9894639148269672,4.5856366944146565,9.127809914391802,10.570930383087836,6.478502901692162,1,False,33.588
2c5dbeda6962a0de98f77fef,b0c634802c9198103bdea348183df0b45896791cd10162f9dd15b2edc849d46b,IRMAS,Opus,48,Opus,0.00039802216398979103,0.016585027121054217,0.9830169507149561,4.082126056185294,9.102325934174901,10.627254097413251,6.2813507378898334,1,False,49.748
3e26886d42cd43411348a979,b0c634802c9198103bdea348183df0b45896791cd10162f9dd15b2edc849d46b,IRMAS,Opus,64,Opus,0.0005837354219169783,0.055108709300344984,0.944307555277738,2.84114414597125,9.349810720654055,10.866865165624228,6.499646537994123,1,False,65.908
3ac9c2eff13b316bf326c44d,b0c634802c9198103bdea348183df0b45896791cd10162f9dd15b2edc849d46b,IRMAS,Opus,80,MP3,0.015771372445332197,0.7519403706302742,0.2322882569243937,-1.174677939269729,9.141176403152159,10.247594317848693,8.790047057797043,1,False,82.068
411926db8193e0606e216c95,b0c634802c9198103bdea348183df0b45896791cd10162f9dd15b2edc849d46b,IRMAS,Opus,96,MP3,0.03266222693092095,0.8878505860746188,0.07948718699446014,-2.4132076311200494,9.488103262031755,10.47553668141588,9.391770614157906,1,False,98.228
855c007522d46c254561a106,b0c634802c9198103bdea348183df0b45896791cd10162f9dd15b2edc849d46b,IRMAS,Opus,128,MP3,0.05642928061713201,0.8408323356301043,0.10273838375276374,-2.102206483509926,9.542877230763278,10.533820855116684,9.619985819307223,2,True,130.952
3a6c79e4fdd851fde3c611de,d01de8e805749b4a6b4d761d85640fe2c3c1d524fcc03af41060b00f70ac58a9,IRMAS,AAC,32,AAC,0.9993472621943412,2.0829918211489941e-07,0.0006525295064765962,7.334001248204332,10.846619288372473,12.840838184033448,14.985314469823141,1,False,37.6
1c70ee657567a01f9b478d66,d01de8e805749b4a6b4d761d85640fe2c3c1d524fcc03af41060b00f70ac58a9,IRMAS,AAC,48,Opus,0.007775841237809721,0.3308867833130567,0.6613373754491335,-4.443242461226921,15.398674552331094,17.327179188408575,15.607187274844144,1,False,53.896
30b95a758f80a1900c71acc8,d01de8e805749b4a6b4d761d85640fe2c3c1d524fcc03af41060b00f70ac58a9,IRMAS,AAC,64,MP3,0.0039149175243918186,0.5744526092575558,0.4216324732180525,-4.988623340818705,15.277824929484991,17.195568724138894,15.259738668485458,2,True,70.172
eb716de30885a1634ba9b1f7,d01de8e805749b4a6b4d761d85640fe2c3c1d524fcc03af41060b00f70ac58a9,IRMAS,AAC,80,Opus,0.0038309471636553487,0.321665458350235,0.6745035944861095,-5.170864930911563,15.3075727277528,17.281271124837218,15.26291703649383,2,True,86.692
27936229cd56ab15cd6837f1,d01de8e805749b4a6b4d761d85640fe2c3c1d524fcc03af41060b00f70ac58a9,IRMAS,AAC,96,Opus,0.0014665521988703673,0.18596586622740946,0.8125675815737201,-6.3172848850807615,15.092041607909488,17.08812633582197,14.681178584049572,2,True,102.812
0e3f19f97592e42d042bb2c4,d01de8e805749b4a6b4d761d85640fe2c3c1d524fcc03af41060b00f70ac58a9,IRMAS,AAC,128,AAC,0.9115786741294085,0.005437458881547275,0.0829838669890442,2.3965316879297522,14.324845512156351,17.227160245666457,14.71430238534233,1,False,135.876
d129575885fec112d21c10da,d01de8e805749b4a6b4d761d85640fe2c3c1d524fcc03af41060b00f70ac58a9,IRMAS,MP3,32,MP3,5.220500760849691e-05,0.9999436836016928,4.111390698649481e-06,9.86027581849539,21.432792029288155,16.330652130535885,24.356811734339956,1,False,33.584
a713b3be37798adcaeac4049,d01de8e805749b4a6b4d761d85640fe2c3c1d524fcc03af41060b00f70ac58a9,IRMAS,MP3,48,AAC,0.999558100517701,3.550410284547838e-08,0.0004418639781959919,-17.153175576882383,16.66283897017644,17.506628621543506,20.125750253011525,2,True,49.904
e2b561f94e3cdb17744e19c5,d01de8e805749b4a6b4d761d85640fe2c3c1d524fcc03af41060b00f70ac58a9,IRMAS,MP3,64,Opus,0.023955678415232256,0.2805047778775042,0.6955395437072636,-0.9080971080147102,15.96848335909239,17.942145406965288,16.76007345376471,3,True,66.224
efc31bdca8e858cea1bf1b73,d01de8e805749b4a6b4d761d85640fe2c3c1d524fcc03af41060b00f70ac58a9,IRMAS,MP3,80,Opus,0.004353156363712967,0.24647210137264064,0.7491747422636464,-1.111723448997503,16.40207601947117,18.2385327065956,16.840303326583793,3,True,82.736
8734737ee79e5b077e449232,d01de8e805749b4a6b4d761d85640fe2c3c1d524fcc03af41060b00f70ac58a9,IRMAS,MP3,96,Opus,0.009324744767702902,0.4430696596651641,0.5476055955671331,-0.2118283087324493,16.323720507859367,18.21391878173871,16.78430446920805,3,True,99.248
5a8f6e6ceca33cabe0a2f2ff,d01de8e805749b4a6b4d761d85640fe2c3c1d524fcc03af41060b00f70ac58a9,IRMAS,MP3,128,Opus,0.007639460607153249,0.3671611638648472,0.6251993755279996,-0.5322697094534998,16.174483457844246,18.052797330008005,16.63100079616532,3,True,132.272
6cc8d522dfd15319e85905d2,d01de8e805749b4a6b4d761d85640fe2c3c1d524fcc03af41060b00f70ac58a9,IRMAS,Opus,32,Opus,0.0011631453263995163,0.010490798206418229,0.9883460564671822,4.54553438436255,12.561080123246503,14.986547029943287,12.31141591958409,1,False,33.588
d8e5c145be630bbebc4f800b,d01de8e805749b4a6b4d761d85640fe2c3c1d524fcc03af41060b00f70ac58a9,IRMAS,Opus,48,Opus,0.001083192320668739,0.023349972760897748,0.9755668349184335,3.732422853658002,14.535656812705405,16.660564970033676,14.166916425873495,1,False,49.748
d85e590fd096544a0325ae7b,d01de8e805749b4a6b4d761d85640fe2c3c1d524fcc03af41060b00f70ac58a9,IRMAS,Opus,64,Opus,0.0006369785868470698,0.04503035381790367,0.9543326675952493,3.0536755271704052,15.679038674053212,17.70146510023615,15.27746243927425,1,False,65.908
94403e2f5e765d77cd717965,d01de8e805749b4a6b4d761d85640fe2c3c1d524fcc03af41060b00f70ac58a9,IRMAS,Opus,80,Opus,0.0009935838550482082,0.046286298615528895,0.9527201175294229,3.0244751837548063,15.066332264822616,17.175579161574696,14.87573474554725,1,False,82.068
dc7cfce540a6dd908d3461eb,d01de8e805749b4a6b4d761d85640fe2c3c1d524fcc03af41060b00f70ac58a9,IRMAS,Opus,96,Opus,0.0024656747969806206,0.05550626551521252,0.9420280596878068,2.831539154940549,14.847527704999484,16.997912288250305,14.812088523176918,1,False,98.228
14c47edf9bb090babd1ecf9f,d01de8e805749b4a6b4d761d85640fe2c3c1d524fcc03af41060b00f70ac58a9,IRMAS,Opus,128,Opus,0.003343601273551746,0.07436735606262834,0.9222890426638198,2.517841586768705,15.317427475791211,17.42657574999735,15.326397137416233,2,True,130.952
55463d02360855233cb3b958,d607134f6ff074b0e428f705410f67ec9f16dbd14e4d8f55dcd4435eac0db446,IRMAS,AAC,32,AAC,0.8956995219792673,3.2303258459084397e-06,0.10429724769488677,2.1503600284904847,17.4245970922328,21.791889561129743,18.7437846775412,1,False,37.244
05d99ea26b11bb4d73fd2d28,d607134f6ff074b0e428f705410f67ec9f16dbd14e4d8f55dcd4435eac0db446,IRMAS,AAC,48,Opus,1.1082813911227972e-05,0.03890463283198388,0.9610842843541049,-11.370421776766381,21.733866183636405,25.328877079538266,19.91015562565563,2,True,54.072
ed06aa09e2998fa7cda01e58,d607134f6ff074b0e428f705410f67ec9f16dbd14e4d8f55dcd4435eac0db446,IRMAS,AAC,64,Opus,2.1825963872455492e-05,0.036024139748053435,0.9639540342880741,-10.695698625745194,21.356323762870495,25.073576487716572,19.55799520889987,2,True,70.172
bbb2fc7cb9ac054fc616c556,d607134f6ff074b0e428f705410f67ec9f16dbd14e4d8f55dcd4435eac0db446,IRMAS,AAC,80,Opus,1.1613072853328254e-05,0.014655808184172803,0.985332578742974,-11.348603072886696,21.400002678393466,25.133645564803054,19.59349375646411,2,True,86.412
7ad941ac3c53fad780044bcc,d607134f6ff074b0e428f705410f67ec9f16dbd14e4d8f55dcd4435eac0db446,IRMAS,AAC,96,Opus,1.7445383239471584e-05,0.0059761974903385804,0.9940063571264219,-10.950423838278192,21.494062225882253,25.386363957342056,19.43383964131628,2,True,102.876
281ff2b49114b40a73a91b4b,d607134f6ff074b0e428f705410f67ec9f16dbd14e4d8f55dcd4435eac0db446,IRMAS,AAC,128,Opus,0.042098808060125816,0.004545494122605856,0.9533556978172683,-3.119968645942993,21.380353347861416,25.890242436131416,20.080818516364964,2,True,133.576
4fd36bc49b9c563029e38044,d607134f6ff074b0e428f705410f67ec9f16dbd14e4d8f55dcd4435eac0db446,IRMAS,MP3,32,MP3,3.9770062585459515e-06,0.9957326076184972,0.004263415375244127,5.4534081849502,21.533618612805185,18.85592332379483,23.756809936915023,1,False,33.584
5ddcb8e62cb261fa290a0a43,d607134f6ff074b0e428f705410f67ec9f16dbd14e4d8f55dcd4435eac0db446,IRMAS,MP3,48,AAC,0.9954298622476829,2.3573869816728843e-09,0.004570135394930172,-19.861131429716693,20.83168135423314,24.249385060946675,22.976736856138434,3,True,49.904
78ff411a8b19fea675023e85,d607134f6ff074b0e428f705410f67ec9f16dbd14e4d8f55dcd4435eac0db446,IRMAS,MP3,64,Opus,5.102780044200332e-06,0.0022345340913212178,0.9977603631286346,-6.10148038429745,24.235555066986652,27.769986391683396,23.090332755879736,3,True,66.224
e5fed96507d20680ae21533a,d607134f6ff074b0e428f705410f67ec9f16dbd14e4d8f55dcd4435eac0db446,IRMAS,MP3,80,Opus,1.2719569816553417e-05,0.011726399794488107,0.9882608806356954,-4.434104019455544,22.875799441619883,26.53100617108216,21.545985667306677,3,True,82.736
105af193a0861618c9d1c547,d607134f6ff074b0e428f705410f67ec9f16dbd14e4d8f55dcd4435eac0db446,IRMAS,MP3,96,Opus,2.599378165830716e-05,0.01817505640613707,0.9817989498122046,-3.989336425051735,22.16398064782391,25.879684918860594,20.84489438521315,3,True,99.248
aba11314cb8b3553e240ed3d,d607134f6ff074b0e428f705410f67ec9f16dbd14e4d8f55dcd4435eac0db446,IRMAS,MP3,128,Opus,4.898113121489753e-05,0.029349790092355374,0.9706012287764297,-3.4986303085973804,21.32592479040864,25.071429868830034,19.98853870283167,3,True,132.272
1894ca93898577f1daf560b7,d607134f6ff074b0e428f705410f67ec9f16dbd14e4d8f55dcd4435eac0db446,IRMAS,Opus,32,Opus,3.5894314022014505e-07,0.04704436786680318,0.9529552731900567,3.0084768163176405,19.5839974401738,23.092619866717,16.017496393117437,1,False,33.588
1e1c60fa30ec048a20756b3b,d607134f6ff074b0e428f705410f67ec9f16dbd14e4d8f55dcd4435eac0db446,IRMAS,Opus,48,Opus,3.848832779060313e-07,0.12771203044941623,0.8722875846673058,1.921341201178853,20.235610572227586,23.746446381082826,16.68264583235238,1,False,49.748
1dd7d54a0004d82975e4e4b5,d607134f6ff074b0e428f705410f67ec9f16dbd14e4d8f55dcd4435eac0db446,IRMAS,Opus,64,Opus,2.1706108836804465e-07,0.31759648291366244,0.6824033000252492,0.7648391767139264,21.191479880264644,24.65773070938765,17.921614909058178,1,False,65.908
78c1f2eaa06ebb68990294b7,d607134f6ff074b0e428f705410f67ec9f16dbd14e4d8f55dcd4435eac0db446,IRMAS,Opus,80,Opus,3.878899474876396e-06,0.016829062282657768,0.9831670588178674,4.067671764003711,19.897260777993505,23.7524305917437,17.58344584859919,1,False,82.068
a45374e9b4ab8be59979ec7d,d607134f6ff074b0e428f705410f67ec9f16dbd14e4d8f55dcd4435eac0db446,IRMAS,Opus,96,Opus,1.4173369383128775e-05,0.029026437756560112,0.9709593888740568,3.5100775819272085,20.130305072871472,24.00881991498009,18.05295361940206,1,False,98.228
ad22589b421533a31de779d3,d607134f6ff074b0e428f705410f67ec9f16dbd14e4d8f55dcd4435eac0db446,IRMAS,Opus,128,Opus,1.1902936018314148e-05,0.0023779665669893374,0.9976101304969924,6.039116810311194,20.368347476865285,24.333286425443436,18.66973396917809,1,False,130.952
be11e70ae87f72458492ad3a,da1b158516538de87bfc81641722901fdc27b7ad94133d7cbf05975e2d378c9e,IRMAS,AAC,32,AAC,0.9268220799433056,0.03138771365785217,0.04179020639884227,3.099099600722953,15.810732817887871,11.75510169076222,19.29618029677729,2,True,37.276
7cab91e39230ad87d02fe0bc,da1b158516538de87bfc81641722901fdc27b7ad94133d7cbf05975e2d378c9e,IRMAS,AAC,48,AAC,0.4707863968177887,0.39065192967109386,0.13856167351111737,0.18658752313626537,13.658568218783982,9.056880137339899,17.16060350699321,2,True,53.8
1b3648f7e6bfe5ccfdade3fa,da1b158516538de87bfc81641722901fdc27b7ad94133d7cbf05975e2d378c9e,IRMAS,AAC,64,MP3,0.269991376046104,0.6314591736281491,0.09854945032574698,-0.8496432719457161,12.867985780372647,8.384691825385396,16.37904948615566,2,True,70.04
f3ead7f0f09875aab771bf98,da1b158516538de87bfc81641722901fdc27b7ad94133d7cbf05975e2d378c9e,IRMAS,AAC,80,MP3,0.32986650525290984,0.4874538404500424,0.18267965429704777,-0.39050755661880904,12.73177627914265,8.302070615576655,16.145468351863315,2,True,86.376
3967b2a2cc255bcbd4d0264b,da1b158516538de87bfc81641722901fdc27b7ad94133d7cbf05975e2d378c9e,IRMAS,AAC,96,AAC,0.448871911017579,0.31985999891248046,0.2312680900699406,0.33885417425042635,12.638187499772725,8.245890024081525,15.996284860503524,2,True,102.448
da540aaf5d8c88024a151911,da1b158516538de87bfc81641722901fdc27b7ad94133d7cbf05975e2d378c9e,IRMAS,AAC,128,AAC,0.9976075997400204,0.0011872053341265697,0.0012051949258528871,6.718718694306617,12.41733163900427,8.664643289968879,16.17497060174328,2,True,129.732
43c802246985b5947169ed71,da1b158516538de87bfc81641722901fdc27b7ad94133d7cbf05975e2d378c9e,IRMAS,MP3,32,MP3,0.0006429391846837297,0.9913518755659614,0.008005185249354764,4.818980054627255,19.413234513524547,13.758740420062038,22.091362485083568,1,False,33.584
f7b635d31bc4d27b4577a5c3,da1b158516538de87bfc81641722901fdc27b7ad94133d7cbf05975e2d378c9e,IRMAS,MP3,48,MP3,0.004225464223240849,0.9871642493819328,0.008610286394826385,4.741878857403594,16.62043448333927,10.973480732590522,19.744065715570464,1,False,49.904
e70b11b10e25f267c0dc156f,da1b158516538de87bfc81641722901fdc27b7ad94133d7cbf05975e2d378c9e,IRMAS,MP3,64,MP3,0.23548720585502542,0.5291330543751416,0.23537973976983292,0.8095833363890643,14.429104185232429,9.70634415967485,17.903577533026166,1,False,66.224
1c7d1d82400956ab36941583,da1b158516538de87bfc81641722901fdc27b7ad94133d7cbf05975e2d378c9e,IRMAS,MP3,80,MP3,0.324708676217887,0.42040821530018957,0.2548831084819234,0.25829778096720823,13.80760122814022,9.353996574397666,17.326364995036936,1,False,82.736
f2a7ad2cfb3e3c8dd5a5e0ba,da1b158516538de87bfc81641722901fdc27b7ad94133d7cbf05975e2d378c9e,IRMAS,MP3,96,AAC,0.406844928796742,0.3481356438735561,0.24501942732970186,-0.15583991743695336,13.420884701276997,9.082234415784187,16.944344322798706,1,False,99.248
a54673797e810cde78788a5c,da1b158516538de87bfc81641722901fdc27b7ad94133d7cbf05975e2d378c9e,IRMAS,MP3,128,MP3,0.2540920890499079,0.44093605726920726,0.304971853680885,0.3686803807440901,12.871899486472975,8.349044051958302,16.227269038199786,1,False,132.272
2b424a58b07e3641bf116ae0,da1b158516538de87bfc81641722901fdc27b7ad94133d7cbf05975e2d378c9e,IRMAS,Opus,32,AAC,0.5644409078374728,0.298953372249361,0.13660571991316614,-1.4187368778651455,11.972335329458055,8.068511803886908,15.728832041166621,3,True,33.588
58216adfa11be0856657c8ef,da1b158516538de87bfc81641722901fdc27b7ad94133d7cbf05975e2d378c9e,IRMAS,Opus,48,AAC,0.4325325589754437,0.24580442828340965,0.32166301274114667,-0.2961531511541395,12.324662467850525,8.12223616199746,15.995453537963602,3,True,49.748
6ea8b1d29ff2dddab3467895,da1b158516538de87bfc81641722901fdc27b7ad94133d7cbf05975e2d378c9e,IRMAS,Opus,64,MP3,0.09628706454427195,0.5113882732506645,0.39232466220506346,-0.2650394149985058,12.067363898098595,7.375428193421173,15.303826429061004,3,True,65.908
ab6ec97917db434930fad416,da1b158516538de87bfc81641722901fdc27b7ad94133d7cbf05975e2d378c9e,IRMAS,Opus,80,Opus,0.1312328721691947,0.3567695658308726,0.5119975619999327,0.3612297638006922,12.221043123467318,7.687685626339754,15.399887721760125,3,True,82.068
34fbe99586d13ee311384e75,da1b158516538de87bfc81641722901fdc27b7ad94133d7cbf05975e2d378c9e,IRMAS,Opus,96,Opus,0.15103455566786275,0.37201518652326115,0.47695025780887607,0.24847752670042367,12.394494213373836,7.785140401508064,15.565723108317556,3,True,98.228
f814ecad4c19e998631195bf,da1b158516538de87bfc81641722901fdc27b7ad94133d7cbf05975e2d378c9e,IRMAS,Opus,128,Opus,0.19284783130193106,0.39522352909224284,0.4119286396058262,0.04139862822943502,12.494712553330364,7.918776193799963,15.699296996223127,3,True,130.952
28e153f4081d1df55ef6ab8e,ed4c08c234f7fc97effd7fbf1af994c373271c49f3b4e939c111d5ebc7345809,IRMAS,AAC,32,AAC,0.9999377046754828,5.876487983835522e-09,6.22894480291223e-05,9.683656222780568,15.618066417569874,16.911243532012143,19.39949573825484,1,False,37.704
420e9a9868b83122ea659563,ed4c08c234f7fc97effd7fbf1af994c373271c49f3b4e939c111d5ebc7345809,IRMAS,AAC,48,AAC,0.6813419884273891,0.031042507198544556,0.28761550437406647,0.8624398318457993,12.62279873420829,15.04689458970603,14.22316584913366,1,False,54.156
062014e7a1eb07e4096924ca,ed4c08c234f7fc97effd7fbf1af994c373271c49f3b4e939c111d5ebc7345809,IRMAS,AAC,64,MP3,0.18231711097007156,0.8069291615788126,0.01075372745111585,-1.4874883455831176,11.440881578039166,14.255271660342173,11.418408180828907,2,True,70.168
caf94578b485d57c761d97d3,ed4c08c234f7fc97effd7fbf1af994c373271c49f3b4e939c111d5ebc7345809,IRMAS,AAC,80,MP3,0.017464246057224988,0.9693161289509615,0.013219624991813509,-4.01643509260757,11.947823678562248,14.141046400051279,10.821773779577478,2,True,86.28
67f9d48b29cebd687ec7647b,ed4c08c234f7fc97effd7fbf1af994c373271c49f3b4e939c111d5ebc7345809,IRMAS,AAC,96,MP3,0.0024412550269425517,0.5877131487205153,0.4098455962525421,-5.483726724178715,13.035160867326548,14.911309733120229,11.102437470295666,2,True,102.712
952a60f6b76922e30d76477e,ed4c08c234f7fc97effd7fbf1af994c373271c49f3b4e939c111d5ebc7345809,IRMAS,AAC,128,AAC,0.6880641259356569,0.09216353766535855,0.21977233639898455,1.1412898639003972,12.585158069268982,15.439637555744358,11.173925173751758,2,True,131.772
9fcdd258053ff1951fc7cd67,ed4c08c234f7fc97effd7fbf1af994c373271c49f3b4e939c111d5ebc7345809,IRMAS,MP3,32,MP3,0.00018306062992598418,0.999622289179577,0.00019465019049701003,8.543928723072845,16.13352075787588,11.498154694238842,19.353383036774254,1,False,33.584
ae50ca32ca6d5789ba8f300f,ed4c08c234f7fc97effd7fbf1af994c373271c49f3b4e939c111d5ebc7345809,IRMAS,MP3,48,AAC,0.986975195922061,5.935582504776623e-05,0.012965448252891192,-9.718849923689385,13.382242908427502,13.654370102562206,17.18567190108301,2,True,49.904
7b54295b5680766223632213,ed4c08c234f7fc97effd7fbf1af994c373271c49f3b4e939c111d5ebc7345809,IRMAS,MP3,64,Opus,0.07846461501699598,0.10277886077116306,0.8187565242118409,-2.0752070580670976,12.301154376676237,14.70447523602347,13.932881575852646,3,True,66.224
cc880f6de02a1204d85f0256,ed4c08c234f7fc97effd7fbf1af994c373271c49f3b4e939c111d5ebc7345809,IRMAS,MP3,80,MP3,0.00263312383983717,0.9145169282342475,0.08284994792591528,2.4013648632394498,10.101892567062285,12.697933950544899,10.191325747819516,3,True,82.736
814510e9f19bc7ee43a95a65,ed4c08c234f7fc97effd7fbf1af994c373271c49f3b4e939c111d5ebc7345809,IRMAS,MP3,96,MP3,0.0004696968267792297,0.846408994673532,0.15312130849968858,1.7097722147735455,11.671560417035549,13.646802683936386,10.193149801732314,3,True,99.248
0588af631c9717b82a8b99f4,ed4c08c234f7fc97effd7fbf1af994c373271c49f3b4e939c111d5ebc7345809,IRMAS,MP3,128,MP3,0.00041377168789764125,0.5545581307114621,0.4450280976006402,0.22003421491324282,12.535944634711973,14.209201158197848,10.541731378027984,3,True,132.272
3ac68ffe797954f0760056cc,ed4c08c234f7fc97effd7fbf1af994c373271c49f3b4e939c111d5ebc7345809,IRMAS,Opus,32,Opus,2.2800934176460192e-05,0.0013331180538846907,0.9986440810119389,6.6188778400748225,10.943486581178643,14.18148962853196,6.717429342404939,1,False,33.588
f5f43160959559d4f03b6e38,ed4c08c234f7fc97effd7fbf1af994c373271c49f3b4e939c111d5ebc7345809,IRMAS,Opus,48,Opus,1.666168680599257e-05,0.001289703003734533,0.9986936353094595,6.652036098049862,10.862111341129324,13.961153723270963,6.386222424951435,1,False,49.748
95dab8a96ff70bc9dc94d572,ed4c08c234f7fc97effd7fbf1af994c373271c49f3b4e939c111d5ebc7345809,IRMAS,Opus,64,Opus,0.00012514589963714682,0.00041494851473975933,0.9994599055856231,7.78681586597991,10.807610570227398,14.17747661111051,7.049792559307556,1,False,65.908
54a096cc0a9113c59522318c,ed4c08c234f7fc97effd7fbf1af994c373271c49f3b4e939c111d5ebc7345809,IRMAS,Opus,80,Opus,1.0046768007687506e-05,0.36949406521491557,0.6304958880170767,0.5343719550080763,12.06642780343141,14.022763174493464,8.373911180241516,1,False,82.068
e68525b78957591b90f980e1,ed4c08c234f7fc97effd7fbf1af994c373271c49f3b4e939c111d5ebc7345809,IRMAS,Opus,96,MP3,2.4867965238397827e-05,0.6949758219362507,0.3049993100985109,-0.8235675417459634,11.971375795105159,13.794448846096719,8.89781605160768,1,False,98.228
885f31d4d1f2bd43aad89c4e,ed4c08c234f7fc97effd7fbf1af994c373271c49f3b4e939c111d5ebc7345809,IRMAS,Opus,128,Opus,0.00028832840217030375,0.3689803727821136,0.630731298815716,0.5361364856252013,11.465251927715173,13.4268069304952,9.007602355036626,1,False,130.952
6288033c3a6dd79f6adb9fcf,ff3abd41f3703059aa7466f76065ee97d4c7fbd1cb6ea95fdf0da7fe8a9e00e5,IRMAS,AAC,32,AAC,0.9996640671377521,6.563828792260395e-07,0.00033527647936869244,8.000219065672848,8.833318341610155,10.90154416324715,12.970553988452373,1,False,37.476
ac1e2764c70e4cb989c26e2c,ff3abd41f3703059aa7466f76065ee97d4c7fbd1cb6ea95fdf0da7fe8a9e00e5,IRMAS,AAC,48,AAC,0.37619846137958196,0.35724666119764775,0.2665548774227703,0.0516903560349945,8.756125229906232,11.180169821257845,9.700090419202473,1,False,53.576
5e1b99e552c98b327183b078,ff3abd41f3703059aa7466f76065ee97d4c7fbd1cb6ea95fdf0da7fe8a9e00e5,IRMAS,AAC,64,MP3,0.17126659843934797,0.7416501786084405,0.08708322295221146,-1.4656562769567092,8.68395832089712,11.098976555496192,8.730310098639992,1,False,70.036
847be8b804cbee52eddd67a8,ff3abd41f3703059aa7466f76065ee97d4c7fbd1cb6ea95fdf0da7fe8a9e00e5,IRMAS,AAC,80,MP3,0.09946051472663388,0.8377743016393658,0.0627651836340004,-2.1309880059346558,8.597295725646559,11.102478970751758,8.194855215002402,2,True,86.324
4fa8a21d0acc2d4f2862b1b1,ff3abd41f3703059aa7466f76065ee97d4c7fbd1cb6ea95fdf0da7fe8a9e00e5,IRMAS,AAC,96,MP3,0.012136572661939155,0.9261265424476143,0.061736884890446694,-4.334787452246031,8.474544663746713,11.059524231055097,6.835543272778746,2,True,102.52
39d092001dfada957940a7bb,ff3abd41f3703059aa7466f76065ee97d4c7fbd1cb6ea95fdf0da7fe8a9e00e5,IRMAS,AAC,128,AAC,0.9986789882083362,0.0011485124070710825,0.00017249938459263988,6.767965847948414,8.143993887569724,12.194992346377493,7.832525382962774,2,True,131.204
c04d5f90c14dc7062c60e056,ff3abd41f3703059aa7466f76065ee97d4c7fbd1cb6ea95fdf0da7fe8a9e00e5,IRMAS,MP3,32,MP3,0.00011083216533105283,0.9998878477746591,1.3200600098318102e-06,9.107381366443573,20.15913100069126,14.78715590267319,23.104341208089465,1,False,33.584
688f29eba49fa5e4f2e8aa0d,ff3abd41f3703059aa7466f76065ee97d4c7fbd1cb6ea95fdf0da7fe8a9e00e5,IRMAS,MP3,48,AAC,0.9981203419032552,1.5050708645177645e-06,0.0018781530258802277,-13.4047891479428,14.135391829156179,15.021707654389143,17.530810007324934,2,True,49.904
6e176a0ba6b1aa33ad84ff70,ff3abd41f3703059aa7466f76065ee97d4c7fbd1cb6ea95fdf0da7fe8a9e00e5,IRMAS,MP3,64,AAC,0.7565627300718194,0.1677860290021973,0.0756512409259834,-1.506095920487094,10.205776981247814,12.796323111584977,11.959635436414686,3,True,66.224
42d2fbb9c288eb3d6fad0483,ff3abd41f3703059aa7466f76065ee97d4c7fbd1cb6ea95fdf0da7fe8a9e00e5,IRMAS,MP3,80,Opus,0.13945522932660262,0.06297787066566624,0.7975669000077311,-2.538782312887294,10.957044120127792,13.197164130875896,11.577760231221303,3,True,82.736
c61ac04325f61c08e240778b,ff3abd41f3703059aa7466f76065ee97d4c7fbd1cb6ea95fdf0da7fe8a9e00e5,IRMAS,MP3,96,MP3,0.14246501608094414,0.6967528508860815,0.1607821330329742,1.4663805204528826,9.456406253824934,11.809034575409417,9.94672808107131,3,True,99.248
fc0d8c40e0f27c84684b6696,ff3abd41f3703059aa7466f76065ee97d4c7fbd1cb6ea95fdf0da7fe8a9e00e5,IRMAS,MP3,128,MP3,0.020476321319287102,0.9571208086796167,0.022402870001096115,3.75474054464794,8.536433801236521,10.830551963088645,8.221135809295719,3,True,132.272
a4cf044c208d74bcfbd6cec5,ff3abd41f3703059aa7466f76065ee97d4c7fbd1cb6ea95fdf0da7fe8a9e00e5,IRMAS,Opus,32,Opus,0.0029575878492945954,0.0014672694394797792,0.9955751427112257,5.818946582704793,8.506059071181316,11.789658559857866,6.178057655664343,1,False,33.588
495e7e581fe825ed8f79eabb,ff3abd41f3703059aa7466f76065ee97d4c7fbd1cb6ea95fdf0da7fe8a9e00e5,IRMAS,Opus,48,Opus,0.0071993097051967145,0.007014010061058301,0.985786680233745,4.91945483540103,8.351502717934002,11.693515186166783,6.04400297257964,1,False,49.748
2cc6bb3158a16fdc03d83a93,ff3abd41f3703059aa7466f76065ee97d4c7fbd1cb6ea95fdf0da7fe8a9e00e5,IRMAS,Opus,64,Opus,0.01502846520489586,0.07130460772498948,0.9136669270701148,2.5505051428377974,8.270067930070852,11.498461221716248,6.090492073547314,1,False,65.908
ceafd1bda18cfe6c8b54fdce,ff3abd41f3703059aa7466f76065ee97d4c7fbd1cb6ea95fdf0da7fe8a9e00e5,IRMAS,Opus,80,MP3,0.012612457171746217,0.49814170821793563,0.4892458346103182,-0.018019498787838595,8.37596069589199,11.16684147091319,6.26193502882727,1,False,82.068
cabfe967a30ae1672634542e,ff3abd41f3703059aa7466f76065ee97d4c7fbd1cb6ea95fdf0da7fe8a9e00e5,IRMAS,Opus,96,MP3,0.013873000495897517,0.5738647373001808,0.4122622622039217,-0.3307340136677579,8.340351056226465,11.067187291089093,6.373119449543437,1,False,98.228
1dc8aa802144c319d26caf44,ff3abd41f3703059aa7466f76065ee97d4c7fbd1cb6ea95fdf0da7fe8a9e00e5,IRMAS,Opus,128,MP3,0.012807852369060568,0.6476979497617376,0.33949419786920176,-0.6459676041410093,8.429989949210698,11.059742916478557,6.556001688921556,1,False,130.952
a605f124ccb94b323709fb10,03b08addfacc41a0a05967c87d17999c60d1c15634809cac14bf35785e666151,Orchset,AAC,32,AAC,0.9999875257113352,2.8012036023462903e-08,1.2446276628849826e-05,11.294076571372067,11.933394687030324,13.063012659461236,15.964400733907567,1,False,37.448
afe86b7e172152ac04d2e360,03b08addfacc41a0a05967c87d17999c60d1c15634809cac14bf35785e666151,Orchset,AAC,48,MP3,0.047109258589656,0.6863939602168008,0.2664967811935431,-2.678982194183876,11.61818250452284,13.049707049752943,11.935063380427533,1,False,53.676
fa72b5da3e4ee58bbaad8dd0,03b08addfacc41a0a05967c87d17999c60d1c15634809cac14bf35785e666151,Orchset,AAC,64,MP3,0.04017312781500761,0.7245118433421984,0.23531502884279398,-2.8922997987540917,11.73738440341165,13.624657292859592,11.13328075617709,2,True,70.04
9bd2c70611f03cf449183500,03b08addfacc41a0a05967c87d17999c60d1c15634809cac14bf35785e666151,Orchset,AAC,80,MP3,0.025595687013311202,0.7345423043848878,0.23986200860180093,-3.3568237288733416,12.624822906270413,14.557625520765162,11.442426007522373,2,True,86.2
42ab6bf02c77f04e3310a151,03b08addfacc41a0a05967c87d17999c60d1c15634809cac14bf35785e666151,Orchset,AAC,96,Opus,0.0026645882349352387,0.005128889274740535,0.9922065224903241,-5.91988173639797,13.015356000144678,15.385015519718404,10.798905695908164,2,True,102.604
6c487c251d91b2045638211f,03b08addfacc41a0a05967c87d17999c60d1c15634809cac14bf35785e666151,Orchset,AAC,128,AAC,0.9998076669578505,3.8070421302315338e-06,0.00018852600001923998,8.57608227791076,12.150738903990137,16.243558374945444,10.023531849962037,2,True,132.704
ba9e248154af88f99b3a40ab,03b08addfacc41a0a05967c87d17999c60d1c15634809cac14bf35785e666151,Orchset,MP3,32,MP3,4.178779156172858e-05,0.9960185515521967,0.003939660656241532,5.532671291724411,16.905365121794382,11.269144523592002,19.564122418958444,1,False,33.584
d608b054554a9d5d1d6ab986,03b08addfacc41a0a05967c87d17999c60d1c15634809cac14bf35785e666151,Orchset,MP3,48,AAC,0.9769806537235757,1.5544268153359413e-05,0.023003802008271155,-11.048530165941177,12.63696820721258,13.399010134442955,16.115427301159194,2,True,49.904
10435cf4046f0756b3880140,03b08addfacc41a0a05967c87d17999c60d1c15634809cac14bf35785e666151,Orchset,MP3,64,AAC,0.872364614529884,0.07570835000095763,0.051927035469158445,-2.444319014239336,9.9857944215443,12.678943635557653,12.365836757872561,3,True,66.224
1b2221840ec29911ed03cee5,03b08addfacc41a0a05967c87d17999c60d1c15634809cac14bf35785e666151,Orchset,MP3,80,Opus,0.011097420941166206,0.18057364148359367,0.8083289375752403,-1.4988303960094944,11.427947899368887,13.623072321707653,11.204510860773835,3,True,82.736
d639aba2da129e1436308220,03b08addfacc41a0a05967c87d17999c60d1c15634809cac14bf35785e666151,Orchset,MP3,96,MP3,0.002899527630206501,0.8351439531377872,0.1619565192320063,1.6402762095549905,10.494853447616862,12.629139919475612,9.545554700431417,3,True,99.248
55fe5c3a5393d2fba9b78bfe,03b08addfacc41a0a05967c87d17999c60d1c15634809cac14bf35785e666151,Orchset,MP3,128,MP3,2.0035433364978672e-05,0.8924880713138039,0.10749189325283123,2.116597714967196,12.813434277587197,14.159151614385943,9.662299609617149,3,True,132.272
bbbedd4a46b16e7699a25c51,03b08addfacc41a0a05967c87d17999c60d1c15634809cac14bf35785e666151,Orchset,Opus,32,Opus,0.00011704266876020578,0.00044247964067534217,0.9994404776905645,7.722556425447554,12.513230980344762,15.335624242417907,8.79252645816368,1,False,33.588
abd1a129c830c86dea3c5ac1,03b08addfacc41a0a05967c87d17999c60d1c15634809cac14bf35785e666151,Orchset,Opus,48,Opus,7.806445315245022e-05,8.879123633740174e-05,0.9998331443105102,9.329055733118993,12.273768109583937,15.148909364315498,8.61730923361161,1,False,49.748
f9a0e0bb4548e27d39d9c297,03b08addfacc41a0a05967c87d17999c60d1c15634809cac14bf35785e666151,Orchset,Opus,64,Opus,3.358012570608455e-05,0.00032002803636811976,0.9996463918379259,8.046748281661797,12.262866512279416,15.0515233686958,8.445667778467671,1,False,65.908
bda85f4b7877a148b92c541b,03b08addfacc41a0a05967c87d17999c60d1c15634809cac14bf35785e666151,Orchset,Opus,80,Opus,0.00011008055840595844,0.0007578299241006246,0.9991320895174934,7.184183284700195,12.348695729706334,15.084951692367165,8.778895592958376,1,False,82.068
ea3e4d474309cecc75dd339f,03b08addfacc41a0a05967c87d17999c60d1c15634809cac14bf35785e666151,Orchset,Opus,96,Opus,6.574596549218619e-05,0.00028012203206479407,0.999654132002443,8.179939293114288,12.53035926450314,15.196764124478426,9.104762004666735,1,False,98.228
36220a783f5e27ba91c7aa26,03b08addfacc41a0a05967c87d17999c60d1c15634809cac14bf35785e666151,Orchset,Opus,128,Opus,0.0002586568876039243,0.00041648099360717727,0.9993248621187888,7.782994365105413,12.69707355480775,15.366654194420297,9.576783485656776,1,False,130.952
48588b9cf5abf4e583632e32,098a96b7295f1e828ebe073a5d0dcd09939c50f48603e3771076eff1e787719f,Orchset,AAC,32,AAC,0.685376004968582,0.1007746409493522,0.21384935408206573,1.1646957857847033,14.020883909741793,10.846301995490634,16.737123648132513,2,True,37.936
2063fd5ed8c19374d5bf16f6,098a96b7295f1e828ebe073a5d0dcd09939c50f48603e3771076eff1e787719f,Orchset,AAC,48,MP3,0.028937106889271,0.8470241987790971,0.12403869433163191,-3.376604517296898,13.553919778071695,10.282985535438895,15.516606526636146,2,True,54.144
43f02e7bb158c546a406f7ae,098a96b7295f1e828ebe073a5d0dcd09939c50f48603e3771076eff1e787719f,Orchset,AAC,64,MP3,0.010349584274664893,0.9570509128403059,0.03259950288502928,-4.526910238292319,13.304165933504397,10.180288551048001,14.941912760515274,2,True,70.136
0e81b9b27bd75b21ffd5f61e,098a96b7295f1e828ebe073a5d0dcd09939c50f48603e3771076eff1e787719f,Orchset,AAC,80,MP3,0.01909784356353303,0.8890281782443537,0.09187397819211325,-3.8405535053286077,13.27130585226696,10.299700675035771,14.690821454690004,2,True,86.004
6dfa2b457221b2372f0db7fe,098a96b7295f1e828ebe073a5d0dcd09939c50f48603e3771076eff1e787719f,Orchset,AAC,96,Opus,0.011390577608992005,0.11815184990298237,0.8704575724880256,-4.336232530663485,12.61108368895672,10.170490220848782,13.366287573212094,2,True,102.328
c317d4b015b3af48194d82bd,098a96b7295f1e828ebe073a5d0dcd09939c50f48603e3771076eff1e787719f,Orchset,AAC,128,AAC,0.9999252895016885,4.2996463722433614e-05,3.171403458900243e-05,10.054317971376417,12.685275078335806,11.790044425950686,14.375942677899957,2,True,129.356
ea71cbb45b1a0c1a43005a10,098a96b7295f1e828ebe073a5d0dcd09939c50f48603e3771076eff1e787719f,Orchset,MP3,32,MP3,0.00037831555110744256,0.9981445160470495,0.001477168401843223,6.515771058293598,19.69387682321261,14.637935733084792,21.88286579227689,1,False,33.584
1d1d64bb51b37d2f1676697d,098a96b7295f1e828ebe073a5d0dcd09939c50f48603e3771076eff1e787719f,Orchset,MP3,48,MP3,0.009560868676031106,0.9787472441282209,0.01169188719574798,4.427378232379045,15.95403129861198,11.366888006416287,18.59494506616195,1,False,49.904
30b42f456f4d1d25ddd08a53,098a96b7295f1e828ebe073a5d0dcd09939c50f48603e3771076eff1e787719f,Orchset,MP3,64,MP3,0.21734907478181326,0.6564774399547827,0.12617348526340408,1.1053836284184373,13.10104910702176,10.515080604222675,15.693305541755667,1,False,66.224
274d87ae81aadcbcd5d7cc88,098a96b7295f1e828ebe073a5d0dcd09939c50f48603e3771076eff1e787719f,Orchset,MP3,80,MP3,0.014872161141317283,0.8897135052155454,0.09541433364313717,2.2326706916519017,12.622400657173223,9.683060850566697,14.423684981802808,1,False,82.736
7b19a4632fa6d1ea908c02a9,098a96b7295f1e828ebe073a5d0dcd09939c50f48603e3771076eff1e787719f,Orchset,MP3,96,MP3,0.00042160029862414635,0.9779769833553362,0.02160141634603958,3.8127272512400783,12.44126463073696,9.259285547711197,13.044977125505827,1,False,99.248
541572e99d332f63f0f4cefa,098a96b7295f1e828ebe073a5d0dcd09939c50f48603e3771076eff1e787719f,Orchset,MP3,128,MP3,0.0059179856095310955,0.8104315053219319,0.18365050906853697,1.484532284228437,12.695526710925376,9.977651162764232,12.9768685302214,1,False,132.272
7f20e847abae334b80a3c322,098a96b7295f1e828ebe073a5d0dcd09939c50f48603e3771076eff1e787719f,Orchset,Opus,32,Opus,0.052875291100959544,0.17287845772638594,0.7742462511726546,1.4993011858648888,13.267060511762534,10.523392448470226,15.182576631055133,3,True,33.588
901ab53aa7d15fd988c364d4,098a96b7295f1e828ebe073a5d0dcd09939c50f48603e3771076eff1e787719f,Orchset,Opus,48,Opus,0.011614535184507589,0.10067019500888388,0.8877152698066085,2.176801271616166,13.623049283388273,9.998965792130367,15.25534071680128,3,True,49.748
2611ede91c80f3631aa2811f,098a96b7295f1e828ebe073a5d0dcd09939c50f48603e3771076eff1e787719f,Orchset,Opus,64,Opus,0.007387385374430715,0.06617200825956895,0.9264406063660002,2.6390924007267342,12.599670619074981,10.203644615329646,13.210660979700837,3,True,65.908
1dbfba885bac783bacc2894e,098a96b7295f1e828ebe073a5d0dcd09939c50f48603e3771076eff1e787719f,Orchset,Opus,80,Opus,0.008595272656904117,0.044437097018269166,0.9469676303248268,3.0591902723022604,12.77296500014408,10.44941917074728,13.44448923310494,3,True,82.068
0ccf4dba5e530d621148b56f,098a96b7295f1e828ebe073a5d0dcd09939c50f48603e3771076eff1e787719f,Orchset,Opus,96,Opus,0.004999762274360189,0.05121411944506262,0.9437861182805771,2.9138843064175237,12.763901278561042,10.290004075244727,13.347613918997105,3,True,98.228
1e3f58ee57e9abfef6a6b900,098a96b7295f1e828ebe073a5d0dcd09939c50f48603e3771076eff1e787719f,Orchset,Opus,128,Opus,0.011051774933746593,0.0731045943172785,0.915843630748975,2.5279544267740564,12.894044247729893,10.508136863248474,13.549747647661018,3,True,130.952
98010a33baa3f006176d1996,32bb5a4f4c5992d2cd5668570cb94ad647f97cd796f5a721b2a7d6b30be2871a,Orchset,AAC,32,AAC,0.9830253911882816,0.010860307059442116,0.006114301752276449,4.50552036166083,13.138853564179017,10.039915480966007,16.374459125859467,2,True,38.128
01159990656c035eb252375d,32bb5a4f4c5992d2cd5668570cb94ad647f97cd796f5a721b2a7d6b30be2871a,Orchset,AAC,48,MP3,0.13572438535559503,0.7793989857405939,0.08487662890381116,-1.747896840390156,11.964219253787752,8.961771992405959,14.257287580509704,2,True,53.952
8cc705efd96fd21114cedf37,32bb5a4f4c5992d2cd5668570cb94ad647f97cd796f5a721b2a7d6b30be2871a,Orchset,AAC,64,MP3,0.04570941241160402,0.9249385692449329,0.029352018343463095,-3.0074230861202356,11.783562670255948,9.082228827289784,13.579667592471885,2,True,70.092
894c2c4e09e443591790f0cb,32bb5a4f4c5992d2cd5668570cb94ad647f97cd796f5a721b2a7d6b30be2871a,Orchset,AAC,80,MP3,0.07269108297439165,0.8138701926360401,0.11343872438956829,-2.4155821628610474,11.792496199362231,9.234364141189452,13.34796461662769,2,True,86.224
1a7676362cb7afcf512bde34,32bb5a4f4c5992d2cd5668570cb94ad647f97cd796f5a721b2a7d6b30be2871a,Orchset,AAC,96,MP3,0.04375434168778732,0.5847769957505011,0.37146866256171157,-2.5926397242521055,11.549821611700578,9.213999235542143,12.688974218005775,2,True,102.62
43408e3c12ffc0a329a269ec,32bb5a4f4c5992d2cd5668570cb94ad647f97cd796f5a721b2a7d6b30be2871a,Orchset,AAC,128,AAC,0.9999303215137828,5.4024982780912745e-05,1.565350343636833e-05,9.825994293381928,11.354209598663497,10.507064765194366,13.294653936870398,2,True,128.088
345fdf09411a176f821e1d9e,32bb5a4f4c5992d2cd5668570cb94ad647f97cd796f5a721b2a7d6b30be2871a,Orchset,MP3,32,MP3,0.0008391251664140325,0.9990581067836375,0.00010276804994844203,7.08220834031034,19.850208442539248,14.424615014787639,22.24420106938941,1,False,33.584
f48be480a859b076e0f7f3ef,32bb5a4f4c5992d2cd5668570cb94ad647f97cd796f5a721b2a7d6b30be2871a,Orchset,MP3,48,MP3,0.18544060794010503,0.7853636762921775,0.02919571576771756,1.4434122344497409,15.589094557372169,11.34787882516185,18.427522082495084,1,False,49.904
abe4a41722c7caae97fe1558,32bb5a4f4c5992d2cd5668570cb94ad647f97cd796f5a721b2a7d6b30be2871a,Orchset,MP3,64,AAC,0.5045975647062411,0.45592464927144716,0.039477786022311695,-0.10143365697419782,12.784886252694152,10.572726109789542,15.670058759475006,1,False,66.224
ed7117fd8879d22531525b4a,32bb5a4f4c5992d2cd5668570cb94ad647f97cd796f5a721b2a7d6b30be2871a,Orchset,MP3,80,MP3,0.2761765345944145,0.6328334752588859,0.0909899901466996,0.8291670359293715,12.220408274187795,9.813412618669123,14.633805294086116,1,False,82.736
2435079dc136acd793bbd22d,32bb5a4f4c5992d2cd5668570cb94ad647f97cd796f5a721b2a7d6b30be2871a,Orchset,MP3,96,MP3,0.014915472400322868,0.9501073689927276,0.03497715860694951,3.301879760984657,12.014533895254713,9.254762110319465,13.670398633354687,1,False,99.248
fa955543fd9175f1d38112ce,32bb5a4f4c5992d2cd5668570cb94ad647f97cd796f5a721b2a7d6b30be2871a,Orchset,MP3,128,MP3,0.006377628101218986,0.9567037177078087,0.03691865419097248,3.2547767917087995,11.851109492970958,8.964582633629872,12.818108768980721,1,False,132.272
a26645173d0f4dc5d4a5a33f,32bb5a4f4c5992d2cd5668570cb94ad647f97cd796f5a721b2a7d6b30be2871a,Orchset,Opus,32,Opus,0.16029472383857882,0.17822779568934602,0.6614774804720752,1.3114134566770081,12.096330382976083,8.772844990998708,14.253881171431075,3,True,33.588
8db7af9cf7e7c229cf1b7d20,32bb5a4f4c5992d2cd5668570cb94ad647f97cd796f5a721b2a7d6b30be2871a,Orchset,Opus,48,Opus,0.09218357047498843,0.20140714944924007,0.7064092800757715,1.2548663079342537,12.586322984194698,9.166411462708869,14.62324264271147,3,True,49.748
e2e9ed068a70f490532b883f,32bb5a4f4c5992d2cd5668570cb94ad647f97cd796f5a721b2a7d6b30be2871a,Orchset,Opus,64,Opus,0.01397637132822067,0.3427440483097239,0.6432795803620555,0.6295954821300338,11.457600686772944,8.927762633813902,12.273716003014064,3,True,65.908
927932fe0bc87c5831b348b0,32bb5a4f4c5992d2cd5668570cb94ad647f97cd796f5a721b2a7d6b30be2871a,Orchset,Opus,80,Opus,0.019663506079690637,0.3114853881048118,0.6688511058154976,0.7642090440923526,11.579754420231833,9.118597630444663,12.43052993124763,3,True,82.068
a5f6412493b1895552e35285,32bb5a4f4c5992d2cd5668570cb94ad647f97cd796f5a721b2a7d6b30be2871a,Orchset,Opus,96,MP3,0.029625689255919515,0.6104316106192313,0.359942700124849,-0.5282214128961259,11.634555598956956,9.167356393433863,12.467166490555963,3,True,98.228
9df62a004bcf0f10673c7b12,32bb5a4f4c5992d2cd5668570cb94ad647f97cd796f5a721b2a7d6b30be2871a,Orchset,Opus,128,Opus,0.06425900984682434,0.2316918821640182,0.7040491079891573,1.111439714544568,11.676862911961464,9.385810495898621,12.59920270079111,3,True,130.952
073bb6cf59fd6940cd9056e5,3b242b416fcf21df707289ef8cd405e933702e999d2d92d66f16b31debeb2ddb,Orchset,AAC,32,AAC,0.9999171057003445,1.1643482130988407e-07,8.277786483435898e-05,9.399266967495667,16.518150452862137,18.45160961025305,19.585966055174072,1,False,37.404
e90ba0ecc59ef7260e6ff7d3,3b242b416fcf21df707289ef8cd405e933702e999d2d92d66f16b31debeb2ddb,Orchset,AAC,48,Opus,0.005405098833146242,0.045242306470831446,0.9493525946960223,-5.168437536587234,17.78631464361512,20.930511066539786,17.29257860191587,2,True,54.04
bbd942aa7bc3767d9bf5acd1,3b242b416fcf21df707289ef8cd405e933702e999d2d92d66f16b31debeb2ddb,Orchset,AAC,64,Opus,0.0010099450417756543,0.1905454092321633,0.8084446457260611,-6.685216295986567,18.67922490056776,22.081260303639127,16.624555808498357,2,True,69.992
13c96671a8f54ad32d3f1b0c,3b242b416fcf21df707289ef8cd405e933702e999d2d92d66f16b31debeb2ddb,Orchset,AAC,80,Opus,0.0006920361695916868,0.06701301619572594,0.9322949476346822,-7.20576628857385,18.18887817220874,21.718129941023257,15.390843794016298,2,True,86.068
9399e14ebeb995ecd52e0d29,3b242b416fcf21df707289ef8cd405e933702e999d2d92d66f16b31debeb2ddb,Orchset,AAC,96,Opus,2.4539075189998275e-07,0.00022687358212267265,0.9997728810271256,-15.220186846430575,18.927758230722787,22.45163242430907,14.622457361569813,2,True,102.252
48097e673e27238c32f167f2,3b242b416fcf21df707289ef8cd405e933702e999d2d92d66f16b31debeb2ddb,Orchset,AAC,128,AAC,1.0,5.295077235805027e-22,2.4713129725848277e-19,42.844367189631015,26.82453784981564,31.97009820840128,26.272077093143547,2,True,132.804
028c311bc13de6afc1d20037,3b242b416fcf21df707289ef8cd405e933702e999d2d92d66f16b31debeb2ddb,Orchset,MP3,32,MP3,7.310443260176823e-07,0.9998152242222313,0.00018404473344262436,8.600146920516407,19.351683204990117,15.170332436023672,21.846174213645835,1,False,33.584
697b909d8668fa22ae48f510,3b242b416fcf21df707289ef8cd405e933702e999d2d92d66f16b31debeb2ddb,Orchset,MP3,48,AAC,0.993167924955078,4.4429433866989795e-07,0.006831630750583287,-14.619923048701512,16.743104965784195,18.81668506843573,19.496552971200156,2,True,49.904
2ff243dc7b9ad3e1b0b9fc7c,3b242b416fcf21df707289ef8cd405e933702e999d2d92d66f16b31debeb2ddb,Orchset,MP3,64,Opus,7.370681936496981e-05,0.015926262261760218,0.9840000309188747,-4.123656467251904,18.621045986579244,21.22004091834536,17.5342932313347,3,True,66.224
30bb1b4350c2f50d31fcd9d3,3b242b416fcf21df707289ef8cd405e933702e999d2d92d66f16b31debeb2ddb,Orchset,MP3,80,MP3,5.89439322421545e-06,0.7085721969872277,0.2914219086195481,0.8884798801792391,17.488309752158276,20.007538207751438,14.96981865852081,3,True,82.736
fbce803111bd7fc59077560f,3b242b416fcf21df707289ef8cd405e933702e999d2d92d66f16b31debeb2ddb,Orchset,MP3,96,MP3,8.356650142693002e-08,0.9999529876566579,4.692877684057676e-05,9.966832478535688,18.782542785976027,21.24041435275712,15.563500536968391,3,True,99.248
ba256d8fc20e40b3da49069c,3b242b416fcf21df707289ef8cd405e933702e999d2d92d66f16b31debeb2ddb,Orchset,MP3,128,MP3,2.192617408497673e-08,0.9999886434172444,1.1334656581500244e-05,11.387634214993373,21.131667896273562,23.588278991014523,17.095327621926774,3,True,132.272
655342fd1737a76c5e540740,3b242b416fcf21df707289ef8cd405e933702e999d2d92d66f16b31debeb2ddb,Orchset,Opus,32,Opus,1.2815042204728607e-05,0.0002463001613915689,0.9997408847964038,8.30870044879407,19.082376701148032,22.84616506879842,14.913473719439475,1,False,33.588
1b4591f5c41d44b83c187688,3b242b416fcf21df707289ef8cd405e933702e999d2d92d66f16b31debeb2ddb,Orchset,Opus,48,Opus,3.495919063537457e-05,0.0001909771282556516,0.9997740636811089,8.563130922594194,18.676771603970238,22.45218764279107,14.659336639551144,1,False,49.748
7583fba187bb64bf500fab5e,3b242b416fcf21df707289ef8cd405e933702e999d2d92d66f16b31debeb2ddb,Orchset,Opus,64,Opus,2.6520792647351466e-05,0.00028078817753161156,0.9996926910298212,8.17760263330736,18.786178394530715,22.54282389578542,14.610157410495471,1,False,65.908
60c4b2411cb396f39490650d,3b242b416fcf21df707289ef8cd405e933702e999d2d92d66f16b31debeb2ddb,Orchset,Opus,80,Opus,7.341184274933704e-06,0.00023206819296961293,0.9997605906227554,8.368239856234363,18.67686793227782,22.335728730802636,14.432914383224897,1,False,82.068
06b254c67d01b40c6e391836,3b242b416fcf21df707289ef8cd405e933702e999d2d92d66f16b31debeb2ddb,Orchset,Opus,96,Opus,6.779615453269363e-06,0.0005935198777881595,0.9993997005067585,7.428839372248134,18.687579203855805,22.3014169639569,14.43853535701221,1,False,98.228
c9df9b374709950a7f057264,3b242b416fcf21df707289ef8cd405e933702e999d2d92d66f16b31debeb2ddb,Orchset,Opus,128,Opus,4.819850190186185e-06,0.00013518152233621842,0.9998599986274735,8.908752061632661,18.649656503488696,22.2949969903408,14.514183663668655,1,False,130.952
4adee0c07395c5fcf47d4ef3,71257b3b0290e7aed231858bc642921c25feb51815060b2e340bd4f03fc899b8,Orchset,AAC,32,AAC,0.9998931555841172,2.1623364826381157e-06,0.00010468207940024485,9.164475766024639,9.309208172500867,11.367714768109014,13.50246014416481,1,False,37.34
7ebd19ee0fa87839d2846bcb,71257b3b0290e7aed231858bc642921c25feb51815060b2e340bd4f03fc899b8,Orchset,AAC,48,MP3,0.022514800323874457,0.65922350082373,0.3182616988523956,-3.376889743349104,9.413248479640544,12.253824920322106,9.423059009496178,1,False,53.836
7f1a6c5a17b0f9dbec00f7ce,71257b3b0290e7aed231858bc642921c25feb51815060b2e340bd4f03fc899b8,Orchset,AAC,64,MP3,0.0074957272727906405,0.9069906793692905,0.08551359335791898,-4.795799012490953,10.097931690362303,12.992482924365763,8.648326090534436,2,True,69.956
e0bcf4604a89b183b6a39119,71257b3b0290e7aed231858bc642921c25feb51815060b2e340bd4f03fc899b8,Orchset,AAC,80,MP3,0.011609970691476703,0.6792160221591718,0.30917400714935156,-4.069074953184332,10.861452129129193,13.944412828697285,8.622596108431278,2,True,86.256
89b27bcca46f735c72609a3f,71257b3b0290e7aed231858bc642921c25feb51815060b2e340bd4f03fc899b8,Orchset,AAC,96,Opus,5.15790598532657e-05,0.020423807786170787,0.9795246131539759,-9.851706871010396,11.154906550352246,14.27319324787886,6.453121837286345,2,True,102.4
a93b51bb4d0cd3635247a98a,71257b3b0290e7aed231858bc642921c25feb51815060b2e340bd4f03fc899b8,Orchset,AAC,128,AAC,0.9207863615603146,0.0021553208048016464,0.07705831763488365,2.4806655387126577,11.532892307641024,15.810650495043113,7.9204513585743,2,True,133.748
b2e5b1d7fa197556f334069d,71257b3b0290e7aed231858bc642921c25feb51815060b2e340bd4f03fc899b8,Orchset,MP3,32,MP3,3.2915636265787636e-06,0.9998295084455326,0.0001671999908409781,8.696149406002709,17.69149865397294,11.657695035210978,20.437096429421363,1,False,33.584
0c07c63411b60cb4f15ab1fd,71257b3b0290e7aed231858bc642921c25feb51815060b2e340bd4f03fc899b8,Orchset,MP3,48,AAC,0.9963013389833916,1.1447477332799334e-05,0.0036872135392755747,-11.374035654541437,14.798313206438035,15.501810379341688,18.03236125593162,2,True,49.904
ac23cf75619fb547da012236,71257b3b0290e7aed231858bc642921c25feb51815060b2e340bd4f03fc899b8,Orchset,MP3,64,Opus,0.07595239941669382,0.1718799182507036,0.7521676823326026,-1.4761631976301095,12.165427778016378,15.16253129903178,13.043111053853668,3,True,66.224
cc16853628af14962a90a802,71257b3b0290e7aed231858bc642921c25feb51815060b2e340bd4f03fc899b8,Orchset,MP3,80,Opus,0.0014603803148803805,0.0538230862415477,0.9447165334435719,-2.8651824304635705,13.775057468701503,16.19034484457325,13.201773184856252,3,True,82.736
893891c586566f2daf0829da,71257b3b0290e7aed231858bc642921c25feb51815060b2e340bd4f03fc899b8,Orchset,MP3,96,MP3,0.0011082137405845403,0.5345616243780117,0.4643301618814037,0.14085116235419104,11.944403663604117,14.25068563132441,10.439524679112175,3,True,99.248
e411569e90fa7d8cee975d5c,71257b3b0290e7aed231858bc642921c25feb51815060b2e340bd4f03fc899b8,Orchset,MP3,128,MP3,6.252695645275912e-06,0.9235178835475565,0.07647586375679814,2.4912149798165957,12.204411774266548,14.145507792800876,8.444260651589829,3,True,132.272
be6a7151bae2a549a60ab0a2,71257b3b0290e7aed231858bc642921c25feb51815060b2e340bd4f03fc899b8,Orchset,Opus,32,Opus,8.04354088579213e-06,0.004573324507482576,0.9954186319516315,5.382922980526938,11.981930420447647,15.047728673244716,6.741895221672156,1,False,33.588
178cf48990b2f4d670a3d4fe,71257b3b0290e7aed231858bc642921c25feb51815060b2e340bd4f03fc899b8,Orchset,Opus,48,Opus,9.249806151237718e-06,0.0024541996341868834,0.9975365505596618,6.007488096753438,11.757692047967318,14.91577122216772,6.48367319831357,1,False,49.748
a1aba039a96804ec813e56fa,71257b3b0290e7aed231858bc642921c25feb51815060b2e340bd4f03fc899b8,Orchset,Opus,64,Opus,2.1090413887932136e-05,0.011051355667121052,0.988927553918991,4.494067971842359,11.72494984322712,14.874879850391878,6.429510190391218,1,False,65.908
68204598b8a4afcf53747421,71257b3b0290e7aed231858bc642921c25feb51815060b2e340bd4f03fc899b8,Orchset,Opus,80,Opus,1.2782321264540103e-05,0.003209391426239809,0.9967778262524956,5.7384465705275955,11.4677042621663,14.646712399622663,6.164568345624926,1,False,82.068
09b27ff871f3d6e596a3e6c2,71257b3b0290e7aed231858bc642921c25feb51815060b2e340bd4f03fc899b8,Orchset,Opus,96,Opus,1.865477310027648e-05,0.005096862346415989,0.9948844828804836,5.274001508603145,11.428076138654845,14.55456680606555,6.100720407512349,1,False,98.228
9a9fa852a5deeee2d8d83d90,71257b3b0290e7aed231858bc642921c25feb51815060b2e340bd4f03fc899b8,Orchset,Opus,128,Opus,1.1768276597616976e-05,0.000979070627549774,0.9990091610958527,6.92791544538322,11.356779074788346,14.557943034071668,6.052525564051121,1,False,130.952
a8808e735d50a730d5ae919b,7500ff5440fd6062274a36fb2fe3c14a0b72d29b8a828dc63061f854e678aada,Orchset,AAC,32,AAC,0.9648031139686768,1.7069753489616008e-06,0.03519517905597433,3.311014938959919,16.11958303996641,19.01452950741162,17.644678774360102,1,False,37.588
b1b596ce8c104fe9a67c6c79,7500ff5440fd6062274a36fb2fe3c14a0b72d29b8a828dc63061f854e678aada,Orchset,AAC,48,MP3,0.002749770681085917,0.9715517151599378,0.025698514158976442,-5.867376980175203,17.942765116222397,20.520167834039015,16.90385526225412,2,True,53.86
679cf742c4e973d980e646be,7500ff5440fd6062274a36fb2fe3c14a0b72d29b8a828dc63061f854e678aada,Orchset,AAC,64,MP3,0.001273418207402864,0.9882488570587162,0.010477724733880974,-6.654229758888155,18.968920749487047,21.80225697106183,17.217361778220262,2,True,70.044
02c04c0ed087c12b434e616a,7500ff5440fd6062274a36fb2fe3c14a0b72d29b8a828dc63061f854e678aada,Orchset,AAC,80,MP3,0.007242452062913519,0.8853318757593928,0.10742567217769369,-4.806002743790312,19.530901724000675,22.538079903148905,17.42298419237499,2,True,86.512
c36ce95f0155e230fa35cfed,7500ff5440fd6062274a36fb2fe3c14a0b72d29b8a828dc63061f854e678aada,Orchset,AAC,96,Opus,0.00028962552190225823,0.0009548989893260837,0.9987554754887717,-8.145676473645253,20.612790136403127,24.065518532092103,17.50343856530644,2,True,102.412
bb52b08ab7857c1d882054e2,7500ff5440fd6062274a36fb2fe3c14a0b72d29b8a828dc63061f854e678aada,Orchset,AAC,128,AAC,1.0,5.277046559033336e-22,8.077097336859039e-20,43.962669292377974,26.642728588510202,31.643154279994615,26.349635337010174,2,True,133.64
ed7ab270b2142a8731980bd8,7500ff5440fd6062274a36fb2fe3c14a0b72d29b8a828dc63061f854e678aada,Orchset,MP3,32,MP3,1.5175499607226341e-06,0.9983291299834716,0.0016693524665675993,6.393647204839436,17.62495819740487,13.828565376742066,19.95325236771162,1,False,33.584
0a845dac04246abfffbb452e,7500ff5440fd6062274a36fb2fe3c14a0b72d29b8a828dc63061f854e678aada,Orchset,MP3,48,AAC,0.9946764661369734,9.500418853640673e-07,0.00532258382114119,-13.861422009106098,16.19605918084766,19.34295486159841,18.520362076621694,3,True,49.904
a30755c427b70d51dbb0b212,7500ff5440fd6062274a36fb2fe3c14a0b72d29b8a828dc63061f854e678aada,Orchset,MP3,64,Opus,0.0005673597877213697,0.350467604606247,0.6489650356060317,-0.6161105650213252,18.172285907216725,21.427053875820057,16.630931188663514,3,True,66.224
a8d7f1da2b90ea088fa53d7c,7500ff5440fd6062274a36fb2fe3c14a0b72d29b8a828dc63061f854e678aada,Orchset,MP3,80,MP3,0.0013561551529688782,0.9883081360289885,0.010335708818042594,4.560389752681294,17.368663395389863,20.425412293268064,16.107028302672923,3,True,82.736
544d47be84e9937330168935,7500ff5440fd6062274a36fb2fe3c14a0b72d29b8a828dc63061f854e678aada,Orchset,MP3,96,MP3,0.00042250456473965796,0.9954002661452974,0.004177229289962875,5.473496756335873,17.79254393407972,20.566863419808232,16.08581497372714,3,True,99.248
c99f87d361c11dc75a6a6ba5,7500ff5440fd6062274a36fb2fe3c14a0b72d29b8a828dc63061f854e678aada,Orchset,MP3,128,MP3,1.4202614781455776e-07,0.9808531177378284,0.019146740236023762,3.936290242803329,20.640304073611016,22.952483559611736,17.022868280792586,3,True,132.272
ed310cdb92bc738c155aa0f0,7500ff5440fd6062274a36fb2fe3c14a0b72d29b8a828dc63061f854e678aada,Orchset,Opus,32,Opus,0.00021934165681964052,9.575856061287408e-06,0.999771082487119,8.424651023282902,20.67314975026639,24.30767003515467,17.277219746685745,1,False,33.588
89c69fbadaf047441ff6a5e7,7500ff5440fd6062274a36fb2fe3c14a0b72d29b8a828dc63061f854e678aada,Orchset,Opus,48,Opus,0.00019677379072799452,1.0336217320740251e-05,0.9997928899919512,8.533248627951853,20.606667156554177,24.220974833578623,17.197888167519487,1,False,49.748
a65e259d0b14d2ec86797c43,7500ff5440fd6062274a36fb2fe3c14a0b72d29b8a828dc63061f854e678aada,Orchset,Opus,64,Opus,0.00022530369469575719,1.2795052844407702e-05,0.9997619012524599,8.397823184558298,21.071992639403092,24.782872755443528,17.690380872691218,1,False,65.908
84c4a9dbb015567551af9f1b,7500ff5440fd6062274a36fb2fe3c14a0b72d29b8a828dc63061f854e678aada,Orchset,Opus,80,Opus,0.00020394701042771618,0.00021212198911298215,0.9995839310004593,8.457932872858548,20.81790928501824,24.412593677949072,17.345014281227833,1,False,82.068
cf21799f76907a8dac8b9aa6,7500ff5440fd6062274a36fb2fe3c14a0b72d29b8a828dc63061f854e678aada,Orchset,Opus,96,Opus,0.00015006577873401687,0.00013382415856214776,0.9997161100627039,8.80415290485684,20.838739846688064,24.43687539463161,17.405995448087772,1,False,98.228
c0f684a05faa1dad34628341,7500ff5440fd6062274a36fb2fe3c14a0b72d29b8a828dc63061f854e678aada,Orchset,Opus,128,Opus,0.00016233928933135754,0.00014106583883414847,0.9996965948718345,8.725518583131812,20.957024353774067,24.56371246342882,17.55915567248592,1,False,130.952
97cf304965ec35eaca93cf59,7b17c70eeba0f7a9ddd0d5186ccc1c06d345dc9c0f9cb91132a33f202fdad9b3,Orchset,AAC,32,AAC,0.9915648462853761,0.00045081357025417325,0.007984340144369597,4.821802206670956,11.405012274595604,10.704528027788193,14.444424706153072,2,True,37.7
797311ddc3beb6de4572d6da,7b17c70eeba0f7a9ddd0d5186ccc1c06d345dc9c0f9cb91132a33f202fdad9b3,Orchset,AAC,48,MP3,0.05689569066717098,0.7715068548123115,0.17159745452051756,-2.6071259537437395,10.969927592184279,10.247983916682054,12.349316204263395,2,True,54.032
9cf196d8c9ffa19fee53e2ed,7b17c70eeba0f7a9ddd0d5186ccc1c06d345dc9c0f9cb91132a33f202fdad9b3,Orchset,AAC,64,MP3,0.04714524692986286,0.8608596942094295,0.09199505886070752,-2.904698337793328,10.986525515349763,10.55752500983479,11.771939766606689,2,True,69.888
8a2fd21641fc74f6f5b872a5,7b17c70eeba0f7a9ddd0d5186ccc1c06d345dc9c0f9cb91132a33f202fdad9b3,Orchset,AAC,80,MP3,0.07445744243918036,0.8070328136735775,0.11850974388724221,-2.3831366090115615,10.895887144191791,10.753108518483312,11.466932382582643,2,True,86.292
6ce7a42ec4b88f357f64bdfb,7b17c70eeba0f7a9ddd0d5186ccc1c06d345dc9c0f9cb91132a33f202fdad9b3,Orchset,AAC,96,Opus,0.06394974362211439,0.1378154792221427,0.798234777155743,-2.524305242161218,10.416629556361988,10.766713556541188,10.191474665603753,2,True,102.304
d3a4436f96a9da744018c0eb,7b17c70eeba0f7a9ddd0d5186ccc1c06d345dc9c0f9cb91132a33f202fdad9b3,Orchset,AAC,128,AAC,0.9999998338073094,6.649114201481432e-08,9.970154875067954e-08,16.121084459797444,10.618584523309922,12.998189781536347,11.78014548579582,1,False,128.38
dd2c6093f77a32cb78f5a78a,7b17c70eeba0f7a9ddd0d5186ccc1c06d345dc9c0f9cb91132a33f202fdad9b3,Orchset,MP3,32,MP3,0.00020754166719113304,0.9990611116079874,0.0007313467248215461,7.219683565481517,18.30360337705506,12.603854189745272,20.680802298746258,1,False,33.584
10fb309aaf36ccd933e4c444,7b17c70eeba0f7a9ddd0d5186ccc1c06d345dc9c0f9cb91132a33f202fdad9b3,Orchset,MP3,48,AAC,0.9860413316067536,0.00019964201062143763,0.013759026382625043,-8.50492773538538,13.474649947844838,12.50415316499179,16.770252540538277,1,False,49.904
c2fb9c9872ef001919bb3d73,7b17c70eeba0f7a9ddd0d5186ccc1c06d345dc9c0f9cb91132a33f202fdad9b3,Orchset,MP3,64,AAC,0.6920012110281698,0.22999091879108205,0.07800787018074824,-1.10154788103018,10.03349169317074,10.224733113859287,12.639333952457388,2,True,66.224
c709959261b237e28b1de415,7b17c70eeba0f7a9ddd0d5186ccc1c06d345dc9c0f9cb91132a33f202fdad9b3,Orchset,MP3,80,MP3,0.247613709352616,0.6421325599455923,0.11025373070179166,0.9529248538119561,10.495993384593897,10.19612574161547,12.267328031419968,1,False,82.736
a0607f59a48add902dfb2050,7b17c70eeba0f7a9ddd0d5186ccc1c06d345dc9c0f9cb91132a33f202fdad9b3,Orchset,MP3,96,MP3,0.033206536209236255,0.6294449902094851,0.3373484735812787,0.6237220208537604,10.630443900919566,10.155007756839705,11.441281795794222,1,False,99.248
ecafece611db048d0610f403,7b17c70eeba0f7a9ddd0d5186ccc1c06d345dc9c0f9cb91132a33f202fdad9b3,Orchset,MP3,128,MP3,0.0017462339701083132,0.9740947311222393,0.024159034907652387,3.696850132398754,10.651967592540762,9.890649646560203,10.396691960791655,1,False,132.272
9bb8a35b665c54157667f9d1,7b17c70eeba0f7a9ddd0d5186ccc1c06d345dc9c0f9cb91132a33f202fdad9b3,Orchset,Opus,32,Opus,0.01661980605493499,0.00989614478997203,0.9734840491550929,4.0702863196482655,10.203300889223096,9.610349771280333,11.30515136131447,3,True,33.588
b56c69089dddc4782954aa4b,7b17c70eeba0f7a9ddd0d5186ccc1c06d345dc9c0f9cb91132a33f202fdad9b3,Orchset,Opus,48,Opus,0.03612174579174736,0.02504118737929246,0.9388370668289603,3.2577468859126473,10.524102398371214,9.912507497358524,11.685177074676885,3,True,49.748
1642daeaf6f8a3ee6c6cafb2,7b17c70eeba0f7a9ddd0d5186ccc1c06d345dc9c0f9cb91132a33f202fdad9b3,Orchset,Opus,64,Opus,0.004655912962631769,0.02439527735844487,0.9709488096789235,3.6838841850420447,9.967766516501788,10.35084887042009,8.978600250392486,1,False,65.908
c3a2b29a391d3b76af747435,7b17c70eeba0f7a9ddd0d5186ccc1c06d345dc9c0f9cb91132a33f202fdad9b3,Orchset,Opus,80,Opus,0.005725263037935404,0.018314173710011688,0.9759605632520529,3.975746899358117,10.331096712636306,10.740156406290751,9.560116801316868,1,False,82.068
32e07d4041c50c92c908f266,7b17c70eeba0f7a9ddd0d5186ccc1c06d345dc9c0f9cb91132a33f202fdad9b3,Orchset,Opus,96,Opus,0.010418980761941511,0.10390271038986003,0.8856783088481984,2.142898817821445,10.468788230977632,10.700851226471796,9.64323624992497,1,False,98.228
9099dca66b54f2d2cfbf2300,7b17c70eeba0f7a9ddd0d5186ccc1c06d345dc9c0f9cb91132a33f202fdad9b3,Orchset,Opus,128,Opus,0.007267089067080053,0.014714869308656505,0.9780180416242635,4.196669617192066,10.695558492509356,11.055335145992625,10.01812686460421,1,False,130.952
227dd2c4225f85c918dc2371,842affdcb4c8468186666b82c1b9c5f54f54304c24dc5972b91a35d9703d9cb3,Orchset,AAC,32,AAC,0.9995734451544083,3.9647943377996274e-05,0.000386906902213622,7.8568998107838635,11.938045823087709,10.172430534653106,15.92708097053324,2,True,37.416
feae76d41a93be46c1561621,842affdcb4c8468186666b82c1b9c5f54f54304c24dc5972b91a35d9703d9cb3,Orchset,AAC,48,MP3,0.3126000536949899,0.6221820675162055,0.0652178787888044,-0.688308173199272,8.978161743037441,7.430288997524784,11.461729131767907,2,True,54.008
3bf751140ca0ef47558e76af,842affdcb4c8468186666b82c1b9c5f54f54304c24dc5972b91a35d9703d9cb3,Orchset,AAC,64,MP3,0.058019695376945055,0.8435880682610304,0.09839223636202474,-2.6768817763015846,9.355554901777326,8.519443612474955,10.61993601307817,2,True,70.076
f5fbdfe8d5fc9a6d7547215e,842affdcb4c8468186666b82c1b9c5f54f54304c24dc5972b91a35d9703d9cb3,Orchset,AAC,80,MP3,0.10362045627288989,0.790875333757389,0.10550420996972096,-2.0324055847718925,9.826876901048088,9.067501288725957,10.638683218184868,2,True,86.232
c9cca50ebc45aae5848280c6,842affdcb4c8468186666b82c1b9c5f54f54304c24dc5972b91a35d9703d9cb3,Orchset,AAC,96,Opus,0.03675506438620984,0.08113433779583645,0.8821105978179536,-3.1780414199051075,9.911564409785452,9.557316565408591,9.903709306796399,3,True,102.576
446097812835aaf96cc8392c,842affdcb4c8468186666b82c1b9c5f54f54304c24dc5972b91a35d9703d9cb3,Orchset,AAC,128,AAC,0.9999928413979833,1.2850777601880326e-06,5.87352425668555e-06,12.045048561211388,8.841823088815199,10.926378352409833,9.899112364728694,1,False,128.656
e63ca16e2f9ca379ad09f029,842affdcb4c8468186666b82c1b9c5f54f54304c24dc5972b91a35d9703d9cb3,Orchset,MP3,32,MP3,0.0020344103243661086,0.9921972287945017,0.005768360881132317,5.1475339427697175,18.02116258844093,12.146567253803124,20.765322738995625,1,False,33.584
f162e7d7a153bdee8ecb6523,842affdcb4c8468186666b82c1b9c5f54f54304c24dc5972b91a35d9703d9cb3,Orchset,MP3,48,AAC,0.8962972566679979,0.0064161705282777,0.09728657280372445,-4.939450668821056,14.071356721470814,11.484963931343243,17.48269163547103,1,False,49.904
103efb969fd4b917805c5fff,842affdcb4c8468186666b82c1b9c5f54f54304c24dc5972b91a35d9703d9cb3,Orchset,MP3,64,AAC,0.8354918734148556,0.1123061047410234,0.05220202184412092,-2.006792400101832,11.014248172202771,9.99985187484613,14.151195259324068,1,False,66.224
7a779f553455bfc967e4c13a,842affdcb4c8468186666b82c1b9c5f54f54304c24dc5972b91a35d9703d9cb3,Orchset,MP3,80,AAC,0.42811965465061386,0.4096770920268794,0.1622032533225067,-0.044033454479217915,9.971198724448843,8.669386462798316,12.429615389998267,1,False,82.736
3296b5d8b1f74bc93313b2ce,842affdcb4c8468186666b82c1b9c5f54f54304c24dc5972b91a35d9703d9cb3,Orchset,MP3,96,MP3,0.012137750589891055,0.8830476058631858,0.10481464354692308,2.1311856222985086,9.647962317766035,8.319314283770098,10.520076626976158,1,False,99.248
1b58700df9c51379f708eebc,842affdcb4c8468186666b82c1b9c5f54f54304c24dc5972b91a35d9703d9cb3,Orchset,MP3,128,MP3,0.0006676967620360766,0.9504092367905123,0.04892306644745168,2.9666436756522416,9.829702012370438,8.540408784795414,8.868152821960086,1,False,132.272
673958379e11ed1407eee2b7,842affdcb4c8468186666b82c1b9c5f54f54304c24dc5972b91a35d9703d9cb3,Orchset,Opus,32,Opus,0.024111905702811576,0.02804287626964046,0.947845218027548,3.5204565825195266,8.974956606211304,7.620044367506587,10.883413124933917,3,True,33.588
89ac79f1097cbde304ca68ef,842affdcb4c8468186666b82c1b9c5f54f54304c24dc5972b91a35d9703d9cb3,Orchset,Opus,48,Opus,0.04405914215943795,0.022307077015034867,0.9336337808255271,3.0535513923632527,9.202120047744074,7.75216905582574,11.174865905538397,3,True,49.748
58939f9287cc27ca92909af5,842affdcb4c8468186666b82c1b9c5f54f54304c24dc5972b91a35d9703d9cb3,Orchset,Opus,64,Opus,0.0019879862385172604,0.04381629681074911,0.9541957169507336,3.0808629829584158,8.636723466903364,8.2636194101198,7.647775664887407,1,False,65.908
8b779425497de0752c3a8d62,842affdcb4c8468186666b82c1b9c5f54f54304c24dc5972b91a35d9703d9cb3,Orchset,Opus,80,Opus,0.0015633270399737266,0.00861617662588285,0.9898204963341434,4.743882170456305,8.976753285820237,8.750218680666633,8.173757134900482,1,False,82.068
e5edbe150b1dae2f0044d471,842affdcb4c8468186666b82c1b9c5f54f54304c24dc5972b91a35d9703d9cb3,Orchset,Opus,96,Opus,0.0019741373425232155,0.008312892122932555,0.9897129705345443,4.779607394785192,9.260653345680195,9.014587212625576,8.36745693712042,1,False,98.228
c4c0a9c434bbefac8f525cdd,842affdcb4c8468186666b82c1b9c5f54f54304c24dc5972b91a35d9703d9cb3,Orchset,Opus,128,Opus,0.004386804598681635,0.006753738631430901,0.9888594567698875,4.986455992246695,9.67778810662008,9.566231514508988,9.080232773949495,1,False,130.952
2a5ca646d2b76f7b9e5f9dd0,9a14e19f8584926dc02779e93be615958e938873dbe0be459b7e89031cb7161b,Orchset,AAC,32,AAC,0.9969675707469816,0.0007273818154739416,0.002305047437544456,6.069616986082879,10.03128542959458,8.169202699725245,14.093482946240764,2,True,37.484
59e1040d4f0484c9587218e2,9a14e19f8584926dc02779e93be615958e938873dbe0be459b7e89031cb7161b,Orchset,AAC,48,MP3,0.011946804134866481,0.6990009638608722,0.2890522320042613,-4.0691883149496615,8.571412222095162,7.335107167339925,10.56281000878464,2,True,53.564
076432487715c791ac6bac73,9a14e19f8584926dc02779e93be615958e938873dbe0be459b7e89031cb7161b,Orchset,AAC,64,MP3,0.0035807648622098853,0.9672519666400575,0.029167268497732535,-5.598882600551876,8.438173015321885,7.478257737570196,9.578704503181896,2,True,70.052
da7782759be884ed3f76b4f2,9a14e19f8584926dc02779e93be615958e938873dbe0be459b7e89031cb7161b,Orchset,AAC,80,MP3,0.004888939851057235,0.9637898415261702,0.03132121862277262,-5.283897783520436,8.304306570838337,7.565858583595516,9.074064248961744,2,True,86.42
3b8b1df93254f9f96fde3939,9a14e19f8584926dc02779e93be615958e938873dbe0be459b7e89031cb7161b,Orchset,AAC,96,Opus,0.002593573080329197,0.275218300680567,0.7221881262391039,-5.62924917493341,8.17023738725211,7.788210104474789,7.880216860315823,3,True,102.696
1740d10a347a4a486f55df7b,9a14e19f8584926dc02779e93be615958e938873dbe0be459b7e89031cb7161b,Orchset,AAC,128,AAC,0.9999974729952192,4.698413662078996e-07,2.0571634145788907e-06,13.094179980281519,8.137637395015307,10.83094686372781,9.63231358580231,1,False,127.824
bd002585df774e20aad3b3e4,9a14e19f8584926dc02779e93be615958e938873dbe0be459b7e89031cb7161b,Orchset,MP3,32,MP3,7.181769456215115e-05,0.9995693440907366,0.00035883821470134085,7.932208177811539,18.328964458390715,12.455838644995993,20.856304859915795,1,False,33.584
91317b71848cad1b561695e6,9a14e19f8584926dc02779e93be615958e938873dbe0be459b7e89031cb7161b,Orchset,MP3,48,AAC,0.8526204118269526,0.015305731464606172,0.13207385670844127,-4.0200870809472,12.845825403788435,10.389547948893973,16.364000343188916,1,False,49.904
cd11b0b9abc2ee4cacfcf907,9a14e19f8584926dc02779e93be615958e938873dbe0be459b7e89031cb7161b,Orchset,MP3,64,MP3,0.1963341653657214,0.7511391931794734,0.05252664145480521,1.3417728455405578,9.875447788914096,9.538582684273088,12.944950186264691,1,False,66.224
d0dbb896ea3027c3d3be758c,9a14e19f8584926dc02779e93be615958e938873dbe0be459b7e89031cb7161b,Orchset,MP3,80,MP3,0.04283408210239787,0.8334163204378181,0.12374959745978419,1.9072731531620741,9.082164294377987,8.566064975091983,11.484261781489135,1,False,82.736
e7f1f1508aee1a8f59b7bdba,9a14e19f8584926dc02779e93be615958e938873dbe0be459b7e89031cb7161b,Orchset,MP3,96,MP3,0.0033111328948602207,0.7009380370733606,0.2957508300317792,0.8629021815493467,8.998480094732125,8.174083101670655,10.264571366075767,1,False,99.248
28d556528a4915bc4c70eeb8,9a14e19f8584926dc02779e93be615958e938873dbe0be459b7e89031cb7161b,Orchset,MP3,128,MP3,8.102071556920334e-05,0.9747509669915131,0.02516801229291769,3.6566081851525203,8.522003375899274,7.104768415967896,8.104470289888402,1,False,132.272
0bb95920bae9d4d970b32f47,9a14e19f8584926dc02779e93be615958e938873dbe0be459b7e89031cb7161b,Orchset,Opus,32,Opus,0.01048097273769771,0.022146429948712288,0.9673725973135899,3.776907426499333,8.691394627284712,7.405586837972197,10.697716855831294,3,True,33.588
601663ad7963cc4836e4c0e2,9a14e19f8584926dc02779e93be615958e938873dbe0be459b7e89031cb7161b,Orchset,Opus,48,Opus,0.013052709199101798,0.04811202353412664,0.9388352672667717,2.9711079141981878,8.69981510704834,7.381487200371848,10.720612993998365,3,True,49.748
5cbc2dde68f9316b666c2bc4,9a14e19f8584926dc02779e93be615958e938873dbe0be459b7e89031cb7161b,Orchset,Opus,64,Opus,0.00025815181137653993,0.036150607730830404,0.963591240457793,3.282973420437326,7.93610175873582,7.729966147755456,6.6189246170804665,1,False,65.908
9901f3a993e1eddd29a3f5fa,9a14e19f8584926dc02779e93be615958e938873dbe0be459b7e89031cb7161b,Orchset,Opus,80,Opus,0.00026105063264958433,0.018704179820433642,0.9810347695469168,3.959860883207498,8.105337936553752,7.848186437563635,6.895922548774698,1,False,82.068
e7cbeb5f703700fb00963699,9a14e19f8584926dc02779e93be615958e938873dbe0be459b7e89031cb7161b,Orchset,Opus,96,Opus,0.00026283586563514955,0.05328529793434392,0.9464518662000209,2.8770596578462397,8.060321079141785,7.710109859495745,6.932964272599168,1,False,98.228
33e54047c388055b48953bdf,9a14e19f8584926dc02779e93be615958e938873dbe0be459b7e89031cb7161b,Orchset,Opus,128,Opus,0.0005676059907266657,0.02836938279830728,0.971063011210966,3.533080866148004,8.180701985790407,7.968677968414137,7.2314658537478715,1,False,130.952
ad145eb7f035297ef655d2cd,9a5bfb18119863a280c7d3ce9aa674b1f47fcb10b67a41351ab9519a40b173e8,Orchset,AAC,32,AAC,0.9999970538256426,8.98510664023997e-07,2.047663693177383e-06,13.098808130408365,11.341555822009319,11.900760678965744,15.529133114143434,1,False,37.408
c97723af4e6f2c5f0d6169ab,9a5bfb18119863a280c7d3ce9aa674b1f47fcb10b67a41351ab9519a40b173e8,Orchset,AAC,48,Opus,0.09026236106829852,0.4137335367443041,0.49600410218739743,-1.7038636446499686,10.064401176005465,11.66928082948667,10.68778070594792,1,False,53.996
9363e752e9771ba5558ac124,9a5bfb18119863a280c7d3ce9aa674b1f47fcb10b67a41351ab9519a40b173e8,Orchset,AAC,64,MP3,0.031543946486315526,0.8639328004242425,0.10452325308944198,-3.3101132883960456,10.91822391416353,12.73622431606139,10.273376776472842,2,True,70.216
91f03ca2912680b059515500,9a5bfb18119863a280c7d3ce9aa674b1f47fcb10b67a41351ab9519a40b173e8,Orchset,AAC,80,MP3,0.007271860432471159,0.9127297138274083,0.0799984257401207,-4.832427630719335,11.35211690311513,13.083660561514362,10.01811931426882,2,True,86.36
629b63678a06b472bc5dcdbb,9a5bfb18119863a280c7d3ce9aa674b1f47fcb10b67a41351ab9519a40b173e8,Orchset,AAC,96,Opus,0.002031782136601745,0.07008703184243599,0.9278811860209624,-6.123990384555503,11.51794120816051,13.669652620558237,8.855857285997773,2,True,102.624
55b4bd97940be2c36d24e8da,9a5bfb18119863a280c7d3ce9aa674b1f47fcb10b67a41351ab9519a40b173e8,Orchset,AAC,128,AAC,0.9996541423563421,8.651091875184825e-06,0.00033720655178255405,7.994468984599002,11.34732652703023,15.432445770754466,9.488053211257581,2,True,132.26
7b2079b5b2b40045050061dc,9a5bfb18119863a280c7d3ce9aa674b1f47fcb10b67a41351ab9519a40b173e8,Orchset,MP3,32,MP3,5.216013118492468e-06,0.9999571219763974,3.7662010484004404e-05,10.186815772087083,18.225637592309965,12.363925901551973,20.76271457892198,1,False,33.584
2ad91809d69501674854cb48,9a5bfb18119863a280c7d3ce9aa674b1f47fcb10b67a41351ab9519a40b173e8,Orchset,MP3,48,AAC,0.9693596510056329,0.0006582501046688849,0.029982098889698355,-7.294806021492544,13.00081906258192,12.967185187084075,16.292856624570174,1,False,49.904
a862dce348e78d1d08dd6f58,9a5bfb18119863a280c7d3ce9aa674b1f47fcb10b67a41351ab9519a40b173e8,Orchset,MP3,64,AAC,0.7887924310670978,0.18954331151642506,0.021664257416477102,-1.4258856525169572,10.261772351991107,12.19744974887904,12.524152547557334,2,True,66.224
1bddba61c41f34f25c8686be,9a5bfb18119863a280c7d3ce9aa674b1f47fcb10b67a41351ab9519a40b173e8,Orchset,MP3,80,Opus,0.09517488707545067,0.42738099500595383,0.47744411791859553,-0.1107712471667735,11.046126790855864,12.806048708416508,11.693180522012254,3,True,82.736
5ecfe9f43b73d109ae92bddd,9a5bfb18119863a280c7d3ce9aa674b1f47fcb10b67a41351ab9519a40b173e8,Orchset,MP3,96,MP3,0.004241849378468148,0.6578762793003556,0.3378818713211762,0.666320547003485,11.06685995633459,12.67654258964312,10.298240363082394,3,True,99.248
e81b12479047e543e7768086,9a5bfb18119863a280c7d3ce9aa674b1f47fcb10b67a41351ab9519a40b173e8,Orchset,MP3,128,MP3,4.546181479692999e-06,0.9948453014404439,0.005150152378076355,5.263560946917783,12.04326459362812,13.040294392741167,8.813474777051379,3,True,132.272
f7404e829e9c33e565dff3a3,9a5bfb18119863a280c7d3ce9aa674b1f47fcb10b67a41351ab9519a40b173e8,Orchset,Opus,32,Opus,5.908842167036354e-07,0.0009048623159855201,0.9990945467997978,7.0068218995003715,12.500818248864494,14.54005343746329,7.583657314895501,1,False,33.588
b691aa5991ea2a1d2446d023,9a5bfb18119863a280c7d3ce9aa674b1f47fcb10b67a41351ab9519a40b173e8,Orchset,Opus,48,Opus,4.095080914737801e-07,0.001155544302370712,0.9988440461895378,6.762027166111097,12.436431401474001,14.394636356793919,7.534569526794284,1,False,49.748
5496dce24c38ad2694008fa5,9a5bfb18119863a280c7d3ce9aa674b1f47fcb10b67a41351ab9519a40b173e8,Orchset,Opus,64,Opus,5.7945381910057725e-05,0.0031435770758455163,0.9967984775422444,5.7591872730289815,11.456934523901525,13.745606790780696,7.551297054309212,1,False,65.908
2a80b6d8b1d496d3d976b082,9a5bfb18119863a280c7d3ce9aa674b1f47fcb10b67a41351ab9519a40b173e8,Orchset,Opus,80,Opus,0.00024524243448572583,0.017214880346766888,0.9825398772187474,4.04436678417525,11.456964162663018,13.777274616111352,7.768277908446228,1,False,82.068
ef5dd59dd484d6b0977bf80a,9a5bfb18119863a280c7d3ce9aa674b1f47fcb10b67a41351ab9519a40b173e8,Orchset,Opus,96,Opus,0.00016075382213967142,0.013389679247238544,0.9864495669306218,4.2996279961564925,11.62920672996313,13.821106524525158,7.977387579872691,1,False,98.228
6ebc6170de20807a762aa28f,9a5bfb18119863a280c7d3ce9aa674b1f47fcb10b67a41351ab9519a40b173e8,Orchset,Opus,128,Opus,0.0005233103494050452,0.01633702788313766,0.9831396617674574,4.097317006342309,11.711299934824574,13.995699138045717,8.2889128294961,1,False,130.952
54d38b56028cb850ff18a31f,9b60a80dc4c7adabbf1e7aece4b934aebeedb915290940c4279dbb0f889c5d91,Orchset,AAC,32,AAC,0.9720488534769245,0.0016897829557196596,0.02626136356735578,3.6113072708076963,11.798506548851986,9.651529542116563,15.008340618811195,2,True,38.092
87c04b313d0885dcbb551564,9b60a80dc4c7adabbf1e7aece4b934aebeedb915290940c4279dbb0f889c5d91,Orchset,AAC,48,MP3,0.060367671662696985,0.9074344236630896,0.03219790467421357,-2.7101675788241995,10.889713650098832,8.926147708053865,12.925410334673824,2,True,54.016
f79e51a4decfba0673845876,9b60a80dc4c7adabbf1e7aece4b934aebeedb915290940c4279dbb0f889c5d91,Orchset,AAC,64,MP3,0.031862696675477455,0.9412405947317739,0.026896708592748557,-3.385762844432459,10.910143351766308,9.275516998994782,12.378191574954128,2,True,70.108
5bb42391e5137fedb2a84732,9b60a80dc4c7adabbf1e7aece4b934aebeedb915290940c4279dbb0f889c5d91,Orchset,AAC,80,MP3,0.031046434519107706,0.909251542834027,0.059702022646865506,-3.3771378092026505,10.889268720418917,9.416836060036829,12.056144847868008,2,True,86.332
77559c5d69f98e81a74d39fb,9b60a80dc4c7adabbf1e7aece4b934aebeedb915290940c4279dbb0f889c5d91,Orchset,AAC,96,Opus,0.04190853437058686,0.43745333309226414,0.5206381325371491,-2.5195657467146386,10.74415510706708,9.843693734313268,11.147847186573873,2,True,102.764
164b5b52f7af1387c9edb9c9,9b60a80dc4c7adabbf1e7aece4b934aebeedb915290940c4279dbb0f889c5d91,Orchset,AAC,128,AAC,0.999969995809609,1.8991282540072195e-05,1.1012907850861353e-05,10.871500493124922,10.51425961141168,11.405128511386877,11.770892634424053,1,False,130.592
3f3ffd35a8e24fef3dea8220,9b60a80dc4c7adabbf1e7aece4b934aebeedb915290940c4279dbb0f889c5d91,Orchset,MP3,32,MP3,0.0004492231679820581,0.9990486352761041,0.0005021415559138014,7.595676676571951,18.368734978235654,12.410767571904564,20.976740955771962,1,False,33.584
e0466862a6a8ca7eed51579e,9b60a80dc4c7adabbf1e7aece4b934aebeedb915290940c4279dbb0f889c5d91,Orchset,MP3,48,AAC,0.9343846417332773,0.0393645928726694,0.026250765394053348,-3.167021421223095,13.50708872303357,10.648519481142273,16.806992429945335,1,False,49.904
c48b3f016845d15118f29061,9b60a80dc4c7adabbf1e7aece4b934aebeedb915290940c4279dbb0f889c5d91,Orchset,MP3,64,MP3,0.3511792691968214,0.6308001395676199,0.018020591235558707,0.5856922448079473,10.714199645617658,9.385969951683263,13.573626379496865,1,False,66.224
aa8fdcd51eda063e9aa872bf,9b60a80dc4c7adabbf1e7aece4b934aebeedb915290940c4279dbb0f889c5d91,Orchset,MP3,80,MP3,0.012267382891879997,0.9683182788989793,0.01941433820914089,3.9095489577216203,10.817541625366236,9.260185194572244,12.466361781859224,1,False,82.736
812df9fce1318a0bb03e1cf8,9b60a80dc4c7adabbf1e7aece4b934aebeedb915290940c4279dbb0f889c5d91,Orchset,MP3,96,MP3,0.0011518073678761529,0.977737697331725,0.021110495300398702,3.835471106506928,10.513130002159574,8.6185634673201,11.24738906751826,1,False,99.248
f5d9616ba8db0cd81f8a8e36,9b60a80dc4c7adabbf1e7aece4b934aebeedb915290940c4279dbb0f889c5d91,Orchset,MP3,128,MP3,0.0014680627172793624,0.8399223526373067,0.1586095846454139,1.6668637100324468,10.80549058255384,9.193708908482312,10.25303915525808,1,False,132.272
1c020a54f16a19ce47137c5a,9b60a80dc4c7adabbf1e7aece4b934aebeedb915290940c4279dbb0f889c5d91,Orchset,Opus,32,Opus,0.04465524763435069,0.04549851365919825,0.9098462387064511,2.9955959581871445,10.67271454773955,8.277904855576722,12.443617533502326,3,True,33.588
30cc6eb96fbece6bf352e1c7,9b60a80dc4c7adabbf1e7aece4b934aebeedb915290940c4279dbb0f889c5d91,Orchset,Opus,48,Opus,0.030104975701423106,0.026180662468168782,0.943714361830408,3.4451330737628467,10.769446816994305,8.4154654288149,12.620242213430325,3,True,49.748
80fd627f8e17e8f5c0a013f4,9b60a80dc4c7adabbf1e7aece4b934aebeedb915290940c4279dbb0f889c5d91,Orchset,Opus,64,Opus,0.011847346599041964,0.09999221617955961,0.8881604372213984,2.1840600544653337,10.197467221569058,9.529699892977188,9.82131400598316,2,True,65.908
20300e49de0065338cd119b9,9b60a80dc4c7adabbf1e7aece4b934aebeedb915290940c4279dbb0f889c5d91,Orchset,Opus,80,Opus,0.022662600746537455,0.18006332176799913,0.7972740774854635,1.4878899294783183,10.5226368780821,9.825880203735569,10.18995008947954,2,True,82.068
7652bda7c5fff56836bdd7a4,9b60a80dc4c7adabbf1e7aece4b934aebeedb915290940c4279dbb0f889c5d91,Orchset,Opus,96,Opus,0.003627580549796578,0.020836336280106903,0.9755360831700964,3.8462887496577345,10.581827480764346,9.619953880443598,10.389831025351404,2,True,98.228
f304333065adb9c97ee7ae77,9b60a80dc4c7adabbf1e7aece4b934aebeedb915290940c4279dbb0f889c5d91,Orchset,Opus,128,Opus,0.010149975275271443,0.02552021955536483,0.9643298051693636,3.6319622959390694,10.758678286679016,9.996614318367378,10.778278807938205,3,True,130.952
0bc719c98d23e0376e9c2ba2,a00c91ab0d48301f4edec660beaabbf377a191b4648291e8d255630a3748197e,Orchset,AAC,32,AAC,0.9858854867761481,4.968715784032195e-07,0.014114016352273481,4.246371837522389,13.512087203297805,16.843385568765218,15.829004302707872,1,False,37.288
688b50913942dcba23ba3feb,a00c91ab0d48301f4edec660beaabbf377a191b4648291e8d255630a3748197e,Orchset,AAC,48,Opus,0.006944608878879258,0.21657721509311084,0.7764781760280098,-4.716802878943367,15.03288690934954,18.36579405943306,14.092717786123893,2,True,53.488
1d22e4926b415ceb891d855b,a00c91ab0d48301f4edec660beaabbf377a191b4648291e8d255630a3748197e,Orchset,AAC,64,MP3,0.0037311200819113675,0.7241825631538056,0.27208631676428313,-5.268335041016828,16.075916325343552,19.468542057104884,13.958949227198305,2,True,69.944
2823fcebb13d826630d46d19,a00c91ab0d48301f4edec660beaabbf377a191b4648291e8d255630a3748197e,Orchset,AAC,80,Opus,0.0022246743793303734,0.48401618218021597,0.5137591434404536,-5.442144004562919,16.664628634957353,20.134301705394073,13.92825817342301,2,True,86.12
4f614473356610c9f4d6cba6,a00c91ab0d48301f4edec660beaabbf377a191b4648291e8d255630a3748197e,Orchset,AAC,96,Opus,2.7244682607578586e-06,0.00023732042806947078,0.9997599551036698,-12.81299720884524,17.75708603926907,21.435491102211422,13.606659540213677,2,True,102.244
2ead27159aeeddb31bb47d37,a00c91ab0d48301f4edec660beaabbf377a191b4648291e8d255630a3748197e,Orchset,AAC,128,AAC,0.9996208595340237,5.0932851592818215e-08,0.00037908953312471944,7.877358933265513,19.487344092761536,24.38650214378596,16.749959913094244,2,True,134.888
35b2b1478471abd385ebb673,a00c91ab0d48301f4edec660beaabbf377a191b4648291e8d255630a3748197e,Orchset,MP3,32,MP3,4.219853896469673e-05,0.9997138642874982,0.0002439371735372474,8.318313674672105,19.644227902923383,15.761220714894042,22.261007897228343,1,False,33.584
2c7d774ba6fc5bb4ed72cf22,a00c91ab0d48301f4edec660beaabbf377a191b4648291e8d255630a3748197e,Orchset,MP3,48,AAC,0.9967022028547532,1.4101980687465116e-07,0.003297656125439952,-15.7710622352826,17.212950754509876,19.843494980238276,19.85161713470377,2,True,49.904
30d00e84bf2e6dfce157fe56,a00c91ab0d48301f4edec660beaabbf377a191b4648291e8d255630a3748197e,Orchset,MP3,64,Opus,0.00010342483497014076,0.0036539846547829734,0.996242590510247,-5.608172534316626,18.738274228751624,21.781225699549985,17.657787685046422,3,True,66.224
4b33443a1be29d264139dabd,a00c91ab0d48301f4edec660beaabbf377a191b4648291e8d255630a3748197e,Orchset,MP3,80,Opus,0.00029752519924806275,0.05786591642963917,0.9418365583711128,-2.789703206060247,17.41332449660818,20.428430701012537,15.842696286627099,3,True,82.736
3c5e40f7b81f4098db1c2725,a00c91ab0d48301f4edec660beaabbf377a191b4648291e8d255630a3748197e,Orchset,MP3,96,MP3,1.7088767816208733e-06,0.9807605687812226,0.01923772234199593,3.931455304418337,16.864911412648574,19.566187703319052,13.894220568390747,3,True,99.248
b0406a47477119c4cc331152,a00c91ab0d48301f4edec660beaabbf377a191b4648291e8d255630a3748197e,Orchset,MP3,128,MP3,3.113223959049242e-08,0.9929464020306221,0.0070535668371382275,4.947143263560053,20.182620187454578,22.516259010099247,15.955045298853578,3,True,132.272
b48a149debfd94465c1ad517,a00c91ab0d48301f4edec660beaabbf377a191b4648291e8d255630a3748197e,Orchset,Opus,32,Opus,1.7366794667993502e-06,1.0450394067533221e-05,0.9999878129264657,11.468858683304862,18.29909907062479,22.0469972878116,13.686502195720049,1,False,33.588
dcedc8e46c2ec6ca776cea59,a00c91ab0d48301f4edec660beaabbf377a191b4648291e8d255630a3748197e,Orchset,Opus,48,Opus,7.17006015347215e-06,0.00023164873336895293,0.9997611812064775,8.370049566666811,18.263016676312603,22.01775644800742,13.666346358523485,1,False,49.748
591b9e900763f858d4d7ec26,a00c91ab0d48301f4edec660beaabbf377a191b4648291e8d255630a3748197e,Orchset,Opus,64,Opus,2.424417428568429e-06,0.0003070371118692034,0.9996905384707022,8.088232422693313,18.47677196777051,22.21415269156299,13.8126817184323,1,False,65.908
efb9ff7d98696bae59414df8,a00c91ab0d48301f4edec660beaabbf377a191b4648291e8d255630a3748197e,Orchset,Opus,80,Opus,8.988613802489553e-07,7.528076525462667e-05,0.9999238203733651,9.494209714766336,18.322913216563325,21.969995939426244,13.630521536889695,1,False,82.068
04a294f87d3eb579586d210b,a00c91ab0d48301f4edec660beaabbf377a191b4648291e8d255630a3748197e,Orchset,Opus,96,Opus,1.931364980890573e-06,0.0002380308502845863,0.9997600377847344,8.342870278637855,18.29383697961559,21.97675244506583,13.635411184342427,1,False,98.228
99770a4ec2c5ac5cb86c9c6c,a00c91ab0d48301f4edec660beaabbf377a191b4648291e8d255630a3748197e,Orchset,Opus,128,Opus,2.628298960739073e-06,0.0003173580116322229,0.9996800136894071,8.055160009599035,18.355448546956268,22.026884155369828,13.702402499439213,1,False,130.952
08e5c9e4aba3f53107a9616c,a10fcb4676ffef114bb7f7fb50068fd244704e05118918df2fc08685ac456028,Orchset,AAC,32,AAC,0.9974448367146042,3.633246968555787e-06,0.002551530038427269,5.968503651392805,10.382135602200645,12.308748830352897,14.222168806750412,1,False,37.468
4392c1294b5826d9f1f422e5,a10fcb4676ffef114bb7f7fb50068fd244704e05118918df2fc08685ac456028,Orchset,AAC,48,Opus,0.11394900313631143,0.12476912783638015,0.7612818690273085,-1.8992526748249607,10.157495060086022,12.948204178682577,11.123843244172837,1,False,53.904
1ffe85fe968533abce07b4f1,a10fcb4676ffef114bb7f7fb50068fd244704e05118918df2fc08685ac456028,Orchset,AAC,64,MP3,0.034580709105942915,0.7318124023617082,0.23360688853234876,-3.052228213899486,10.303944614391188,13.31547526991669,9.668298844287154,2,True,69.976
51517ab44e51b40cbce7b803,a10fcb4676ffef114bb7f7fb50068fd244704e05118918df2fc08685ac456028,Orchset,AAC,80,Opus,0.011311334219602067,0.20202995969545248,0.7866587060849455,-4.241989238611888,10.62185100025861,13.678993288813084,9.085644160891942,2,True,86.42
fcf993ecf10a05203ece3262,a10fcb4676ffef114bb7f7fb50068fd244704e05118918df2fc08685ac456028,Orchset,AAC,96,Opus,0.0003378495129417989,0.003543147508937054,0.9961190029781213,-7.989021441974421,11.025002446201567,14.3396553678179,7.8057304856055145,2,True,102.608
c4f40a6cc33ae9db50ceb31f,a10fcb4676ffef114bb7f7fb50068fd244704e05118918df2fc08685ac456028,Orchset,AAC,128,AAC,0.9972031503239198,7.161342766694056e-06,0.0027896883333134266,5.879024629710402,11.396586349761325,16.003090307643834,9.281908187704792,2,True,132.432
6b23b3800a525761f440737d,a10fcb4676ffef114bb7f7fb50068fd244704e05118918df2fc08685ac456028,Orchset,MP3,32,MP3,2.7295961653084966e-06,0.9996815745347403,0.00031569586909420676,8.060412771221593,18.27005915805641,12.587635496876189,20.833332016151513,1,False,33.584
6bb8e17443a5730b032c48b1,a10fcb4676ffef114bb7f7fb50068fd244704e05118918df2fc08685ac456028,Orchset,MP3,48,AAC,0.9505972480815869,8.065860575011409e-05,0.04932209331266301,-9.374620244452231,13.556322743823989,14.088065143868574,16.70479262895533,2,True,49.904
fcbc5e3aa3417e1a534ccf17,a10fcb4676ffef114bb7f7fb50068fd244704e05118918df2fc08685ac456028,Orchset,MP3,64,AAC,0.455549986939833,0.4002887641190551,0.14416124894111187,-0.12931925453713633,10.621381280746268,13.161921823962091,12.805466418466724,3,True,66.224
9caa63a3630f18b173cf807b,a10fcb4676ffef114bb7f7fb50068fd244704e05118918df2fc08685ac456028,Orchset,MP3,80,Opus,0.010024909814407665,0.13217557195117494,0.8577995182344174,-1.870239281114614,11.591211092672172,13.86636334640579,11.961531981166392,3,True,82.736
e36f6ba58c32f9dd67caf737,a10fcb4676ffef114bb7f7fb50068fd244704e05118918df2fc08685ac456028,Orchset,MP3,96,Opus,0.00317170982805896,0.2137704947548208,0.7830577954171202,-1.2983035209456368,10.607494285357896,12.907337509805378,9.981769870940052,3,True,99.248
d268c247fd964e19d4b8d3a4,a10fcb4676ffef114bb7f7fb50068fd244704e05118918df2fc08685ac456028,Orchset,MP3,128,MP3,0.0001680879840668506,0.6876164592976229,0.3122154527183103,0.7895377074655587,10.885558253257463,12.830048424342523,8.273308997180038,3,True,132.272
c46c6fb0b34c4c60060114ba,a10fcb4676ffef114bb7f7fb50068fd244704e05118918df2fc08685ac456028,Orchset,Opus,32,Opus,1.6009418479970964e-05,0.0002018871774510013,0.999782103404069,8.507583623729086,11.782583351566865,15.10405657552083,7.55107925005848,1,False,33.588
dcc88367074e58c667078310,a10fcb4676ffef114bb7f7fb50068fd244704e05118918df2fc08685ac456028,Orchset,Opus,48,Opus,4.592535274559689e-05,0.00071718101569625,0.9992368936315581,7.239418888928853,11.61530439130052,14.848542214898716,7.4655017669850965,1,False,49.748
e2c3b54cb81f8c546a970b05,a10fcb4676ffef114bb7f7fb50068fd244704e05118918df2fc08685ac456028,Orchset,Opus,64,Opus,3.89270179945908e-05,0.00011444286113101955,0.9998466301208745,9.075281507308524,11.203446709616202,14.512190074895592,7.380681687289018,1,False,65.908
016d3f2894dd779a279c74f7,a10fcb4676ffef114bb7f7fb50068fd244704e05118918df2fc08685ac456028,Orchset,Opus,80,Opus,1.9351539609885334e-05,0.0003195207589812331,0.9996611277014089,8.048349383191384,11.294469888036147,14.397880507630708,7.36290588571673,1,False,82.068
d7026cfd6ae1e07aee5d61fe,a10fcb4676ffef114bb7f7fb50068fd244704e05118918df2fc08685ac456028,Orchset,Opus,96,Opus,3.0100493017182865e-05,0.0004277092494333984,0.9995421902575493,7.756609002411826,11.235516832142203,14.3650618491558,7.323654510264186,1,False,98.228
a3c21797726511df8bda3ef5,a10fcb4676ffef114bb7f7fb50068fd244704e05118918df2fc08685ac456028,Orchset,Opus,128,Opus,3.0398006624802736e-05,0.00024777939607685973,0.9997218225972984,8.302693523514545,11.394362343662452,14.452454755269564,7.583355786761893,1,False,130.952
7ba9b54cdd9cfa699821392b,b50b80c2457e0429adc60e2785a877d3dadbc4b837bfcf2a324dfd25415bc6e6,Orchset,AAC,32,AAC,0.8308021900889336,0.041872537984436645,0.1273252719266297,1.8756467196614035,12.19081584622638,9.543978866961785,15.313675031078136,2,True,37.996
d2729bb28f25af3e54abceff,b50b80c2457e0429adc60e2785a877d3dadbc4b837bfcf2a324dfd25415bc6e6,Orchset,AAC,48,MP3,0.0173599696540592,0.8688539770827848,0.11378605326315593,-3.9130081143752977,11.54638447428957,8.937580964927507,13.60940599401141,2,True,53.944
48ca2cf0505342b691202acc,b50b80c2457e0429adc60e2785a877d3dadbc4b837bfcf2a324dfd25415bc6e6,Orchset,AAC,64,MP3,0.0070563876392460145,0.9338053784012035,0.05913823395955066,-4.885334787482776,11.391213648970263,8.873083616389955,12.961886458283884,2,True,70.076
2677266b773bfe54f78d5ec2,b50b80c2457e0429adc60e2785a877d3dadbc4b837bfcf2a324dfd25415bc6e6,Orchset,AAC,80,MP3,0.010857138611383967,0.8507746595899268,0.1383682017986892,-4.36132449849338,11.305909512571358,9.00134559706345,12.63269262221659,2,True,86.228
b3199bd0d7ab0cb7de88c4be,b50b80c2457e0429adc60e2785a877d3dadbc4b837bfcf2a324dfd25415bc6e6,Orchset,AAC,96,Opus,0.0059914168842415665,0.25377578764162934,0.7402327954741291,-4.8166367994387755,11.078736941617047,9.158392964025817,11.789770337491483,2,True,102.648
d4ac213340daf8665412b6a8,b50b80c2457e0429adc60e2785a877d3dadbc4b837bfcf2a324dfd25415bc6e6,Orchset,AAC,128,AAC,0.9997035330386089,9.114696551194016e-05,0.00020531999587925585,8.490644329425626,10.531621025180506,10.53558965742453,12.025299971832506,1,False,129.364
783fb9a3b1db28eb063f65af,b50b80c2457e0429adc60e2785a877d3dadbc4b837bfcf2a324dfd25415bc6e6,Orchset,MP3,32,MP3,0.0003309828732957457,0.9953948628359316,0.004274154290772595,5.450553249408332,18.91893448716698,13.539636394016208,21.170009504851237,1,False,33.584
38c8c88e7f2cc0afde2d9d5c,b50b80c2457e0429adc60e2785a877d3dadbc4b837bfcf2a324dfd25415bc6e6,Orchset,MP3,48,MP3,0.14693414924684228,0.4979128412978347,0.355153009455323,0.33787633506668635,14.463034507013758,10.479455293273963,17.393828612549456,1,False,49.904
5eab32090c76b8b482aa314e,b50b80c2457e0429adc60e2785a877d3dadbc4b837bfcf2a324dfd25415bc6e6,Orchset,MP3,64,MP3,0.11669303175437501,0.7767975916387863,0.10650937660683875,1.8956329898599673,11.292676323490749,9.550083711124119,14.049492614917739,1,False,66.224
5fd562e23b3615ea5bfe25f6,b50b80c2457e0429adc60e2785a877d3dadbc4b837bfcf2a324dfd25415bc6e6,Orchset,MP3,80,MP3,0.05765279275015013,0.7644005371073692,0.17794667014248078,1.4576080155579678,11.043571882912339,8.852544867900665,13.39580558076161,1,False,82.736
6c5c45bb62b762b5219a122f,b50b80c2457e0429adc60e2785a877d3dadbc4b837bfcf2a324dfd25415bc6e6,Orchset,MP3,96,MP3,0.0005367999167014548,0.8659066703589514,0.1335565297243471,1.8692522999652166,10.721679353540567,8.069199506064392,11.457368944952947,1,False,99.248
c6025af256b5b3f59029364b,b50b80c2457e0429adc60e2785a877d3dadbc4b837bfcf2a324dfd25415bc6e6,Orchset,MP3,128,MP3,0.0004521840286836524,0.8670308752129406,0.13251694075837558,1.8783640956616727,11.007432116713453,8.631075964932869,10.739155869249243,1,False,132.272
3ec274a68bce3c11b77af1dd,b50b80c2457e0429adc60e2785a877d3dadbc4b837bfcf2a324dfd25415bc6e6,Orchset,Opus,32,Opus,0.004081630956811262,0.03585154563137132,0.9600668234118174,3.287616209797983,11.610300922815261,8.628726612643145,13.17275678566713,3,True,33.588
1ed9e014822bcb523f28e6c1,b50b80c2457e0429adc60e2785a877d3dadbc4b837bfcf2a324dfd25415bc6e6,Orchset,Opus,48,Opus,0.004800677071528295,0.058314076222648954,0.9368852467058227,2.776717297052275,11.810776420829512,8.773293963208282,13.443382174986676,3,True,49.748
eb3ba1471c6902477f3209e4,b50b80c2457e0429adc60e2785a877d3dadbc4b837bfcf2a324dfd25415bc6e6,Orchset,Opus,64,Opus,0.0003682575491531087,0.011294596290773914,0.9883371461600728,4.471699473605251,10.647309809181877,8.98879187143754,10.755228663320212,3,True,65.908
23ccd1ef0b742d32454801bb,b50b80c2457e0429adc60e2785a877d3dadbc4b837bfcf2a324dfd25415bc6e6,Orchset,Opus,80,Opus,0.0017494954553237544,0.024933848775473177,0.9733166557692031,3.664483203051988,10.868679973824987,9.234221267992567,11.075093372888649,3,True,82.068
1dc472a17c576f5ec8becb72,b50b80c2457e0429adc60e2785a877d3dadbc4b837bfcf2a324dfd25415bc6e6,Orchset,Opus,96,Opus,0.0013048606415819834,0.07002745324717605,0.9286676861112421,2.584863609013207,10.847275665521522,9.034607705772073,10.990202347835305,3,True,98.228
f9cb49bc2bae5f38ce1652e2,b50b80c2457e0429adc60e2785a877d3dadbc4b837bfcf2a324dfd25415bc6e6,Orchset,Opus,128,Opus,0.0016373406763701846,0.026283020971551177,0.9720796383520786,3.610514593299982,11.003340967364139,9.35757562105624,11.273306797937522,3,True,130.952
6e705f3ded1268746946616b,bc2cfcc89bb1c4d87d839fcde2d55e33b0c30b5a7a0ab634852ac5369c386cc8,Orchset,AAC,32,AAC,0.9933009545512832,0.001122012708399086,0.005577032740317762,5.182376826223885,10.645323024037527,8.711470840312536,14.32791305141783,2,True,38.116
13642f5f1127cd923c02421d,bc2cfcc89bb1c4d87d839fcde2d55e33b0c30b5a7a0ab634852ac5369c386cc8,Orchset,AAC,48,Opus,0.05451472924904573,0.2373344206724106,0.7081508500785437,-2.5641862094757357,9.150898462321331,7.532055665109762,11.287131259555165,2,True,54.096
7fb839edcb7b566153d6872d,bc2cfcc89bb1c4d87d839fcde2d55e33b0c30b5a7a0ab634852ac5369c386cc8,Orchset,AAC,64,MP3,0.049229536059049936,0.5758603469426377,0.3749101169983123,-2.459371408296863,8.912176538332758,7.638121315102091,10.235558075667123,2,True,70.036
f3bdb5a38c5116b6bdbe350b,bc2cfcc89bb1c4d87d839fcde2d55e33b0c30b5a7a0ab634852ac5369c386cc8,Orchset,AAC,80,MP3,0.06227376134486144,0.502385739846935,0.4353404988082036,-2.087828059824619,8.832173842779891,7.8215746154816745,9.719364592538575,2,True,86.28
a511869116f2036a214d3144,bc2cfcc89bb1c4d87d839fcde2d55e33b0c30b5a7a0ab634852ac5369c386cc8,Orchset,AAC,96,Opus,0.003350428204232842,0.036011429601738636,0.9606381421940285,-5.658509635250426,8.689826448189535,7.969287863320441,8.51824763348247,3,True,102.744
6605a86a0580a0b6f4674986,bc2cfcc89bb1c4d87d839fcde2d55e33b0c30b5a7a0ab634852ac5369c386cc8,Orchset,AAC,128,AAC,0.9962563127476419,0.0002716048496680874,0.0034720824026899092,5.659250036583796,8.083067824671797,9.278039840522824,8.561419575626939,1,False,127.996
b98165988c031888b73596ef,bc2cfcc89bb1c4d87d839fcde2d55e33b0c30b5a7a0ab634852ac5369c386cc8,Orchset,MP3,32,MP3,0.0007599439390826988,0.9984409404129634,0.0007991156479537527,7.130444605618574,18.9823736443354,13.295227289053278,21.419343261493815,1,False,33.584
9a6e0a3fdfbe2f505b5ca80a,bc2cfcc89bb1c4d87d839fcde2d55e33b0c30b5a7a0ab634852ac5369c386cc8,Orchset,MP3,48,AAC,0.9252435871761714,0.011025269988881021,0.06373114283494762,-4.4298671305124895,13.6080104595989,10.880315219141433,16.958441945861516,1,False,49.904
719db379ac7d0f9fac601ab5,bc2cfcc89bb1c4d87d839fcde2d55e33b0c30b5a7a0ab634852ac5369c386cc8,Orchset,MP3,64,AAC,0.665886609482995,0.12195605220890979,0.21215733830809508,-1.6974586479738298,11.140190376262229,10.737025539865611,14.049806736508707,1,False,66.224
ae6d37106215454db5df2707,bc2cfcc89bb1c4d87d839fcde2d55e33b0c30b5a7a0ab634852ac5369c386cc8,Orchset,MP3,80,Opus,0.20113012551437592,0.2579375904830026,0.5409322840026215,-0.7405764445030794,10.125648030615833,9.458159398298546,12.448053835167448,1,False,82.736
bda860acc5b94a71f08fc166,bc2cfcc89bb1c4d87d839fcde2d55e33b0c30b5a7a0ab634852ac5369c386cc8,Orchset,MP3,96,Opus,0.009775609062648676,0.2232773897655258,0.7669470011718255,-1.234002801365544,9.593812677811737,8.398531710341276,10.584576505261007,1,False,99.248
e6cfc75017b2fd1def4eeaf9,bc2cfcc89bb1c4d87d839fcde2d55e33b0c30b5a7a0ab634852ac5369c386cc8,Orchset,MP3,128,Opus,0.0009112869089862768,0.3753793896380254,0.6237093234529884,-0.5077472117957402,9.401713937392191,7.926860670997094,8.569546986127323,1,False,132.272
4103d53b881b4baad2eed0ed,bc2cfcc89bb1c4d87d839fcde2d55e33b0c30b5a7a0ab634852ac5369c386cc8,Orchset,Opus,32,Opus,0.09790293254772964,0.0050974090842195435,0.896999658368051,2.215078977588033,9.308996842597644,7.354855104298283,12.05829073403339,3,True,33.588
f7f6bd606def6814673f555a,bc2cfcc89bb1c4d87d839fcde2d55e33b0c30b5a7a0ab634852ac5369c386cc8,Orchset,Opus,48,Opus,0.26643309683004873,0.024427994488372365,0.7091389086815789,0.9789282610193162,9.432908310265454,7.48102781598721,12.171771508536493,3,True,49.748
b9e9ab363a588f7cdd633e9a,bc2cfcc89bb1c4d87d839fcde2d55e33b0c30b5a7a0ab634852ac5369c386cc8,Orchset,Opus,64,Opus,0.0010153407273696062,0.010887054811818215,0.9880976044608122,4.5082070313104285,8.580842281614911,8.019700840617348,7.720984696102249,1,False,65.908
265f5da0db76ec3fb0f55182,bc2cfcc89bb1c4d87d839fcde2d55e33b0c30b5a7a0ab634852ac5369c386cc8,Orchset,Opus,80,Opus,0.0006874880189597642,0.005541306774328032,0.9937712052067121,5.189276651527148,8.58869412684142,8.079921758352292,7.7915493960778885,1,False,82.068
d77793e61e2c89223635e48f,bc2cfcc89bb1c4d87d839fcde2d55e33b0c30b5a7a0ab634852ac5369c386cc8,Orchset,Opus,96,Opus,0.0009006067591782593,0.013458092544074221,0.9856413006967475,4.293711894764641,8.651322069585222,8.072159563597566,7.835204468293028,1,False,98.228
dbd301b932355b2fc16634c3,bc2cfcc89bb1c4d87d839fcde2d55e33b0c30b5a7a0ab634852ac5369c386cc8,Orchset,Opus,128,Opus,0.0005614953353312083,0.0036807988016436546,0.9957577058630251,5.600374166495,8.719897531239328,8.185860641248608,7.897980166213414,1,False,130.952
79058b051e6e789bea26fa44,c693eba40527814aa4a51672d2c3c965f2e82313349f5d7dcaa916dd0a073ea7,Orchset,AAC,32,AAC,0.9900868390743507,0.0011103170650530547,0.008802843860596207,4.722717820264384,12.92168309283964,11.09785258781375,16.004628024099215,2,True,38.088
61ab44b1ce71fc89da8568ce,c693eba40527814aa4a51672d2c3c965f2e82313349f5d7dcaa916dd0a073ea7,Orchset,AAC,48,MP3,0.09011725941307135,0.8525358943409084,0.05734684624602035,-2.247103608387021,11.876656424794287,10.31999723200785,13.542352149401205,2,True,54.088
dccc5f006ef1b1dddd5fc6bc,c693eba40527814aa4a51672d2c3c965f2e82313349f5d7dcaa916dd0a073ea7,Orchset,AAC,64,MP3,0.06075522640969888,0.9006773032978211,0.038567470292480165,-2.696293929557873,11.714987195626225,10.534981880120535,12.72063589812223,2,True,70.204
54a5544103db8456c639fd58,c693eba40527814aa4a51672d2c3c965f2e82313349f5d7dcaa916dd0a073ea7,Orchset,AAC,80,MP3,0.03327015765919788,0.9199106317129906,0.0468192106278114,-3.3196156970835684,11.706210629553347,10.653588375631767,12.341478171290701,2,True,86.34
979a2b7e30aaf82e260e1ed4,c693eba40527814aa4a51672d2c3c965f2e82313349f5d7dcaa916dd0a073ea7,Orchset,AAC,96,Opus,0.02981924585120666,0.3707116780513058,0.5994690760974876,-3.00089037133044,11.52765391347285,10.798648277650612,11.384196690188558,3,True,102.696
334159d2b6885f4ac860cf13,c693eba40527814aa4a51672d2c3c965f2e82313349f5d7dcaa916dd0a073ea7,Orchset,AAC,128,AAC,0.9989786118306087,0.0006503687082853512,0.00037101946110605757,7.3369492022387135,11.067823978320224,11.711306699600001,11.44099886050775,1,False,131.376
44ef0f0639a662d6e54057dd,c693eba40527814aa4a51672d2c3c965f2e82313349f5d7dcaa916dd0a073ea7,Orchset,MP3,32,MP3,0.001628521234699752,0.9981115085561102,0.0002599702091900556,6.418192617018289,19.918539130077473,14.86141201154,22.24616275115031,1,False,33.584
dc400eccf3037c8143d6a9ae,c693eba40527814aa4a51672d2c3c965f2e82313349f5d7dcaa916dd0a073ea7,Orchset,MP3,48,AAC,0.9891376953478901,0.006800298686290334,0.004062005965819622,-4.979867013102848,15.197692025664619,12.768569398164523,18.304531255583978,1,False,49.904
ee971c87c8ddc2e0fcc6f336,c693eba40527814aa4a51672d2c3c965f2e82313349f5d7dcaa916dd0a073ea7,Orchset,MP3,64,AAC,0.6498770598774697,0.3255349735409301,0.024587966581600288,-0.6913133048796511,12.743339359272156,12.254110851953492,15.229403745596457,1,False,66.224
f2e77dfda9c96026cd0feaa3,c693eba40527814aa4a51672d2c3c965f2e82313349f5d7dcaa916dd0a073ea7,Orchset,MP3,80,MP3,0.06412090144034104,0.7387767147112528,0.19710238384840614,1.321272421412698,12.26842636054162,11.339383997801905,13.587771036151285,1,False,82.736
ee546185e10446e5ab88ca49,c693eba40527814aa4a51672d2c3c965f2e82313349f5d7dcaa916dd0a073ea7,Orchset,MP3,96,MP3,0.0027060663594074322,0.8509472390758427,0.1463466945647498,1.7603717008561217,11.86193079459078,10.47751151368418,11.957131956076173,1,False,99.248
64f6d9c39584e89939ff1596,c693eba40527814aa4a51672d2c3c965f2e82313349f5d7dcaa916dd0a073ea7,Orchset,MP3,128,MP3,0.001728260129456307,0.9079751189321734,0.09029662093837046,2.3081169368405616,11.820689875255303,10.63178617836323,10.995831855897778,1,False,132.272
da805a9076715d72be53f880,c693eba40527814aa4a51672d2c3c965f2e82313349f5d7dcaa916dd0a073ea7,Orchset,Opus,32,Opus,0.03192250655203134,0.0265931288597083,0.9414843645882602,3.384146445478222,12.053062963238236,10.323790854924372,13.313157840949296,3,True,33.588
06059398c202185f7c430a57,c693eba40527814aa4a51672d2c3c965f2e82313349f5d7dcaa916dd0a073ea7,Orchset,Opus,48,Opus,0.12447034914736431,0.22817802719620042,0.6473516236564353,1.042763469351804,12.125942845278727,10.366396231098756,13.411556973132495,3,True,49.748
95dd3452296768f7beae9014,c693eba40527814aa4a51672d2c3c965f2e82313349f5d7dcaa916dd0a073ea7,Orchset,Opus,64,Opus,0.0052949190323925465,0.018733007039306887,0.9759720739283007,3.9531469229761083,11.176432494679938,10.650880250493826,10.540558864690306,1,False,65.908
43cb28134791ffcb1280ff7b,c693eba40527814aa4a51672d2c3c965f2e82313349f5d7dcaa916dd0a073ea7,Orchset,Opus,80,Opus,0.008089545075995346,0.04088471734482587,0.9510257375791789,3.146784791709573,11.311255008626553,10.755345890315803,10.722232661835019,1,False,82.068
ee1b5add8be1a81c3853d405,c693eba40527814aa4a51672d2c3c965f2e82313349f5d7dcaa916dd0a073ea7,Orchset,Opus,96,Opus,0.006883679050117415,0.13619074569926906,0.8569255752506135,1.8392946264792682,11.382820376450466,10.696192359793317,10.729181001073913,2,True,98.228
afbe27240d84177fe09c7b9a,c693eba40527814aa4a51672d2c3c965f2e82313349f5d7dcaa916dd0a073ea7,Orchset,Opus,128,Opus,0.009617044749961631,0.091299464259749,0.8990834909902894,2.2872309814433587,11.45265969522659,10.854671560248079,10.87800252897102,2,True,130.952
03f52f191662d3ac4a402162,d5f3ec2c2d840a57c04286b17ca74ba4603d7ebaf89ef6bdf7fae0325468f1a7,Orchset,AAC,32,AAC,0.9999774265536541,1.1232359563791368e-10,2.2573334022293645e-05,10.698718685145337,17.522088859291273,20.962139587605364,20.03345850753845,1,False,37.636
a534eb02a4bc3e39eb1de65f,d5f3ec2c2d840a57c04286b17ca74ba4603d7ebaf89ef6bdf7fae0325468f1a7,Orchset,AAC,48,Opus,0.41242151377386976,0.144846012279177,0.4427324739469533,-0.0709197733119904,20.08949676550251,23.45415649197108,19.591131253618208,2,True,53.928
80609684cbd4f8b6d251b32b,d5f3ec2c2d840a57c04286b17ca74ba4603d7ebaf89ef6bdf7fae0325468f1a7,Orchset,AAC,64,MP3,0.0018627863325221619,0.9862256021940515,0.01191161147342635,-6.2718117388634536,19.527596560791487,23.072694672269996,17.31072585476519,2,True,70.004
7df33f96777d35525afaf21d,d5f3ec2c2d840a57c04286b17ca74ba4603d7ebaf89ef6bdf7fae0325468f1a7,Orchset,AAC,80,MP3,0.0005356142608006403,0.9612022132189837,0.03826217252021571,-7.492525846096113,19.875046373791115,23.23941445077593,17.049040879421124,2,True,86.072
7d3323f5f2bb2d46b2b7f6fe,d5f3ec2c2d840a57c04286b17ca74ba4603d7ebaf89ef6bdf7fae0325468f1a7,Orchset,AAC,96,Opus,5.533440148805949e-07,0.0005211671164770491,0.9994782795395081,-14.40676408384521,21.39698420676419,24.759446469858773,17.373772245272043,2,True,102.252
4fa459d6ce9f758eac1b4958,d5f3ec2c2d840a57c04286b17ca74ba4603d7ebaf89ef6bdf7fae0325468f1a7,Orchset,AAC,128,AAC,0.9999545693249656,3.51239004245278e-10,4.5430323795306374e-05,9.999285319165816,24.11091554156499,28.87125347337035,21.66880454613072,2,True,131.576
b8189c7ed52df7a25c82f596,d5f3ec2c2d840a57c04286b17ca74ba4603d7ebaf89ef6bdf7fae0325468f1a7,Orchset,MP3,32,MP3,3.2179053814889206e-06,0.9999898518340165,6.930260602103425e-06,11.879602992330904,17.318196907450698,13.873026527922198,20.007108733055656,1,False,33.584
ad34208711937a445a094ffe,d5f3ec2c2d840a57c04286b17ca74ba4603d7ebaf89ef6bdf7fae0325468f1a7,Orchset,MP3,48,AAC,0.9994696016730857,2.471655448753223e-05,0.000505681772426759,-10.607506777623755,15.47948038624874,17.902809229937034,18.331863821719907,2,True,49.904
d19f8019b01f1bfcf6c50ddf,d5f3ec2c2d840a57c04286b17ca74ba4603d7ebaf89ef6bdf7fae0325468f1a7,Orchset,MP3,64,MP3,4.8843629694083375e-05,0.9991130383923406,0.0008381179779653577,7.083464327039115,19.013955494582238,22.167709711089472,17.414054122194642,3,True,66.224
04ac9a61254ce7a2af0f7964,d5f3ec2c2d840a57c04286b17ca74ba4603d7ebaf89ef6bdf7fae0325468f1a7,Orchset,MP3,80,MP3,3.6888454404800534e-05,0.7491031743018137,0.25085993724378153,1.0939819590000734,19.41648909477711,22.417847727995586,16.960637799079592,3,True,82.736
e735de09b3a3b1bc8e5baa38,d5f3ec2c2d840a57c04286b17ca74ba4603d7ebaf89ef6bdf7fae0325468f1a7,Orchset,MP3,96,MP3,9.244539009110851e-07,0.9845639641904971,0.01543511135560208,4.155553994798642,19.853896249031195,22.696495729102953,16.58847587515783,3,True,99.248
c0f9917303202d8b39bd9083,d5f3ec2c2d840a57c04286b17ca74ba4603d7ebaf89ef6bdf7fae0325468f1a7,Orchset,MP3,128,MP3,3.5478692446697923e-09,0.9999984925703981,1.5038817324965895e-06,13.407459463405925,22.37004456420618,25.008233825283945,18.149980155974827,3,True,132.272
33ea9220588ee45a2b55d7c9,d5f3ec2c2d840a57c04286b17ca74ba4603d7ebaf89ef6bdf7fae0325468f1a7,Orchset,Opus,32,Opus,3.3629414252617106e-05,2.293832118592846e-05,0.9999434322645615,10.300052880434896,23.837976617923466,27.636020123942604,19.573990028964683,1,False,33.588
104f9e3237f55fa91c24c59b,d5f3ec2c2d840a57c04286b17ca74ba4603d7ebaf89ef6bdf7fae0325468f1a7,Orchset,Opus,48,Opus,4.837717794364575e-05,3.418565041135701e-05,0.999917437171645,9.936399819300071,23.089040134093086,26.83799754172255,18.895876297782472,1,False,49.748
ff0cf87283f293ee9539b160,d5f3ec2c2d840a57c04286b17ca74ba4603d7ebaf89ef6bdf7fae0325468f1a7,Orchset,Opus,64,Opus,1.2273426839243378e-05,0.000239698066372378,0.9997480285067883,8.335878480178451,22.429233228710522,26.088877567399965,18.06510071747214,1,False,65.908
aa13f80b30db04ab73dfb095,d5f3ec2c2d840a57c04286b17ca74ba4603d7ebaf89ef6bdf7fae0325468f1a7,Orchset,Opus,80,Opus,2.0828565570785454e-05,0.0003780525245129364,0.9996011189099164,7.880078457595629,21.239714277876395,24.968609636068084,17.118798857322652,1,False,82.068
d0f88a67e7c09ebfc7622db5,d5f3ec2c2d840a57c04286b17ca74ba4603d7ebaf89ef6bdf7fae0325468f1a7,Orchset,Opus,96,Opus,1.5803517481495315e-05,0.0008445460264686164,0.9991396504560498,7.075850601901532,21.235078802930595,24.89438411822446,17.040198691244317,1,False,98.228
5b67bf510e266b5456555e49,d5f3ec2c2d840a57c04286b17ca74ba4603d7ebaf89ef6bdf7fae0325468f1a7,Orchset,Opus,128,Opus,3.176678797899714e-05,0.0004046175982040113,0.9995636156138171,7.812131659233046,21.21561537393393,24.91997069586164,17.138385494762503,1,False,130.952
697876ba2a5f6ac2940b45f9,e849cdfb26f0a4cad62d984a582bd4c4e8b0058cdf759abbda6d6e2d99e3e30f,Orchset,AAC,32,AAC,0.9951115923643512,3.550830315400643e-05,0.004852899332494902,5.3232785571476455,9.526727379184385,11.4849934306214,13.17597437735732,1,False,37.668
aeb06c57866653bae6c64016,e849cdfb26f0a4cad62d984a582bd4c4e8b0058cdf759abbda6d6e2d99e3e30f,Orchset,AAC,48,Opus,0.004002899558850408,0.2594837927734702,0.7365133076676793,-5.214908316307822,9.834882810531598,12.12054530648153,10.067531663892172,1,False,53.896
12c536a7d4ef00289bed0cd5,e849cdfb26f0a4cad62d984a582bd4c4e8b0058cdf759abbda6d6e2d99e3e30f,Orchset,AAC,64,MP3,0.0033245320010087827,0.8081386432810632,0.18853682471792796,-5.4934047193955795,10.220929339508324,12.762621771319875,9.046287477888031,2,True,69.984
a36cdc441dd9b7a52c538867,e849cdfb26f0a4cad62d984a582bd4c4e8b0058cdf759abbda6d6e2d99e3e30f,Orchset,AAC,80,Opus,0.0036687077889593967,0.48001626727462504,0.5163150249364156,-4.9468775936733635,10.546216095560867,13.293491679359667,8.608469478585473,2,True,86.08
ebd01c38bb616f06f1c0338e,e849cdfb26f0a4cad62d984a582bd4c4e8b0058cdf759abbda6d6e2d99e3e30f,Orchset,AAC,96,Opus,7.791389129170985e-05,0.014175019736963453,0.9857470663717448,-9.44555081661792,11.255118101953409,14.250734218192763,7.408564744974798,2,True,102.872
762579e25d432fc2b0aa4c22,e849cdfb26f0a4cad62d984a582bd4c4e8b0058cdf759abbda6d6e2d99e3e30f,Orchset,AAC,128,AAC,0.9990085022396243,6.166119554200459e-06,0.0009853316408215307,6.921540292651148,11.977948234917392,16.486156328838643,9.664564856264123,2,True,134.7
f9cbf0deb6668d53064ca560,e849cdfb26f0a4cad62d984a582bd4c4e8b0058cdf759abbda6d6e2d99e3e30f,Orchset,MP3,32,MP3,2.0015411363481216e-05,0.9988783399535446,0.0011016446350919644,6.809828803372355,17.680343899179213,11.75549952312926,20.368286558599955,1,False,33.584
9b5b4145d981845fd64cedb6,e849cdfb26f0a4cad62d984a582bd4c4e8b0058cdf759abbda6d6e2d99e3e30f,Orchset,MP3,48,AAC,0.9549581253412299,7.352834080214606e-06,0.04503452182468987,-11.774336942642094,14.60103811881351,15.483955395158365,17.82685539494962,2,True,49.904
33d2b510e8ddfae61f7ccb1f,e849cdfb26f0a4cad62d984a582bd4c4e8b0058cdf759abbda6d6e2d99e3e30f,Orchset,MP3,64,Opus,0.018148265110810746,0.09706013544315716,0.8847915994460321,-2.210021396991885,11.352799328539328,14.008495893310734,12.146061547024331,3,True,66.224
ad41642bd2da1f907962a0e7,e849cdfb26f0a4cad62d984a582bd4c4e8b0058cdf759abbda6d6e2d99e3e30f,Orchset,MP3,80,Opus,0.0005794566969443435,0.06609668480824776,0.9333238584948078,-2.6476336644179463,13.311588481255914,15.353584512741396,12.708340916507685,3,True,82.736
480041d77994e45908ad2df8,e849cdfb26f0a4cad62d984a582bd4c4e8b0058cdf759abbda6d6e2d99e3e30f,Orchset,MP3,96,Opus,0.0004147509690010576,0.48395174392126306,0.5156335051097358,-0.06341105260720958,10.738130994310742,12.934834951914427,9.296909401835507,3,True,99.248
68b22023d823faaf33c0afc7,e849cdfb26f0a4cad62d984a582bd4c4e8b0058cdf759abbda6d6e2d99e3e30f,Orchset,MP3,128,MP3,3.1444232057375426e-06,0.9107903096712604,0.08920654590553388,2.3233582732887355,12.324866696093023,13.995242562716623,8.748464843507506,3,True,132.272
cc9095c69b224d59120ef22b,e849cdfb26f0a4cad62d984a582bd4c4e8b0058cdf759abbda6d6e2d99e3e30f,Orchset,Opus,32,Opus,5.622094733914202e-06,0.00017775984701700435,0.999816618058249,8.634893693930461,11.61973171060294,14.76208612308849,6.725363615321114,1,False,33.588
1331b0c4d364d52e2e7f4c23,e849cdfb26f0a4cad62d984a582bd4c4e8b0058cdf759abbda6d6e2d99e3e30f,Orchset,Opus,48,Opus,1.3013646238038353e-05,0.0002240071281707463,0.9997629792255913,8.403595635556446,11.570529345896237,14.749420365465701,6.787000662722026,1,False,49.748
df7b8651e613b4cde8cc9709,e849cdfb26f0a4cad62d984a582bd4c4e8b0058cdf759abbda6d6e2d99e3e30f,Orchset,Opus,64,Opus,9.663895256607675e-06,0.0003990770581693102,0.9995912590465741,7.825947206966605,11.59109206973142,14.78405849548328,6.829499777978451,1,False,65.908
24d24182a5eae18e5882ac9c,e849cdfb26f0a4cad62d984a582bd4c4e8b0058cdf759abbda6d6e2d99e3e30f,Orchset,Opus,80,Opus,1.1631720565543211e-05,0.0012812585200142783,0.9987071097594202,6.658618738588174,11.466509922812067,14.560739746564092,6.6548780382720665,1,False,82.068
9f424e2e5fa5a4ca1f47f556,e849cdfb26f0a4cad62d984a582bd4c4e8b0058cdf759abbda6d6e2d99e3e30f,Orchset,Opus,96,Opus,9.565226704997857e-06,0.0006710346423673414,0.9993194001309277,7.306008962773753,11.429812583035593,14.553500150539623,6.711930898521045,1,False,98.228
734c2df3e2dd17a6e91b114c,e849cdfb26f0a4cad62d984a582bd4c4e8b0058cdf759abbda6d6e2d99e3e30f,Orchset,Opus,128,Opus,1.4138506238699121e-05,0.0003912477710739409,0.9995946137226874,7.84576404459321,11.486279070666715,14.679086478925166,6.875056561337961,1,False,130.952
90a1326e194484e48d099088,eaf3ca531afb2bc4bd51f0db5b78bf5ac27dcc03a5c2d57ea4ca2d9a0e50f9bc,Orchset,AAC,32,AAC,0.6872450458720695,0.12097316759773923,0.1917817865301912,1.2763327211928681,13.580324381365957,10.912216565735564,16.095205879017975,2,True,38.124
e9f6b80519679dfb6a61cec2,eaf3ca531afb2bc4bd51f0db5b78bf5ac27dcc03a5c2d57ea4ca2d9a0e50f9bc,Orchset,AAC,48,MP3,0.013881422675859194,0.9524380084157796,0.03368056890836124,-4.2284735737679915,13.355255980727929,10.670369250059151,15.065262500014207,2,True,53.88
fda90e89d5c70657f9b3bf7b,eaf3ca531afb2bc4bd51f0db5b78bf5ac27dcc03a5c2d57ea4ca2d9a0e50f9bc,Orchset,AAC,64,MP3,0.004761109033387242,0.9846530211944927,0.010585869772120043,-5.331808685053556,13.197151748338118,10.621329172083794,14.513464239544007,2,True,69.996
33d77f480c5393e29db1769c,eaf3ca531afb2bc4bd51f0db5b78bf5ac27dcc03a5c2d57ea4ca2d9a0e50f9bc,Orchset,AAC,80,MP3,0.009132527313475965,0.9541468609409718,0.03672061174555225,-4.648975131404246,12.978459182085942,10.578520021769958,14.116838251814743,2,True,86.232
c30bcc3d28c3ec35c22425ce,eaf3ca531afb2bc4bd51f0db5b78bf5ac27dcc03a5c2d57ea4ca2d9a0e50f9bc,Orchset,AAC,96,Opus,0.0191604670612025,0.40384534367406255,0.576994189264735,-3.404983046723925,12.887318828621495,10.828655139908992,13.578758019860443,2,True,102.564
fafd28966179cd778fd0675e,eaf3ca531afb2bc4bd51f0db5b78bf5ac27dcc03a5c2d57ea4ca2d9a0e50f9bc,Orchset,AAC,128,AAC,0.9998767071109077,8.984829863466494e-05,3.3444590457615256e-05,9.317264580042345,12.174967939790967,11.795607484653317,13.533632488589502,2,True,127.756
3743e51910a3efc4cbd701c2,eaf3ca531afb2bc4bd51f0db5b78bf5ac27dcc03a5c2d57ea4ca2d9a0e50f9bc,Orchset,MP3,32,MP3,0.0001725262246673583,0.9995432772724636,0.00028419650286907235,8.165387820495532,19.68717283405072,14.743520653296036,21.736758784345103,1,False,33.584
0c021c4570169ecc35eec6bb,eaf3ca531afb2bc4bd51f0db5b78bf5ac27dcc03a5c2d57ea4ca2d9a0e50f9bc,Orchset,MP3,48,MP3,0.0228746991702792,0.961612668796375,0.015512632033345717,3.7385802783501427,15.319891965941055,11.28349311247509,17.833727110573285,1,False,49.904
bc390fabe4ea23be8317fada,eaf3ca531afb2bc4bd51f0db5b78bf5ac27dcc03a5c2d57ea4ca2d9a0e50f9bc,Orchset,MP3,64,MP3,0.18701766777202233,0.7632008248606985,0.04978150736727912,1.4063181084698955,12.6228040511262,10.594944361102707,15.050279796005364,1,False,66.224
8309020a85b710aa384479a5,eaf3ca531afb2bc4bd51f0db5b78bf5ac27dcc03a5c2d57ea4ca2d9a0e50f9bc,Orchset,MP3,80,MP3,0.053540461836813866,0.9256734920769514,0.02078604608623483,2.8500839080497387,12.449703811122342,10.260346753215751,14.637604054367626,1,False,82.736
72cac4354ba3e889a3f4724b,eaf3ca531afb2bc4bd51f0db5b78bf5ac27dcc03a5c2d57ea4ca2d9a0e50f9bc,Orchset,MP3,96,MP3,0.0009681454014985764,0.9718861238078119,0.027145730790689472,3.578018852283609,11.981636019431336,9.423966567316635,12.8971926199617,1,False,99.248
b3062c0e70deff9fd66cf49e,eaf3ca531afb2bc4bd51f0db5b78bf5ac27dcc03a5c2d57ea4ca2d9a0e50f9bc,Orchset,MP3,128,MP3,0.001207627199196471,0.9368659013589511,0.061926471441852364,2.7165924203479377,12.32407118486156,9.935976160016999,12.257523151980466,1,False,132.272
4f095bad97755c1b09fe47a6,eaf3ca531afb2bc4bd51f0db5b78bf5ac27dcc03a5c2d57ea4ca2d9a0e50f9bc,Orchset,Opus,32,Opus,0.021401019617679155,0.2204715989484994,0.7581273814338214,1.2350825372722076,13.11536528157065,10.076392295278753,14.700539340838267,3,True,33.588
40770f3a286d7e67bffc7827,eaf3ca531afb2bc4bd51f0db5b78bf5ac27dcc03a5c2d57ea4ca2d9a0e50f9bc,Orchset,Opus,48,Opus,0.014238279606584915,0.10080882363016938,0.8849528967632456,2.1723085317753497,13.297665893322794,10.212297207116116,14.852069064144047,3,True,49.748
2fe38e7c0930bd165a43a8ec,eaf3ca531afb2bc4bd51f0db5b78bf5ac27dcc03a5c2d57ea4ca2d9a0e50f9bc,Orchset,Opus,64,Opus,0.007157283049547058,0.060780962094820146,0.9320617548556328,2.7301224565668867,12.406229691735616,10.634880915095977,12.6891057700792,3,True,65.908
4db1b7e1382300ea36e8f43c,eaf3ca531afb2bc4bd51f0db5b78bf5ac27dcc03a5c2d57ea4ca2d9a0e50f9bc,Orchset,Opus,80,Opus,0.006788067921891146,0.10060196457908761,0.8926099674990213,2.1829779328536487,12.547135080326262,10.737448363096371,12.768554543393416,3,True,82.068
a4d7ccbda18237d42b206641,eaf3ca531afb2bc4bd51f0db5b78bf5ac27dcc03a5c2d57ea4ca2d9a0e50f9bc,Orchset,Opus,96,Opus,0.005170065408067656,0.07091554618043207,0.9239143884115004,2.5671297354951603,12.497892790324343,10.646630475326086,12.720099659040995,3,True,98.228
ff4b38455e184b62f2ea54f2,eaf3ca531afb2bc4bd51f0db5b78bf5ac27dcc03a5c2d57ea4ca2d9a0e50f9bc,Orchset,Opus,128,Opus,0.009166509924018634,0.12172094194478411,0.8691125481311973,1.9657415677959535,12.676315364102557,10.868278116349428,12.978656061976869,3,True,130.952
3f5b3a8dcecff24531291611,fbc3e8bb125b96e5a91e5f7da2dc4217a59bac2f063a667378e2ae1a915487f0,Orchset,AAC,32,AAC,0.9838446666561954,2.9923819078968853e-05,0.016125409524725798,4.111071766260403,8.895851319518822,10.997401477303635,12.800545700248001,1,False,37.868
3a8d5e9d485d420bf258927a,fbc3e8bb125b96e5a91e5f7da2dc4217a59bac2f063a667378e2ae1a915487f0,Orchset,AAC,48,Opus,0.008364416430057791,0.26962050064043064,0.7220150829295116,-4.458059460446049,8.762976671017885,11.280130940891553,9.030290664835647,1,False,53.808
52a19e9b4987b0c27ffb14ee,fbc3e8bb125b96e5a91e5f7da2dc4217a59bac2f063a667378e2ae1a915487f0,Orchset,AAC,64,MP3,0.0032974754843309545,0.8622648373604694,0.13443768715519958,-5.566405288434636,9.318913092363195,11.972024723836533,8.12900530126364,2,True,69.944
f6737c038e9ea5bdbba536d1,fbc3e8bb125b96e5a91e5f7da2dc4217a59bac2f063a667378e2ae1a915487f0,Orchset,AAC,80,MP3,0.003055987897970849,0.6103760955189725,0.3865679165830565,-5.296972406001217,9.62534422871983,12.35409446324274,7.6047149671027485,2,True,86.472
837d9de4029e6226a3b13182,fbc3e8bb125b96e5a91e5f7da2dc4217a59bac2f063a667378e2ae1a915487f0,Orchset,AAC,96,Opus,0.00011135957361058912,0.013552707780160647,0.9863359326462289,-9.088987910388944,10.071102304400712,13.222727998293479,5.906060313552339,2,True,102.352
36f94f4da30946d595bf0094,fbc3e8bb125b96e5a91e5f7da2dc4217a59bac2f063a667378e2ae1a915487f0,Orchset,AAC,128,AAC,0.9999999997732127,3.513242333644324e-13,2.2643595958688485e-10,22.208558949887667,14.743295736699089,19.610251406683304,14.388450685925326,2,True,132.168
e7bf97a76264a8a99228fa12,fbc3e8bb125b96e5a91e5f7da2dc4217a59bac2f063a667378e2ae1a915487f0,Orchset,MP3,32,MP3,3.2882878478676633e-06,0.9999289705497699,6.774116238215833e-05,9.59974551928394,18.377740902269522,12.45250241247077,20.948317182791072,1,False,33.584
2e7f181e049e8bf04d21e0b0,fbc3e8bb125b96e5a91e5f7da2dc4217a59bac2f063a667378e2ae1a915487f0,Orchset,MP3,48,AAC,0.9865055892325169,8.33703621286681e-06,0.013486073731270247,-11.681216487096629,14.482972661893326,15.286224355480934,17.79859784191407,2,True,49.904
de6c887ac408052f9c23414c,fbc3e8bb125b96e5a91e5f7da2dc4217a59bac2f063a667378e2ae1a915487f0,Orchset,MP3,64,MP3,0.4010147535541481,0.4853369199178074,0.11364832652804446,0.19084511146638355,11.494815940111378,14.293936144385118,13.62363010074267,3,True,66.224
4c21572d5d008fc91bfb7c3c,fbc3e8bb125b96e5a91e5f7da2dc4217a59bac2f063a667378e2ae1a915487f0,Orchset,MP3,80,Opus,0.0010169184987948903,0.025343533868440005,0.9736395476327652,-3.648517537572178,12.217431083313011,14.588234515065437,12.188896440705557,3,True,82.736
282af704743a10dc35c30291,fbc3e8bb125b96e5a91e5f7da2dc4217a59bac2f063a667378e2ae1a915487f0,Orchset,MP3,96,Opus,0.0015351378232753637,0.44196971452534894,0.5564951476513756,-0.23041709071631544,11.029682882739511,13.345995863037126,10.264322504382173,3,True,99.248
d0210621aac0c231022d1d09,fbc3e8bb125b96e5a91e5f7da2dc4217a59bac2f063a667378e2ae1a915487f0,Orchset,MP3,128,MP3,2.9334722304523755e-06,0.9939638989605478,0.006033167567221735,5.104428712863751,11.35210873768929,13.196646515203987,7.707045481292757,3,True,132.272
72d3cb9bf944c197dfddfa36,fbc3e8bb125b96e5a91e5f7da2dc4217a59bac2f063a667378e2ae1a915487f0,Orchset,Opus,32,Opus,5.285529240568272e-06,0.0005237728118158971,0.9994709416589435,7.553923334554851,10.402661946361686,13.369133462489133,5.252340211151212,1,False,33.588
ca8fdaadcfe40da05edcdc8e,fbc3e8bb125b96e5a91e5f7da2dc4217a59bac2f063a667378e2ae1a915487f0,Orchset,Opus,48,Opus,2.2232903677256568e-06,0.00024184180870217206,0.9997559349009301,8.326982633712577,10.4197856490874,13.380336405432294,5.458807376379115,1,False,49.748
a79ef40d37f1ab6be59a2135,fbc3e8bb125b96e5a91e5f7da2dc4217a59bac2f063a667378e2ae1a915487f0,Orchset,Opus,64,Opus,6.837228423911871e-06,0.0014830296000890707,0.998510133171487,6.512177278640317,10.756547983989714,13.845305279106993,5.666484996044132,1,False,65.908
862b7830f34576809e4d5eca,fbc3e8bb125b96e5a91e5f7da2dc4217a59bac2f063a667378e2ae1a915487f0,Orchset,Opus,80,Opus,1.353446646108143e-05,0.0028949832532064084,0.9970914822803325,5.8418631970272195,10.592311616016628,13.658084914494632,5.471445446640323,1,False,82.068
9899b50d8c4ee404a60b8f22,fbc3e8bb125b96e5a91e5f7da2dc4217a59bac2f063a667378e2ae1a915487f0,Orchset,Opus,96,Opus,3.980960736029321e-06,0.000830461585552395,0.9991655574537115,7.092694093696213,10.590848763238595,13.663216079373557,5.476930485991478,1,False,98.228
f3adc27b6c07d1c7640f20be,fbc3e8bb125b96e5a91e5f7da2dc4217a59bac2f063a667378e2ae1a915487f0,Orchset,Opus,128,Opus,8.790340325015833e-06,0.002109889054039841,0.9978813206056352,6.158998986929655,10.641454723180335,13.734635147780208,5.529090767028502,1,False,130.952
