confirmation_parent_uid,source_corpus,codec,nominal_rate_kbps,ALPHA,ORTHOGONAL_RESIDUAL,ENDPOINT_DISTANCE,NORMALIZED_RESIDUAL,WITHIN_ENDPOINT_SEGMENT
210332eaa7f558fa294fc911b688d06e91e5a241ff8f913bad7cf35f382fd412,FSDnoisy18k,AAC,48,0.12185809546659201,18.873310816463306,58.28826872005615,0.32379261266288517,True
210332eaa7f558fa294fc911b688d06e91e5a241ff8f913bad7cf35f382fd412,FSDnoisy18k,AAC,64,0.20311504287982196,22.799541022257227,58.28826872005615,0.3911514533354502,True
210332eaa7f558fa294fc911b688d06e91e5a241ff8f913bad7cf35f382fd412,FSDnoisy18k,AAC,80,0.2480615249941844,24.260424525905833,58.28826872005615,0.41621453267762215,True
210332eaa7f558fa294fc911b688d06e91e5a241ff8f913bad7cf35f382fd412,FSDnoisy18k,AAC,96,0.3335215958013096,27.67621997974981,58.28826872005615,0.47481629815892645,True
210332eaa7f558fa294fc911b688d06e91e5a241ff8f913bad7cf35f382fd412,FSDnoisy18k,MP3,48,0.29888099574452903,20.153677832403016,46.59346267077057,0.43254303666608584,True
210332eaa7f558fa294fc911b688d06e91e5a241ff8f913bad7cf35f382fd412,FSDnoisy18k,MP3,64,0.596557569152987,23.431423413296375,46.59346267077057,0.5028907934759609,True
210332eaa7f558fa294fc911b688d06e91e5a241ff8f913bad7cf35f382fd412,FSDnoisy18k,MP3,80,0.8519390887905128,18.881330521467785,46.59346267077057,0.40523561545282166,True
210332eaa7f558fa294fc911b688d06e91e5a241ff8f913bad7cf35f382fd412,FSDnoisy18k,MP3,96,0.9518753258532835,12.66837227542077,46.59346267077057,0.27189162490316493,True
210332eaa7f558fa294fc911b688d06e91e5a241ff8f913bad7cf35f382fd412,FSDnoisy18k,Opus,48,-0.039357656570897216,1.6813738992339005,5.077878926958675,0.33111736680199577,False
210332eaa7f558fa294fc911b688d06e91e5a241ff8f913bad7cf35f382fd412,FSDnoisy18k,Opus,64,0.734388063754474,1.6337460474412848,5.077878926958675,0.32173788917409146,True
210332eaa7f558fa294fc911b688d06e91e5a241ff8f913bad7cf35f382fd412,FSDnoisy18k,Opus,80,0.7963836897374889,1.4831903408947322,5.077878926958675,0.2920885594613947,True
210332eaa7f558fa294fc911b688d06e91e5a241ff8f913bad7cf35f382fd412,FSDnoisy18k,Opus,96,0.9195970408193064,1.4668556748716994,5.077878926958675,0.28887173088828494,True
2d87aadb2231328b9a9eceff51f71e89b4b7de6d459ad5c94b163bff4c920e9a,FSDnoisy18k,AAC,48,0.717723063009147,3.447308571894386,6.845986407930091,0.5035517698225598,True
2d87aadb2231328b9a9eceff51f71e89b4b7de6d459ad5c94b163bff4c920e9a,FSDnoisy18k,AAC,64,0.7591343345365339,3.358969470721957,6.845986407930091,0.4906479900151531,True
2d87aadb2231328b9a9eceff51f71e89b4b7de6d459ad5c94b163bff4c920e9a,FSDnoisy18k,AAC,80,0.7670283867775592,3.25331197008718,6.845986407930091,0.47521449448375847,True
2d87aadb2231328b9a9eceff51f71e89b4b7de6d459ad5c94b163bff4c920e9a,FSDnoisy18k,AAC,96,0.8094179296302336,3.2708091418481993,6.845986407930091,0.477770323654081,True
2d87aadb2231328b9a9eceff51f71e89b4b7de6d459ad5c94b163bff4c920e9a,FSDnoisy18k,MP3,48,0.6018682849985055,12.916442062905693,18.166026816709792,0.7110218537729266,True
2d87aadb2231328b9a9eceff51f71e89b4b7de6d459ad5c94b163bff4c920e9a,FSDnoisy18k,MP3,64,0.9994472890857707,4.175139295604158,18.166026816709792,0.22983227635465717,True
2d87aadb2231328b9a9eceff51f71e89b4b7de6d459ad5c94b163bff4c920e9a,FSDnoisy18k,MP3,80,1.007593094399753,1.9122267942444298,18.166026816709792,0.1052638980189929,False
2d87aadb2231328b9a9eceff51f71e89b4b7de6d459ad5c94b163bff4c920e9a,FSDnoisy18k,MP3,96,1.0014781889487765,1.7076850025747483,18.166026816709792,0.09400432025146829,False
2d87aadb2231328b9a9eceff51f71e89b4b7de6d459ad5c94b163bff4c920e9a,FSDnoisy18k,Opus,48,0.4358653361892096,2.7820853144860713,7.924956749653072,0.35105369055898783,True
2d87aadb2231328b9a9eceff51f71e89b4b7de6d459ad5c94b163bff4c920e9a,FSDnoisy18k,Opus,64,0.7519656837763281,2.0464381403565812,7.924956749653072,0.25822704211555064,True
2d87aadb2231328b9a9eceff51f71e89b4b7de6d459ad5c94b163bff4c920e9a,FSDnoisy18k,Opus,80,0.8809276240020543,2.073380356599437,7.924956749653072,0.2616267094063576,True
2d87aadb2231328b9a9eceff51f71e89b4b7de6d459ad5c94b163bff4c920e9a,FSDnoisy18k,Opus,96,0.9347253557723559,1.5174577245182754,7.924956749653072,0.19147836038155094,True
e4fb582fba64c3d437c774f1180962bdac4513af69af351aacd49d28d087413b,FSDnoisy18k,AAC,48,0.17205081579761924,15.520341791643991,48.586193278048185,0.3194393457175058,True
e4fb582fba64c3d437c774f1180962bdac4513af69af351aacd49d28d087413b,FSDnoisy18k,AAC,64,0.18239540612955552,15.989494599950458,48.586193278048185,0.32909543887182247,True
e4fb582fba64c3d437c774f1180962bdac4513af69af351aacd49d28d087413b,FSDnoisy18k,AAC,80,0.19247436248199873,15.732567974045873,48.586193278048185,0.3238073805044124,True
e4fb582fba64c3d437c774f1180962bdac4513af69af351aacd49d28d087413b,FSDnoisy18k,AAC,96,0.3642646100424376,22.01326622659982,48.586193278048185,0.45307657878489677,True
e4fb582fba64c3d437c774f1180962bdac4513af69af351aacd49d28d087413b,FSDnoisy18k,MP3,48,0.33625954431556515,17.89816591122962,33.0616445881088,0.5413573987080791,True
e4fb582fba64c3d437c774f1180962bdac4513af69af351aacd49d28d087413b,FSDnoisy18k,MP3,64,0.6792440049655876,19.187545356095416,33.0616445881088,0.5803566517981551,True
e4fb582fba64c3d437c774f1180962bdac4513af69af351aacd49d28d087413b,FSDnoisy18k,MP3,80,0.9511812525633132,12.955194258459331,33.0616445881088,0.39184966204369925,True
e4fb582fba64c3d437c774f1180962bdac4513af69af351aacd49d28d087413b,FSDnoisy18k,MP3,96,0.9823551081121631,6.519313513591727,33.0616445881088,0.19718660686155076,True
e4fb582fba64c3d437c774f1180962bdac4513af69af351aacd49d28d087413b,FSDnoisy18k,Opus,48,0.38502356631360674,1.5649763263835046,2.474225925064916,0.6325114899693101,True
e4fb582fba64c3d437c774f1180962bdac4513af69af351aacd49d28d087413b,FSDnoisy18k,Opus,64,0.7360656527996003,1.5333178155835918,2.474225925064916,0.6197161706416775,True
e4fb582fba64c3d437c774f1180962bdac4513af69af351aacd49d28d087413b,FSDnoisy18k,Opus,80,0.8996291113966648,1.3028130426098712,2.474225925064916,0.5265537917988187,True
e4fb582fba64c3d437c774f1180962bdac4513af69af351aacd49d28d087413b,FSDnoisy18k,Opus,96,0.7642596175464264,1.3032905770751249,2.474225925064916,0.5267467953804302,True
eae50d9baeb2c8a1ac5f0699947e30a4216b73f7ebb59ed100610a3a64f7739e,FSDnoisy18k,AAC,48,0.15390230803162805,11.840854479003978,27.572095238516827,0.42945065931960447,True
eae50d9baeb2c8a1ac5f0699947e30a4216b73f7ebb59ed100610a3a64f7739e,FSDnoisy18k,AAC,64,0.21093115223443581,12.038175057283702,27.572095238516827,0.4366071911889735,True
eae50d9baeb2c8a1ac5f0699947e30a4216b73f7ebb59ed100610a3a64f7739e,FSDnoisy18k,AAC,80,0.24142062683554147,11.945374163076666,27.572095238516827,0.43324143703049384,True
eae50d9baeb2c8a1ac5f0699947e30a4216b73f7ebb59ed100610a3a64f7739e,FSDnoisy18k,AAC,96,0.3723533139057427,15.324244296470091,27.572095238516827,0.5557881678525067,True
eae50d9baeb2c8a1ac5f0699947e30a4216b73f7ebb59ed100610a3a64f7739e,FSDnoisy18k,MP3,48,0.33251517790666424,13.367384158391422,21.742571665017014,0.6148023501699683,True
eae50d9baeb2c8a1ac5f0699947e30a4216b73f7ebb59ed100610a3a64f7739e,FSDnoisy18k,MP3,64,0.626875420473875,15.864036219935505,21.742571665017014,0.7296301681488832,True
eae50d9baeb2c8a1ac5f0699947e30a4216b73f7ebb59ed100610a3a64f7739e,FSDnoisy18k,MP3,80,0.9243969783843856,10.513203613300034,21.742571665017014,0.48353082493067673,True
eae50d9baeb2c8a1ac5f0699947e30a4216b73f7ebb59ed100610a3a64f7739e,FSDnoisy18k,MP3,96,0.9896526467103027,4.897877934651807,21.742571665017014,0.22526672603923434,True
eae50d9baeb2c8a1ac5f0699947e30a4216b73f7ebb59ed100610a3a64f7739e,FSDnoisy18k,Opus,48,0.25478200993763556,1.8122396519711044,2.548579680187917,0.7110782786424322,True
eae50d9baeb2c8a1ac5f0699947e30a4216b73f7ebb59ed100610a3a64f7739e,FSDnoisy18k,Opus,64,0.8668715704019037,1.7750305083057616,2.548579680187917,0.696478325596193,True
eae50d9baeb2c8a1ac5f0699947e30a4216b73f7ebb59ed100610a3a64f7739e,FSDnoisy18k,Opus,80,0.8775577102681035,1.358698386845096,2.548579680187917,0.5331198382406132,True
eae50d9baeb2c8a1ac5f0699947e30a4216b73f7ebb59ed100610a3a64f7739e,FSDnoisy18k,Opus,96,0.9421434037934199,1.1596294797689843,2.548579680187917,0.4550100939686847,True
f567be3233e24ea4b1282ecf18264d6fd88b772c22df7bf368b5812f6d94bead,FSDnoisy18k,AAC,48,0.11904085927870388,8.65741124657886,27.198866662786592,0.3183004407468163,True
f567be3233e24ea4b1282ecf18264d6fd88b772c22df7bf368b5812f6d94bead,FSDnoisy18k,AAC,64,0.17445602972735036,10.13099452783141,27.198866662786592,0.3724785541043372,True
f567be3233e24ea4b1282ecf18264d6fd88b772c22df7bf368b5812f6d94bead,FSDnoisy18k,AAC,80,0.20913135706131278,10.872143145423268,27.198866662786592,0.3997278004343652,True
f567be3233e24ea4b1282ecf18264d6fd88b772c22df7bf368b5812f6d94bead,FSDnoisy18k,AAC,96,0.3241427845481042,12.70072988275207,27.198866662786592,0.46695805528283907,True
f567be3233e24ea4b1282ecf18264d6fd88b772c22df7bf368b5812f6d94bead,FSDnoisy18k,MP3,48,0.3359411733608987,15.46056961076943,22.271606682946132,0.6941829492080576,True
f567be3233e24ea4b1282ecf18264d6fd88b772c22df7bf368b5812f6d94bead,FSDnoisy18k,MP3,64,0.6041876459795594,15.064674872765814,22.271606682946132,0.6764071890826436,True
f567be3233e24ea4b1282ecf18264d6fd88b772c22df7bf368b5812f6d94bead,FSDnoisy18k,MP3,80,0.9007174513045381,12.785686043076819,22.271606682946132,0.5740800933265001,True
f567be3233e24ea4b1282ecf18264d6fd88b772c22df7bf368b5812f6d94bead,FSDnoisy18k,MP3,96,0.9973080030724332,7.183219347463158,22.271606682946132,0.32252811616700783,True
f567be3233e24ea4b1282ecf18264d6fd88b772c22df7bf368b5812f6d94bead,FSDnoisy18k,Opus,48,0.4638347073812772,1.5627501218043875,3.377353392322011,0.46271442169987415,True
f567be3233e24ea4b1282ecf18264d6fd88b772c22df7bf368b5812f6d94bead,FSDnoisy18k,Opus,64,0.8294004118062567,1.5559757976790771,3.377353392322011,0.4607086132047634,True
f567be3233e24ea4b1282ecf18264d6fd88b772c22df7bf368b5812f6d94bead,FSDnoisy18k,Opus,80,0.9066184545691055,1.2622730700329032,3.377353392322011,0.3737462217908622,True
f567be3233e24ea4b1282ecf18264d6fd88b772c22df7bf368b5812f6d94bead,FSDnoisy18k,Opus,96,0.895668440365223,1.4218929382585976,3.377353392322011,0.42100804182680224,True
064ee6e1a127c22405b50c8a4d9ea8988d20e1499f73df91f8cbc52128738fc5,FSDnoisy18k,AAC,48,0.30364369070168884,9.34492524655938,20.967859284165932,0.44567855592279204,True
064ee6e1a127c22405b50c8a4d9ea8988d20e1499f73df91f8cbc52128738fc5,FSDnoisy18k,AAC,64,0.40954455924212224,10.186451502597922,20.967859284165932,0.4858126604412265,True
064ee6e1a127c22405b50c8a4d9ea8988d20e1499f73df91f8cbc52128738fc5,FSDnoisy18k,AAC,80,0.45200240668974306,10.302465552601868,20.967859284165932,0.49134560724479237,True
064ee6e1a127c22405b50c8a4d9ea8988d20e1499f73df91f8cbc52128738fc5,FSDnoisy18k,AAC,96,0.5512687345919084,10.15930637879464,20.967859284165932,0.4845180540898866,True
064ee6e1a127c22405b50c8a4d9ea8988d20e1499f73df91f8cbc52128738fc5,FSDnoisy18k,MP3,48,0.41603628389589986,11.341438774302542,25.021261285722865,0.4532720650966532,True
064ee6e1a127c22405b50c8a4d9ea8988d20e1499f73df91f8cbc52128738fc5,FSDnoisy18k,MP3,64,0.726333487800263,12.406242333632225,25.021261285722865,0.49582801570084034,True
064ee6e1a127c22405b50c8a4d9ea8988d20e1499f73df91f8cbc52128738fc5,FSDnoisy18k,MP3,80,0.7951746469834909,10.306680828642122,25.021261285722865,0.4119169178143356,True
064ee6e1a127c22405b50c8a4d9ea8988d20e1499f73df91f8cbc52128738fc5,FSDnoisy18k,MP3,96,0.8484381323588139,8.93097343795416,25.021261285722865,0.3569353813130985,True
064ee6e1a127c22405b50c8a4d9ea8988d20e1499f73df91f8cbc52128738fc5,FSDnoisy18k,Opus,48,0.17865571859529453,1.784559310151876,3.448577785795294,0.517476890764211,True
064ee6e1a127c22405b50c8a4d9ea8988d20e1499f73df91f8cbc52128738fc5,FSDnoisy18k,Opus,64,0.8247460621112046,2.707625381984246,3.448577785795294,0.7851426153520348,True
064ee6e1a127c22405b50c8a4d9ea8988d20e1499f73df91f8cbc52128738fc5,FSDnoisy18k,Opus,80,0.933901115231427,2.13118312626193,3.448577785795294,0.6179889968091431,True
064ee6e1a127c22405b50c8a4d9ea8988d20e1499f73df91f8cbc52128738fc5,FSDnoisy18k,Opus,96,1.031300605041768,1.569172554760383,3.448577785795294,0.45502020027612866,False
4afa0cb2dd383899abdd860475e53056b7bbdd6504d45f2beef01a09100924ab,FSDnoisy18k,AAC,48,0.26176208684237007,8.693909308345946,36.28703414238325,0.23958721107469794,True
4afa0cb2dd383899abdd860475e53056b7bbdd6504d45f2beef01a09100924ab,FSDnoisy18k,AAC,64,0.7318824662063305,18.936280170206015,36.28703414238325,0.52184700727824,True
4afa0cb2dd383899abdd860475e53056b7bbdd6504d45f2beef01a09100924ab,FSDnoisy18k,AAC,80,0.771613883360671,18.430623297798913,36.28703414238325,0.5079120885294934,True
4afa0cb2dd383899abdd860475e53056b7bbdd6504d45f2beef01a09100924ab,FSDnoisy18k,AAC,96,1.0087256054730775,26.536675528392728,36.28703414238325,0.7312991032628344,False
4afa0cb2dd383899abdd860475e53056b7bbdd6504d45f2beef01a09100924ab,FSDnoisy18k,MP3,48,0.647961394367778,12.36480577794709,37.87157622487605,0.3264930327833895,True
4afa0cb2dd383899abdd860475e53056b7bbdd6504d45f2beef01a09100924ab,FSDnoisy18k,MP3,64,0.9545488743548781,14.26448337967105,37.87157622487605,0.3766540715118529,True
4afa0cb2dd383899abdd860475e53056b7bbdd6504d45f2beef01a09100924ab,FSDnoisy18k,MP3,80,0.9723972252840334,7.134154949743308,37.87157622487605,0.1883775554358157,True
4afa0cb2dd383899abdd860475e53056b7bbdd6504d45f2beef01a09100924ab,FSDnoisy18k,MP3,96,0.9839647634666346,4.861843212233497,37.87157622487605,0.12837710221947354,True
4afa0cb2dd383899abdd860475e53056b7bbdd6504d45f2beef01a09100924ab,FSDnoisy18k,Opus,48,-0.6285767799431902,5.292645986887228,9.5855868958215,0.5521462633857476,False
4afa0cb2dd383899abdd860475e53056b7bbdd6504d45f2beef01a09100924ab,FSDnoisy18k,Opus,64,-0.19790557584568305,4.493131720914461,9.5855868958215,0.4687383015507463,False
4afa0cb2dd383899abdd860475e53056b7bbdd6504d45f2beef01a09100924ab,FSDnoisy18k,Opus,80,-0.2361215277442746,4.440373208332755,9.5855868958215,0.46323435973110627,False
4afa0cb2dd383899abdd860475e53056b7bbdd6504d45f2beef01a09100924ab,FSDnoisy18k,Opus,96,0.39506609952526084,2.761613648333158,9.5855868958215,0.2881006325796271,True
3a599d5de4da533f7851ce06365eaaf2b2dedf5927a32bf0ef16bbb03a9bff4c,FSDnoisy18k,AAC,48,0.19350292976991018,12.474508568580436,31.206361264481167,0.3997424904126462,True
3a599d5de4da533f7851ce06365eaaf2b2dedf5927a32bf0ef16bbb03a9bff4c,FSDnoisy18k,AAC,64,0.27329138253362234,13.990040484441778,31.206361264481167,0.44830732958171354,True
3a599d5de4da533f7851ce06365eaaf2b2dedf5927a32bf0ef16bbb03a9bff4c,FSDnoisy18k,AAC,80,0.31316840860508977,14.535259393988232,31.206361264481167,0.4657787324449182,True
3a599d5de4da533f7851ce06365eaaf2b2dedf5927a32bf0ef16bbb03a9bff4c,FSDnoisy18k,AAC,96,0.42999271854103205,15.80929837326261,31.206361264481167,0.5066049911835324,True
3a599d5de4da533f7851ce06365eaaf2b2dedf5927a32bf0ef16bbb03a9bff4c,FSDnoisy18k,MP3,48,0.2511146880760708,14.562426341327209,27.600612792333333,0.5276124284230471,True
3a599d5de4da533f7851ce06365eaaf2b2dedf5927a32bf0ef16bbb03a9bff4c,FSDnoisy18k,MP3,64,0.5748638502584789,16.942829017452322,27.600612792333333,0.6138569873404608,True
3a599d5de4da533f7851ce06365eaaf2b2dedf5927a32bf0ef16bbb03a9bff4c,FSDnoisy18k,MP3,80,0.845058041888519,15.527713823534157,27.600612792333333,0.562585836059673,True
3a599d5de4da533f7851ce06365eaaf2b2dedf5927a32bf0ef16bbb03a9bff4c,FSDnoisy18k,MP3,96,0.9766319511825969,5.450641759301191,27.600612792333333,0.1974826356324677,True
3a599d5de4da533f7851ce06365eaaf2b2dedf5927a32bf0ef16bbb03a9bff4c,FSDnoisy18k,Opus,48,0.11792065370813005,1.5167254923478006,2.85909961481443,0.5304906077734699,True
3a599d5de4da533f7851ce06365eaaf2b2dedf5927a32bf0ef16bbb03a9bff4c,FSDnoisy18k,Opus,64,0.6549293672291909,1.626809277138748,2.85909961481443,0.5689935631166653,True
3a599d5de4da533f7851ce06365eaaf2b2dedf5927a32bf0ef16bbb03a9bff4c,FSDnoisy18k,Opus,80,0.7957952043357983,1.738077958280224,2.85909961481443,0.6079109483539397,True
3a599d5de4da533f7851ce06365eaaf2b2dedf5927a32bf0ef16bbb03a9bff4c,FSDnoisy18k,Opus,96,0.8811499893284924,1.5315470914522402,2.85909961481443,0.5356746171125084,True
3b5f8cdbb06d2c0d23cbb1522c39a583d04c215bc62c398addbe9ceaf831a528,FSDnoisy18k,AAC,48,0.19813543985547621,2.1354189499514806,4.534710584532453,0.4709052342249204,True
3b5f8cdbb06d2c0d23cbb1522c39a583d04c215bc62c398addbe9ceaf831a528,FSDnoisy18k,AAC,64,0.3232002510021993,2.382657865666232,4.534710584532453,0.5254266664323174,True
3b5f8cdbb06d2c0d23cbb1522c39a583d04c215bc62c398addbe9ceaf831a528,FSDnoisy18k,AAC,80,0.34262574030548604,2.4714859258937585,4.534710584532453,0.5450151403981118,True
3b5f8cdbb06d2c0d23cbb1522c39a583d04c215bc62c398addbe9ceaf831a528,FSDnoisy18k,AAC,96,0.4373529220828808,2.4840913543879752,4.534710584532453,0.5477949051172127,True
3b5f8cdbb06d2c0d23cbb1522c39a583d04c215bc62c398addbe9ceaf831a528,FSDnoisy18k,MP3,48,0.7475017088928398,7.098349868016044,15.52319208358007,0.4572738538437882,True
3b5f8cdbb06d2c0d23cbb1522c39a583d04c215bc62c398addbe9ceaf831a528,FSDnoisy18k,MP3,64,0.9702458265935053,1.7552282927857314,15.52319208358007,0.11307135048868944,True
3b5f8cdbb06d2c0d23cbb1522c39a583d04c215bc62c398addbe9ceaf831a528,FSDnoisy18k,MP3,80,0.9927285545122595,1.167455621342799,15.52319208358007,0.07520718773928563,True
3b5f8cdbb06d2c0d23cbb1522c39a583d04c215bc62c398addbe9ceaf831a528,FSDnoisy18k,MP3,96,0.9978404627745653,1.0541637615300605,15.52319208358007,0.06790895557139441,True
3b5f8cdbb06d2c0d23cbb1522c39a583d04c215bc62c398addbe9ceaf831a528,FSDnoisy18k,Opus,48,0.5355336542753125,2.1122743467376064,9.116058926300692,0.23170915894844593,True
3b5f8cdbb06d2c0d23cbb1522c39a583d04c215bc62c398addbe9ceaf831a528,FSDnoisy18k,Opus,64,0.7597935829920606,1.829563000740355,9.116058926300692,0.20069670627752226,True
3b5f8cdbb06d2c0d23cbb1522c39a583d04c215bc62c398addbe9ceaf831a528,FSDnoisy18k,Opus,80,0.8838407435660346,1.5750066126741287,9.116058926300692,0.17277275469666895,True
3b5f8cdbb06d2c0d23cbb1522c39a583d04c215bc62c398addbe9ceaf831a528,FSDnoisy18k,Opus,96,0.997314335623747,1.2273911298475022,9.116058926300692,0.13464054365712388,True
9da734141392c8807de5709f85e9e0b646aa6ea7dc930b0d8b02a1f57b9b8b53,FSDnoisy18k,AAC,48,0.10719599221719633,8.672854727225493,25.959687168531257,0.33408933901710747,True
9da734141392c8807de5709f85e9e0b646aa6ea7dc930b0d8b02a1f57b9b8b53,FSDnoisy18k,AAC,64,0.1706503887046133,9.785294393310478,25.959687168531257,0.3769419226735662,True
9da734141392c8807de5709f85e9e0b646aa6ea7dc930b0d8b02a1f57b9b8b53,FSDnoisy18k,AAC,80,0.2032139429881883,10.247850440161987,25.959687168531257,0.39476016693238863,True
9da734141392c8807de5709f85e9e0b646aa6ea7dc930b0d8b02a1f57b9b8b53,FSDnoisy18k,AAC,96,0.30500771827897194,13.333552841740355,25.959687168531257,0.5136253281936116,True
9da734141392c8807de5709f85e9e0b646aa6ea7dc930b0d8b02a1f57b9b8b53,FSDnoisy18k,MP3,48,0.38887906766031993,12.747851837957326,21.65100469437369,0.5887880039705515,True
9da734141392c8807de5709f85e9e0b646aa6ea7dc930b0d8b02a1f57b9b8b53,FSDnoisy18k,MP3,64,0.5665078734963548,13.168358639307186,21.65100469437369,0.6082100496116545,True
9da734141392c8807de5709f85e9e0b646aa6ea7dc930b0d8b02a1f57b9b8b53,FSDnoisy18k,MP3,80,0.7463165289070288,14.383589641462688,21.65100469437369,0.6643382071410506,True
9da734141392c8807de5709f85e9e0b646aa6ea7dc930b0d8b02a1f57b9b8b53,FSDnoisy18k,MP3,96,0.9476236107428919,8.962757052270147,21.65100469437369,0.4139649489152456,True
9da734141392c8807de5709f85e9e0b646aa6ea7dc930b0d8b02a1f57b9b8b53,FSDnoisy18k,Opus,48,0.5419764132264296,1.6858691988506114,2.9588004079038277,0.5697813189247771,True
9da734141392c8807de5709f85e9e0b646aa6ea7dc930b0d8b02a1f57b9b8b53,FSDnoisy18k,Opus,64,0.6633398998144213,1.723104391270653,2.9588004079038277,0.5823658759366578,True
9da734141392c8807de5709f85e9e0b646aa6ea7dc930b0d8b02a1f57b9b8b53,FSDnoisy18k,Opus,80,0.7069252501203759,1.9252172692595957,2.9588004079038277,0.6506749370848987,True
9da734141392c8807de5709f85e9e0b646aa6ea7dc930b0d8b02a1f57b9b8b53,FSDnoisy18k,Opus,96,0.7445287708460875,1.8182027246707901,2.9588004079038277,0.6145067169160295,True
8ffba8f3049694607cd5b315f6a1b10551f48432025a6c1b468eea90deb3b9dd,FSDnoisy18k,AAC,48,0.6132132575876004,4.784857455020118,5.494087492289181,0.8709103125378963,True
8ffba8f3049694607cd5b315f6a1b10551f48432025a6c1b468eea90deb3b9dd,FSDnoisy18k,AAC,64,0.5263155054811893,3.0562751940237964,5.494087492289181,0.5562844054291463,True
8ffba8f3049694607cd5b315f6a1b10551f48432025a6c1b468eea90deb3b9dd,FSDnoisy18k,AAC,80,0.5573852556004077,3.1468437747886737,5.494087492289181,0.572769141227764,True
8ffba8f3049694607cd5b315f6a1b10551f48432025a6c1b468eea90deb3b9dd,FSDnoisy18k,AAC,96,0.596326152227791,2.8671346964531232,5.494087492289181,0.5218582158505989,True
8ffba8f3049694607cd5b315f6a1b10551f48432025a6c1b468eea90deb3b9dd,FSDnoisy18k,MP3,48,0.7972302698719245,7.029817483696747,15.447386626145684,0.4550813450734983,True
8ffba8f3049694607cd5b315f6a1b10551f48432025a6c1b468eea90deb3b9dd,FSDnoisy18k,MP3,64,0.9923483969120851,3.9501401741681432,15.447386626145684,0.25571575760797494,True
8ffba8f3049694607cd5b315f6a1b10551f48432025a6c1b468eea90deb3b9dd,FSDnoisy18k,MP3,80,1.056826356515977,2.8569517988092032,15.447386626145684,0.1849472579377039,False
8ffba8f3049694607cd5b315f6a1b10551f48432025a6c1b468eea90deb3b9dd,FSDnoisy18k,MP3,96,1.0542168214816545,2.399321744499006,15.447386626145684,0.15532217860320796,False
8ffba8f3049694607cd5b315f6a1b10551f48432025a6c1b468eea90deb3b9dd,FSDnoisy18k,Opus,48,0.356111996536485,2.4065187088115803,4.595201188188536,0.5237025780279815,True
8ffba8f3049694607cd5b315f6a1b10551f48432025a6c1b468eea90deb3b9dd,FSDnoisy18k,Opus,64,0.8668931928578983,1.6403358202809233,4.595201188188536,0.3569671387832219,True
8ffba8f3049694607cd5b315f6a1b10551f48432025a6c1b468eea90deb3b9dd,FSDnoisy18k,Opus,80,0.9169039893240329,1.351912557145778,4.595201188188536,0.29420095046561223,True
8ffba8f3049694607cd5b315f6a1b10551f48432025a6c1b468eea90deb3b9dd,FSDnoisy18k,Opus,96,0.9437625573645432,1.3209393456141847,4.595201188188536,0.2874606119552535,True
8d4b9b0bd1bcf8fbf5a2b06b035c5468ccc79dc87367502f4f94540babe17eab,FSDnoisy18k,AAC,48,0.5110168763954307,3.6639460569701416,7.429029958915536,0.49319306520941686,True
8d4b9b0bd1bcf8fbf5a2b06b035c5468ccc79dc87367502f4f94540babe17eab,FSDnoisy18k,AAC,64,0.6626219657135324,3.51475988983605,7.429029958915536,0.4731115514775932,True
8d4b9b0bd1bcf8fbf5a2b06b035c5468ccc79dc87367502f4f94540babe17eab,FSDnoisy18k,AAC,80,0.6801112576833233,3.492362838786127,7.429029958915536,0.4700967499256027,True
8d4b9b0bd1bcf8fbf5a2b06b035c5468ccc79dc87367502f4f94540babe17eab,FSDnoisy18k,AAC,96,0.7159431116506975,3.4143226030748943,7.429029958915536,0.4595919819891674,True
8d4b9b0bd1bcf8fbf5a2b06b035c5468ccc79dc87367502f4f94540babe17eab,FSDnoisy18k,MP3,48,0.4539973322087496,6.471479468416676,11.020377518341697,0.5872284735841317,True
8d4b9b0bd1bcf8fbf5a2b06b035c5468ccc79dc87367502f4f94540babe17eab,FSDnoisy18k,MP3,64,0.7337402859406772,6.6267881217347755,11.020377518341697,0.6013213350182897,True
8d4b9b0bd1bcf8fbf5a2b06b035c5468ccc79dc87367502f4f94540babe17eab,FSDnoisy18k,MP3,80,0.8864070458708696,5.935911609757255,11.020377518341697,0.538630514234005,True
8d4b9b0bd1bcf8fbf5a2b06b035c5468ccc79dc87367502f4f94540babe17eab,FSDnoisy18k,MP3,96,0.9735710736626003,3.558138707285325,11.020377518341697,0.3228690397732164,True
8d4b9b0bd1bcf8fbf5a2b06b035c5468ccc79dc87367502f4f94540babe17eab,FSDnoisy18k,Opus,48,0.09946533013464724,1.8609545297178496,6.6858155378722515,0.27834368435329204,True
8d4b9b0bd1bcf8fbf5a2b06b035c5468ccc79dc87367502f4f94540babe17eab,FSDnoisy18k,Opus,64,0.9080150685315928,2.4632517598373633,6.6858155378722515,0.3684295125828866,True
8d4b9b0bd1bcf8fbf5a2b06b035c5468ccc79dc87367502f4f94540babe17eab,FSDnoisy18k,Opus,80,0.9634008406742988,2.3555647591440207,6.6858155378722515,0.3523227264947359,True
8d4b9b0bd1bcf8fbf5a2b06b035c5468ccc79dc87367502f4f94540babe17eab,FSDnoisy18k,Opus,96,0.9704774703395199,1.2355009377462647,6.6858155378722515,0.18479435018027143,True
ea399286043bd0d95c68fbf26e943ff90fe66dcf1867712f42e5c4f69827b6b5,FSDnoisy18k,AAC,48,0.5607825446377478,13.581670202640288,29.274577951292393,0.4639407688554121,True
ea399286043bd0d95c68fbf26e943ff90fe66dcf1867712f42e5c4f69827b6b5,FSDnoisy18k,AAC,64,0.5844326251960713,13.410681587525346,29.274577951292393,0.4580999121435088,True
ea399286043bd0d95c68fbf26e943ff90fe66dcf1867712f42e5c4f69827b6b5,FSDnoisy18k,AAC,80,0.6721323483144493,14.098191919911375,29.274577951292393,0.48158480519747265,True
ea399286043bd0d95c68fbf26e943ff90fe66dcf1867712f42e5c4f69827b6b5,FSDnoisy18k,AAC,96,0.8010902870477392,19.621655888609776,29.274577951292393,0.6702626395248692,True
ea399286043bd0d95c68fbf26e943ff90fe66dcf1867712f42e5c4f69827b6b5,FSDnoisy18k,MP3,48,0.1276277226918938,16.909221680954,42.9908238976105,0.3933216474572809,True
ea399286043bd0d95c68fbf26e943ff90fe66dcf1867712f42e5c4f69827b6b5,FSDnoisy18k,MP3,64,0.19860522655304666,26.52131905054421,42.9908238976105,0.6169065080890044,True
ea399286043bd0d95c68fbf26e943ff90fe66dcf1867712f42e5c4f69827b6b5,FSDnoisy18k,MP3,80,0.5338730326156107,16.645359262475605,42.9908238976105,0.3871840023843037,True
ea399286043bd0d95c68fbf26e943ff90fe66dcf1867712f42e5c4f69827b6b5,FSDnoisy18k,MP3,96,0.6723449783659886,13.406253735110754,42.9908238976105,0.31183988860134165,True
ea399286043bd0d95c68fbf26e943ff90fe66dcf1867712f42e5c4f69827b6b5,FSDnoisy18k,Opus,48,0.6235766595132177,6.174266608857308,22.01428251387143,0.28046640198093387,True
ea399286043bd0d95c68fbf26e943ff90fe66dcf1867712f42e5c4f69827b6b5,FSDnoisy18k,Opus,64,0.04163056174267216,5.848438330906761,22.01428251387143,0.26566563444534697,True
ea399286043bd0d95c68fbf26e943ff90fe66dcf1867712f42e5c4f69827b6b5,FSDnoisy18k,Opus,80,0.3647616664892973,5.630495087136995,22.01428251387143,0.2557655505506101,True
ea399286043bd0d95c68fbf26e943ff90fe66dcf1867712f42e5c4f69827b6b5,FSDnoisy18k,Opus,96,0.5564321716889818,4.00766499412447,22.01428251387143,0.18204840387594728,True
2ac25dbf3534abe45ac366eb00314308e4b06e483dd609405fff9136293725e1,FSDnoisy18k,AAC,48,0.2956619025677304,2.459815032610538,5.757208805325615,0.4272582627774634,True
2ac25dbf3534abe45ac366eb00314308e4b06e483dd609405fff9136293725e1,FSDnoisy18k,AAC,64,0.4941246254747162,2.547839520538487,5.757208805325615,0.4425477009243869,True
2ac25dbf3534abe45ac366eb00314308e4b06e483dd609405fff9136293725e1,FSDnoisy18k,AAC,80,0.5702935197094664,2.764488869676174,5.757208805325615,0.4801786704555386,True
2ac25dbf3534abe45ac366eb00314308e4b06e483dd609405fff9136293725e1,FSDnoisy18k,AAC,96,0.6327629567657705,2.8085298588422383,5.757208805325615,0.4878283824349487,True
2ac25dbf3534abe45ac366eb00314308e4b06e483dd609405fff9136293725e1,FSDnoisy18k,MP3,48,0.6250769669711608,5.715017091562053,9.751035071885136,0.5860933787470407,True
2ac25dbf3534abe45ac366eb00314308e4b06e483dd609405fff9136293725e1,FSDnoisy18k,MP3,64,0.9700012175702939,4.49670756841123,9.751035071885136,0.46115181980797615,True
2ac25dbf3534abe45ac366eb00314308e4b06e483dd609405fff9136293725e1,FSDnoisy18k,MP3,80,1.0196682815115266,3.297908079744606,9.751035071885136,0.338211077637631,False
2ac25dbf3534abe45ac366eb00314308e4b06e483dd609405fff9136293725e1,FSDnoisy18k,MP3,96,0.9972052806445386,2.044524030992045,9.751035071885136,0.20967251331983813,True
2ac25dbf3534abe45ac366eb00314308e4b06e483dd609405fff9136293725e1,FSDnoisy18k,Opus,48,0.5172715212090726,2.041564777622417,5.312081762531911,0.38432480313505957,True
2ac25dbf3534abe45ac366eb00314308e4b06e483dd609405fff9136293725e1,FSDnoisy18k,Opus,64,0.6946024172851406,1.6354537219381604,5.312081762531911,0.3078743504050755,True
2ac25dbf3534abe45ac366eb00314308e4b06e483dd609405fff9136293725e1,FSDnoisy18k,Opus,80,0.8190563414699158,1.9444069434878588,5.312081762531911,0.3660348297352056,True
2ac25dbf3534abe45ac366eb00314308e4b06e483dd609405fff9136293725e1,FSDnoisy18k,Opus,96,0.8673614695395445,1.419201698838037,5.312081762531911,0.26716488229684165,True
359c18af6313d69035732b002cdd1c0c7e48c2bd9463333c0e3906aef6fe7120,FSDnoisy18k,AAC,48,0.2663885515046972,15.223356497315356,33.37294948452849,0.45615855752794093,True
359c18af6313d69035732b002cdd1c0c7e48c2bd9463333c0e3906aef6fe7120,FSDnoisy18k,AAC,64,0.30320910141015917,18.720143147413,33.37294948452849,0.5609376287250712,True
359c18af6313d69035732b002cdd1c0c7e48c2bd9463333c0e3906aef6fe7120,FSDnoisy18k,AAC,80,0.4324645272881084,16.54887973565927,33.37294948452849,0.49587704986432907,True
359c18af6313d69035732b002cdd1c0c7e48c2bd9463333c0e3906aef6fe7120,FSDnoisy18k,AAC,96,0.4711178287095782,19.379203207028613,33.37294948452849,0.5806859599272969,True
359c18af6313d69035732b002cdd1c0c7e48c2bd9463333c0e3906aef6fe7120,FSDnoisy18k,MP3,48,0.343647186239633,14.066908269719333,35.799780643190324,0.3929328062068748,True
359c18af6313d69035732b002cdd1c0c7e48c2bd9463333c0e3906aef6fe7120,FSDnoisy18k,MP3,64,0.7224964917231921,12.082103676356297,35.799780643190324,0.3374909974107481,True
359c18af6313d69035732b002cdd1c0c7e48c2bd9463333c0e3906aef6fe7120,FSDnoisy18k,MP3,80,0.8250630652846043,9.892944435367186,35.799780643190324,0.27634092325783505,True
359c18af6313d69035732b002cdd1c0c7e48c2bd9463333c0e3906aef6fe7120,FSDnoisy18k,MP3,96,0.9174967429770277,5.920986327471703,35.799780643190324,0.16539169294038586,True
359c18af6313d69035732b002cdd1c0c7e48c2bd9463333c0e3906aef6fe7120,FSDnoisy18k,Opus,48,0.52210110924383,2.004666923139191,4.431908333826451,0.45232589939611595,True
359c18af6313d69035732b002cdd1c0c7e48c2bd9463333c0e3906aef6fe7120,FSDnoisy18k,Opus,64,1.6030978363463353,3.0676042007589284,4.431908333826451,0.692163278140367,False
359c18af6313d69035732b002cdd1c0c7e48c2bd9463333c0e3906aef6fe7120,FSDnoisy18k,Opus,80,1.849552975577516,3.4085598967641606,4.431908333826451,0.7690953061344694,False
359c18af6313d69035732b002cdd1c0c7e48c2bd9463333c0e3906aef6fe7120,FSDnoisy18k,Opus,96,1.8456699534158583,3.2399246486855184,4.431908333826451,0.7310450498167705,False
879e30705cd3c3442346006885ea9f6f08db3fc237806e606ca8d088824f3aff,FSDnoisy18k,AAC,48,0.17457904976357008,11.42805331836057,29.611064523359875,0.3859386179563079,True
879e30705cd3c3442346006885ea9f6f08db3fc237806e606ca8d088824f3aff,FSDnoisy18k,AAC,64,0.2629117720885822,13.031511538121402,29.611064523359875,0.4400892621689089,True
879e30705cd3c3442346006885ea9f6f08db3fc237806e606ca8d088824f3aff,FSDnoisy18k,AAC,80,0.3034999239426521,13.675145199211174,29.611064523359875,0.46182551756702256,True
879e30705cd3c3442346006885ea9f6f08db3fc237806e606ca8d088824f3aff,FSDnoisy18k,AAC,96,0.4552004683523724,15.169359568598601,29.611064523359875,0.5122868702214891,True
879e30705cd3c3442346006885ea9f6f08db3fc237806e606ca8d088824f3aff,FSDnoisy18k,MP3,48,0.38885766895176205,14.972628718656843,28.630462059631196,0.5229614767471102,True
879e30705cd3c3442346006885ea9f6f08db3fc237806e606ca8d088824f3aff,FSDnoisy18k,MP3,64,0.6748982902655492,15.624002012131863,28.630462059631196,0.5457125344184237,True
879e30705cd3c3442346006885ea9f6f08db3fc237806e606ca8d088824f3aff,FSDnoisy18k,MP3,80,0.6946028221160556,13.632294297308002,28.630462059631196,0.47614649979852985,True
879e30705cd3c3442346006885ea9f6f08db3fc237806e606ca8d088824f3aff,FSDnoisy18k,MP3,96,0.8556615280447158,9.673351377081133,28.630462059631196,0.33786920228299455,True
879e30705cd3c3442346006885ea9f6f08db3fc237806e606ca8d088824f3aff,FSDnoisy18k,Opus,48,0.21420718010596013,1.6207154648021844,2.8247403481741507,0.5737573245802146,True
879e30705cd3c3442346006885ea9f6f08db3fc237806e606ca8d088824f3aff,FSDnoisy18k,Opus,64,0.7273586784888096,1.4276041474901509,2.8247403481741507,0.5053930526439084,True
879e30705cd3c3442346006885ea9f6f08db3fc237806e606ca8d088824f3aff,FSDnoisy18k,Opus,80,0.9155530103586896,1.505646716968615,2.8247403481741507,0.5330212803246965,True
879e30705cd3c3442346006885ea9f6f08db3fc237806e606ca8d088824f3aff,FSDnoisy18k,Opus,96,0.8948975640368682,1.335154639349704,2.8247403481741507,0.4726645548900515,True
67c39f029476e7908e45083dff0ef5e06b3d6d9854ab1e415803f6b642429613,FSDnoisy18k,AAC,48,0.2216894748818544,5.102681619107033,14.107341624794625,0.36170398043942725,True
67c39f029476e7908e45083dff0ef5e06b3d6d9854ab1e415803f6b642429613,FSDnoisy18k,AAC,64,0.39567585063724975,6.2385388182306185,14.107341624794625,0.4422193056745685,True
67c39f029476e7908e45083dff0ef5e06b3d6d9854ab1e415803f6b642429613,FSDnoisy18k,AAC,80,0.5114974022513504,6.3262539085634915,14.107341624794625,0.44843699662342223,True
67c39f029476e7908e45083dff0ef5e06b3d6d9854ab1e415803f6b642429613,FSDnoisy18k,AAC,96,0.6876169964267582,5.971014168477112,14.107341624794625,0.4232558002269289,True
67c39f029476e7908e45083dff0ef5e06b3d6d9854ab1e415803f6b642429613,FSDnoisy18k,MP3,48,0.27252242401526416,4.654022368200598,13.226397347871915,0.35187377528389585,True
67c39f029476e7908e45083dff0ef5e06b3d6d9854ab1e415803f6b642429613,FSDnoisy18k,MP3,64,0.5915711266024333,6.05990043462897,13.226397347871915,0.45816712406602456,True
67c39f029476e7908e45083dff0ef5e06b3d6d9854ab1e415803f6b642429613,FSDnoisy18k,MP3,80,0.7851108605818433,4.132934662801382,13.226397347871915,0.3124762211583155,True
67c39f029476e7908e45083dff0ef5e06b3d6d9854ab1e415803f6b642429613,FSDnoisy18k,MP3,96,0.8877121716404263,3.1697761799031934,13.226397347871915,0.23965529664154542,True
67c39f029476e7908e45083dff0ef5e06b3d6d9854ab1e415803f6b642429613,FSDnoisy18k,Opus,48,0.07676933283226967,1.969323378349107,11.490579326324323,0.17138590861450206,True
67c39f029476e7908e45083dff0ef5e06b3d6d9854ab1e415803f6b642429613,FSDnoisy18k,Opus,64,0.9194682942685108,2.1648340404831408,11.490579326324323,0.188400774147533,True
67c39f029476e7908e45083dff0ef5e06b3d6d9854ab1e415803f6b642429613,FSDnoisy18k,Opus,80,0.9401794148136823,2.055374773998843,11.490579326324323,0.17887477346682473,True
67c39f029476e7908e45083dff0ef5e06b3d6d9854ab1e415803f6b642429613,FSDnoisy18k,Opus,96,0.9498088795600598,1.598928437399881,11.490579326324323,0.13915124659875233,True
dec319fb2ec5d2bc8aebc936f0284cffeeaee8159a5d8419dd341bb6aaa27a91,FSDnoisy18k,AAC,48,0.39471319821778694,12.433532800960746,25.958612294409466,0.47897524952204296,True
dec319fb2ec5d2bc8aebc936f0284cffeeaee8159a5d8419dd341bb6aaa27a91,FSDnoisy18k,AAC,64,0.4468348932274271,13.222756877674234,25.958612294409466,0.5093784185267073,True
dec319fb2ec5d2bc8aebc936f0284cffeeaee8159a5d8419dd341bb6aaa27a91,FSDnoisy18k,AAC,80,0.4740009177287981,13.550246111365098,25.958612294409466,0.5219942405890212,True
dec319fb2ec5d2bc8aebc936f0284cffeeaee8159a5d8419dd341bb6aaa27a91,FSDnoisy18k,AAC,96,0.6299195824034806,12.465265116282831,25.958612294409466,0.480197669078304,True
dec319fb2ec5d2bc8aebc936f0284cffeeaee8159a5d8419dd341bb6aaa27a91,FSDnoisy18k,MP3,48,0.31949432534612265,11.976898315360891,30.24450772756488,0.39600242210076153,True
dec319fb2ec5d2bc8aebc936f0284cffeeaee8159a5d8419dd341bb6aaa27a91,FSDnoisy18k,MP3,64,0.7664045200266872,10.148220479782836,30.24450772756488,0.33553928439488984,True
dec319fb2ec5d2bc8aebc936f0284cffeeaee8159a5d8419dd341bb6aaa27a91,FSDnoisy18k,MP3,80,0.9358458368260932,3.9514518573745074,30.24450772756488,0.13065022889339836,True
dec319fb2ec5d2bc8aebc936f0284cffeeaee8159a5d8419dd341bb6aaa27a91,FSDnoisy18k,MP3,96,0.9692946434843066,2.4114343636799656,30.24450772756488,0.0797313147035348,True
dec319fb2ec5d2bc8aebc936f0284cffeeaee8159a5d8419dd341bb6aaa27a91,FSDnoisy18k,Opus,48,0.2290127320064694,2.2298464112431042,6.841632415756111,0.32592315338483,True
dec319fb2ec5d2bc8aebc936f0284cffeeaee8159a5d8419dd341bb6aaa27a91,FSDnoisy18k,Opus,64,0.7318917740085894,2.758507169682899,6.841632415756111,0.4031942966316233,True
dec319fb2ec5d2bc8aebc936f0284cffeeaee8159a5d8419dd341bb6aaa27a91,FSDnoisy18k,Opus,80,0.8515619418069923,1.9239250819224707,6.841632415756111,0.28120848432191686,True
dec319fb2ec5d2bc8aebc936f0284cffeeaee8159a5d8419dd341bb6aaa27a91,FSDnoisy18k,Opus,96,0.9273547380868613,1.8775134789921508,6.841632415756111,0.27442478123616865,True
7d5b705446b82c50e814e1eb95e407783891979d2ad700f4720a54171b2c7c3f,FSDnoisy18k,AAC,48,0.11989677201826325,5.696086427756336,19.12017751047752,0.29790970427104985,True
7d5b705446b82c50e814e1eb95e407783891979d2ad700f4720a54171b2c7c3f,FSDnoisy18k,AAC,64,0.2051454788764581,7.444608106180713,19.12017751047752,0.38935873383503883,True
7d5b705446b82c50e814e1eb95e407783891979d2ad700f4720a54171b2c7c3f,FSDnoisy18k,AAC,80,0.26545508467679524,8.547293420630497,19.12017751047752,0.44703002448312684,True
7d5b705446b82c50e814e1eb95e407783891979d2ad700f4720a54171b2c7c3f,FSDnoisy18k,AAC,96,0.3508803326905482,9.639688270287401,19.12017751047752,0.5041631159022986,True
7d5b705446b82c50e814e1eb95e407783891979d2ad700f4720a54171b2c7c3f,FSDnoisy18k,MP3,48,0.6940013629125482,8.575134969252593,17.18975577580027,0.4988514718356072,True
7d5b705446b82c50e814e1eb95e407783891979d2ad700f4720a54171b2c7c3f,FSDnoisy18k,MP3,64,0.8252683266146469,6.4959470095439515,17.18975577580027,0.37789641076163183,True
7d5b705446b82c50e814e1eb95e407783891979d2ad700f4720a54171b2c7c3f,FSDnoisy18k,MP3,80,0.8487826879679098,6.518125679428042,17.18975577580027,0.37918663676445347,True
7d5b705446b82c50e814e1eb95e407783891979d2ad700f4720a54171b2c7c3f,FSDnoisy18k,MP3,96,0.8606222843649618,6.522500513893171,17.18975577580027,0.37944113918567385,True
7d5b705446b82c50e814e1eb95e407783891979d2ad700f4720a54171b2c7c3f,FSDnoisy18k,Opus,48,0.09643521183109555,2.98150163225826,9.937256135292303,0.300032684240614,True
7d5b705446b82c50e814e1eb95e407783891979d2ad700f4720a54171b2c7c3f,FSDnoisy18k,Opus,64,0.7766783168203085,2.377968261153891,9.937256135292303,0.2392982759806808,True
7d5b705446b82c50e814e1eb95e407783891979d2ad700f4720a54171b2c7c3f,FSDnoisy18k,Opus,80,0.8814863555690658,1.6767017865307754,9.937256135292303,0.1687288486583279,True
7d5b705446b82c50e814e1eb95e407783891979d2ad700f4720a54171b2c7c3f,FSDnoisy18k,Opus,96,0.9285814109381072,1.6089710692388237,9.937256135292303,0.16191301173414868,True
a6a5771299df9ee05662496677ddeca267206205e6911c3ffa20283cf6d46ff1,FSDnoisy18k,AAC,48,0.1242211323240917,17.590771219761255,55.70200591913882,0.31580139582939487,True
a6a5771299df9ee05662496677ddeca267206205e6911c3ffa20283cf6d46ff1,FSDnoisy18k,AAC,64,0.16031513455556912,20.011359963511556,55.70200591913882,0.3592574384585276,True
a6a5771299df9ee05662496677ddeca267206205e6911c3ffa20283cf6d46ff1,FSDnoisy18k,AAC,80,0.18626001759824035,20.94781080455255,55.70200591913882,0.3760692359079842,True
a6a5771299df9ee05662496677ddeca267206205e6911c3ffa20283cf6d46ff1,FSDnoisy18k,AAC,96,0.3260978194055367,25.122597097137774,55.70200591913882,0.45101781673011215,True
a6a5771299df9ee05662496677ddeca267206205e6911c3ffa20283cf6d46ff1,FSDnoisy18k,MP3,48,0.2843606186810877,19.894651980279683,37.78097975346456,0.526578508818457,True
a6a5771299df9ee05662496677ddeca267206205e6911c3ffa20283cf6d46ff1,FSDnoisy18k,MP3,64,0.6482904160998662,21.16507093983629,37.78097975346456,0.5602043959142016,True
a6a5771299df9ee05662496677ddeca267206205e6911c3ffa20283cf6d46ff1,FSDnoisy18k,MP3,80,0.9475590287758616,15.178711919259355,37.78097975346456,0.4017553811019803,True
a6a5771299df9ee05662496677ddeca267206205e6911c3ffa20283cf6d46ff1,FSDnoisy18k,MP3,96,1.0142084251421832,9.428078246280606,37.78097975346456,0.24954562607434871,False
a6a5771299df9ee05662496677ddeca267206205e6911c3ffa20283cf6d46ff1,FSDnoisy18k,Opus,48,0.24065626115580904,1.7279608551450856,3.727302427995118,0.46359555966445687,True
a6a5771299df9ee05662496677ddeca267206205e6911c3ffa20283cf6d46ff1,FSDnoisy18k,Opus,64,0.6797068367765428,1.5693979792650266,3.727302427995118,0.42105463926875164,True
a6a5771299df9ee05662496677ddeca267206205e6911c3ffa20283cf6d46ff1,FSDnoisy18k,Opus,80,0.8731133623028632,1.4720382833576562,3.727302427995118,0.3949339533871557,True
a6a5771299df9ee05662496677ddeca267206205e6911c3ffa20283cf6d46ff1,FSDnoisy18k,Opus,96,1.0450028102451299,1.1312498796296686,3.727302427995118,0.3035036468017857,False
7f3e7d2c31dcaee0492225d33b648950c1ea1bf377d4c7d449d3654a17d79947,IRMAS,AAC,48,0.7460877440031003,4.3514997929097765,10.163237801153846,0.42816077691459165,True
7f3e7d2c31dcaee0492225d33b648950c1ea1bf377d4c7d449d3654a17d79947,IRMAS,AAC,64,0.8648830489925136,3.419022629734526,10.163237801153846,0.33641076757510874,True
7f3e7d2c31dcaee0492225d33b648950c1ea1bf377d4c7d449d3654a17d79947,IRMAS,AAC,80,0.8846802628979662,3.290883432708561,10.163237801153846,0.32380265985067697,True
7f3e7d2c31dcaee0492225d33b648950c1ea1bf377d4c7d449d3654a17d79947,IRMAS,AAC,96,0.9399350090993319,3.041852024640431,10.163237801153846,0.2992995031854008,True
7f3e7d2c31dcaee0492225d33b648950c1ea1bf377d4c7d449d3654a17d79947,IRMAS,MP3,48,0.6814664215306314,13.461838606181635,19.707982496486927,0.6830652812169532,True
7f3e7d2c31dcaee0492225d33b648950c1ea1bf377d4c7d449d3654a17d79947,IRMAS,MP3,64,0.9347697014759905,10.425322039292206,19.707982496486927,0.5289898162407333,True
7f3e7d2c31dcaee0492225d33b648950c1ea1bf377d4c7d449d3654a17d79947,IRMAS,MP3,80,0.9996304988183656,7.180153408458003,19.707982496486927,0.36432716589523617,True
7f3e7d2c31dcaee0492225d33b648950c1ea1bf377d4c7d449d3654a17d79947,IRMAS,MP3,96,1.0049724035968302,1.8231730970915103,19.707982496486927,0.09250937265732312,False
7f3e7d2c31dcaee0492225d33b648950c1ea1bf377d4c7d449d3654a17d79947,IRMAS,Opus,48,0.0728142634517316,1.8650078891566215,6.651837780580403,0.2803748303365707,True
7f3e7d2c31dcaee0492225d33b648950c1ea1bf377d4c7d449d3654a17d79947,IRMAS,Opus,64,0.13219510214587415,2.1624650472612528,6.651837780580403,0.3250928718638367,True
7f3e7d2c31dcaee0492225d33b648950c1ea1bf377d4c7d449d3654a17d79947,IRMAS,Opus,80,0.8147737653702924,2.5170497247944197,6.651837780580403,0.37839914439025835,True
7f3e7d2c31dcaee0492225d33b648950c1ea1bf377d4c7d449d3654a17d79947,IRMAS,Opus,96,0.9143802971792814,1.5679705580596661,6.651837780580403,0.2357199032479793,True
4223bd180f5eebf9a28af610bdcb6bb6dceeb51c267fea0aee1b798ce4bfec36,IRMAS,AAC,48,0.38077514208989577,10.709164308727033,23.69433098421079,0.451971584083269,True
4223bd180f5eebf9a28af610bdcb6bb6dceeb51c267fea0aee1b798ce4bfec36,IRMAS,AAC,64,0.5958494271995212,11.255490103414168,23.69433098421079,0.4750288206455163,True
4223bd180f5eebf9a28af610bdcb6bb6dceeb51c267fea0aee1b798ce4bfec36,IRMAS,AAC,80,0.71776721056872,11.40914622063515,23.69433098421079,0.4815137523080045,True
4223bd180f5eebf9a28af610bdcb6bb6dceeb51c267fea0aee1b798ce4bfec36,IRMAS,AAC,96,0.9613692004803092,6.980129006825153,23.69433098421079,0.29459067704745523,True
4223bd180f5eebf9a28af610bdcb6bb6dceeb51c267fea0aee1b798ce4bfec36,IRMAS,MP3,48,0.3339847151046929,15.776779782133131,31.517778326800105,0.5005676357815445,True
4223bd180f5eebf9a28af610bdcb6bb6dceeb51c267fea0aee1b798ce4bfec36,IRMAS,MP3,64,0.6289225632029546,16.24439310549362,31.517778326800105,0.5154041296013792,True
4223bd180f5eebf9a28af610bdcb6bb6dceeb51c267fea0aee1b798ce4bfec36,IRMAS,MP3,80,0.907281525932092,5.8980362559309425,31.517778326800105,0.1871336296224833,True
4223bd180f5eebf9a28af610bdcb6bb6dceeb51c267fea0aee1b798ce4bfec36,IRMAS,MP3,96,1.00287009032057,1.896883950885056,31.517778326800105,0.06018457047374126,False
4223bd180f5eebf9a28af610bdcb6bb6dceeb51c267fea0aee1b798ce4bfec36,IRMAS,Opus,48,0.02886306147199325,2.3697854942071697,15.918920576505293,0.1488659663083395,True
4223bd180f5eebf9a28af610bdcb6bb6dceeb51c267fea0aee1b798ce4bfec36,IRMAS,Opus,64,0.05977233034283914,2.1916159440089524,15.918920576505293,0.13767365277539953,True
4223bd180f5eebf9a28af610bdcb6bb6dceeb51c267fea0aee1b798ce4bfec36,IRMAS,Opus,80,0.7368822313744338,2.3801147611128486,15.918920576505293,0.1495148336015732,True
4223bd180f5eebf9a28af610bdcb6bb6dceeb51c267fea0aee1b798ce4bfec36,IRMAS,Opus,96,0.9012398400128588,1.6998279712952475,15.918920576505293,0.1067803538013765,True
9b0dd68e66c39d9b0395b392bbdb5bcd9ecec9d67c33dfa26b061118fe3e2fae,IRMAS,AAC,48,0.759087718862833,5.326747513877409,13.087486790993882,0.40701072703607205,True
9b0dd68e66c39d9b0395b392bbdb5bcd9ecec9d67c33dfa26b061118fe3e2fae,IRMAS,AAC,64,0.8155635168866968,4.8514932702351565,13.087486790993882,0.37069709010699425,True
9b0dd68e66c39d9b0395b392bbdb5bcd9ecec9d67c33dfa26b061118fe3e2fae,IRMAS,AAC,80,0.8183493292542044,4.895518461525284,13.087486790993882,0.3740610049665243,True
9b0dd68e66c39d9b0395b392bbdb5bcd9ecec9d67c33dfa26b061118fe3e2fae,IRMAS,AAC,96,0.8514129614258009,4.4373878493384025,13.087486790993882,0.339055765266711,True
9b0dd68e66c39d9b0395b392bbdb5bcd9ecec9d67c33dfa26b061118fe3e2fae,IRMAS,MP3,48,0.6215036549301857,17.133914525901933,24.853406496065276,0.6893990378588355,True
9b0dd68e66c39d9b0395b392bbdb5bcd9ecec9d67c33dfa26b061118fe3e2fae,IRMAS,MP3,64,0.9145971925911606,10.642751695485172,24.853406496065276,0.42822104475578043,True
9b0dd68e66c39d9b0395b392bbdb5bcd9ecec9d67c33dfa26b061118fe3e2fae,IRMAS,MP3,80,1.0106851332663191,8.531777765025472,24.853406496065276,0.34328403900592863,False
9b0dd68e66c39d9b0395b392bbdb5bcd9ecec9d67c33dfa26b061118fe3e2fae,IRMAS,MP3,96,1.0032727532102073,2.29293388017197,24.853406496065276,0.0922583341054266,False
9b0dd68e66c39d9b0395b392bbdb5bcd9ecec9d67c33dfa26b061118fe3e2fae,IRMAS,Opus,48,0.040019709549057356,2.289914338355788,8.925259865761799,0.2565655647898983,True
9b0dd68e66c39d9b0395b392bbdb5bcd9ecec9d67c33dfa26b061118fe3e2fae,IRMAS,Opus,64,0.0896706774184631,2.4468151938864384,8.925259865761799,0.27414498072741494,True
9b0dd68e66c39d9b0395b392bbdb5bcd9ecec9d67c33dfa26b061118fe3e2fae,IRMAS,Opus,80,0.9417466663257661,3.8494599302877224,8.925259865761799,0.43129947902745563,True
9b0dd68e66c39d9b0395b392bbdb5bcd9ecec9d67c33dfa26b061118fe3e2fae,IRMAS,Opus,96,0.9990322561598753,2.3181939868697032,8.925259865761799,0.2597340606028212,True
604c6105844a7127a7be9bd30ccee96812006219f5415509fa68fd1115af265a,IRMAS,AAC,48,0.4254080416607511,6.230391429489159,11.531403449377493,0.5402977579303669,True
604c6105844a7127a7be9bd30ccee96812006219f5415509fa68fd1115af265a,IRMAS,AAC,64,0.8454221633374869,3.737160121195009,11.531403449377493,0.3240854539172987,True
604c6105844a7127a7be9bd30ccee96812006219f5415509fa68fd1115af265a,IRMAS,AAC,80,0.9239366159480388,3.9773289369404403,11.531403449377493,0.34491282473991935,True
604c6105844a7127a7be9bd30ccee96812006219f5415509fa68fd1115af265a,IRMAS,AAC,96,0.9319082886149312,3.8406372195844685,11.531403449377493,0.33305895821308723,True
604c6105844a7127a7be9bd30ccee96812006219f5415509fa68fd1115af265a,IRMAS,MP3,48,0.5236631382062054,9.830819192753456,15.899841158866902,0.6182966920566423,True
604c6105844a7127a7be9bd30ccee96812006219f5415509fa68fd1115af265a,IRMAS,MP3,64,0.8887952009179583,7.2632550142131755,15.899841158866902,0.4568130550261918,True
604c6105844a7127a7be9bd30ccee96812006219f5415509fa68fd1115af265a,IRMAS,MP3,80,0.9443282179640803,5.0056434578930995,15.899841158866902,0.31482348835300095,True
604c6105844a7127a7be9bd30ccee96812006219f5415509fa68fd1115af265a,IRMAS,MP3,96,1.0005121109661297,2.9217587264042626,15.899841158866902,0.183760246232075,False
604c6105844a7127a7be9bd30ccee96812006219f5415509fa68fd1115af265a,IRMAS,Opus,48,0.20453324371883608,3.0018603941568247,5.064608617292355,0.592713202735433,True
604c6105844a7127a7be9bd30ccee96812006219f5415509fa68fd1115af265a,IRMAS,Opus,64,0.8484580991912685,2.8994474343578123,5.064608617292355,0.5724919047955807,True
604c6105844a7127a7be9bd30ccee96812006219f5415509fa68fd1115af265a,IRMAS,Opus,80,0.8579229049498632,2.6822746431332316,5.064608617292355,0.5296114361088047,True
604c6105844a7127a7be9bd30ccee96812006219f5415509fa68fd1115af265a,IRMAS,Opus,96,0.9231494985347931,1.5437336303272422,5.064608617292355,0.30480808034334433,True
6d602ad5fcf423db9fb024a38ca7b0f125f843904b69eb4d3d18b41490b2bca6,IRMAS,AAC,48,0.68554348465722,4.1594442193131655,8.257678545213706,0.5037062409899755,True
6d602ad5fcf423db9fb024a38ca7b0f125f843904b69eb4d3d18b41490b2bca6,IRMAS,AAC,64,0.8475284604928901,3.3805288404035214,8.257678545213706,0.4093800481447579,True
6d602ad5fcf423db9fb024a38ca7b0f125f843904b69eb4d3d18b41490b2bca6,IRMAS,AAC,80,0.8507984373118022,3.298776714796166,8.257678545213706,0.39947991396543214,True
6d602ad5fcf423db9fb024a38ca7b0f125f843904b69eb4d3d18b41490b2bca6,IRMAS,AAC,96,0.8850235652512084,3.173079289756272,8.257678545213706,0.38425802995146185,True
6d602ad5fcf423db9fb024a38ca7b0f125f843904b69eb4d3d18b41490b2bca6,IRMAS,MP3,48,0.5534185196596964,9.596909825905266,15.215627421640978,0.6307271833073221,True
6d602ad5fcf423db9fb024a38ca7b0f125f843904b69eb4d3d18b41490b2bca6,IRMAS,MP3,64,0.8386105237552348,8.023038567139016,15.215627421640978,0.5272893680169876,True
6d602ad5fcf423db9fb024a38ca7b0f125f843904b69eb4d3d18b41490b2bca6,IRMAS,MP3,80,0.9572369987497878,3.2869855812535236,15.215627421640978,0.21602694980415263,True
6d602ad5fcf423db9fb024a38ca7b0f125f843904b69eb4d3d18b41490b2bca6,IRMAS,MP3,96,1.004094933178839,1.667909455336414,15.215627421640978,0.10961818458857434,False
6d602ad5fcf423db9fb024a38ca7b0f125f843904b69eb4d3d18b41490b2bca6,IRMAS,Opus,48,0.054490887307423186,2.039828566143662,5.3614848814915685,0.3804596322159507,True
6d602ad5fcf423db9fb024a38ca7b0f125f843904b69eb4d3d18b41490b2bca6,IRMAS,Opus,64,0.7106467619012848,4.362721534842135,5.3614848814915685,0.8137151612424994,True
6d602ad5fcf423db9fb024a38ca7b0f125f843904b69eb4d3d18b41490b2bca6,IRMAS,Opus,80,0.7098553931238388,4.229086499286224,5.3614848814915685,0.7887901566011111,True
6d602ad5fcf423db9fb024a38ca7b0f125f843904b69eb4d3d18b41490b2bca6,IRMAS,Opus,96,0.9280777996052283,1.3523433682318062,5.3614848814915685,0.2522329910693665,True
ed4c08c234f7fc97effd7fbf1af994c373271c49f3b4e939c111d5ebc7345809,IRMAS,AAC,48,0.46085988534690076,7.974915152487073,19.21366780579298,0.4150646942112016,True
ed4c08c234f7fc97effd7fbf1af994c373271c49f3b4e939c111d5ebc7345809,IRMAS,AAC,64,0.7443975725855403,8.020291044530426,19.21366780579298,0.4174263407485521,True
ed4c08c234f7fc97effd7fbf1af994c373271c49f3b4e939c111d5ebc7345809,IRMAS,AAC,80,0.9091734468141078,6.837466105645186,19.21366780579298,0.3558646987528154,True
ed4c08c234f7fc97effd7fbf1af994c373271c49f3b4e939c111d5ebc7345809,IRMAS,AAC,96,0.9900871492526477,4.54064331531693,19.21366780579298,0.23632360886076692,True
ed4c08c234f7fc97effd7fbf1af994c373271c49f3b4e939c111d5ebc7345809,IRMAS,MP3,48,0.3695618258332254,11.74819775005231,21.29912766030076,0.5515811697748384,True
ed4c08c234f7fc97effd7fbf1af994c373271c49f3b4e939c111d5ebc7345809,IRMAS,MP3,64,0.6148397369952401,14.339306589360884,21.29912766030076,0.6732344543897815,True
ed4c08c234f7fc97effd7fbf1af994c373271c49f3b4e939c111d5ebc7345809,IRMAS,MP3,80,0.796391998220628,9.197290484700291,21.29912766030076,0.4318153602996161,True
ed4c08c234f7fc97effd7fbf1af994c373271c49f3b4e939c111d5ebc7345809,IRMAS,MP3,96,0.9652233745999993,2.9975888372002037,21.29912766030076,0.14073763418899926,True
ed4c08c234f7fc97effd7fbf1af994c373271c49f3b4e939c111d5ebc7345809,IRMAS,Opus,48,0.17238752245829095,3.020655977965971,9.669222585931053,0.312399052883641,True
ed4c08c234f7fc97effd7fbf1af994c373271c49f3b4e939c111d5ebc7345809,IRMAS,Opus,64,0.07899973109436413,3.4108165981499305,9.669222585931053,0.35274982738661426,True
ed4c08c234f7fc97effd7fbf1af994c373271c49f3b4e939c111d5ebc7345809,IRMAS,Opus,80,0.7323929019171735,3.876555227903549,9.669222585931053,0.4009169499876886,True
ed4c08c234f7fc97effd7fbf1af994c373271c49f3b4e939c111d5ebc7345809,IRMAS,Opus,96,0.8990851517827779,2.8378931425965646,9.669222585931053,0.2934975503331329,True
7b06fd124684034d0a142df9d63f1ca6ce18816074ce14daaf09302e28ddddeb,IRMAS,AAC,48,0.2476376562405711,4.489075805607046,10.28151621791824,0.4366161284445239,True
7b06fd124684034d0a142df9d63f1ca6ce18816074ce14daaf09302e28ddddeb,IRMAS,AAC,64,0.3816401052060875,4.932190702560617,10.28151621791824,0.47971433376382566,True
7b06fd124684034d0a142df9d63f1ca6ce18816074ce14daaf09302e28ddddeb,IRMAS,AAC,80,0.4725846431387809,5.132425656772203,10.28151621791824,0.49918956970836703,True
7b06fd124684034d0a142df9d63f1ca6ce18816074ce14daaf09302e28ddddeb,IRMAS,AAC,96,0.6464496736225993,4.975814376527751,10.28151621791824,0.48395725601794887,True
7b06fd124684034d0a142df9d63f1ca6ce18816074ce14daaf09302e28ddddeb,IRMAS,MP3,48,0.3876586041079522,7.4975109889530085,12.829891887757624,0.5843783450823298,True
7b06fd124684034d0a142df9d63f1ca6ce18816074ce14daaf09302e28ddddeb,IRMAS,MP3,64,0.5964779992759484,7.723771346050505,12.829891887757624,0.6020137514502818,True
7b06fd124684034d0a142df9d63f1ca6ce18816074ce14daaf09302e28ddddeb,IRMAS,MP3,80,0.861141487199526,7.419770569664773,12.829891887757624,0.5783190251778171,True
7b06fd124684034d0a142df9d63f1ca6ce18816074ce14daaf09302e28ddddeb,IRMAS,MP3,96,0.9861584499810945,3.290602383536966,12.829891887757624,0.25647935402143823,True
7b06fd124684034d0a142df9d63f1ca6ce18816074ce14daaf09302e28ddddeb,IRMAS,Opus,48,0.026054631267216247,1.7867890346912665,9.44060746264339,0.18926632017712997,True
7b06fd124684034d0a142df9d63f1ca6ce18816074ce14daaf09302e28ddddeb,IRMAS,Opus,64,0.9868641898187789,1.6912360790708019,9.44060746264339,0.1791448363638723,True
7b06fd124684034d0a142df9d63f1ca6ce18816074ce14daaf09302e28ddddeb,IRMAS,Opus,80,0.9982971782237641,1.570759926355628,9.44060746264339,0.16638335325042863,True
7b06fd124684034d0a142df9d63f1ca6ce18816074ce14daaf09302e28ddddeb,IRMAS,Opus,96,0.9483682303412428,1.3123936616844658,9.44060746264339,0.1390158066499031,True
307a87c3a58133b84b776a7c2ac3def50ce1ffbf31da388498c5bb5f30a455bc,IRMAS,AAC,48,0.7759231595174516,3.496741122609208,7.961799981422589,0.43918977250976127,True
307a87c3a58133b84b776a7c2ac3def50ce1ffbf31da388498c5bb5f30a455bc,IRMAS,AAC,64,0.8407121207273833,3.106292673879275,7.961799981422589,0.39014954923851936,True
307a87c3a58133b84b776a7c2ac3def50ce1ffbf31da388498c5bb5f30a455bc,IRMAS,AAC,80,0.8675826962782833,3.156307573705671,7.961799981422589,0.3964314076051069,True
307a87c3a58133b84b776a7c2ac3def50ce1ffbf31da388498c5bb5f30a455bc,IRMAS,AAC,96,0.9015585939131527,3.101674549779934,7.961799981422589,0.38956951405676193,True
307a87c3a58133b84b776a7c2ac3def50ce1ffbf31da388498c5bb5f30a455bc,IRMAS,MP3,48,0.687081903227054,9.586424607814791,16.311743698698844,0.5877007869231958,True
307a87c3a58133b84b776a7c2ac3def50ce1ffbf31da388498c5bb5f30a455bc,IRMAS,MP3,64,0.9641132228472904,4.464665973860895,16.311743698698844,0.27370868843513235,True
307a87c3a58133b84b776a7c2ac3def50ce1ffbf31da388498c5bb5f30a455bc,IRMAS,MP3,80,1.007260884791246,2.3986949743213293,16.311743698698844,0.1470532530812551,False
307a87c3a58133b84b776a7c2ac3def50ce1ffbf31da388498c5bb5f30a455bc,IRMAS,MP3,96,1.0210367354372005,1.8506159174824286,16.311743698698844,0.11345297913368076,False
307a87c3a58133b84b776a7c2ac3def50ce1ffbf31da388498c5bb5f30a455bc,IRMAS,Opus,48,0.36099688013769027,3.0519256327570354,4.934956924106316,0.6184300450220681,True
307a87c3a58133b84b776a7c2ac3def50ce1ffbf31da388498c5bb5f30a455bc,IRMAS,Opus,64,0.7412608777793224,3.6500091805240213,4.934956924106316,0.7396233111366035,True
307a87c3a58133b84b776a7c2ac3def50ce1ffbf31da388498c5bb5f30a455bc,IRMAS,Opus,80,0.7827624635064352,3.371285914676244,4.934956924106316,0.6831439395566272,True
307a87c3a58133b84b776a7c2ac3def50ce1ffbf31da388498c5bb5f30a455bc,IRMAS,Opus,96,0.9476917202607699,1.7311057012350648,4.934956924106316,0.3507843589837525,True
ff3abd41f3703059aa7466f76065ee97d4c7fbd1cb6ea95fdf0da7fe8a9e00e5,IRMAS,AAC,48,0.5785718290088696,6.07150700122495,12.411281568677529,0.48919259204848525,True
ff3abd41f3703059aa7466f76065ee97d4c7fbd1cb6ea95fdf0da7fe8a9e00e5,IRMAS,AAC,64,0.6547423845766864,6.01103400498043,12.411281568677529,0.4843201704609244,True
ff3abd41f3703059aa7466f76065ee97d4c7fbd1cb6ea95fdf0da7fe8a9e00e5,IRMAS,AAC,80,0.6978136992856574,5.735332405698004,12.411281568677529,0.4621063807119095,True
ff3abd41f3703059aa7466f76065ee97d4c7fbd1cb6ea95fdf0da7fe8a9e00e5,IRMAS,AAC,96,0.7871148286333841,5.098351357059397,12.411281568677529,0.41078363494114545,True
ff3abd41f3703059aa7466f76065ee97d4c7fbd1cb6ea95fdf0da7fe8a9e00e5,IRMAS,MP3,48,0.6565989830671427,13.845191545826149,22.59975464130694,0.6126257459680758,True
ff3abd41f3703059aa7466f76065ee97d4c7fbd1cb6ea95fdf0da7fe8a9e00e5,IRMAS,MP3,64,0.941153459588493,7.650922064733049,22.59975464130694,0.3385400499326216,True
ff3abd41f3703059aa7466f76065ee97d4c7fbd1cb6ea95fdf0da7fe8a9e00e5,IRMAS,MP3,80,0.9824129825679755,7.511853313266726,22.59975464130694,0.3323864985479469,True
ff3abd41f3703059aa7466f76065ee97d4c7fbd1cb6ea95fdf0da7fe8a9e00e5,IRMAS,MP3,96,0.9888694977526893,4.417710276643826,22.59975464130694,0.19547602824719648,True
ff3abd41f3703059aa7466f76065ee97d4c7fbd1cb6ea95fdf0da7fe8a9e00e5,IRMAS,Opus,48,0.3173183793831172,2.227869450635955,4.580493241932759,0.48638199708289404,True
ff3abd41f3703059aa7466f76065ee97d4c7fbd1cb6ea95fdf0da7fe8a9e00e5,IRMAS,Opus,64,0.44777143584177953,2.1867926544895484,4.580493241932759,0.4774142300812176,True
ff3abd41f3703059aa7466f76065ee97d4c7fbd1cb6ea95fdf0da7fe8a9e00e5,IRMAS,Opus,80,0.8292588493691241,1.5015943938564926,4.580493241932759,0.32782373306654816,True
ff3abd41f3703059aa7466f76065ee97d4c7fbd1cb6ea95fdf0da7fe8a9e00e5,IRMAS,Opus,96,0.9394158842542417,1.0770967120089507,4.580493241932759,0.23514863031529443,True
b0c634802c9198103bdea348183df0b45896791cd10162f9dd15b2edc849d46b,IRMAS,AAC,48,0.7834894699920518,3.9469843642727285,10.77346940282298,0.3663614956978016,True
b0c634802c9198103bdea348183df0b45896791cd10162f9dd15b2edc849d46b,IRMAS,AAC,64,0.8829013026240637,3.285071592063379,10.77346940282298,0.30492234852429145,True
b0c634802c9198103bdea348183df0b45896791cd10162f9dd15b2edc849d46b,IRMAS,AAC,80,0.8924004410081275,3.121256678298222,10.77346940282298,0.28971694832867456,True
b0c634802c9198103bdea348183df0b45896791cd10162f9dd15b2edc849d46b,IRMAS,AAC,96,0.9160958796460836,3.015861596456579,10.77346940282298,0.27993411255860906,True
b0c634802c9198103bdea348183df0b45896791cd10162f9dd15b2edc849d46b,IRMAS,MP3,48,0.6247114637296054,13.889520225995732,19.490372991773118,0.7126349111871022,True
b0c634802c9198103bdea348183df0b45896791cd10162f9dd15b2edc849d46b,IRMAS,MP3,64,0.8556839217675128,9.54921243583832,19.490372991773118,0.48994508416380955,True
b0c634802c9198103bdea348183df0b45896791cd10162f9dd15b2edc849d46b,IRMAS,MP3,80,0.9660605997008515,8.108421058696203,19.490372991773118,0.41602185151196264,True
b0c634802c9198103bdea348183df0b45896791cd10162f9dd15b2edc849d46b,IRMAS,MP3,96,1.0053125784792143,3.626546997042436,19.490372991773118,0.1860686298088395,False
b0c634802c9198103bdea348183df0b45896791cd10162f9dd15b2edc849d46b,IRMAS,Opus,48,0.046652024097388806,1.8675737511938317,6.215727468974726,0.30045940085302436,True
b0c634802c9198103bdea348183df0b45896791cd10162f9dd15b2edc849d46b,IRMAS,Opus,64,0.06664468603415104,2.096607964710076,6.215727468974726,0.3373069323221,True
b0c634802c9198103bdea348183df0b45896791cd10162f9dd15b2edc849d46b,IRMAS,Opus,80,0.8146696391322699,1.721985850884784,6.215727468974726,0.27703689704542706,True
b0c634802c9198103bdea348183df0b45896791cd10162f9dd15b2edc849d46b,IRMAS,Opus,96,0.9158117340257366,1.7730155113717714,6.215727468974726,0.28524666183027286,True
19b052e9a0ec44db78dd36e49ae4da04ba980f371ab5389b29ef0b821b15ef57,IRMAS,AAC,48,0.7933549369842288,3.4701553957916635,9.771057984440818,0.35514633126908574,True
19b052e9a0ec44db78dd36e49ae4da04ba980f371ab5389b29ef0b821b15ef57,IRMAS,AAC,64,0.8600993134296173,3.177894781109973,9.771057984440818,0.3252354848543905,True
19b052e9a0ec44db78dd36e49ae4da04ba980f371ab5389b29ef0b821b15ef57,IRMAS,AAC,80,0.8704065241837973,3.1233502912375837,9.771057984440818,0.31965323470714496,True
19b052e9a0ec44db78dd36e49ae4da04ba980f371ab5389b29ef0b821b15ef57,IRMAS,AAC,96,0.888062190851136,2.886224677561751,9.771057984440818,0.29538507315765616,True
19b052e9a0ec44db78dd36e49ae4da04ba980f371ab5389b29ef0b821b15ef57,IRMAS,MP3,48,0.6592995567261907,10.992162074080765,17.702771857065347,0.620928867119399,True
19b052e9a0ec44db78dd36e49ae4da04ba980f371ab5389b29ef0b821b15ef57,IRMAS,MP3,64,0.9729853538860493,5.104010103980666,17.702771857065347,0.28831700172103875,True
19b052e9a0ec44db78dd36e49ae4da04ba980f371ab5389b29ef0b821b15ef57,IRMAS,MP3,80,1.0251741798570795,3.32338755068031,17.702771857065347,0.18773260919328372,False
19b052e9a0ec44db78dd36e49ae4da04ba980f371ab5389b29ef0b821b15ef57,IRMAS,MP3,96,1.012135753753501,1.5327924188494464,17.702771857065347,0.08658488236901128,False
19b052e9a0ec44db78dd36e49ae4da04ba980f371ab5389b29ef0b821b15ef57,IRMAS,Opus,48,0.03687948159404814,1.8888895437288638,7.3217156808720985,0.25798455253644537,True
19b052e9a0ec44db78dd36e49ae4da04ba980f371ab5389b29ef0b821b15ef57,IRMAS,Opus,64,0.19066473373065565,3.0537558301378573,7.3217156808720985,0.41708200143796365,True
19b052e9a0ec44db78dd36e49ae4da04ba980f371ab5389b29ef0b821b15ef57,IRMAS,Opus,80,0.699484229410221,1.7193685063876492,7.3217156808720985,0.23483136758225678,True
19b052e9a0ec44db78dd36e49ae4da04ba980f371ab5389b29ef0b821b15ef57,IRMAS,Opus,96,0.9275363579859862,1.3328798072472947,7.3217156808720985,0.18204473723685127,True
d607134f6ff074b0e428f705410f67ec9f16dbd14e4d8f55dcd4435eac0db446,IRMAS,AAC,48,0.9270810843178201,5.756987501452268,16.37200329972393,0.3516361068379057,True
d607134f6ff074b0e428f705410f67ec9f16dbd14e4d8f55dcd4435eac0db446,IRMAS,AAC,64,0.9182923942987223,4.993615977217461,16.37200329972393,0.30500946559799835,True
d607134f6ff074b0e428f705410f67ec9f16dbd14e4d8f55dcd4435eac0db446,IRMAS,AAC,80,0.924651669388904,5.0008227908912,16.37200329972393,0.3054496569137343,True
d607134f6ff074b0e428f705410f67ec9f16dbd14e4d8f55dcd4435eac0db446,IRMAS,AAC,96,0.9455228644768381,6.443075275178271,16.37200329972393,0.3935422658561837,True
d607134f6ff074b0e428f705410f67ec9f16dbd14e4d8f55dcd4435eac0db446,IRMAS,MP3,48,0.5373300800768358,18.454594402719813,29.647320920579794,0.6224708955037314,True
d607134f6ff074b0e428f705410f67ec9f16dbd14e4d8f55dcd4435eac0db446,IRMAS,MP3,64,1.0528476679689576,6.378667770254509,29.647320920579794,0.21515157431397905,False
d607134f6ff074b0e428f705410f67ec9f16dbd14e4d8f55dcd4435eac0db446,IRMAS,MP3,80,1.0406468259581287,3.2010645309076287,29.647320920579794,0.10797146020319152,False
d607134f6ff074b0e428f705410f67ec9f16dbd14e4d8f55dcd4435eac0db446,IRMAS,MP3,96,1.0232422727005384,2.1909414843299597,29.647320920579794,0.07390015071510593,False
d607134f6ff074b0e428f705410f67ec9f16dbd14e4d8f55dcd4435eac0db446,IRMAS,Opus,48,0.1588864925553833,3.1570550531642536,12.301367474265424,0.2566426098373894,True
d607134f6ff074b0e428f705410f67ec9f16dbd14e4d8f55dcd4435eac0db446,IRMAS,Opus,64,0.24612282902319707,4.045703752878596,12.301367474265424,0.3288824402118095,True
d607134f6ff074b0e428f705410f67ec9f16dbd14e4d8f55dcd4435eac0db446,IRMAS,Opus,80,0.7073765697894772,1.6542507523683205,12.301367474265424,0.13447698037059932,True
d607134f6ff074b0e428f705410f67ec9f16dbd14e4d8f55dcd4435eac0db446,IRMAS,Opus,96,0.8322682288348067,1.6214245619905159,12.301367474265424,0.13180848108005483,True
152975d31e4b7f07399146a6a6eb982417780888726f5543c4812474ec4f21e0,IRMAS,AAC,48,0.9532807656108365,3.6509168538540995,19.592200705856193,0.1863454192138214,True
152975d31e4b7f07399146a6a6eb982417780888726f5543c4812474ec4f21e0,IRMAS,AAC,64,0.9178416892354997,5.888227708366797,19.592200705856193,0.30053937261916575,True
152975d31e4b7f07399146a6a6eb982417780888726f5543c4812474ec4f21e0,IRMAS,AAC,80,0.9802780957519048,3.9244820337411745,19.592200705856193,0.20030838253755384,True
152975d31e4b7f07399146a6a6eb982417780888726f5543c4812474ec4f21e0,IRMAS,AAC,96,0.9203170116792465,5.453890892402648,19.592200705856193,0.27837050948403447,True
152975d31e4b7f07399146a6a6eb982417780888726f5543c4812474ec4f21e0,IRMAS,MP3,48,0.4998504256698706,17.772362412060673,30.50725295958182,0.5825618726014684,True
152975d31e4b7f07399146a6a6eb982417780888726f5543c4812474ec4f21e0,IRMAS,MP3,64,0.9908846015926893,3.6047208909924535,30.50725295958182,0.11815947164329231,True
152975d31e4b7f07399146a6a6eb982417780888726f5543c4812474ec4f21e0,IRMAS,MP3,80,0.9747236988553304,3.627574545185069,30.50725295958182,0.11890859363808134,True
152975d31e4b7f07399146a6a6eb982417780888726f5543c4812474ec4f21e0,IRMAS,MP3,96,1.0071318463831669,1.9720671362526525,30.50725295958182,0.0646425667648735,False
152975d31e4b7f07399146a6a6eb982417780888726f5543c4812474ec4f21e0,IRMAS,Opus,48,0.5010937511053558,5.591785689845004,14.138855821457794,0.39549067905188245,True
152975d31e4b7f07399146a6a6eb982417780888726f5543c4812474ec4f21e0,IRMAS,Opus,64,0.5717788215190682,6.064026808303331,14.138855821457794,0.4288909148575006,True
152975d31e4b7f07399146a6a6eb982417780888726f5543c4812474ec4f21e0,IRMAS,Opus,80,0.9266925067300648,1.9852009445630037,14.138855821457794,0.14040746787658512,True
152975d31e4b7f07399146a6a6eb982417780888726f5543c4812474ec4f21e0,IRMAS,Opus,96,0.9701987410466146,1.5986494435823662,14.138855821457794,0.11306780858152471,True
7417419247f44ee526ec8b6ba802b68c7afd21ce7082c8f5816d4f31174bfd1a,IRMAS,AAC,48,0.8634177982736335,6.161411917765623,16.39623668587444,0.37578207949838605,True
7417419247f44ee526ec8b6ba802b68c7afd21ce7082c8f5816d4f31174bfd1a,IRMAS,AAC,64,0.9218010804397508,4.210792843212082,16.39623668587444,0.25681459251193484,True
7417419247f44ee526ec8b6ba802b68c7afd21ce7082c8f5816d4f31174bfd1a,IRMAS,AAC,80,0.929016327995809,4.282210715064739,16.39623668587444,0.26117034031070774,True
7417419247f44ee526ec8b6ba802b68c7afd21ce7082c8f5816d4f31174bfd1a,IRMAS,AAC,96,0.935662743608431,4.001727670625897,16.39623668587444,0.24406379020336014,True
7417419247f44ee526ec8b6ba802b68c7afd21ce7082c8f5816d4f31174bfd1a,IRMAS,MP3,48,0.5968278591108312,15.16184244465123,26.08320595815808,0.5812875330192698,True
7417419247f44ee526ec8b6ba802b68c7afd21ce7082c8f5816d4f31174bfd1a,IRMAS,MP3,64,1.001801373041663,8.6354836003607,26.08320595815808,0.33107447045480115,False
7417419247f44ee526ec8b6ba802b68c7afd21ce7082c8f5816d4f31174bfd1a,IRMAS,MP3,80,1.0335232366272,3.9853681797716285,26.08320595815808,0.15279441438927563,False
7417419247f44ee526ec8b6ba802b68c7afd21ce7082c8f5816d4f31174bfd1a,IRMAS,MP3,96,1.008350208610739,1.6420547352665005,26.08320595815808,0.06295448258548574,False
7417419247f44ee526ec8b6ba802b68c7afd21ce7082c8f5816d4f31174bfd1a,IRMAS,Opus,48,0.034806254132326984,2.560233914952335,11.526771221283285,0.2221119744465009,True
7417419247f44ee526ec8b6ba802b68c7afd21ce7082c8f5816d4f31174bfd1a,IRMAS,Opus,64,0.08642936015604064,2.9588151613871014,11.526771221283285,0.25669071629736867,True
7417419247f44ee526ec8b6ba802b68c7afd21ce7082c8f5816d4f31174bfd1a,IRMAS,Opus,80,0.7542099592821444,3.02003127666793,11.526771221283285,0.2620014936265654,True
7417419247f44ee526ec8b6ba802b68c7afd21ce7082c8f5816d4f31174bfd1a,IRMAS,Opus,96,0.9042551295758932,1.9022993552135041,11.526771221283285,0.1650331492396636,True
da1b158516538de87bfc81641722901fdc27b7ad94133d7cbf05975e2d378c9e,IRMAS,AAC,48,0.5898045194823356,2.766064912790778,6.275717157158326,0.4407567842084307,True
da1b158516538de87bfc81641722901fdc27b7ad94133d7cbf05975e2d378c9e,IRMAS,AAC,64,0.7735992900389179,3.054595779558098,6.275717157158326,0.4867325443553344,True
da1b158516538de87bfc81641722901fdc27b7ad94133d7cbf05975e2d378c9e,IRMAS,AAC,80,0.8051471137991066,3.0466744581517253,6.275717157158326,0.48547032663455375,True
da1b158516538de87bfc81641722901fdc27b7ad94133d7cbf05975e2d378c9e,IRMAS,AAC,96,0.823254771520191,2.907134019592614,6.275717157158326,0.46323534773657293,True
da1b158516538de87bfc81641722901fdc27b7ad94133d7cbf05975e2d378c9e,IRMAS,MP3,48,0.651323434157397,5.376785144076926,9.513907727711757,0.5651500201558216,True
da1b158516538de87bfc81641722901fdc27b7ad94133d7cbf05975e2d378c9e,IRMAS,MP3,64,0.924484159925496,3.014044208025733,9.513907727711757,0.31680401936698804,True
da1b158516538de87bfc81641722901fdc27b7ad94133d7cbf05975e2d378c9e,IRMAS,MP3,80,0.9963221446897196,2.1676279315473557,9.513907727711757,0.2278378131872742,True
da1b158516538de87bfc81641722901fdc27b7ad94133d7cbf05975e2d378c9e,IRMAS,MP3,96,1.0145464971871205,1.9076907394715814,9.513907727711757,0.2005160018437987,False
da1b158516538de87bfc81641722901fdc27b7ad94133d7cbf05975e2d378c9e,IRMAS,Opus,48,0.4054135513157834,1.7942324156350773,3.6992623645872906,0.4850243748080981,True
da1b158516538de87bfc81641722901fdc27b7ad94133d7cbf05975e2d378c9e,IRMAS,Opus,64,0.7087492238225164,1.413886520516125,3.6992623645872906,0.3822076893088565,True
da1b158516538de87bfc81641722901fdc27b7ad94133d7cbf05975e2d378c9e,IRMAS,Opus,80,0.8548828982520007,1.4212777098418143,3.6992623645872906,0.38420570637205387,True
da1b158516538de87bfc81641722901fdc27b7ad94133d7cbf05975e2d378c9e,IRMAS,Opus,96,0.836131679888009,1.6618881689024194,3.6992623645872906,0.449248527168964,True
9ce5ed39a18ef74d6a4a1d3839989266d80ec42d4a2c3d16b1e5bd76ba545ebe,IRMAS,AAC,48,0.23409956043843974,5.242834751153588,12.852112223185866,0.40793564980667124,True
9ce5ed39a18ef74d6a4a1d3839989266d80ec42d4a2c3d16b1e5bd76ba545ebe,IRMAS,AAC,64,0.44875179259011744,6.230019937634624,12.852112223185866,0.4847467738723406,True
9ce5ed39a18ef74d6a4a1d3839989266d80ec42d4a2c3d16b1e5bd76ba545ebe,IRMAS,AAC,80,0.5053978858581026,6.703734636684295,12.852112223185866,0.5216056723026754,True
9ce5ed39a18ef74d6a4a1d3839989266d80ec42d4a2c3d16b1e5bd76ba545ebe,IRMAS,AAC,96,0.5960764107290081,6.621787266824657,12.852112223185866,0.5152294931628916,True
9ce5ed39a18ef74d6a4a1d3839989266d80ec42d4a2c3d16b1e5bd76ba545ebe,IRMAS,MP3,48,0.4082988392291554,7.755700197614556,14.603406697653043,0.5310884205437487,True
9ce5ed39a18ef74d6a4a1d3839989266d80ec42d4a2c3d16b1e5bd76ba545ebe,IRMAS,MP3,64,0.6406779702694146,9.06252936764723,14.603406697653043,0.6205763870908078,True
9ce5ed39a18ef74d6a4a1d3839989266d80ec42d4a2c3d16b1e5bd76ba545ebe,IRMAS,MP3,80,0.7382716986907341,7.285443273616643,14.603406697653043,0.4988865560244589,True
9ce5ed39a18ef74d6a4a1d3839989266d80ec42d4a2c3d16b1e5bd76ba545ebe,IRMAS,MP3,96,0.8328945706475785,6.074108233915784,14.603406697653043,0.4159377575159892,True
9ce5ed39a18ef74d6a4a1d3839989266d80ec42d4a2c3d16b1e5bd76ba545ebe,IRMAS,Opus,48,0.0914914472598055,2.401512125097687,8.720141107251932,0.27539831013749505,True
9ce5ed39a18ef74d6a4a1d3839989266d80ec42d4a2c3d16b1e5bd76ba545ebe,IRMAS,Opus,64,0.8416232602136687,2.098903331579782,8.720141107251932,0.24069602839732382,True
9ce5ed39a18ef74d6a4a1d3839989266d80ec42d4a2c3d16b1e5bd76ba545ebe,IRMAS,Opus,80,0.8896117840614054,1.6424234929256443,8.720141107251932,0.1883482701397751,True
9ce5ed39a18ef74d6a4a1d3839989266d80ec42d4a2c3d16b1e5bd76ba545ebe,IRMAS,Opus,96,0.9123240332477178,1.5313100723392958,8.720141107251932,0.1756061115875536,True
55ecbababb83250b82685bd75d392ddbe7ac3d64dccf635bd2ddfeeb42cf2992,IRMAS,AAC,48,0.3074098234498526,11.43282545276486,26.304373709495458,0.43463591184601336,True
55ecbababb83250b82685bd75d392ddbe7ac3d64dccf635bd2ddfeeb42cf2992,IRMAS,AAC,64,0.5451835739719585,12.773343728412557,26.304373709495458,0.48559771350121844,True
55ecbababb83250b82685bd75d392ddbe7ac3d64dccf635bd2ddfeeb42cf2992,IRMAS,AAC,80,0.685614797399722,12.552603742345903,26.304373709495458,0.47720595369334395,True
55ecbababb83250b82685bd75d392ddbe7ac3d64dccf635bd2ddfeeb42cf2992,IRMAS,AAC,96,0.9483958349252206,7.322025816874781,26.304373709495458,0.27835773235808486,True
55ecbababb83250b82685bd75d392ddbe7ac3d64dccf635bd2ddfeeb42cf2992,IRMAS,MP3,48,0.3279255027345987,19.217630139573142,34.93248456436957,0.5501363667437139,True
55ecbababb83250b82685bd75d392ddbe7ac3d64dccf635bd2ddfeeb42cf2992,IRMAS,MP3,64,0.6255827909368566,19.4632719668839,34.93248456436957,0.557168269294422,True
55ecbababb83250b82685bd75d392ddbe7ac3d64dccf635bd2ddfeeb42cf2992,IRMAS,MP3,80,0.8051591490936864,9.754301436492108,34.93248456436957,0.27923297063276453,True
55ecbababb83250b82685bd75d392ddbe7ac3d64dccf635bd2ddfeeb42cf2992,IRMAS,MP3,96,0.9683152189482235,3.217909511452602,34.93248456436957,0.09211796846350875,True
55ecbababb83250b82685bd75d392ddbe7ac3d64dccf635bd2ddfeeb42cf2992,IRMAS,Opus,48,0.04748015025139546,2.0106560937045397,14.230850678233955,0.14128853848349576,True
55ecbababb83250b82685bd75d392ddbe7ac3d64dccf635bd2ddfeeb42cf2992,IRMAS,Opus,64,0.08174102309985574,2.5257858469094865,14.230850678233955,0.1774866382916004,True
55ecbababb83250b82685bd75d392ddbe7ac3d64dccf635bd2ddfeeb42cf2992,IRMAS,Opus,80,0.7925263779961678,2.412331757410485,14.230850678233955,0.16951423438797933,True
55ecbababb83250b82685bd75d392ddbe7ac3d64dccf635bd2ddfeeb42cf2992,IRMAS,Opus,96,0.8749175416141772,1.891366528582459,14.230850678233955,0.13290607647758532,True
04e266b73632e07d9032c99e2105cfb287f384c1bda560201680c02ad6d2b9d9,IRMAS,AAC,48,0.5148495198113888,3.4605468456427046,6.995307933166138,0.4946954270927185,True
04e266b73632e07d9032c99e2105cfb287f384c1bda560201680c02ad6d2b9d9,IRMAS,AAC,64,0.6217077681884458,3.308519244582627,6.995307933166138,0.4729626309795861,True
04e266b73632e07d9032c99e2105cfb287f384c1bda560201680c02ad6d2b9d9,IRMAS,AAC,80,0.6614849590349747,4.019276026278491,6.995307933166138,0.5745674192871923,True
04e266b73632e07d9032c99e2105cfb287f384c1bda560201680c02ad6d2b9d9,IRMAS,AAC,96,0.7304683855450714,3.3974126296462397,6.995307933166138,0.48567020381453613,True
04e266b73632e07d9032c99e2105cfb287f384c1bda560201680c02ad6d2b9d9,IRMAS,MP3,48,0.7611075206302075,4.314641593445848,13.45513542204884,0.32066876015052764,True
04e266b73632e07d9032c99e2105cfb287f384c1bda560201680c02ad6d2b9d9,IRMAS,MP3,64,0.908582789951678,3.707542612066139,13.45513542204884,0.2755485170361507,True
04e266b73632e07d9032c99e2105cfb287f384c1bda560201680c02ad6d2b9d9,IRMAS,MP3,80,0.963764356465179,2.186534968678932,13.45513542204884,0.1625056084605341,True
04e266b73632e07d9032c99e2105cfb287f384c1bda560201680c02ad6d2b9d9,IRMAS,MP3,96,0.9900603652170437,1.7216974226206518,13.45513542204884,0.12795838678808968,True
04e266b73632e07d9032c99e2105cfb287f384c1bda560201680c02ad6d2b9d9,IRMAS,Opus,48,0.19411227478035573,1.7096836551418337,6.1072350419567085,0.2799439752025763,True
04e266b73632e07d9032c99e2105cfb287f384c1bda560201680c02ad6d2b9d9,IRMAS,Opus,64,0.6339475669535518,2.028126926535091,6.1072350419567085,0.33208594602989044,True
04e266b73632e07d9032c99e2105cfb287f384c1bda560201680c02ad6d2b9d9,IRMAS,Opus,80,0.8101889200794934,2.014417589336872,6.1072350419567085,0.32984117616201475,True
04e266b73632e07d9032c99e2105cfb287f384c1bda560201680c02ad6d2b9d9,IRMAS,Opus,96,0.9403460639986179,1.8419145508151173,6.1072350419567085,0.3015954909482218,True
d01de8e805749b4a6b4d761d85640fe2c3c1d524fcc03af41060b00f70ac58a9,IRMAS,AAC,48,0.9508191642697361,4.736205677634648,15.93110774235383,0.29729292866704765,True
d01de8e805749b4a6b4d761d85640fe2c3c1d524fcc03af41060b00f70ac58a9,IRMAS,AAC,64,0.9573498047768831,4.563153837676431,15.93110774235383,0.2864304172361477,True
d01de8e805749b4a6b4d761d85640fe2c3c1d524fcc03af41060b00f70ac58a9,IRMAS,AAC,80,0.9658233892543742,4.3872293806473515,15.93110774235383,0.27538759084427206,True
d01de8e805749b4a6b4d761d85640fe2c3c1d524fcc03af41060b00f70ac58a9,IRMAS,AAC,96,0.9814192843671511,3.8437197088617534,15.93110774235383,0.24127133976019682,True
d01de8e805749b4a6b4d761d85640fe2c3c1d524fcc03af41060b00f70ac58a9,IRMAS,MP3,48,0.5207321097463988,16.664444643152596,25.952471547746633,0.6421139740966025,True
d01de8e805749b4a6b4d761d85640fe2c3c1d524fcc03af41060b00f70ac58a9,IRMAS,MP3,64,0.9781033701424289,2.9677612514644958,25.952471547746633,0.11435370407802939,True
d01de8e805749b4a6b4d761d85640fe2c3c1d524fcc03af41060b00f70ac58a9,IRMAS,MP3,80,1.0024063894544752,1.6829800037059954,25.952471547746633,0.0648485444097182,False
d01de8e805749b4a6b4d761d85640fe2c3c1d524fcc03af41060b00f70ac58a9,IRMAS,MP3,96,1.003920381217389,1.2429918144625542,25.952471547746633,0.04789493024491839,False
d01de8e805749b4a6b4d761d85640fe2c3c1d524fcc03af41060b00f70ac58a9,IRMAS,Opus,48,0.5825782493370881,3.1248775995335674,7.02499700679197,0.4448226236270771,True
d01de8e805749b4a6b4d761d85640fe2c3c1d524fcc03af41060b00f70ac58a9,IRMAS,Opus,64,0.8930544573860266,2.915612491183151,7.02499700679197,0.4150339834115591,True
d01de8e805749b4a6b4d761d85640fe2c3c1d524fcc03af41060b00f70ac58a9,IRMAS,Opus,80,0.8584623733613789,1.6128540851290807,7.02499700679197,0.22958786794780509,True
d01de8e805749b4a6b4d761d85640fe2c3c1d524fcc03af41060b00f70ac58a9,IRMAS,Opus,96,0.8630629687607322,1.6054843500548999,7.02499700679197,0.22853879489239232,True
235042f5f0d3b96f189da6e2dab2b4bdfa7b3e22a38a0257787b0a4095f29ab3,IRMAS,AAC,48,0.6650854602079184,6.659140940984593,15.850209802844395,0.4201295139821795,True
235042f5f0d3b96f189da6e2dab2b4bdfa7b3e22a38a0257787b0a4095f29ab3,IRMAS,AAC,64,0.9437692238937428,5.007142886729314,15.850209802844395,0.315903887015474,True
235042f5f0d3b96f189da6e2dab2b4bdfa7b3e22a38a0257787b0a4095f29ab3,IRMAS,AAC,80,0.9573601291426463,4.923440053060975,15.850209802844395,0.310623021038967,True
235042f5f0d3b96f189da6e2dab2b4bdfa7b3e22a38a0257787b0a4095f29ab3,IRMAS,AAC,96,0.954993288059052,4.894410614928916,15.850209802844395,0.3087915349896877,True
235042f5f0d3b96f189da6e2dab2b4bdfa7b3e22a38a0257787b0a4095f29ab3,IRMAS,MP3,48,0.5442145121607554,13.491171374570698,21.905779107082306,0.6158727022956649,True
235042f5f0d3b96f189da6e2dab2b4bdfa7b3e22a38a0257787b0a4095f29ab3,IRMAS,MP3,64,0.8768490807373046,11.944926208834135,21.905779107082306,0.5452865269225804,True
235042f5f0d3b96f189da6e2dab2b4bdfa7b3e22a38a0257787b0a4095f29ab3,IRMAS,MP3,80,1.003009577818738,6.57122683437859,21.905779107082306,0.2999768600904983,False
235042f5f0d3b96f189da6e2dab2b4bdfa7b3e22a38a0257787b0a4095f29ab3,IRMAS,MP3,96,1.0059143071089214,2.16353532482297,21.905779107082306,0.09876550449298935,False
235042f5f0d3b96f189da6e2dab2b4bdfa7b3e22a38a0257787b0a4095f29ab3,IRMAS,Opus,48,0.022723514191166586,2.873946081710127,10.632788190770238,0.2702909180683998,True
235042f5f0d3b96f189da6e2dab2b4bdfa7b3e22a38a0257787b0a4095f29ab3,IRMAS,Opus,64,0.12373783898411649,2.676380494254433,10.632788190770238,0.2517101296701892,True
235042f5f0d3b96f189da6e2dab2b4bdfa7b3e22a38a0257787b0a4095f29ab3,IRMAS,Opus,80,0.7573707995073982,3.3620032986902393,10.632788190770238,0.31619206913278086,True
235042f5f0d3b96f189da6e2dab2b4bdfa7b3e22a38a0257787b0a4095f29ab3,IRMAS,Opus,96,0.866075110158631,2.176494795662619,10.632788190770238,0.20469652518348094,True
fbc3e8bb125b96e5a91e5f7da2dc4217a59bac2f063a667378e2ae1a915487f0,Orchset,AAC,48,0.2375070008269784,8.15192863941696,20.470991281959172,0.39821855850239907,True
fbc3e8bb125b96e5a91e5f7da2dc4217a59bac2f063a667378e2ae1a915487f0,Orchset,AAC,64,0.31797414798143075,9.20414428260734,20.470991281959172,0.4496188853697005,True
fbc3e8bb125b96e5a91e5f7da2dc4217a59bac2f063a667378e2ae1a915487f0,Orchset,AAC,80,0.3639711803225648,9.517375983544893,20.470991281959172,0.4649201327115232,True
fbc3e8bb125b96e5a91e5f7da2dc4217a59bac2f063a667378e2ae1a915487f0,Orchset,AAC,96,0.5023112360537118,9.249248791496873,20.470991281959172,0.45182222316943293,True
fbc3e8bb125b96e5a91e5f7da2dc4217a59bac2f063a667378e2ae1a915487f0,Orchset,MP3,48,0.5426157772364785,15.826690591560475,23.24002570228762,0.6810100296060594,True
fbc3e8bb125b96e5a91e5f7da2dc4217a59bac2f063a667378e2ae1a915487f0,Orchset,MP3,64,0.7343926796366859,13.09900568088097,23.24002570228762,0.5636398964735901,True
fbc3e8bb125b96e5a91e5f7da2dc4217a59bac2f063a667378e2ae1a915487f0,Orchset,MP3,80,0.8521756815370944,11.545543071827465,23.24002570228762,0.49679562405522576,True
fbc3e8bb125b96e5a91e5f7da2dc4217a59bac2f063a667378e2ae1a915487f0,Orchset,MP3,96,0.8826157176017927,9.0725353401854,23.24002570228762,0.3903840493297023,True
fbc3e8bb125b96e5a91e5f7da2dc4217a59bac2f063a667378e2ae1a915487f0,Orchset,Opus,48,0.3941575734508952,1.5722824387919232,1.9398430338197095,0.8105204448918584,True
fbc3e8bb125b96e5a91e5f7da2dc4217a59bac2f063a667378e2ae1a915487f0,Orchset,Opus,64,0.5513241072127952,1.6945292122131328,1.9398430338197095,0.8735393445089557,True
fbc3e8bb125b96e5a91e5f7da2dc4217a59bac2f063a667378e2ae1a915487f0,Orchset,Opus,80,0.7471298913057862,1.507587452650522,1.9398430338197095,0.7771698154782962,True
fbc3e8bb125b96e5a91e5f7da2dc4217a59bac2f063a667378e2ae1a915487f0,Orchset,Opus,96,0.8810194173341114,1.5054002522105265,1.9398430338197095,0.77604230134346,True
32bb5a4f4c5992d2cd5668570cb94ad647f97cd796f5a721b2a7d6b30be2871a,Orchset,AAC,48,0.40147515864809963,4.249272208894541,8.954362765248042,0.47454769482715203,True
32bb5a4f4c5992d2cd5668570cb94ad647f97cd796f5a721b2a7d6b30be2871a,Orchset,AAC,64,0.5147151017422092,4.386103117543581,8.954362765248042,0.4898286156739243,True
32bb5a4f4c5992d2cd5668570cb94ad647f97cd796f5a721b2a7d6b30be2871a,Orchset,AAC,80,0.5779645803292093,4.307733393700706,8.954362765248042,0.48107648825877986,True
32bb5a4f4c5992d2cd5668570cb94ad647f97cd796f5a721b2a7d6b30be2871a,Orchset,AAC,96,0.6429813000288312,4.256371106755995,8.954362765248042,0.47534048132101675,True
32bb5a4f4c5992d2cd5668570cb94ad647f97cd796f5a721b2a7d6b30be2871a,Orchset,MP3,48,0.572586702994026,6.87964379567325,12.181944530617065,0.5647410213026777,True
32bb5a4f4c5992d2cd5668570cb94ad647f97cd796f5a721b2a7d6b30be2871a,Orchset,MP3,64,0.8332824880943562,6.3925190384010735,12.181944530617065,0.5247535828401335,True
32bb5a4f4c5992d2cd5668570cb94ad647f97cd796f5a721b2a7d6b30be2871a,Orchset,MP3,80,0.8928406296342474,4.607860191082468,12.181944530617065,0.37825325665385057,True
32bb5a4f4c5992d2cd5668570cb94ad647f97cd796f5a721b2a7d6b30be2871a,Orchset,MP3,96,0.951826115658523,3.398739361722547,12.181944530617065,0.27899809863527486,True
32bb5a4f4c5992d2cd5668570cb94ad647f97cd796f5a721b2a7d6b30be2871a,Orchset,Opus,48,0.07984882996399054,1.7664889296737023,5.914399153880682,0.2986759742981898,True
32bb5a4f4c5992d2cd5668570cb94ad647f97cd796f5a721b2a7d6b30be2871a,Orchset,Opus,64,0.8456902499553748,1.8893162823653444,5.914399153880682,0.31944348584009347,True
32bb5a4f4c5992d2cd5668570cb94ad647f97cd796f5a721b2a7d6b30be2871a,Orchset,Opus,80,0.9073201252242663,1.580671971261294,5.914399153880682,0.2672582506076124,True
32bb5a4f4c5992d2cd5668570cb94ad647f97cd796f5a721b2a7d6b30be2871a,Orchset,Opus,96,0.9212808762370628,1.1955422105714595,5.914399153880682,0.20214094102644642,True
d5f3ec2c2d840a57c04286b17ca74ba4603d7ebaf89ef6bdf7fae0325468f1a7,Orchset,AAC,48,0.27283614541225354,13.000950085723034,29.026987035888524,0.4478918211404049,True
d5f3ec2c2d840a57c04286b17ca74ba4603d7ebaf89ef6bdf7fae0325468f1a7,Orchset,AAC,64,0.5132412516939807,14.684888440837224,29.026987035888524,0.5059046749385684,True
d5f3ec2c2d840a57c04286b17ca74ba4603d7ebaf89ef6bdf7fae0325468f1a7,Orchset,AAC,80,0.60177080335143,15.328433481513189,29.026987035888524,0.5280752515774837,True
d5f3ec2c2d840a57c04286b17ca74ba4603d7ebaf89ef6bdf7fae0325468f1a7,Orchset,AAC,96,0.7402241750504795,14.606904663627178,29.026987035888524,0.5032180792848884,True
d5f3ec2c2d840a57c04286b17ca74ba4603d7ebaf89ef6bdf7fae0325468f1a7,Orchset,MP3,48,0.26788764956191585,15.180356335087916,29.922556123738943,0.5073215093093146,True
d5f3ec2c2d840a57c04286b17ca74ba4603d7ebaf89ef6bdf7fae0325468f1a7,Orchset,MP3,64,0.6296314693407343,18.290000372983467,29.922556123738943,0.6112445840973181,True
d5f3ec2c2d840a57c04286b17ca74ba4603d7ebaf89ef6bdf7fae0325468f1a7,Orchset,MP3,80,0.7491797168856438,14.729923936790629,29.922556123738943,0.49226823657303465,True
d5f3ec2c2d840a57c04286b17ca74ba4603d7ebaf89ef6bdf7fae0325468f1a7,Orchset,MP3,96,0.8404402675259892,11.15828481852448,29.922556123738943,0.37290546878353414,True
d5f3ec2c2d840a57c04286b17ca74ba4603d7ebaf89ef6bdf7fae0325468f1a7,Orchset,Opus,48,0.2784950345617555,2.93287904751613,6.19923244235905,0.4731035777067999,True
d5f3ec2c2d840a57c04286b17ca74ba4603d7ebaf89ef6bdf7fae0325468f1a7,Orchset,Opus,64,0.4433817444709968,3.293692847445877,6.19923244235905,0.5313065573957569,True
d5f3ec2c2d840a57c04286b17ca74ba4603d7ebaf89ef6bdf7fae0325468f1a7,Orchset,Opus,80,0.8894116104467283,2.079460947185916,6.19923244235905,0.3354384541184586,True
d5f3ec2c2d840a57c04286b17ca74ba4603d7ebaf89ef6bdf7fae0325468f1a7,Orchset,Opus,96,0.9258557907387002,2.0175957919537897,6.19923244235905,0.3254589678179603,True
9a14e19f8584926dc02779e93be615958e938873dbe0be459b7e89031cb7161b,Orchset,AAC,48,0.3946366788898165,6.392251645786916,13.102001001725997,0.487883617543979,True
9a14e19f8584926dc02779e93be615958e938873dbe0be459b7e89031cb7161b,Orchset,AAC,64,0.4852635863709095,6.5591303897450715,13.102001001725997,0.5006205074233319,True
9a14e19f8584926dc02779e93be615958e938873dbe0be459b7e89031cb7161b,Orchset,AAC,80,0.5195940625086922,6.471174398823479,13.102001001725997,0.493907335068208,True
9a14e19f8584926dc02779e93be615958e938873dbe0be459b7e89031cb7161b,Orchset,AAC,96,0.6037522663621909,6.212247647005306,13.102001001725997,0.4741449528348329,True
9a14e19f8584926dc02779e93be615958e938873dbe0be459b7e89031cb7161b,Orchset,MP3,48,0.561756270332508,10.466375415816476,15.792830670624214,0.6627295406443302,True
9a14e19f8584926dc02779e93be615958e938873dbe0be459b7e89031cb7161b,Orchset,MP3,64,0.7802834039993893,8.902296108242727,15.792830670624214,0.5636922407331086,True
9a14e19f8584926dc02779e93be615958e938873dbe0be459b7e89031cb7161b,Orchset,MP3,80,0.8381286595742448,7.3811539404816395,15.792830670624214,0.4673737149737893,True
9a14e19f8584926dc02779e93be615958e938873dbe0be459b7e89031cb7161b,Orchset,MP3,96,0.9130037141289685,6.094531117307522,15.792830670624214,0.38590492384900843,True
9a14e19f8584926dc02779e93be615958e938873dbe0be459b7e89031cb7161b,Orchset,Opus,48,0.06612943950895822,1.9708123707580192,8.123615609679307,0.2426028588070799,True
9a14e19f8584926dc02779e93be615958e938873dbe0be459b7e89031cb7161b,Orchset,Opus,64,0.880535659049553,2.079667417454693,8.123615609679307,0.25600268616559907,True
9a14e19f8584926dc02779e93be615958e938873dbe0be459b7e89031cb7161b,Orchset,Opus,80,0.9345804463552824,1.7064515959272446,8.123615609679307,0.2100606032976257,True
9a14e19f8584926dc02779e93be615958e938873dbe0be459b7e89031cb7161b,Orchset,Opus,96,0.9266582194269768,1.5884126802117013,8.123615609679307,0.19553026097383336,True
71257b3b0290e7aed231858bc642921c25feb51815060b2e340bd4f03fc899b8,Orchset,AAC,48,0.4610460337377103,8.47844899576982,17.66744818802973,0.4798909783425455,True
71257b3b0290e7aed231858bc642921c25feb51815060b2e340bd4f03fc899b8,Orchset,AAC,64,0.5919736288834309,8.374775685592153,17.66744818802973,0.4740229373513225,True
71257b3b0290e7aed231858bc642921c25feb51815060b2e340bd4f03fc899b8,Orchset,AAC,80,0.6675416550787909,8.317502774969567,17.66744818802973,0.47078121789002586,True
71257b3b0290e7aed231858bc642921c25feb51815060b2e340bd4f03fc899b8,Orchset,AAC,96,0.8271180916189325,6.246265121366952,17.66744818802973,0.3535465368223918,True
71257b3b0290e7aed231858bc642921c25feb51815060b2e340bd4f03fc899b8,Orchset,MP3,48,0.47236731772337753,15.351595002255742,23.703512451922233,0.6476506396844492,True
71257b3b0290e7aed231858bc642921c25feb51815060b2e340bd4f03fc899b8,Orchset,MP3,64,0.7923421655171486,12.483216418699499,23.703512451922233,0.526639941823777,True
71257b3b0290e7aed231858bc642921c25feb51815060b2e340bd4f03fc899b8,Orchset,MP3,80,0.8651472557036533,12.542854819063448,23.703512451922233,0.529155957139436,True
71257b3b0290e7aed231858bc642921c25feb51815060b2e340bd4f03fc899b8,Orchset,MP3,96,0.9063960885894992,8.472735401671594,23.703512451922233,0.35744640879096795,True
71257b3b0290e7aed231858bc642921c25feb51815060b2e340bd4f03fc899b8,Orchset,Opus,48,0.5343798740988476,1.8165022881032642,3.03592773724107,0.5983351533110037,True
71257b3b0290e7aed231858bc642921c25feb51815060b2e340bd4f03fc899b8,Orchset,Opus,64,0.46980235584776825,1.9578684248159286,3.03592773724107,0.6448995477722277,True
71257b3b0290e7aed231858bc642921c25feb51815060b2e340bd4f03fc899b8,Orchset,Opus,80,0.7944166537325527,1.5524174748266364,3.03592773724107,0.5113486252599054,True
71257b3b0290e7aed231858bc642921c25feb51815060b2e340bd4f03fc899b8,Orchset,Opus,96,0.8609314810549041,1.4893298397927428,3.03592773724107,0.4905682772101112,True
9a5bfb18119863a280c7d3ce9aa674b1f47fcb10b67a41351ab9519a40b173e8,Orchset,AAC,48,0.5525429508243541,9.708891945498252,18.230405305807974,0.5325658855431548,True
9a5bfb18119863a280c7d3ce9aa674b1f47fcb10b67a41351ab9519a40b173e8,Orchset,AAC,64,0.6879436365530671,9.852091063805755,18.230405305807974,0.5404208463026878,True
9a5bfb18119863a280c7d3ce9aa674b1f47fcb10b67a41351ab9519a40b173e8,Orchset,AAC,80,0.7438504733710967,9.99309549257831,18.230405305807974,0.5481554208449023,True
9a5bfb18119863a280c7d3ce9aa674b1f47fcb10b67a41351ab9519a40b173e8,Orchset,AAC,96,0.8413622060584124,8.670693603260808,18.230405305807974,0.47561716033260304,True
9a5bfb18119863a280c7d3ce9aa674b1f47fcb10b67a41351ab9519a40b173e8,Orchset,MP3,48,0.46324121018020653,13.474154246499953,21.654834857075418,0.6222238283242996,True
9a5bfb18119863a280c7d3ce9aa674b1f47fcb10b67a41351ab9519a40b173e8,Orchset,MP3,64,0.6818142543011753,11.503021607855588,21.654834857075418,0.531198768486435,True
9a5bfb18119863a280c7d3ce9aa674b1f47fcb10b67a41351ab9519a40b173e8,Orchset,MP3,80,0.7669456020014382,11.230442184508698,21.654834857075418,0.5186113059107125,True
9a5bfb18119863a280c7d3ce9aa674b1f47fcb10b67a41351ab9519a40b173e8,Orchset,MP3,96,0.8617831992805549,9.105714004112995,21.654834857075418,0.4204933477540619,True
9a5bfb18119863a280c7d3ce9aa674b1f47fcb10b67a41351ab9519a40b173e8,Orchset,Opus,48,0.08429712669660958,2.4701154042797677,6.966722763164868,0.35455916479696903,True
9a5bfb18119863a280c7d3ce9aa674b1f47fcb10b67a41351ab9519a40b173e8,Orchset,Opus,64,0.7499864761581247,2.06967357977607,6.966722763164868,0.2970799398992951,True
9a5bfb18119863a280c7d3ce9aa674b1f47fcb10b67a41351ab9519a40b173e8,Orchset,Opus,80,0.8466937764136597,1.5156970020549312,6.966722763164868,0.21756241113380761,True
9a5bfb18119863a280c7d3ce9aa674b1f47fcb10b67a41351ab9519a40b173e8,Orchset,Opus,96,0.8973415087867646,1.4534603706103455,6.966722763164868,0.20862899529965825,True
a00c91ab0d48301f4edec660beaabbf377a191b4648291e8d255630a3748197e,Orchset,AAC,48,0.31465993754224864,9.984195149369802,22.268461140335233,0.4483558646666097,True
a00c91ab0d48301f4edec660beaabbf377a191b4648291e8d255630a3748197e,Orchset,AAC,64,0.45391538897462397,10.861038264029645,22.268461140335233,0.4877318731448787,True
a00c91ab0d48301f4edec660beaabbf377a191b4648291e8d255630a3748197e,Orchset,AAC,80,0.5306734052101876,10.940715488049403,22.268461140335233,0.49130990323495244,True
a00c91ab0d48301f4edec660beaabbf377a191b4648291e8d255630a3748197e,Orchset,AAC,96,0.7188582028035087,9.352300636261814,22.268461140335233,0.4199796554114751,True
a00c91ab0d48301f4edec660beaabbf377a191b4648291e8d255630a3748197e,Orchset,MP3,48,0.4011468529350209,18.10784873926892,30.220050938188994,0.5991998086404972,True
a00c91ab0d48301f4edec660beaabbf377a191b4648291e8d255630a3748197e,Orchset,MP3,64,0.6921928834109453,18.345747985468243,30.220050938188994,0.6070720404473168,True
a00c91ab0d48301f4edec660beaabbf377a191b4648291e8d255630a3748197e,Orchset,MP3,80,0.726952143232066,15.927099914256939,30.220050938188994,0.5270374939748995,True
a00c91ab0d48301f4edec660beaabbf377a191b4648291e8d255630a3748197e,Orchset,MP3,96,0.8622801798281335,7.889167974043492,30.220050938188994,0.2610574015966986,True
a00c91ab0d48301f4edec660beaabbf377a191b4648291e8d255630a3748197e,Orchset,Opus,48,0.39670531799456155,1.7787743927137616,2.8469908354487385,0.6247910497517966,True
a00c91ab0d48301f4edec660beaabbf377a191b4648291e8d255630a3748197e,Orchset,Opus,64,0.7125509881901783,1.9374419156664446,2.8469908354487385,0.6805227089398298,True
a00c91ab0d48301f4edec660beaabbf377a191b4648291e8d255630a3748197e,Orchset,Opus,80,0.8141542684181444,1.6653879914322063,2.8469908354487385,0.5849642965814852,True
a00c91ab0d48301f4edec660beaabbf377a191b4648291e8d255630a3748197e,Orchset,Opus,96,0.8931821127245594,1.3438506126829934,2.8469908354487385,0.4720249169580406,True
e849cdfb26f0a4cad62d984a582bd4c4e8b0058cdf759abbda6d6e2d99e3e30f,Orchset,AAC,48,0.342093800985854,7.923133299364416,16.989088030076275,0.46636601595905935,True
e849cdfb26f0a4cad62d984a582bd4c4e8b0058cdf759abbda6d6e2d99e3e30f,Orchset,AAC,64,0.4890043352652928,8.240823652905725,16.989088030076275,0.4850656867700465,True
e849cdfb26f0a4cad62d984a582bd4c4e8b0058cdf759abbda6d6e2d99e3e30f,Orchset,AAC,80,0.5638560747744282,8.128367784740638,16.989088030076275,0.4784463869014483,True
e849cdfb26f0a4cad62d984a582bd4c4e8b0058cdf759abbda6d6e2d99e3e30f,Orchset,AAC,96,0.7323604271624288,7.167527009049713,16.989088030076275,0.421890038850869,True
e849cdfb26f0a4cad62d984a582bd4c4e8b0058cdf759abbda6d6e2d99e3e30f,Orchset,MP3,48,0.4548220401852029,15.449589103327412,22.895640637499927,0.6747830011807182,True
e849cdfb26f0a4cad62d984a582bd4c4e8b0058cdf759abbda6d6e2d99e3e30f,Orchset,MP3,64,0.7348777780136702,12.71693372758866,22.895640637499927,0.5554303515211565,True
e849cdfb26f0a4cad62d984a582bd4c4e8b0058cdf759abbda6d6e2d99e3e30f,Orchset,MP3,80,0.7997582421987317,13.488841973992507,22.895640637499927,0.5891445532168088,True
e849cdfb26f0a4cad62d984a582bd4c4e8b0058cdf759abbda6d6e2d99e3e30f,Orchset,MP3,96,0.8658415340612988,8.193336469330246,22.895640637499927,0.3578557420188838,True
e849cdfb26f0a4cad62d984a582bd4c4e8b0058cdf759abbda6d6e2d99e3e30f,Orchset,Opus,48,0.476511469741608,1.4921412766352855,2.5071684794311815,0.5951499824909325,True
e849cdfb26f0a4cad62d984a582bd4c4e8b0058cdf759abbda6d6e2d99e3e30f,Orchset,Opus,64,0.6147547732307379,1.5120125470102483,2.5071684794311815,0.6030757643193125,True
e849cdfb26f0a4cad62d984a582bd4c4e8b0058cdf759abbda6d6e2d99e3e30f,Orchset,Opus,80,0.6978990013152423,1.4580633109017496,2.5071684794311815,0.5815577703946527,True
e849cdfb26f0a4cad62d984a582bd4c4e8b0058cdf759abbda6d6e2d99e3e30f,Orchset,Opus,96,0.928429020500689,1.2229691527739597,2.5071684794311815,0.4877889790044836,True
b50b80c2457e0429adc60e2785a877d3dadbc4b837bfcf2a324dfd25415bc6e6,Orchset,AAC,48,0.3098344877508329,4.344009144746298,9.551786904565125,0.45478497250290917,True
b50b80c2457e0429adc60e2785a877d3dadbc4b837bfcf2a324dfd25415bc6e6,Orchset,AAC,64,0.4180138241704645,4.631818666529934,9.551786904565125,0.48491645728782223,True
b50b80c2457e0429adc60e2785a877d3dadbc4b837bfcf2a324dfd25415bc6e6,Orchset,AAC,80,0.48497327911674365,4.622086653975836,9.551786904565125,0.48389758902250873,True
b50b80c2457e0429adc60e2785a877d3dadbc4b837bfcf2a324dfd25415bc6e6,Orchset,AAC,96,0.6176789027601955,4.4306708167607765,9.551786904565125,0.46385779551292206,True
b50b80c2457e0429adc60e2785a877d3dadbc4b837bfcf2a324dfd25415bc6e6,Orchset,MP3,48,0.4784672293085003,8.374463197722736,13.196947888886143,0.6345757570790531,True
b50b80c2457e0429adc60e2785a877d3dadbc4b837bfcf2a324dfd25415bc6e6,Orchset,MP3,64,0.7106086978264825,7.86405427348086,13.196947888886143,0.5958994715818801,True
b50b80c2457e0429adc60e2785a877d3dadbc4b837bfcf2a324dfd25415bc6e6,Orchset,MP3,80,0.7435418311432317,6.383868546264115,13.196947888886143,0.48373825524008573,True
b50b80c2457e0429adc60e2785a877d3dadbc4b837bfcf2a324dfd25415bc6e6,Orchset,MP3,96,0.9036107914722501,4.476976583948688,13.196947888886143,0.33924333274961177,True
b50b80c2457e0429adc60e2785a877d3dadbc4b837bfcf2a324dfd25415bc6e6,Orchset,Opus,48,0.04752788326342545,1.597127463805949,7.899137958909195,0.20219009619962364,True
b50b80c2457e0429adc60e2785a877d3dadbc4b837bfcf2a324dfd25415bc6e6,Orchset,Opus,64,0.9114382726821676,1.6777688658535408,7.899137958909195,0.21239898259546622,True
b50b80c2457e0429adc60e2785a877d3dadbc4b837bfcf2a324dfd25415bc6e6,Orchset,Opus,80,0.9591267795263573,1.468278321061755,7.899137958909195,0.18587829820160678,True
b50b80c2457e0429adc60e2785a877d3dadbc4b837bfcf2a324dfd25415bc6e6,Orchset,Opus,96,0.9177775842462809,1.3493966974086713,7.899137958909195,0.1708283491728016,True
03b08addfacc41a0a05967c87d17999c60d1c15634809cac14bf35785e666151,Orchset,AAC,48,0.6171146513676447,10.498704687947662,20.1866902792112,0.5200805353792698,True
03b08addfacc41a0a05967c87d17999c60d1c15634809cac14bf35785e666151,Orchset,AAC,64,0.6874676887605248,9.590457334743462,20.1866902792112,0.47508814977064245,True
03b08addfacc41a0a05967c87d17999c60d1c15634809cac14bf35785e666151,Orchset,AAC,80,0.7727085355046689,9.847806927751371,20.1866902792112,0.4878366285677306,True
03b08addfacc41a0a05967c87d17999c60d1c15634809cac14bf35785e666151,Orchset,AAC,96,0.8601449070619731,8.333161009585586,20.1866902792112,0.4128047190661711,True
03b08addfacc41a0a05967c87d17999c60d1c15634809cac14bf35785e666151,Orchset,MP3,48,0.4074033091532132,13.86943820678737,21.597925564826657,0.642165293382364,True
03b08addfacc41a0a05967c87d17999c60d1c15634809cac14bf35785e666151,Orchset,MP3,64,0.6334149549768635,12.07056709609503,21.597925564826657,0.5588762244718806,True
03b08addfacc41a0a05967c87d17999c60d1c15634809cac14bf35785e666151,Orchset,MP3,80,0.7627760770805031,11.918246469181033,21.597925564826657,0.5518236662779558,True
03b08addfacc41a0a05967c87d17999c60d1c15634809cac14bf35785e666151,Orchset,MP3,96,0.8554097998937392,7.460012527613662,21.597925564826657,0.3454041225034445,True
03b08addfacc41a0a05967c87d17999c60d1c15634809cac14bf35785e666151,Orchset,Opus,48,0.4675252343363762,2.4710946087644765,3.6825003800188165,0.671037163274332,True
03b08addfacc41a0a05967c87d17999c60d1c15634809cac14bf35785e666151,Orchset,Opus,64,0.5322280887171771,2.357912993891363,3.6825003800188165,0.6403021725904927,True
03b08addfacc41a0a05967c87d17999c60d1c15634809cac14bf35785e666151,Orchset,Opus,80,0.7220779815988118,2.104191839947191,3.6825003800188165,0.571403020448959,True
03b08addfacc41a0a05967c87d17999c60d1c15634809cac14bf35785e666151,Orchset,Opus,96,0.8499859810435688,1.5485766962726228,3.6825003800188165,0.4205231599364316,True
bc2cfcc89bb1c4d87d839fcde2d55e33b0c30b5a7a0ab634852ac5369c386cc8,Orchset,AAC,48,0.4175827436889372,5.131893291805179,10.796726932792872,0.4753193559261087,True
bc2cfcc89bb1c4d87d839fcde2d55e33b0c30b5a7a0ab634852ac5369c386cc8,Orchset,AAC,64,0.5518311786543865,5.17193931131753,10.796726932792872,0.47902844477883494,True
bc2cfcc89bb1c4d87d839fcde2d55e33b0c30b5a7a0ab634852ac5369c386cc8,Orchset,AAC,80,0.6249695293734736,4.916867700744843,10.796726932792872,0.4554035432544703,True
bc2cfcc89bb1c4d87d839fcde2d55e33b0c30b5a7a0ab634852ac5369c386cc8,Orchset,AAC,96,0.7468842864258084,4.360284864251576,10.796726932792872,0.4038524722717673,True
bc2cfcc89bb1c4d87d839fcde2d55e33b0c30b5a7a0ab634852ac5369c386cc8,Orchset,MP3,48,0.5528802859051863,10.366731941031263,15.973007138304778,0.6490156707042884,True
bc2cfcc89bb1c4d87d839fcde2d55e33b0c30b5a7a0ab634852ac5369c386cc8,Orchset,MP3,64,0.774966574605638,9.398972211954794,15.973007138304778,0.5884284737728046,True
bc2cfcc89bb1c4d87d839fcde2d55e33b0c30b5a7a0ab634852ac5369c386cc8,Orchset,MP3,80,0.813765413173918,7.850131408697566,15.973007138304778,0.49146233647340015,True
bc2cfcc89bb1c4d87d839fcde2d55e33b0c30b5a7a0ab634852ac5369c386cc8,Orchset,MP3,96,0.9100924763918692,5.657176181031216,15.973007138304778,0.35417101689416847,True
bc2cfcc89bb1c4d87d839fcde2d55e33b0c30b5a7a0ab634852ac5369c386cc8,Orchset,Opus,48,0.027474285405998642,1.8870745974659546,7.415150818271351,0.25448903787851435,True
bc2cfcc89bb1c4d87d839fcde2d55e33b0c30b5a7a0ab634852ac5369c386cc8,Orchset,Opus,64,0.9274062357962699,1.9085396806784594,7.415150818271351,0.25738379804436473,True
bc2cfcc89bb1c4d87d839fcde2d55e33b0c30b5a7a0ab634852ac5369c386cc8,Orchset,Opus,80,0.9583187379262259,1.6681859626502085,7.415150818271351,0.22496993028647563,True
bc2cfcc89bb1c4d87d839fcde2d55e33b0c30b5a7a0ab634852ac5369c386cc8,Orchset,Opus,96,0.9541669985440904,1.6397895711915211,7.415150818271351,0.22114042065752554,True
a10fcb4676ffef114bb7f7fb50068fd244704e05118918df2fc08685ac456028,Orchset,AAC,48,0.37651691648877067,7.7265201420188605,16.836274518108265,0.45892101211040465,True
a10fcb4676ffef114bb7f7fb50068fd244704e05118918df2fc08685ac456028,Orchset,AAC,64,0.5627172042893469,8.13909327114575,16.836274518108265,0.48342602529982176,True
a10fcb4676ffef114bb7f7fb50068fd244704e05118918df2fc08685ac456028,Orchset,AAC,80,0.6420413554508091,8.185816928547926,16.836274518108265,0.48620120322602634,True
a10fcb4676ffef114bb7f7fb50068fd244704e05118918df2fc08685ac456028,Orchset,AAC,96,0.7850292458094128,6.955209455406777,16.836274518108265,0.4131085798064232,True
a10fcb4676ffef114bb7f7fb50068fd244704e05118918df2fc08685ac456028,Orchset,MP3,48,0.5549650854516197,13.112576888313468,21.60643587212338,0.6068829197892519,True
a10fcb4676ffef114bb7f7fb50068fd244704e05118918df2fc08685ac456028,Orchset,MP3,64,0.7497448897195031,10.70406920691532,21.60643587212338,0.495411148338709,True
a10fcb4676ffef114bb7f7fb50068fd244704e05118918df2fc08685ac456028,Orchset,MP3,80,0.8397145792227985,10.677071994849657,21.60643587212338,0.49416164970666043,True
a10fcb4676ffef114bb7f7fb50068fd244704e05118918df2fc08685ac456028,Orchset,MP3,96,0.9119372460806335,7.321759972410182,21.60643587212338,0.3388694005685924,True
a10fcb4676ffef114bb7f7fb50068fd244704e05118918df2fc08685ac456028,Orchset,Opus,48,0.4120933248168995,2.0633288511117605,4.251388967265602,0.4853305277401722,True
a10fcb4676ffef114bb7f7fb50068fd244704e05118918df2fc08685ac456028,Orchset,Opus,64,0.6466613647550532,1.7991326860223555,4.251388967265602,0.4231870336671446,True
a10fcb4676ffef114bb7f7fb50068fd244704e05118918df2fc08685ac456028,Orchset,Opus,80,0.828220418310596,1.4738996063747911,4.251388967265602,0.3466866047128052,True
a10fcb4676ffef114bb7f7fb50068fd244704e05118918df2fc08685ac456028,Orchset,Opus,96,0.8347796444763064,1.614849668082954,4.251388967265602,0.37984048990031344,True
7b17c70eeba0f7a9ddd0d5186ccc1c06d345dc9c0f9cb91132a33f202fdad9b3,Orchset,AAC,48,0.3326561638961843,5.526443047505379,11.844145402214156,0.4665970283066822,True
7b17c70eeba0f7a9ddd0d5186ccc1c06d345dc9c0f9cb91132a33f202fdad9b3,Orchset,AAC,64,0.4369122581579496,5.77843172189584,11.844145402214156,0.4878724066335436,True
7b17c70eeba0f7a9ddd0d5186ccc1c06d345dc9c0f9cb91132a33f202fdad9b3,Orchset,AAC,80,0.4855283542440068,5.79760359902595,11.844145402214156,0.4894910862831978,True
7b17c70eeba0f7a9ddd0d5186ccc1c06d345dc9c0f9cb91132a33f202fdad9b3,Orchset,AAC,96,0.6057894600691058,5.613057970062299,11.844145402214156,0.47390991746968836,True
7b17c70eeba0f7a9ddd0d5186ccc1c06d345dc9c0f9cb91132a33f202fdad9b3,Orchset,MP3,48,0.5632304528043427,12.560346142562038,15.794228945766235,0.7952490865930454,True
7b17c70eeba0f7a9ddd0d5186ccc1c06d345dc9c0f9cb91132a33f202fdad9b3,Orchset,MP3,64,0.8016709491467222,7.8602071609268584,15.794228945766235,0.49766324066322004,True
7b17c70eeba0f7a9ddd0d5186ccc1c06d345dc9c0f9cb91132a33f202fdad9b3,Orchset,MP3,80,0.8479286648769593,6.737609221144795,15.794228945766235,0.4265867769981176,True
7b17c70eeba0f7a9ddd0d5186ccc1c06d345dc9c0f9cb91132a33f202fdad9b3,Orchset,MP3,96,0.9153615272448279,5.719592106956073,15.794228945766235,0.3621317714587931,True
7b17c70eeba0f7a9ddd0d5186ccc1c06d345dc9c0f9cb91132a33f202fdad9b3,Orchset,Opus,48,0.07319760652753154,2.194596324858347,9.744496319334315,0.22521393132490491,True
7b17c70eeba0f7a9ddd0d5186ccc1c06d345dc9c0f9cb91132a33f202fdad9b3,Orchset,Opus,64,0.8573892761894869,1.8752622842948834,9.744496319334315,0.19244322362502467,True
7b17c70eeba0f7a9ddd0d5186ccc1c06d345dc9c0f9cb91132a33f202fdad9b3,Orchset,Opus,80,0.9331893959742632,1.5330952370202857,9.744496319334315,0.15732934641048923,True
7b17c70eeba0f7a9ddd0d5186ccc1c06d345dc9c0f9cb91132a33f202fdad9b3,Orchset,Opus,96,0.9308117898070708,1.5359668237746928,9.744496319334315,0.1576240344744284,True
7500ff5440fd6062274a36fb2fe3c14a0b72d29b8a828dc63061f854e678aada,Orchset,AAC,48,0.20062009629091743,11.42108980334262,28.230375112945207,0.4045674121455584,True
7500ff5440fd6062274a36fb2fe3c14a0b72d29b8a828dc63061f854e678aada,Orchset,AAC,64,0.298057168107795,12.836458649648486,28.230375112945207,0.4547037932826564,True
7500ff5440fd6062274a36fb2fe3c14a0b72d29b8a828dc63061f854e678aada,Orchset,AAC,80,0.3462414171193581,13.345687460809048,28.230375112945207,0.472742122887673,True
7500ff5440fd6062274a36fb2fe3c14a0b72d29b8a828dc63061f854e678aada,Orchset,AAC,96,0.4549409480281702,14.191863967518222,28.230375112945207,0.5027160960751973,True
7500ff5440fd6062274a36fb2fe3c14a0b72d29b8a828dc63061f854e678aada,Orchset,MP3,48,0.38901778390711234,16.74640910700339,27.64182541989669,0.6058358611493604,True
7500ff5440fd6062274a36fb2fe3c14a0b72d29b8a828dc63061f854e678aada,Orchset,MP3,64,0.7008230883843517,16.451140524915747,27.64182541989669,0.5951539116904397,True
7500ff5440fd6062274a36fb2fe3c14a0b72d29b8a828dc63061f854e678aada,Orchset,MP3,80,0.7625253616016102,11.713536377257727,27.64182541989669,0.42376131819522594,True
7500ff5440fd6062274a36fb2fe3c14a0b72d29b8a828dc63061f854e678aada,Orchset,MP3,96,0.8150861370697897,9.615881445953727,27.64182541989669,0.3478743281198853,True
7500ff5440fd6062274a36fb2fe3c14a0b72d29b8a828dc63061f854e678aada,Orchset,Opus,48,0.1826780969250605,1.5787878734323921,2.786226139918156,0.5666402489062745,True
7500ff5440fd6062274a36fb2fe3c14a0b72d29b8a828dc63061f854e678aada,Orchset,Opus,64,0.5634817786702604,1.6003483897361148,2.786226139918156,0.5743784995797665,True
7500ff5440fd6062274a36fb2fe3c14a0b72d29b8a828dc63061f854e678aada,Orchset,Opus,80,0.8623996716608242,1.6830031229609084,2.786226139918156,0.6040439786450161,True
7500ff5440fd6062274a36fb2fe3c14a0b72d29b8a828dc63061f854e678aada,Orchset,Opus,96,0.9384665527037673,1.2398350471567616,2.786226139918156,0.44498722820581293,True
098a96b7295f1e828ebe073a5d0dcd09939c50f48603e3771076eff1e787719f,Orchset,AAC,48,0.21900464747404333,3.59252440934582,8.766946534930625,0.4097805769696357,True
098a96b7295f1e828ebe073a5d0dcd09939c50f48603e3771076eff1e787719f,Orchset,AAC,64,0.32720923785170514,3.9799454810297137,8.766946534930625,0.4539716838892765,True
098a96b7295f1e828ebe073a5d0dcd09939c50f48603e3771076eff1e787719f,Orchset,AAC,80,0.3897386225979529,4.238205889721308,8.766946534930625,0.48343010566276323,True
098a96b7295f1e828ebe073a5d0dcd09939c50f48603e3771076eff1e787719f,Orchset,AAC,96,0.5850553920751501,4.590002937473993,8.766946534930625,0.5235577654301635,True
098a96b7295f1e828ebe073a5d0dcd09939c50f48603e3771076eff1e787719f,Orchset,MP3,48,0.45710191276922274,6.690813852176379,11.506264952800674,0.5814931152396074,True
098a96b7295f1e828ebe073a5d0dcd09939c50f48603e3771076eff1e787719f,Orchset,MP3,64,0.6747059537597698,6.741139399306848,11.506264952800674,0.5858668670467236,True
098a96b7295f1e828ebe073a5d0dcd09939c50f48603e3771076eff1e787719f,Orchset,MP3,80,0.7630823894682001,5.723454067727837,11.506264952800674,0.49742067397246265,True
098a96b7295f1e828ebe073a5d0dcd09939c50f48603e3771076eff1e787719f,Orchset,MP3,96,0.9167996414749702,4.0731362872379435,11.506264952800674,0.3539929163760934,True
098a96b7295f1e828ebe073a5d0dcd09939c50f48603e3771076eff1e787719f,Orchset,Opus,48,0.3560074381320323,4.372612168972691,9.088577153800122,0.48111074978820106,True
098a96b7295f1e828ebe073a5d0dcd09939c50f48603e3771076eff1e787719f,Orchset,Opus,64,0.9413935711740165,1.3619229749885902,9.088577153800122,0.1498499657252887,True
098a96b7295f1e828ebe073a5d0dcd09939c50f48603e3771076eff1e787719f,Orchset,Opus,80,0.9783481304343897,1.7377928971439054,9.088577153800122,0.19120626559431234,True
098a96b7295f1e828ebe073a5d0dcd09939c50f48603e3771076eff1e787719f,Orchset,Opus,96,0.9476332500577698,1.561687279244557,9.088577153800122,0.17182967727699636,True
9b60a80dc4c7adabbf1e7aece4b934aebeedb915290940c4279dbb0f889c5d91,Orchset,AAC,48,0.32652063041279317,4.84915124734874,10.665686653112923,0.4546497009579266,True
9b60a80dc4c7adabbf1e7aece4b934aebeedb915290940c4279dbb0f889c5d91,Orchset,AAC,64,0.44102001109807204,5.093678099492618,10.665686653112923,0.47757619974762344,True
9b60a80dc4c7adabbf1e7aece4b934aebeedb915290940c4279dbb0f889c5d91,Orchset,AAC,80,0.4981284822668292,5.171590084013426,10.665686653112923,0.48488111944522844,True
9b60a80dc4c7adabbf1e7aece4b934aebeedb915290940c4279dbb0f889c5d91,Orchset,AAC,96,0.6667836996151276,4.729308880207926,10.665686653112923,0.44341344669333727,True
9b60a80dc4c7adabbf1e7aece4b934aebeedb915290940c4279dbb0f889c5d91,Orchset,MP3,48,0.47330986576047296,8.80763907742734,14.885127563286291,0.5917073293447017,True
9b60a80dc4c7adabbf1e7aece4b934aebeedb915290940c4279dbb0f889c5d91,Orchset,MP3,64,0.6979082128336309,7.624296796082936,14.885127563286291,0.5122090330544449,True
9b60a80dc4c7adabbf1e7aece4b934aebeedb915290940c4279dbb0f889c5d91,Orchset,MP3,80,0.7882844995023006,7.335000706864389,14.885127563286291,0.49277378884920964,True
9b60a80dc4c7adabbf1e7aece4b934aebeedb915290940c4279dbb0f889c5d91,Orchset,MP3,96,0.8871008152966615,4.93854902936602,14.885127563286291,0.33177740723880655,True
9b60a80dc4c7adabbf1e7aece4b934aebeedb915290940c4279dbb0f889c5d91,Orchset,Opus,48,0.0392051132146155,1.8457793860189726,8.958037715149977,0.20604728900586797,True
9b60a80dc4c7adabbf1e7aece4b934aebeedb915290940c4279dbb0f889c5d91,Orchset,Opus,64,0.8896173736601756,2.393539995367876,8.958037715149977,0.26719467716907275,True
9b60a80dc4c7adabbf1e7aece4b934aebeedb915290940c4279dbb0f889c5d91,Orchset,Opus,80,0.9372323256138584,2.224391674604486,8.958037715149977,0.24831238105222073,True
9b60a80dc4c7adabbf1e7aece4b934aebeedb915290940c4279dbb0f889c5d91,Orchset,Opus,96,0.9214297911280356,1.478894854075474,8.958037715149977,0.165091385089208,True
c693eba40527814aa4a51672d2c3c965f2e82313349f5d7dcaa916dd0a073ea7,Orchset,AAC,48,0.4034111530180782,5.098632615829953,10.652379167789936,0.4786379207423362,True
c693eba40527814aa4a51672d2c3c965f2e82313349f5d7dcaa916dd0a073ea7,Orchset,AAC,64,0.5542108939134799,5.141258326488429,10.652379167789936,0.48263944096491385,True
c693eba40527814aa4a51672d2c3c965f2e82313349f5d7dcaa916dd0a073ea7,Orchset,AAC,80,0.6200390070632816,5.078179948252652,10.652379167789936,0.47671791139464564,True
c693eba40527814aa4a51672d2c3c965f2e82313349f5d7dcaa916dd0a073ea7,Orchset,AAC,96,0.7549239091973831,4.414578184364023,10.652379167789936,0.414421803320011,True
c693eba40527814aa4a51672d2c3c965f2e82313349f5d7dcaa916dd0a073ea7,Orchset,MP3,48,0.4656138910437851,10.584800365561506,15.115470528671343,0.7002627106767224,True
c693eba40527814aa4a51672d2c3c965f2e82313349f5d7dcaa916dd0a073ea7,Orchset,MP3,64,0.7447787835510337,9.445220905258745,15.115470528671343,0.6248711138262518,True
c693eba40527814aa4a51672d2c3c965f2e82313349f5d7dcaa916dd0a073ea7,Orchset,MP3,80,0.8137371423013816,7.944485885383844,15.115470528671343,0.5255864096532473,True
c693eba40527814aa4a51672d2c3c965f2e82313349f5d7dcaa916dd0a073ea7,Orchset,MP3,96,0.9275085551563023,4.947028275448607,15.115470528671343,0.327282453170411,True
c693eba40527814aa4a51672d2c3c965f2e82313349f5d7dcaa916dd0a073ea7,Orchset,Opus,48,0.06363581234508563,2.0068188067451014,8.471342717305143,0.2368950087033546,True
c693eba40527814aa4a51672d2c3c965f2e82313349f5d7dcaa916dd0a073ea7,Orchset,Opus,64,0.9071762638968407,2.0815841656268557,8.471342717305143,0.24572068857214618,True
c693eba40527814aa4a51672d2c3c965f2e82313349f5d7dcaa916dd0a073ea7,Orchset,Opus,80,0.9514568874774457,1.737345362159984,8.471342717305143,0.20508500483765796,True
c693eba40527814aa4a51672d2c3c965f2e82313349f5d7dcaa916dd0a073ea7,Orchset,Opus,96,0.9441062888932905,1.360457370602018,8.471342717305143,0.16059524635013223,True
3b242b416fcf21df707289ef8cd405e933702e999d2d92d66f16b31debeb2ddb,Orchset,AAC,48,0.28148054152635715,13.584659757520354,32.28607562717906,0.42075908866683437,True
3b242b416fcf21df707289ef8cd405e933702e999d2d92d66f16b31debeb2ddb,Orchset,AAC,64,0.4074483333123072,16.177167067438248,32.28607562717906,0.5010570889519935,True
3b242b416fcf21df707289ef8cd405e933702e999d2d92d66f16b31debeb2ddb,Orchset,AAC,80,0.4558580541760904,17.238815720921853,32.28607562717906,0.5339396438262034,True
3b242b416fcf21df707289ef8cd405e933702e999d2d92d66f16b31debeb2ddb,Orchset,AAC,96,0.5453031258138452,17.688306917652508,32.28607562717906,0.5478617817137905,True
3b242b416fcf21df707289ef8cd405e933702e999d2d92d66f16b31debeb2ddb,Orchset,MP3,48,0.345117759131665,17.32865709369728,30.288645129695002,0.5721172742952525,True
3b242b416fcf21df707289ef8cd405e933702e999d2d92d66f16b31debeb2ddb,Orchset,MP3,64,0.6072412063217396,19.038216762002662,30.288645129695002,0.6285595370965467,True
3b242b416fcf21df707289ef8cd405e933702e999d2d92d66f16b31debeb2ddb,Orchset,MP3,80,0.7512350723641102,13.291378635220758,30.288645129695002,0.4388238093287931,True
3b242b416fcf21df707289ef8cd405e933702e999d2d92d66f16b31debeb2ddb,Orchset,MP3,96,0.8886170226069601,7.5133231184285085,30.288645129695002,0.24805741842385823,True
3b242b416fcf21df707289ef8cd405e933702e999d2d92d66f16b31debeb2ddb,Orchset,Opus,48,0.20305082258550425,2.660038173766296,3.5350417707527217,0.7524771548031497,True
3b242b416fcf21df707289ef8cd405e933702e999d2d92d66f16b31debeb2ddb,Orchset,Opus,64,0.38252083171115786,2.395823183761183,3.5350417707527217,0.6777354665461385,True
3b242b416fcf21df707289ef8cd405e933702e999d2d92d66f16b31debeb2ddb,Orchset,Opus,80,0.7265799112867067,1.8421567445222664,3.5350417707527217,0.521113147732343,True
3b242b416fcf21df707289ef8cd405e933702e999d2d92d66f16b31debeb2ddb,Orchset,Opus,96,0.7908342911903515,1.5776330866916555,3.5350417707527217,0.44628414287611873,True
eaf3ca531afb2bc4bd51f0db5b78bf5ac27dcc03a5c2d57ea4ca2d9a0e50f9bc,Orchset,AAC,48,0.232406261582565,3.747628291061256,8.761875226394473,0.42771988806366645,True
eaf3ca531afb2bc4bd51f0db5b78bf5ac27dcc03a5c2d57ea4ca2d9a0e50f9bc,Orchset,AAC,64,0.34920965647658986,4.110359977390492,8.761875226394473,0.46911875268530984,True
eaf3ca531afb2bc4bd51f0db5b78bf5ac27dcc03a5c2d57ea4ca2d9a0e50f9bc,Orchset,AAC,80,0.41959426670487576,4.226633321946076,8.761875226394473,0.48238912478617235,True
eaf3ca531afb2bc4bd51f0db5b78bf5ac27dcc03a5c2d57ea4ca2d9a0e50f9bc,Orchset,AAC,96,0.5560103593967191,4.125581813124105,8.761875226394473,0.47085603327197684,True
eaf3ca531afb2bc4bd51f0db5b78bf5ac27dcc03a5c2d57ea4ca2d9a0e50f9bc,Orchset,MP3,48,0.5191065915566282,7.23024330989533,12.579939290924635,0.5747438952357536,True
eaf3ca531afb2bc4bd51f0db5b78bf5ac27dcc03a5c2d57ea4ca2d9a0e50f9bc,Orchset,MP3,64,0.7214051518446137,6.890652006882612,12.579939290924635,0.5477492257735803,True
eaf3ca531afb2bc4bd51f0db5b78bf5ac27dcc03a5c2d57ea4ca2d9a0e50f9bc,Orchset,MP3,80,0.7606233369555467,5.936943338544199,12.579939290924635,0.4719373600496787,True
eaf3ca531afb2bc4bd51f0db5b78bf5ac27dcc03a5c2d57ea4ca2d9a0e50f9bc,Orchset,MP3,96,0.87812196083976,4.7103540613666794,12.579939290924635,0.37443376732070577,True
eaf3ca531afb2bc4bd51f0db5b78bf5ac27dcc03a5c2d57ea4ca2d9a0e50f9bc,Orchset,Opus,48,0.022466569826026853,1.4478520140242672,7.360001349069393,0.1967189875865084,True
eaf3ca531afb2bc4bd51f0db5b78bf5ac27dcc03a5c2d57ea4ca2d9a0e50f9bc,Orchset,Opus,64,0.9586905057265495,1.5199391272934604,7.360001349069393,0.20651343052887391,True
eaf3ca531afb2bc4bd51f0db5b78bf5ac27dcc03a5c2d57ea4ca2d9a0e50f9bc,Orchset,Opus,80,0.9657546671069993,1.662535115828382,7.360001349069393,0.22588788194156986,True
eaf3ca531afb2bc4bd51f0db5b78bf5ac27dcc03a5c2d57ea4ca2d9a0e50f9bc,Orchset,Opus,96,0.9297702482470789,1.6124415091350315,7.360001349069393,0.21908168662753172,True
842affdcb4c8468186666b82c1b9c5f54f54304c24dc5972b91a35d9703d9cb3,Orchset,AAC,48,0.4329860832114224,6.042430297143915,13.544822846576121,0.4461062625615166,True
842affdcb4c8468186666b82c1b9c5f54f54304c24dc5972b91a35d9703d9cb3,Orchset,AAC,64,0.6332245747482416,7.191839641000382,13.544822846576121,0.5309659434060702,True
842affdcb4c8468186666b82c1b9c5f54f54304c24dc5972b91a35d9703d9cb3,Orchset,AAC,80,0.7066152509689887,7.406711270743658,13.544822846576121,0.5468296894422607,True
842affdcb4c8468186666b82c1b9c5f54f54304c24dc5972b91a35d9703d9cb3,Orchset,AAC,96,0.8037679917769693,6.828871072384384,13.544822846576121,0.5041683564071564,True
842affdcb4c8468186666b82c1b9c5f54f54304c24dc5972b91a35d9703d9cb3,Orchset,MP3,48,0.4138484871400926,10.474547175639799,15.954592839087518,0.6565223745464672,True
842affdcb4c8468186666b82c1b9c5f54f54304c24dc5972b91a35d9703d9cb3,Orchset,MP3,64,0.640497936155027,9.812296826567248,15.954592839087518,0.6150139289376211,True
842affdcb4c8468186666b82c1b9c5f54f54304c24dc5972b91a35d9703d9cb3,Orchset,MP3,80,0.7242220865754547,8.117359225636667,15.954592839087518,0.508778839266256,True
842affdcb4c8468186666b82c1b9c5f54f54304c24dc5972b91a35d9703d9cb3,Orchset,MP3,96,0.8732982341397895,6.553850620594624,15.954592839087518,0.41078143997120364,True
842affdcb4c8468186666b82c1b9c5f54f54304c24dc5972b91a35d9703d9cb3,Orchset,Opus,48,0.036211682293679395,2.048232720587278,9.451746400539719,0.216704155379192,True
842affdcb4c8468186666b82c1b9c5f54f54304c24dc5972b91a35d9703d9cb3,Orchset,Opus,64,0.7898412126373286,2.5730016355246477,9.451746400539719,0.2722249969992554,True
842affdcb4c8468186666b82c1b9c5f54f54304c24dc5972b91a35d9703d9cb3,Orchset,Opus,80,0.8617109394130694,2.015443061820079,9.451746400539719,0.21323499133503965,True
842affdcb4c8468186666b82c1b9c5f54f54304c24dc5972b91a35d9703d9cb3,Orchset,Opus,96,0.9087922850285275,1.6958122909465734,9.451746400539719,0.17941787888529662,True
